entity_id,student_id,email,card_id,device_hash,face_id
E001,,,C7151,,
E002,,,C4562,,
E003,,,C6840,,
E004,,,C4515,,
E005,,,C9537,,
E006,,,C8541,,
E007,,,C2773,,
E008,,,C3771,,
E009,,,C1868,,
E010,,,C6996,,
E011,,,C5297,,
E012,,,C7393,,
E013,,,C3066,,
E014,,,C2346,,
E015,,,C4407,,
E016,,,C8842,,
E017,,,C2754,,
E018,,,C5001,,
E019,,,C9736,,
E020,,,C4162,,
E021,,,C7929,,
E022,,,C3553,,
E023,,,C3489,,
E024,,,C7352,,
E025,,,C3686,,
E026,,,C8387,,
E027,,,C3819,,
E028,,,C5127,,
E029,,,C7641,,
E030,,,C7697,,
E031,,,C2958,,
E032,,,C4391,,
E033,,,C6896,,
E034,,,C7675,,
E035,,,C5104,,
E036,,,C7380,,
E037,,,C9257,,
E038,,,C6420,,
E039,,,C3795,,
E040,,,C5255,,
E041,,,C1110,,
E042,,,C1716,,
E043,,,C1854,,
E044,,,C1256,,
E045,,,C2402,,
E046,,,C3883,,
E047,,,C6421,,
E048,,,C2196,,
E049,,,C8133,,
E050,,,C9800,,
E051,,,C3650,,
E052,,,C6536,,
E053,,,C2543,,
E054,,,C8581,,
E055,,,C8250,,
E056,,,C3526,,
E057,,,C1130,,
E058,,,C7938,,
E059,,,C7939,,
E060,,,C8986,,
E061,,,C3525,,
E062,,,C8878,,
E063,,,C4649,,
E064,,,C8087,,
E065,,,C6004,,
E066,,,C7250,,
E067,,,C5250,,
E068,,,C2776,,
E069,,,C4160,,
E070,,,C8588,,
E071,,,C5604,,
E072,,,C5200,,
E073,,,C5797,,
E074,,,C3411,,
E075,,,C9185,,
E076,,,C3509,,
E077,,,C4598,,
E078,,,C3653,,
E079,,,C1380,,
E080,,,C4129,,
E081,,,C1424,,
E082,,,C1459,,
E083,,,C6205,,
E084,,,C1408,,
E085,,,C3570,,
E086,,,C8501,,
E087,,,C4102,,
E088,,,C7145,,
E089,,,C9929,,
E090,,,C3964,,
E091,,,C3257,,
E092,,,C4899,,
E093,,,C3822,,
E094,,,C8208,,
E095,,,C3092,,
E096,,,C2893,,
E097,,,C3690,,
E098,,,C5563,,
E099,,,C8346,,
E100,,,C9750,,
E101,,,C4384,,
E102,,,C2339,,
E103,,,C1265,,
E104,,,C6373,,
E105,,,C5002,,
E106,,,C7531,,
E107,,,C3278,,
E108,,,C3474,,
E109,,,C9382,,
E110,,,C9831,,
E111,,,C4105,,
E112,,,C2928,,
E113,,,C4919,,
E114,,,C9388,,
E115,,,C5276,,
E116,,,C4138,,
E117,,,C9043,,
E118,,,C1030,,
E119,,,C7449,,
E120,,,C4451,,
E121,,,C9325,,
E122,,,C5912,,
E123,,,C8185,,
E124,,,C3465,,
E125,,,C4620,,
E126,,,C7882,,
E127,,,C2480,,
E128,,,C2685,,
E129,,,C9453,,
E130,,,C7092,,
E131,,,C7841,,
E132,,,C2146,,
E133,,,C8953,,
E134,,,C2158,,
E135,,,C8713,,
E136,,,C6214,,
E137,,,C6307,,
E138,,,C4890,,
E139,,,C1366,,
E140,,,C4048,,
E141,,,C1482,,
E142,,,C8279,,
E143,,,C6308,,
E144,,,C7678,,
E145,,,C9580,,
E146,,,C9784,,
E147,,,C9377,,
E148,,,C6856,,
E149,,,C4546,,
E150,,,C2930,,
E151,,,C9824,,
E152,,,C7471,,
E153,,,C4046,,
E154,,,C4978,,
E155,,,C8372,,
E156,,,C4657,,
E157,,,C7630,,
E158,,,C2651,,
E159,,,C3419,,
E160,,,C1333,,
E161,,,C7395,,
E162,,,C6598,,
E163,,,C8794,,
E164,,,C2366,,
E165,,,C1558,,
E166,,,C2956,,
E167,,,C5142,,
E168,,,C3871,,
E169,,,C6114,,
E170,,,C8755,,
E171,,,C1744,,
E172,,,C4156,,
E173,,,C5903,,
E174,,,C3347,,
E175,,,C1872,,
E176,,,C3286,,
E177,,,C8664,,
E178,,,C5894,,
E179,,,C8665,,
E180,,,C4812,,
E181,,,C7551,,
E182,,,C7994,,
E183,,,C9651,,
E184,,,C9960,,
E185,,,C8814,,
E186,,,C8367,,
E187,,,C7111,,
E188,,,C9755,,
E189,,,C6382,,
E190,,,C8141,,
E191,,,C3533,,
E192,,,C1304,,
E193,,,C3907,,
E194,,,C5808,,
E195,,,C4457,,
E196,,,C1351,,
E197,,,C2752,,
E198,,,C3590,,
E199,,,C7682,,
E200,,,C3828,,
E201,,,C1533,,
E202,,,C5214,,
E203,,,C4222,,
E204,,,C2671,,
E205,,,C7083,,
E206,,,C4951,,
E207,,,C3135,,
E208,,,C7225,,
E209,,,C8437,,
E210,,,C8502,,
E211,,,C4321,,
E212,,,C4602,,
E213,,,C7007,,
E214,,,C6902,,
E215,,,C3101,,
E216,,,C6087,,
E217,,,C6422,,
E218,,,C9412,,
E219,,,C6815,,
E220,,,C6224,,
E221,,,C7347,,
E222,,,C6649,,
E223,,,C2393,,
E224,,,C7266,,
E225,,,C1605,,
E226,,,C7130,,
E227,,,C9715,,
E228,,,C7982,,
E229,,,C2633,,
E230,,,C9159,,
E231,,,C9114,,
E232,,,C2365,,
E233,,,C6529,,
E234,,,C2082,,
E235,,,C1798,,
E236,,,C4013,,
E237,,,C5550,,
E238,,,C3565,,
E239,,,C4115,,
E240,,,C2494,,
E241,,,C6866,,
E242,,,C9245,,
E243,,,C2932,,
E244,,,C9120,,
E245,,,C2038,,
E246,,,C6335,,
E247,,,C6707,,
E248,,,C6575,,
E249,,,C2996,,
E250,,,C6089,,
E251,,,C5286,,
E252,,,C1187,,
E253,,,C7693,,
E254,,,C1722,,
E255,,,C7810,,
E256,,,C9240,,
E257,,,C5216,,
E258,,,C3945,,
E259,,,C6832,,
E260,,,C3510,,
E261,,,C5195,,
E262,,,C2020,,
E263,,,C1495,,
E264,,,C8043,,
E265,,,C7059,,
E266,,,C7144,,
E267,,,C7541,,
E268,,,C6449,,
E269,,,C6249,,
E270,,,C8612,,
E271,,,C6263,,
E272,,,C5003,,
E273,,,C8247,,
E274,,,C3416,,
E275,,,C7770,,
E276,,,C5934,,
E277,,,C3165,,
E278,,,C9512,,
E279,,,C5504,,
E280,,,C2998,,
E281,,,C6526,,
E282,,,C1095,,
E283,,,C2285,,
E284,,,C3121,,
E285,,,C4168,,
E286,,,C6463,,
E287,,,C2246,,
E288,,,C3984,,
E289,,,C8695,,
E290,,,C8805,,
E291,,,C7399,,
E292,,,C1810,,
E293,,,C3369,,
E294,,,C4652,,
E295,,,C2710,,
E296,,,C5910,,
E297,,,C7527,,
E298,,,C2645,,
E299,,,C4149,,
E300,,,C1171,,
E301,,,C2868,,
E302,,,C8840,,
E303,,,C5570,,
E304,,,C5719,,
E305,,,C1537,,
E306,,,C1486,,
E307,,,C9797,,
E308,,,C5143,,
E309,,,C9871,,
E310,,,C6483,,
E311,,,C4639,,
E312,,,C3118,,
E313,,,C4224,,
E314,,,C8177,,
E315,,,C6677,,
E316,,,C8192,,
E317,,,C7412,,
E318,,,C9308,,
E319,,,C6875,,
E320,,,C6127,,
E321,,,C2836,,
E322,,,C1600,,
E323,,,C4677,,
E324,,,C1573,,
E325,,,C8231,,
E326,,,C2577,,
E327,,,C5360,,
E328,,,C3242,,
E329,,,C8211,,
E330,,,C9234,,
E331,,,C9521,,
E332,,,C7764,,
E333,,,C6951,,
E334,,,C3911,,
E335,,,C3842,,
E336,,,C2635,,
E337,,,C9664,,
E338,,,C7497,,
E339,,,C2322,,
E340,,,C9422,,
E341,,,C2898,,
E342,,,C2488,,
E343,,,C1179,,
E344,,,C7361,,
E345,,,C9028,,
E346,,,C4940,,
E347,,,C3283,,
E348,,,C2121,,
E349,,,C1929,,
E350,,,C1512,,
E351,,,C3430,,
E352,,,C6119,,
E353,,,C5990,,
E354,,,C8553,,
E355,,,C6932,,
E356,,,C8591,,
E357,,,C5859,,
E358,,,C6903,,
E359,,,C5391,,
E360,,,C4192,,
E361,,,C8688,,
E362,,,C8085,,
E363,,,C5625,,
E364,,,C2319,,
E365,,,C8668,,
E366,,,C6766,,
E367,,,C1419,,
E368,,,C5417,,
E369,,,C8214,,
E370,,,C6296,,
E371,,,C8474,,
E372,,,C4566,,
E373,,,C9313,,
E374,,,C3102,,
E375,,,C2925,,
E376,,,C2386,,
E377,,,C4972,,
E378,,,C6325,,
E379,,,C3269,,
E380,,,C6940,,
E381,,,C1909,,
E382,,,C4764,,
E383,,,C1657,,
E384,,,C7771,,
E385,,,C1991,,
E386,,,C1033,,
E387,,,C1100,,
E388,,,C4847,,
E389,,,C1212,,
E390,,,C4079,,
E391,,,C3833,,
E392,,,C5113,,
E393,,,C9426,,
E394,,,C5329,,
E395,,,C5707,,
E396,,,C7685,,
E397,,,C3885,,
E398,,,C3562,,
E399,,,C4844,,
E400,,,C5181,,
E401,,,C6014,,
E402,,,C4804,,
E403,,,C3290,,
E404,,,C8385,,
E405,,,C8218,,
E406,,,C2436,,
E407,,,C4190,,
E408,,,C9268,,
E409,,,C6682,,
E410,,,C1748,,
E411,,,C4231,,
E412,,,C8368,,
E413,,,C8432,,
E414,,,C3580,,
E415,,,C2264,,
E416,,,C3047,,
E417,,,C7100,,
E418,,,C2879,,
E419,,,C3253,,
E420,,,C7334,,
E421,,,C1670,,
E422,,,C3381,,
E423,,,C1460,,
E424,,,C2771,,
E425,,,C4821,,
E426,,,C9151,,
E427,,,C4609,,
E428,,,C6690,,
E429,,,C7441,,
E430,,,C6097,,
E431,,,C7073,,
E432,,,C8817,,
E433,,,C2953,,
E434,,,C7045,,
E435,,,C3074,,
E436,,,C1462,,
E437,,,C5254,,
E438,,,C6853,,
E439,,,C2662,,
E440,,,C3728,,
E441,,,C2072,,
E442,,,C5913,,
E443,,,C1833,,
E444,,,C7791,,
E445,,,C5185,,
E446,,,C1185,,
E447,,,C1003,,
E448,,,C2508,,
E449,,,C5502,,
E450,,,C7814,,
E451,,,C1694,,
E452,,,C1782,,
E453,,,C1697,,
E454,,,C4302,,
E455,,,C4511,,
E456,,,C4099,,
E457,,,C2467,,
E458,,,C6514,,
E459,,,C7183,,
E460,,,C6792,,
E461,,,C5117,,
E462,,,C2684,,
E463,,,C7644,,
E464,,,C6889,,
E465,,,C9238,,
E466,,,C5937,,
E467,,,C6231,,
E468,,,C9225,,
E469,,,C3827,,
E470,,,C1316,,
E471,,,C2048,,
E472,,,C2670,,
E473,,,C3796,,
E474,,,C4597,,
E475,,,C5551,,
E476,,,C9791,,
E477,,,C6094,,
E478,,,C8638,,
E479,,,C9518,,
E480,,,C1066,,
E481,,,C5547,,
E482,,,C3954,,
E483,,,C5387,,
E484,,,C8533,,
E485,,,C5718,,
E486,,,C3675,,
E487,,,C4726,,
E488,,,C3081,,
E489,,,C7456,,
E490,,,C4285,,
E491,,,C6751,,
E492,,,C1506,,
E493,,,C1952,,
E494,,,C6248,,
E495,,,C8890,,
E496,,,C4805,,
E497,,,C6762,,
E498,,,C1540,,
E499,,,C6515,,
E500,,,C4182,,
E501,,,C8320,,
E502,,,C5736,,
E503,,,C8305,,
E504,,,C2993,,
E505,,,C8100,,
E506,,,C3263,,
E507,,,C9739,,
E508,,,C3572,,
E509,,,C7723,,
E510,,,C9733,,
E511,,,C6535,,
E512,,,C3020,,
E513,,,C1820,,
E514,,,C8062,,
E515,,,C1750,,
E516,,,C2813,,
E517,,,C1711,,
E518,,,C8242,,
E519,,,C4010,,
E520,,,C1295,,
E521,,,C6198,,
E522,,,C9255,,
E523,,,C8337,,
E524,,,C3414,,
E525,,,C7784,,
E526,,,C9621,,
E527,,,C3001,,
E528,,,C7126,,
E529,,,C8099,,
E530,,,C5919,,
E531,,,C7652,,
E532,,,C5813,,
E533,,,C4399,,
E534,,,C4933,,
E535,,,C8173,,
E536,,,C9055,,
E537,,,C9645,,
E538,,,C5119,,
E539,,,C8537,,
E540,,,C9342,,
E541,,,C3126,,
E542,,,C1959,,
E543,,,C7257,,
E544,,,C2226,,
E545,,,C9955,,
E546,,,C6341,,
E547,,,C9265,,
E548,,,C8446,,
E549,,,C9217,,
E550,,,C3820,,
E551,,,C1466,,
E552,,,C8109,,
E553,,,C7473,,
E554,,,C4461,,
E555,,,C3132,,
E556,,,C6606,,
E557,,,C9795,,
E558,,,C9420,,
E559,,,C2609,,
E560,,,C1326,,
E561,,,C8786,,
E562,,,C1060,,
E563,,,C4973,,
E564,,,C4895,,
E565,,,C5335,,
E566,,,C7107,,
E567,,,C4707,,
E568,,,C2960,,
E569,,,C7256,,
E570,,,C6922,,
E571,,,C3987,,
E572,,,C1596,,
E573,,,C3447,,
E574,,,C5486,,
E575,,,C1819,,
E576,,,C3875,,
E577,,,C9869,,
E578,,,C6745,,
E579,,,C8291,,
E580,,,C5959,,
E581,,,C7709,,
E582,,,C4883,,
E583,,,C7426,,
E584,,,C9577,,
E585,,,C5681,,
E586,,,C7670,,
E587,,,C5351,,
E588,,,C7366,,
E589,,,C9749,,
E590,,,C5658,,
E591,,,C3305,,
E592,,,C2490,,
E593,,,C8984,,
E594,,,C6501,,
E595,,,C1391,,
E596,,,C6021,,
E597,,,C1884,,
E598,,,C8976,,
E599,,,C7525,,
E600,,,C7387,,
E601,,,C4791,,
E602,,,C7338,,
E603,,,C6117,,
E604,,,C1536,,
E605,,,C4777,,
E606,,,C5027,,
E607,,,C4642,,
E608,,,C1948,,
E609,,,C1348,,
E610,,,C9981,,
E611,,,C7701,,
E612,,,C1505,,
E613,,,C4736,,
E614,,,C4277,,
E615,,,C2976,,
E616,,,C1420,,
E617,,,C8795,,
E618,,,C9593,,
E619,,,C7891,,
E620,,,C7065,,
E621,,,C4333,,
E622,,,C5847,,
E623,,,C2762,,
E624,,,C6383,,
E625,,,C1578,,
E626,,,C2667,,
E627,,,C9321,,
E628,,,C2114,,
E629,,,C4909,,
E630,,,C2938,,
E631,,,C7960,,
E632,,,C6711,,
E633,,,C9398,,
E634,,,C7291,,
E635,,,C2327,,
E636,,,C3699,,
E637,,,C6304,,
E638,,,C6683,,
E639,,,C2769,,
E640,,,C1610,,
E641,,,C6456,,
E642,,,C1469,,
E643,,,C1962,,
E644,,,C6532,,
E645,,,C9879,,
E646,,,C3021,,
E647,,,C8933,,
E648,,,C9212,,
E649,,,C4374,,
E650,,,C4476,,
E651,,,C2468,,
E652,,,C7634,,
E653,,,C3762,,
E654,,,C6319,,
E655,,,C3763,,
E656,,,C7319,,
E657,,,C9695,,
E658,,,C3209,,
E659,,,C2119,,
E660,,,C1555,,
E661,,,C7546,,
E662,,,C1681,,
E663,,,C5921,,
E664,,,C8422,,
E665,,,C9541,,
E666,,,C6201,,
E667,,,C6564,,
E668,,,C3252,,
E669,,,C3850,,
E670,,,C6261,,
E671,,,C9046,,
E672,,,C3380,,
E673,,,C9186,,
E674,,,C7131,,
E675,,,C8891,,
E676,,,C9944,,
E677,,,C7930,,
E678,,,C5210,,
E679,,,C4801,,
E680,,,C1741,,
E681,,,C6064,,
E682,,,C2422,,
E683,,,C7614,,
E684,,,C9569,,
E685,,,C9668,,
E686,,,C6489,,
E687,,,C9901,,
E688,,,C4865,,
E689,,,C4558,,
E690,,,C4379,,
E691,,,C3668,,
E692,,,C5429,,
E693,,,C6427,,
E694,,,C5971,,
E695,,,C4575,,
E696,,,C6567,,
E697,,,C3322,,
E698,,,C3068,,
E699,,,C1645,,
E700,,,C6913,,
E701,,,C5665,,
E702,,,C8865,,
E703,,,C4042,,
E704,,,C8906,,
E705,,,C9054,,
E706,,,C7289,,
E707,,,C9988,,
E708,,,C1538,,
E709,,,C5378,,
E710,,,C5628,,
E711,,,C7731,,
E712,,,C8154,,
E713,,,C3057,,
E714,,,C5874,,
E715,,,C6009,,
E716,,,C8488,,
E717,,,C3791,,
E718,,,C6763,,
E719,,,C4126,,
E720,,,C3531,,
E721,,,C9745,,
E722,,,C1907,,
E723,,,C3747,,
E724,,,C6757,,
E725,,,C7039,,
E726,,,C6612,,
E727,,,C4784,,
E728,,,C6311,,
E729,,,C7623,,
E730,,,C9592,,
E731,,,C4083,,
E732,,,C3879,,
E733,,,C4259,,
E734,,,C9067,,
E735,,,C2017,,
E736,,,C9760,,
E737,,,C6241,,
E738,,,C3198,,
E739,,,C5096,,
E740,,,C7476,,
E741,,,C4085,,
E742,,,C8263,,
E743,,,C9697,,
E744,,,C2104,,
E745,,,C6292,,
E746,,,C4820,,
E747,,,C3399,,
E748,,,C1979,,
E749,,,C2946,,
E750,,,C6898,,
E751,,,C8186,,
E752,,,C4389,,
E753,,,C8938,,
E754,,,C3196,,
E755,,,C1085,,
E756,,,C8585,,
E757,,,C2874,,
E758,,,C1494,,
E759,,,C5955,,
E760,,,C4709,,
E761,,,C5552,,
E762,,,C7314,,
E763,,,C9402,,
E764,,,C4519,,
E765,,,C3594,,
E766,,,C6416,,
E767,,,C4089,,
E768,,,C8044,,
E769,,,C7504,,
E770,,,C5125,,
E771,,,C2594,,
E772,,,C6571,,
E773,,,C1263,,
E774,,,C4281,,
E775,,,C4216,,
E776,,,C1542,,
E777,,,C1080,,
E778,,,C8146,,
E779,,,C5334,,
E780,,,C9993,,
E781,,,C7302,,
E782,,,C5073,,
E783,,,C1455,,
E784,,,C8919,,
E785,,,C5787,,
E786,,,C8007,,
E787,,,C1483,,
E788,,,C3164,,
E789,,,C5410,,
E790,,,C8374,,
E791,,,C8130,,
E792,,,C1731,,
E793,,,C9284,,
E794,,,C4588,,
E795,,,C3040,,
E796,,,C1753,,
E797,,,C9202,,
E798,,,C3960,,
E799,,,C1141,,
E800,,,C3231,,
E801,,,C1603,,
E802,,,C5643,,
E803,,,C6608,,
E804,,,C8532,,
E805,,,C2230,,
E806,,,C8021,,
E807,,,C9565,,
E808,,,C4938,,
E809,,,C6614,,
E810,,,C7829,,
E811,,,C3109,,
E812,,,C2840,,
E813,,,C8055,,
E814,,,C7390,,
E815,,,C2922,,
E816,,,C5742,,
E817,,,C4893,,
E818,,,C3018,,
E819,,,C2525,,
E820,,,C7715,,
E821,,,C8993,,
E822,,,C3320,,
E823,,,C8937,,
E824,,,C9299,,
E825,,,C5316,,
E826,,,C5244,,
E827,,,C6130,,
E828,,,C9870,,
E829,,,C4962,,
E830,,,C1509,,
E831,,,C4094,,
E832,,,C3312,,
E833,,,C4460,,
E834,,,C4394,,
E835,,,C6644,,
E836,,,C7719,,
E837,,,C2237,,
E838,,,C1838,,
E839,,,C2641,,
E840,,,C7421,,
E841,,,C2357,,
E842,,,C6566,,
E843,,,C8306,,
E844,,,C8066,,
E845,,,C4976,,
E846,,,C7438,,
E847,,,C7539,,
E848,,,C4172,,
E849,,,C4829,,
E850,,,C7951,,
E851,,,C8486,,
E852,,,C5317,,
E853,,,C1651,,
E854,,,C3898,,
E855,,,C9587,,
E856,,,C7722,,
E857,,,C6687,,
E858,,,C2094,,
E859,,,C4402,,
E860,,,C9307,,
E861,,,C2699,,
E862,,,C7445,,
E863,,,C5745,,
E864,,,C5044,,
E865,,,C8014,,
E866,,,C2817,,
E867,,,C5864,,
E868,,,C3559,,
E869,,,C5947,,
E870,,,C1477,,
E871,,,C8965,,
E872,,,C8987,,
E873,,,C1812,,
E874,,,C8728,,
E875,,,C2278,,
E876,,,C8643,,
E877,,,C4918,,
E878,,,C1995,,
E879,,,C1720,,
E880,,,C3073,,
E881,,,C7038,,
E882,,,C3069,,
E883,,,C3405,,
E884,,,C3843,,
E885,,,C1049,,
E886,,,C3461,,
E887,,,C2116,,
E888,,,C1240,,
E889,,,C3641,,
E890,,,C7313,,
E891,,,C2924,,
E892,,,C9083,,
E893,,,C4637,,
E894,,,C6359,,
E895,,,C6410,,
E896,,,C1059,,
E897,,,C3781,,
E898,,,C4263,,
E899,,,C5914,,
E900,,,C9730,,
E901,,,C6074,,
E902,,,C2659,,
E903,,,C3070,,
E904,,,C9823,,
E905,,,C3545,,
E906,,,C6699,,
E907,,,C2637,,
E908,,,C8763,,
E909,,,C2107,,
E910,,,C9379,,
E911,,,C3598,,
E912,,,C5102,,
E913,,,C5989,,
E914,,,C5508,,
E915,,,C4395,,
E916,,,C2914,,
E917,,,C3177,,
E918,,,C3048,,
E919,,,C6966,,
E920,,,C9596,,
E921,,,C9676,,
E922,,,C6487,,
E923,,,C6993,,
E924,,,C5939,,
E925,,,C7673,,
E926,,,C1472,,
E927,,,C7223,,
E928,,,C4866,,
E929,,,C9748,,
E930,,,C8847,,
E931,,,C7511,,
E932,,,C3213,,
E933,,,C3952,,
E934,,,C7577,,
E935,,,C6645,,
E936,,,C5294,,
E937,,,C9529,,
E938,,,C3427,,
E939,,,C2347,,
E940,,,C2743,,
E941,,,C6580,,
E942,,,C4713,,
E943,,,C7668,,
E944,,,C1915,,
E945,,,C1568,,
E946,,,C8451,,
E947,,,C2023,,
E948,,,C6623,,
E949,,,C7096,,
E950,,,C6502,,
E951,,,C2523,,
E952,,,C3507,,
E953,,,C6028,,
E954,,,C3117,,
E955,,,C1795,,
E956,,,C2504,,
E957,,,C8764,,
E958,,,C9837,,
E959,,,C6508,,
E960,,,C9306,,
E961,,,C9191,,
E962,,,C4163,,
E963,,,C1280,,
E964,,,C7813,,
E965,,,C1488,,
E966,,,C2191,,
E967,,,C6561,,
E968,,,C5448,,
E969,,,C6981,,
E970,,,C9691,,
E971,,,C8116,,
E972,,,C6272,,
E973,,,C6691,,
E974,,,C7224,,
E975,,,C1261,,
E976,,,C4470,,
E977,,,C3140,,
E978,,,C4494,,
E979,,,C5527,,
E980,,,C5637,,
E981,,,C5975,,
E982,,,C3666,,
E983,,,C2042,,
E984,,,C8150,,
E985,,,C9670,,
E986,,,C1732,,
E987,,,C6216,,
E988,,,C6194,,
E989,,,C4963,,
E990,,,C5382,,
E991,,,C5734,,
E992,,,C7874,,
E993,,,C7012,,
E994,,,C2458,,
E995,,,C9732,,
E996,,,C1347,,
E997,,,C7252,,
E998,,,C7970,,
E999,,,C8144,,
E1000,,,C8443,,
E1001,,,C2506,,
E1002,,,C3909,,
E1003,,,C3732,,
E1004,,,C7708,,
E1005,,,C4631,,
E1006,,,C2927,,
E1007,,,C6599,,
E1008,,,C6633,,
E1009,,,C9852,,
E1010,,,C9903,,
E1011,,,C8128,,
E1012,,,C7341,,
E1013,,,C3726,,
E1014,,,C5539,,
E1015,,,C3962,,
E1016,,,C7405,,
E1017,,,C7884,,
E1018,,,C4098,,
E1019,,,C8560,,
E1020,,,C4276,,
E1021,,,C3063,,
E1022,,,C5315,,
E1023,,,C9192,,
E1024,,,C5055,,
E1025,,,C5586,,
E1026,,,C2175,,
E1027,,,C5781,,
E1028,,,C5303,,
E1029,,,C3688,,
E1030,,,C2772,,
E1031,,,C6085,,
E1032,,,C1387,,
E1033,,,C3627,,
E1034,,,C1266,,
E1035,,,C9509,,
E1036,,,C7017,,
E1037,,,C9433,,
E1038,,,C5375,,
E1039,,,C6617,,
E1040,,,C2728,,
E1041,,,C9259,,
E1042,,,C8548,,
E1043,,,C9719,,
E1044,,,C9679,,
E1045,,,C2612,,
E1046,,,C8441,,
E1047,,,C5904,,
E1048,,,C3395,,
E1049,,,C7251,,
E1050,,,C4070,,
E1051,,,C2153,,
E1052,,,C8951,,
E1053,,,C1195,,
E1054,,,C8028,,
E1055,,,C3156,,
E1056,,,C1646,,
E1057,,,C8430,,
E1058,,,C2663,,
E1059,,,C2569,,
E1060,,,C5386,,
E1061,,,C2102,,
E1062,,,C4696,,
E1063,,,C3441,,
E1064,,,C4068,,
E1065,,,C4114,,
E1066,,,C8112,,
E1067,,,C7351,,
E1068,,,C1395,,
E1069,,,C2578,,
E1070,,,C4817,,
E1071,,,C9495,,
E1072,,,C8860,,
E1073,,,C9494,,
E1074,,,C9462,,
E1075,,,C6486,,
E1076,,,C3838,,
E1077,,,C4058,,
E1078,,,C1566,,
E1079,,,C8499,,
E1080,,,C6979,,
E1081,,,C4123,,
E1082,,,C2361,,
E1083,,,C7328,,
E1084,,,C7780,,
E1085,,,C9659,,
E1086,,,C8259,,
E1087,,,C9627,,
E1088,,,C7831,,
E1089,,,C4755,,
E1090,,,C4889,,
E1091,,,C3943,,
E1092,,,C1715,,
E1093,,,C2617,,
E1094,,,C2062,,
E1095,,,C7872,,
E1096,,,C2831,,
E1097,,,C1168,,
E1098,,,C6314,,
E1099,,,C6636,,
E1100,,,C8454,,
E1101,,,C9108,,
E1102,,,C8328,,
E1103,,,C9172,,
E1104,,,C4971,,
E1105,,,C5148,,
E1106,,,C2415,,
E1107,,,C5740,,
E1108,,,C6846,,
E1109,,,C1036,,
E1110,,,C3174,,
E1111,,,C5019,,
E1112,,,C3392,,
E1113,,,C3841,,
E1114,,,C8655,,
E1115,,,C9350,,
E1116,,,C9821,,
E1117,,,C3739,,
E1118,,,C8780,,
E1119,,,C9290,,
E1120,,,C2152,,
E1121,,,C8697,,
E1122,,,C2802,,
E1123,,,C9561,,
E1124,,,C7265,,
E1125,,,C6701,,
E1126,,,C2194,,
E1127,,,C8113,,
E1128,,,C6545,,
E1129,,,C6972,,
E1130,,,C4986,,
E1131,,,C2965,,
E1132,,,C9806,,
E1133,,,C1046,,
E1134,,,C2929,,
E1135,,,C6370,,
E1136,,,C8382,,
E1137,,,C5267,,
E1138,,,C8203,,
E1139,,,C7472,,
E1140,,,C1173,,
E1141,,,C5455,,
E1142,,,C6342,,
E1143,,,C2761,,
E1144,,,C8045,,
E1145,,,C7626,,
E1146,,,C1849,,
E1147,,,C9644,,
E1148,,,C8084,,
E1149,,,C3100,,
E1150,,,C5699,,
E1151,,,C9195,,
E1152,,,C1399,,
E1153,,,C9875,,
E1154,,,C3223,,
E1155,,,C5956,,
E1156,,,C2269,,
E1157,,,C3195,,
E1158,,,C8373,,
E1159,,,C1886,,
E1160,,,C4112,,
E1161,,,C3582,,
E1162,,,C8035,,
E1163,,,C2627,,
E1164,,,C5121,,
E1165,,,C1191,,
E1166,,,C5193,,
E1167,,,C2084,,
E1168,,,C7304,,
E1169,,,C7821,,
E1170,,,C7506,,
E1171,,,C9143,,
E1172,,,C8530,,
E1173,,,C8303,,
E1174,,,C1774,,
E1175,,,C2794,,
E1176,,,C2916,,
E1177,,,C2016,,
E1178,,,C1128,,
E1179,,,C9694,,
E1180,,,C9992,,
E1181,,,C9344,,
E1182,,,C5466,,
E1183,,,C2388,,
E1184,,,C4345,,
E1185,,,C6046,,
E1186,,,C5207,,
E1187,,,C9447,,
E1188,,,C4692,,
E1189,,,C9885,,
E1190,,,C8349,,
E1191,,,C8700,,
E1192,,,C6947,,
E1193,,,C9216,,
E1194,,,C4927,,
E1195,,,C8111,,
E1196,,,C7705,,
E1197,,,C1296,,
E1198,,,C5678,,
E1199,,,C1637,,
E1200,,,C2222,,
E1201,,,C8576,,
E1202,,,C3543,,
E1203,,,C6234,,
E1204,,,C3150,,
E1205,,,C8899,,
E1206,,,C9961,,
E1207,,,C6492,,
E1208,,,C8873,,
E1209,,,C8036,,
E1210,,,C7078,,
E1211,,,C9753,,
E1212,,,C1383,,
E1213,,,C7485,,
E1214,,,C7488,,
E1215,,,C9720,,
E1216,,,C7358,,
E1217,,,C1019,,
E1218,,,C4803,,
E1219,,,C1071,,
E1220,,,C4735,,
E1221,,,C4810,,
E1222,,,C6937,,
E1223,,,C5620,,
E1224,,,C2796,,
E1225,,,C3113,,
E1226,,,C8008,,
E1227,,,C9399,,
E1228,,,C1726,,
E1229,,,C5647,,
E1230,,,C7056,,
E1231,,,C1551,,
E1232,,,C4078,,
E1233,,,C2531,,
E1234,,,C6327,,
E1235,,,C9040,,
E1236,,,C7561,,
E1237,,,C1305,,
E1238,,,C5356,,
E1239,,,C1307,,
E1240,,,C2314,,
E1241,,,C9144,,
E1242,,,C3336,,
E1243,,,C7669,,
E1244,,,C7178,,
E1245,,,C5078,,
E1246,,,C6798,,
E1247,,,C8160,,
E1248,,,C5074,,
E1249,,,C7068,,
E1250,,,C6477,,
E1251,,,C3721,,
E1252,,,C7383,,
E1253,,,C8696,,
E1254,,,C9818,,
E1255,,,C9634,,
E1256,,,C3946,,
E1257,,,C7079,,
E1258,,,C8620,,
E1259,,,C1290,,
E1260,,,C3782,,
E1261,,,C1534,,
E1262,,,C4646,,
E1263,,,C2292,,
E1264,,,C1355,,
E1265,,,C8883,,
E1266,,,C1665,,
E1267,,,C9769,,
E1268,,,C1553,,
E1269,,,C3848,,
E1270,,,C7984,,
E1271,,,C2470,,
E1272,,,C8540,,
E1273,,,C5717,,
E1274,,,C2908,,
E1275,,,C7108,,
E1276,,,C6361,,
E1277,,,C4928,,
E1278,,,C9775,,
E1279,,,C6871,,
E1280,,,C5361,,
E1281,,,C7029,,
E1282,,,C4419,,
E1283,,,C2446,,
E1284,,,C7374,,
E1285,,,C5047,,
E1286,,,C6685,,
E1287,,,C8471,,
E1288,,,C5858,,
E1289,,,C9338,,
E1290,,,C4608,,
E1291,,,C5253,,
E1292,,,C7458,,
E1293,,,C1193,,
E1294,,,C7444,,
E1295,,,C4795,,
E1296,,,C9027,,
E1297,,,C3002,,
E1298,,,C3255,,
E1299,,,C8750,,
E1300,,,C6253,,
E1301,,,C5362,,
E1302,,,C4556,,
E1303,,,C8032,,
E1304,,,C9656,,
E1305,,,C3755,,
E1306,,,C4268,,
E1307,,,C7326,,
E1308,,,C5525,,
E1309,,,C1570,,
E1310,,,C4198,,
E1311,,,C8784,,
E1312,,,C6109,,
E1313,,,C9543,,
E1314,,,C5739,,
E1315,,,C2047,,
E1316,,,C9615,,
E1317,,,C1611,,
E1318,,,C9855,,
E1319,,,C9970,,
E1320,,,C1719,,
E1321,,,C1438,,
E1322,,,C6679,,
E1323,,,C3536,,
E1324,,,C9139,,
E1325,,,C9429,,
E1326,,,C8274,,
E1327,,,C8740,,
E1328,,,C1821,,
E1329,,,C6648,,
E1330,,,C5823,,
E1331,,,C9826,,
E1332,,,C6565,,
E1333,,,C2359,,
E1334,,,C2766,,
E1335,,,C3897,,
E1336,,,C1762,,
E1337,,,C9500,,
E1338,,,C9126,,
E1339,,,C1404,,
E1340,,,C8989,,
E1341,,,C2453,,
E1342,,,C7849,,
E1343,,,C3181,,
E1344,,,C3361,,
E1345,,,C4842,,
E1346,,,C1971,,
E1347,,,C5285,,
E1348,,,C4388,,
E1349,,,C2702,,
E1350,,,C6865,,
E1351,,,C9681,,
E1352,,,C7869,,
E1353,,,C6003,,
E1354,,,C1498,,
E1355,,,C9684,,
E1356,,,C8645,,
E1357,,,C5477,,
E1358,,,C6641,,
E1359,,,C5811,,
E1360,,,C9041,,
E1361,,,C7852,,
E1362,,,C2049,,
E1363,,,C9536,,
E1364,,,C3714,,
E1365,,,C3926,,
E1366,,,C5140,,
E1367,,,C9425,,
E1368,,,C5271,,
E1369,,,C3370,,
E1370,,,C1805,,
E1371,,,C9856,,
E1372,,,C1785,,
E1373,,,C1346,,
E1374,,,C5079,,
E1375,,,C6658,,
E1376,,,C3870,,
E1377,,,C8924,,
E1378,,,C3035,,
E1379,,,C1162,,
E1380,,,C2600,,
E1381,,,C1823,,
E1382,,,C1535,,
E1383,,,C1005,,
E1384,,,C2581,,
E1385,,,C5895,,
E1386,,,C6250,,
E1387,,,C6586,,
E1388,,,C5983,,
E1389,,,C3685,,
E1390,,,C4310,,
E1391,,,C2069,,
E1392,,,C2940,,
E1393,,,C6101,,
E1394,,,C3005,,
E1395,,,C1267,,
E1396,,,C9230,,
E1397,,,C5328,,
E1398,,,C8326,,
E1399,,,C7076,,
E1400,,,C2031,,
E1401,,,C5952,,
E1402,,,C5222,,
E1403,,,C6273,,
E1404,,,C8359,,
E1405,,,C8161,,
E1406,,,C4530,,
E1407,,,C7169,,
E1408,,,C1087,,
E1409,,,C5610,,
E1410,,,C3360,,
E1411,,,C2644,,
E1412,,,C2315,,
E1413,,,C6630,,
E1414,,,C5343,,
E1415,,,C8444,,
E1416,,,C4728,,
E1417,,,C4977,,
E1418,,,C2843,,
E1419,,,C6071,,
E1420,,,C6715,,
E1421,,,C9635,,
E1422,,,C4239,,
E1423,,,C9741,,
E1424,,,C1369,,
E1425,,,C2676,,
E1426,,,C5758,,
E1427,,,C7540,,
E1428,,,C2584,,
E1429,,,C6409,,
E1430,,,C6495,,
E1431,,,C6769,,
E1432,,,C5774,,
E1433,,,C3607,,
E1434,,,C9022,,
E1435,,,C6954,,
E1436,,,C3105,,
E1437,,,C8395,,
E1438,,,C2127,,
E1439,,,C8570,,
E1440,,,C8758,,
E1441,,,C5172,,
E1442,,,C3743,,
E1443,,,C3709,,
E1444,,,C1855,,
E1445,,,C1374,,
E1446,,,C9267,,
E1447,,,C3815,,
E1448,,,C3087,,
E1449,,,C7398,,
E1450,,,C1672,,
E1451,,,C2005,,
E1452,,,C6221,,
E1453,,,C7557,,
E1454,,,C9497,,
E1455,,,C5028,,
E1456,,,C3610,,
E1457,,,C2540,,
E1458,,,C5414,,
E1459,,,C2545,,
E1460,,,C7046,,
E1461,,,C1557,,
E1462,,,C9914,,
E1463,,,C7171,,
E1464,,,C1972,,
E1465,,,C8082,,
E1466,,,C8851,,
E1467,,,C9436,,
E1468,,,C2430,,
E1469,,,C4084,,
E1470,,,C1769,,
E1471,,,C1293,,
E1472,,,C4733,,
E1473,,,C5601,,
E1474,,,C4131,,
E1475,,,C8266,,
E1476,,,C4221,,
E1477,,,C4613,,
E1478,,,C6496,,
E1479,,,C1354,,
E1480,,,C9912,,
E1481,,,C4992,,
E1482,,,C1004,,
E1483,,,C1463,,
E1484,,,C9540,,
E1485,,,C3453,,
E1486,,,C4665,,
E1487,,,C3061,,
E1488,,,C1632,,
E1489,,,C7524,,
E1490,,,C3584,,
E1491,,,C4139,,
E1492,,,C3600,,
E1493,,,C8428,,
E1494,,,C5638,,
E1495,,,C1038,,
E1496,,,C9226,,
E1497,,,C1906,,
E1498,,,C8433,,
E1499,,,C2621,,
E1500,,,C3985,,
E1501,,,C4739,,
E1502,,,C2970,,
E1503,,,C8304,,
E1504,,,C3587,,
E1505,,,C8787,,
E1506,,,C2103,,
E1507,,,C7860,,
E1508,,,C5888,,
E1509,,,C5538,,
E1510,,,C5017,,
E1511,,,C8927,,
E1512,,,C5313,,
E1513,,,C3504,,
E1514,,,C4836,,
E1515,,,C3043,,
E1516,,,C9008,,
E1517,,,C8657,,
E1518,,,C5319,,
E1519,,,C1394,,
E1520,,,C5761,,
E1521,,,C2646,,
E1522,,,C7478,,
E1523,,,C8838,,
E1524,,,C9848,,
E1525,,,C9456,,
E1526,,,C4878,,
E1527,,,C8825,,
E1528,,,C5370,,
E1529,,,C4999,,
E1530,,,C5280,,
E1531,,,C1933,,
E1532,,,C7418,,
E1533,,,C6243,,
E1534,,,C3703,,
E1535,,,C4605,,
E1536,,,C6352,,
E1537,,,C6830,,
E1538,,,C3469,,
E1539,,,C1474,,
E1540,,,C6475,,
E1541,,,C5572,,
E1542,,,C4714,,
E1543,,,C6455,,
E1544,,,C3086,,
E1545,,,C3706,,
E1546,,,C3463,,
E1547,,,C4185,,
E1548,,,C5831,,
E1549,,,C9552,,
E1550,,,C9072,,
E1551,,,C6753,,
E1552,,,C3182,,
E1553,,,C2389,,
E1554,,,C1077,,
E1555,,,C4876,,
E1556,,,C4517,,
E1557,,,C3042,,
E1558,,,C7102,,
E1559,,,C8310,,
E1560,,,C1937,,
E1561,,,C4464,,
E1562,,,C6401,,
E1563,,,C9327,,
E1564,,,C4093,,
E1565,,,C5075,,
E1566,,,C6411,,
E1567,,,C1966,,
E1568,,,C4794,,
E1569,,,C7230,,
E1570,,,C2598,,
E1571,,,C6476,,
E1572,,,C8999,,
E1573,,,C9505,,
E1574,,,C1041,,
E1575,,,C4779,,
E1576,,,C9375,,
E1577,,,C5762,,
E1578,,,C8287,,
E1579,,,C5482,,
E1580,,,C2012,,
E1581,,,C7362,,
E1582,,,C1532,,
E1583,,,C4538,,
E1584,,,C9122,,
E1585,,,C7850,,
E1586,,,C5097,,
E1587,,,C9142,,
E1588,,,C9435,,
E1589,,,C6779,,
E1590,,,C9667,,
E1591,,,C3014,,
E1592,,,C1708,,
E1593,,,C6458,,
E1594,,,C7523,,
E1595,,,C9607,,
E1596,,,C8679,,
E1597,,,C2596,,
E1598,,,C4081,,
E1599,,,C9378,,
E1600,,,C2995,,
E1601,,,C5354,,
E1602,,,C7163,,
E1603,,,C6957,,
E1604,,,C2851,,
E1605,,,C6050,,
E1606,,,C6206,,
E1607,,,C5886,,
E1608,,,C2787,,
E1609,,,C5749,,
E1610,,,C6642,,
E1611,,,C3446,,
E1612,,,C4808,,
E1613,,,C5013,,
E1614,,,C5706,,
E1615,,,C5208,,
E1616,,,C5821,,
E1617,,,C5394,,
E1618,,,C7843,,
E1619,,,C3925,,
E1620,,,C6315,,
E1621,,,C3151,,
E1622,,,C2573,,
E1623,,,C2931,,
E1624,,,C1653,,
E1625,,,C8551,,
E1626,,,C7200,,
E1627,,,C1364,,
E1628,,,C8468,,
E1629,,,C5262,,
E1630,,,C9248,,
E1631,,,C7082,,
E1632,,,C3023,,
E1633,,,C2085,,
E1634,,,C1043,,
E1635,,,C8381,,
E1636,,,C3282,,
E1637,,,C8970,,
E1638,,,C9693,,
E1639,,,C2691,,
E1640,,,C2882,,
E1641,,,C2407,,
E1642,,,C2880,,
E1643,,,C7955,,
E1644,,,C8042,,
E1645,,,C5594,,
E1646,,,C7284,,
E1647,,,C1760,,
E1648,,,C9840,,
E1649,,,C2482,,
E1650,,,C3789,,
E1651,,,C6134,,
E1652,,,C3239,,
E1653,,,C4549,,
E1654,,,C1138,,
E1655,,,C7738,,
E1656,,,C7997,,
E1657,,,C7909,,
E1658,,,C2369,,
E1659,,,C5395,,
E1660,,,C9930,,
E1661,,,C7692,,
E1662,,,C8145,,
E1663,,,C3977,,
E1664,,,C9938,,
E1665,,,C7671,,
E1666,,,C4074,,
E1667,,,C2089,,
E1668,,,C8793,,
E1669,,,C8692,,
E1670,,,C3494,,
E1671,,,C9647,,
E1672,,,C5969,,
E1673,,,C3131,,
E1674,,,C4981,,
E1675,,,C6879,,
E1676,,,C5994,,
E1677,,,C4303,,
E1678,,,C4124,,
E1679,,,C8992,,
E1680,,,C8237,,
E1681,,,C8716,,
E1682,,,C8119,,
E1683,,,C2267,,
E1684,,,C4514,,
E1685,,,C4378,,
E1686,,,C9692,,
E1687,,,C9666,,
E1688,,,C5698,,
E1689,,,C2900,,
E1690,,,C3488,,
E1691,,,C3645,,
E1692,,,C6104,,
E1693,,,C8134,,
E1694,,,C1599,,
E1695,,,C2694,,
E1696,,,C6899,,
E1697,,,C5308,,
E1698,,,C9502,,
E1699,,,C9865,,
E1700,,,C6276,,
E1701,,,C4354,,
E1702,,,C8174,,
E1703,,,C2185,,
E1704,,,C5144,,
E1705,,,C3393,,
E1706,,,C9449,,
E1707,,,C3749,,
E1708,,,C8768,,
E1709,,,C1063,,
E1710,,,C1427,,
E1711,,,C6857,,
E1712,,,C7800,,
E1713,,,C8845,,
E1714,,,C4732,,
E1715,,,C7443,,
E1716,,,C7816,,
E1717,,,C7664,,
E1718,,,C6801,,
E1719,,,C1847,,
E1720,,,C9372,,
E1721,,,C9905,,
E1722,,,C6107,,
E1723,,,C9430,,
E1724,,,C7864,,
E1725,,,C1749,,
E1726,,,C5045,,
E1727,,,C5673,,
E1728,,,C3026,,
E1729,,,C5760,,
E1730,,,C3436,,
E1731,,,C2552,,
E1732,,,C5965,,
E1733,,,C2907,,
E1734,,,C1312,,
E1735,,,C4984,,
E1736,,,C7610,,
E1737,,,C2257,,
E1738,,,C3958,,
E1739,,,C2460,,
E1740,,,C2100,,
E1741,,,C2767,,
E1742,,,C5536,,
E1743,,,C8796,,
E1744,,,C4242,,
E1745,,,C1054,,
E1746,,,C1525,,
E1747,,,C2716,,
E1748,,,C7070,,
E1749,,,C6968,,
E1750,,,C3681,,
E1751,,,C4740,,
E1752,,,C6034,,
E1753,,,C1878,,
E1754,,,C9669,,
E1755,,,C2805,,
E1756,,,C7400,,
E1757,,,C8498,,
E1758,,,C9535,,
E1759,,,C2221,,
E1760,,,C7323,,
E1761,,,C1225,,
E1762,,,C5396,,
E1763,,,C9374,,
E1764,,,C8475,,
E1765,,,C7057,,
E1766,,,C8354,,
E1767,,,C5715,,
E1768,,,C5147,,
E1769,,,C4045,,
E1770,,,C6704,,
E1771,,,C5633,,
E1772,,,C5425,,
E1773,,,C9141,,
E1774,,,C2533,,
E1775,,,C4327,,
E1776,,,C8039,,
E1777,,,C2252,,
E1778,,,C1980,,
E1779,,,C9423,,
E1780,,,C5110,,
E1781,,,C6033,,
E1782,,,C5357,,
E1783,,,C8481,,
E1784,,,C2291,,
E1785,,,C4993,,
E1786,,,C4994,,
E1787,,,C4041,,
E1788,,,C3760,,
E1789,,,C9598,,
E1790,,,C3344,,
E1791,,,C3406,,
E1792,,,C9804,,
E1793,,,C3366,,
E1794,,,C9551,,
E1795,,,C2162,,
E1796,,,C2500,,
E1797,,,C9759,,
E1798,,,C6581,,
E1799,,,C9851,,
E1800,,,C6418,,
E1801,,,C6810,,
E1802,,,C8524,,
E1803,,,C5835,,
E1804,,,C9508,,
E1805,,,C8628,,
E1806,,,C5580,,
E1807,,,C3905,,
E1808,,,C9813,,
E1809,,,C6336,,
E1810,,,C4888,,
E1811,,,C7274,,
E1812,,,C2576,,
E1813,,,C9994,,
E1814,,,C4916,,
E1815,,,C3818,,
E1816,,,C9488,,
E1817,,,C7662,,
E1818,,,C2036,,
E1819,,,C5951,,
E1820,,,C1945,,
E1821,,,C7191,,
E1822,,,C3718,,
E1823,,,C5838,,
E1824,,,C2200,,
E1825,,,C4550,,
E1826,,,C6910,,
E1827,,,C9711,,
E1828,,,C7129,,
E1829,,,C6197,,
E1830,,,C6655,,
E1831,,,C7276,,
E1832,,,C3644,,
E1833,,,C4375,,
E1834,,,C7606,,
E1835,,,C1480,,
E1836,,,C3097,,
E1837,,,C8527,,
E1838,,,C3467,,
E1839,,,C3039,,
E1840,,,C2748,,
E1841,,,C2987,,
E1842,,,C5083,,
E1843,,,C5137,,
E1844,,,C6259,,
E1845,,,C3615,,
E1846,,,C5660,,
E1847,,,C6802,,
E1848,,,C5708,,
E1849,,,C3219,,
E1850,,,C9132,,
E1851,,,C7796,,
E1852,,,C6843,,
E1853,,,C1170,,
E1854,,,C8434,,
E1855,,,C4537,,
E1856,,,C2867,,
E1857,,,C4614,,
E1858,,,C5066,,
E1859,,,C7855,,
E1860,,,C2445,,
E1861,,,C7479,,
E1862,,,C2832,,
E1863,,,C6266,,
E1864,,,C3295,,
E1865,,,C5981,,
E1866,,,C7245,,
E1867,,,C1546,,
E1868,,,C4991,,
E1869,,,C8018,,
E1870,,,C8662,,
E1871,,,C7143,,
E1872,,,C9843,,
E1873,,,C3619,,
E1874,,,C1248,,
E1875,,,C7310,,
E1876,,,C4950,,
E1877,,,C8075,,
E1878,,,C3439,,
E1879,,,C4507,,
E1880,,,C4823,,
E1881,,,C9227,,
E1882,,,C1442,,
E1883,,,C3569,,
E1884,,,C7118,,
E1885,,,C3358,,
E1886,,,C4474,,
E1887,,,C8107,,
E1888,,,C7051,,
E1889,,,C6137,,
E1890,,,C1116,,
E1891,,,C4175,,
E1892,,,C1223,,
E1893,,,C4425,,
E1894,,,C5176,,
E1895,,,C5263,,
E1896,,,C1145,,
E1897,,,C4626,,
E1898,,,C5801,,
E1899,,,C3022,,
E1900,,,C1289,,
E1901,,,C3011,,
E1902,,,C8407,,
E1903,,,C4343,,
E1904,,,C2723,,
E1905,,,C3096,,
E1906,,,C4257,,
E1907,,,C3036,,
E1908,,,C1315,,
E1909,,,C7935,,
E1910,,,C1834,,
E1911,,,C8351,,
E1912,,,C6693,,
E1913,,,C6258,,
E1914,,,C9150,,
E1915,,,C7879,,
E1916,,,C3920,,
E1917,,,C3448,,
E1918,,,C7649,,
E1919,,,C6867,,
E1920,,,C2249,,
E1921,,,C9854,,
E1922,,,C4532,,
E1923,,,C2534,,
E1924,,,C5792,,
E1925,,,C2515,,
E1926,,,C7419,,
E1927,,,C3916,,
E1928,,,C7349,,
E1929,,,C9763,,
E1930,,,C2304,,
E1931,,,C1877,,
E1932,,,C9892,,
E1933,,,C3472,,
E1934,,,C8167,,
E1935,,,C9467,,
E1936,,,C4924,,
E1937,,,C4117,,
E1938,,,C8846,,
E1939,,,C8617,,
E1940,,,C6835,,
E1941,,,C6507,,
E1942,,,C2219,,
E1943,,,C7922,,
E1944,,,C6332,,
E1945,,,C7247,,
E1946,,,C8698,,
E1947,,,C6992,,
E1948,,,C7568,,
E1949,,,C3917,,
E1950,,,C4742,,
E1951,,,C4802,,
E1952,,,C6773,,
E1953,,,C3130,,
E1954,,,C3258,,
E1955,,,C2070,,
E1956,,,C5978,,
E1957,,,C9873,,
E1958,,,C1549,,
E1959,,,C5869,,
E1960,,,C7515,,
E1961,,,C6289,,
E1962,,,C1379,,
E1963,,,C5676,,
E1964,,,C8710,,
E1965,,,C9761,,
E1966,,,C6858,,
E1967,,,C8920,,
E1968,,,C3314,,
E1969,,,C7636,,
E1970,,,C5146,,
E1971,,,C8699,,
E1972,,,C3138,,
E1973,,,C4232,,
E1974,,,C7109,,
E1975,,,C5683,,
E1976,,,C5291,,
E1977,,,C9770,,
E1978,,,C5663,,
E1979,,,C9893,,
E1980,,,C4448,,
E1981,,,C2950,,
E1982,,,C5712,,
E1983,,,C4521,,
E1984,,,C2442,,
E1985,,,C5067,,
E1986,,,C5076,,
E1987,,,C7811,,
E1988,,,C4205,,
E1989,,,C4797,,
E1990,,,C3192,,
E1991,,,C8285,,
E1992,,,C1737,,
E1993,,,C4255,,
E1994,,,C5336,,
E1995,,,C5573,,
E1996,,,C8362,,
E1997,,,C4449,,
E1998,,,C8912,,
E1999,,,C7360,,
E2000,,,C2878,,
E2001,,,C6005,,
E2002,,,C1058,,
E2003,,,C1807,,
E2004,,,C9460,,
E2005,,,C9179,,
E2006,,,C8370,,
E2007,,,C6391,,
E2008,,,C5528,,
E2009,,,C8302,,
E2010,,,C9044,,
E2011,,,C5802,,
E2012,,,C6882,,
E2013,,,C4627,,
E2014,,,C1276,,
E2015,,,C6429,,
E2016,,,C3167,,
E2017,,,C8503,,
E2018,,,C3663,,
E2019,,,C4365,,
E2020,,,C3330,,
E2021,,,C2307,,
E2022,,,C3267,,
E2023,,,C8852,,
E2024,,,C9341,,
E2025,,,C6293,,
E2026,,,C1102,,
E2027,,,C9787,,
E2028,,,C6967,,
E2029,,,C6488,,
E2030,,,C7992,,
E2031,,,C7369,,
E2032,,,C9057,,
E2033,,,C9782,,
E2034,,,C2485,,
E2035,,,C5659,,
E2036,,,C7020,,
E2037,,,C5091,,
E2038,,,C5943,,
E2039,,,C1214,,
E2040,,,C2448,,
E2041,,,C9062,,
E2042,,,C7499,,
E2043,,,C1153,,
E2044,,,C7316,,
E2045,,,C4811,,
E2046,,,C9368,,
E2047,,,C5184,,
E2048,,,C7562,,
E2049,,,C1244,,
E2050,,,C1862,,
E2051,,,C3694,,
E2052,,,C2046,,
E2053,,,C1963,,
E2054,,,C1706,,
E2055,,,C2837,,
E2056,,,C5583,,
E2057,,,C9533,,
E2058,,,C5373,,
E2059,,,C8994,,
E2060,,,C9472,,
E2061,,,C4377,,
E2062,,,C4783,,
E2063,,,C6971,,
E2064,,,C1025,,
E2065,,,C6873,,
E2066,,,C6900,,
E2067,,,C2638,,
E2068,,,C5728,,
E2069,,,C7916,,
E2070,,,C9211,,
E2071,,,C4572,,
E2072,,,C7084,,
E2073,,,C2478,,
E2074,,,C4944,,
E2075,,,C2797,,
E2076,,,C2974,,
E2077,,,C8636,,
E2078,,,C7132,,
E2079,,,C3568,,
E2080,,,C6806,,
E2081,,,C6905,,
E2082,,,C9328,,
E2083,,,C9713,,
E2084,,,C1796,,
E2085,,,C4854,,
E2086,,,C7000,,
E2087,,,C9442,,
E2088,,,C8153,,
E2089,,,C9087,,
E2090,,,C4209,,
E2091,,,C8706,,
E2092,,,C7962,,
E2093,,,C3745,,
E2094,,,C1252,,
E2095,,,C4040,,
E2096,,,C6002,,
E2097,,,C4673,,
E2098,,,C5006,,
E2099,,,C3931,,
E2100,,,C3084,,
E2101,,,C9947,,
E2102,,,C9404,,
E2103,,,C6084,,
E2104,,,C9052,,
E2105,,,C7824,,
E2106,,,C3388,,
E2107,,,C7269,,
E2108,,,C6833,,
E2109,,,C9474,,
E2110,,,C9563,,
E2111,,,C5575,,
E2112,,,C3444,,
E2113,,,C6929,,
E2114,,,C5537,,
E2115,,,C6785,,
E2116,,,C4119,,
E2117,,,C6294,,
E2118,,,C1943,,
E2119,,,C6884,,
E2120,,,C5456,,
E2121,,,C3783,,
E2122,,,C7794,,
E2123,,,C7305,,
E2124,,,C6375,,
E2125,,,C3243,,
E2126,,,C3727,,
E2127,,,C4548,,
E2128,,,C7290,,
E2129,,,C5546,,
E2130,,,C8544,,
E2131,,,C6656,,
E2132,,,C6620,,
E2133,,,C2465,,
E2134,,,C2491,,
E2135,,,C3998,,
E2136,,,C8531,,
E2137,,,C1368,,
E2138,,,C8959,,
E2139,,,C9699,,
E2140,,,C1430,,
E2141,,,C7980,,
E2142,,,C1946,,
E2143,,,C6728,,
E2144,,,C8093,,
E2145,,,C7844,,
E2146,,,C3445,,
E2147,,,C1278,,
E2148,,,C5545,,
E2149,,,C7064,,
E2150,,,C5725,,
E2151,,,C8105,,
E2152,,,C6555,,
E2153,,,C7944,,
E2154,,,C7286,,
E2155,,,C2783,,
E2156,,,C4444,,
E2157,,,C9887,,
E2158,,,C8651,,
E2159,,,C1152,,
E2160,,,C3574,,
E2161,,,C2739,,
E2162,,,C1618,,
E2163,,,C7248,,
E2164,,,C2528,,
E2165,,,C5438,,
E2166,,,C3468,,
E2167,,,C9549,,
E2168,,,C7750,,
E2169,,,C1567,,
E2170,,,C7177,,
E2171,,,C5885,,
E2172,,,C6553,,
E2173,,,C8761,,
E2174,,,C4828,,
E2175,,,C1040,,
E2176,,,C1124,,
E2177,,,C2764,,
E2178,,,C3595,,
E2179,,,C9218,,
E2180,,,C5695,,
E2181,,,C2385,,
E2182,,,C8040,,
E2183,,,C2417,,
E2184,,,C4051,,
E2185,,,C9464,,
E2186,,,C8881,,
E2187,,,C8338,,
E2188,,,C2297,,
E2189,,,C4601,,
E2190,,,C5542,,
E2191,,,C2088,,
E2192,,,C1729,,
E2193,,,C6374,,
E2194,,,C8546,,
E2195,,,C9369,,
E2196,,,C9334,,
E2197,,,C9793,,
E2198,,,C2501,,
E2199,,,C3199,,
E2200,,,C6368,,
E2201,,,C9594,,
E2202,,,C3301,,
E2203,,,C4411,,
E2204,,,C9557,,
E2205,,,C3277,,
E2206,,,C5785,,
E2207,,,C2260,,
E2208,,,C3589,,
E2209,,,C9951,,
E2210,,,C7878,,
E2211,,,C9438,,
E2212,,,C7808,,
E2213,,,C8484,,
E2214,,,C8630,,
E2215,,,C2067,,
E2216,,,C1032,,
E2217,,,C9071,,
E2218,,,C5087,,
E2219,,,C5972,,
E2220,,,C5326,,
E2221,,,C7566,,
E2222,,,C7141,,
E2223,,,C2371,,
E2224,,,C7432,,
E2225,,,C1017,,
E2226,,,C5807,,
E2227,,,C5474,,
E2228,,,C8702,,
E2229,,,C9604,,
E2230,,,C8248,,
E2231,,,C3961,,
E2232,,,C1091,,
E2233,,,C3725,,
E2234,,,C3345,,
E2235,,,C1336,,
E2236,,,C4737,,
E2237,,,C1647,,
E2238,,,C8448,,
E2239,,,C1452,,
E2240,,,C3418,,
E2241,,,C5565,,
E2242,,,C1802,,
E2243,,,C1659,,
E2244,,,C6093,,
E2245,,,C9059,,
E2246,,,C8941,,
E2247,,,C7538,,
E2248,,,C4485,,
E2249,,,C4965,,
E2250,,,C1916,,
E2251,,,C1490,,
E2252,,,C4432,,
E2253,,,C2812,,
E2254,,,C6229,,
E2255,,,C3307,,
E2256,,,C2086,,
E2257,,,C5054,,
E2258,,,C7089,,
E2259,,,C4289,,
E2260,,,C7751,,
E2261,,,C6270,,
E2262,,,C8440,,
E2263,,,C4565,,
E2264,,,C7350,,
E2265,,,C4706,,
E2266,,,C4969,,
E2267,,,C9147,,
E2268,,,C8816,,
E2269,,,C1773,,
E2270,,,C9115,,
E2271,,,C8966,,
E2272,,,C2240,,
E2273,,,C8309,,
E2274,,,C8495,,
E2275,,,C4442,,
E2276,,,C9274,,
E2277,,,C2353,,
E2278,,,C7166,,
E2279,,,C4850,,
E2280,,,C6073,,
E2281,,,C1649,,
E2282,,,C1376,,
E2283,,,C2093,,
E2284,,,C5057,,
E2285,,,C6157,,
E2286,,,C6017,,
E2287,,,C2681,,
E2288,,,C7520,,
E2289,,,C2570,,
E2290,,,C1129,,
E2291,,,C8493,,
E2292,,,C7322,,
E2293,,,C3539,,
E2294,,,C1742,,
E2295,,,C7258,,
E2296,,,C3325,,
E2297,,,C4061,,
E2298,,,C4974,,
E2299,,,C1451,,
E2300,,,C7910,,
E2301,,,C6265,,
E2302,,,C1076,,
E2303,,,C6288,,
E2304,,,C4671,,
E2305,,,C6024,,
E2306,,,C5464,,
E2307,,,C2833,,
E2308,,,C8607,,
E2309,,,C9312,,
E2310,,,C3593,,
E2311,,,C5795,,
E2312,,,C7923,,
E2313,,,C1010,,
E2314,,,C5819,,
E2315,,,C3751,,
E2316,,,C1950,,
E2317,,,C4308,,
E2318,,,C8835,,
E2319,,,C8569,,
E2320,,,C7805,,
E2321,,,C6931,,
E2322,,,C8244,,
E2323,,,C4937,,
E2324,,,C6521,,
E2325,,,C1733,,
E2326,,,C5384,,
E2327,,,C3227,,
E2328,,,C5332,,
E2329,,,C7228,,
E2330,,,C7672,,
E2331,,,C5397,,
E2332,,,C2181,,
E2333,,,C6395,,
E2334,,,C5615,,
E2335,,,C8353,,
E2336,,,C3884,,
E2337,,,C9524,,
E2338,,,C9743,,
E2339,,,C8256,,
E2340,,,C6816,,
E2341,,,C4027,,
E2342,,,C6814,,
E2343,,,C8656,,
E2344,,,C2204,,
E2345,,,C8798,,
E2346,,,C5053,,
E2347,,,C4580,,
E2348,,,C8673,,
E2349,,,C7985,,
E2350,,,C4912,,
E2351,,,C3797,,
E2352,,,C4215,,
E2353,,,C2113,,
E2354,,,C8967,,
E2355,,,C3431,,
E2356,,,C2433,,
E2357,,,C2154,,
E2358,,,C9979,,
E2359,,,C6343,,
E2360,,,C4662,,
E2361,,,C6056,,
E2362,,,C9355,,
E2363,,,C7500,,
E2364,,,C9757,,
E2365,,,C8293,,
E2366,,,C7175,,
E2367,,,C5352,,
E2368,,,C3271,,
E2369,,,C1001,,
E2370,,,C5896,,
E2371,,,C4872,,
E2372,,,C2790,,
E2373,,,C2744,,
E2374,,,C2416,,
E2375,,,C9603,,
E2376,,,C4487,,
E2377,,,C9686,,
E2378,,,C4577,,
E2379,,,C2972,,
E2380,,,C8142,,
E2381,,,C4366,,
E2382,,,C2404,,
E2383,,,C5095,,
E2384,,,C2604,,
E2385,,,C8123,,
E2386,,,C4004,,
E2387,,,C9853,,
E2388,,,C2149,,
E2389,,,C3187,,
E2390,,,C2061,,
E2391,,,C4140,,
E2392,,,C8390,,
E2393,,,C3496,,
E2394,,,C9146,,
E2395,,,C7927,,
E2396,,,C8556,,
E2397,,,C9620,,
E2398,,,C4998,,
E2399,,,C1382,,
E2400,,,C5559,,
E2401,,,C6930,,
E2402,,,C9455,,
E2403,,,C3847,,
E2404,,,C6061,,
E2405,,,C1360,,
E2406,,,C4322,,
E2407,,,C3547,,
E2408,,,C4504,,
E2409,,,C1163,,
E2410,,,C5470,,
E2411,,,C7607,,
E2412,,,C1159,,
E2413,,,C2362,,
E2414,,,C6783,,
E2415,,,C6351,,
E2416,,,C5992,,
E2417,,,C2428,,
E2418,,,C4746,,
E2419,,,C9042,,
E2420,,,C5331,,
E2421,,,C1623,,
E2422,,,C7777,,
E2423,,,C8680,,
E2424,,,C1735,,
E2425,,,C7149,,
E2426,,,C9534,,
E2427,,,C2686,,
E2428,,,C2731,,
E2429,,,C9428,,
E2430,,,C4095,,
E2431,,,C9844,,
E2432,,,C4936,,
E2433,,,C9609,,
E2434,,,C8249,,
E2435,,,C8108,,
E2436,,,C1325,,
E2437,,,C9558,,
E2438,,,C8324,,
E2439,,,C9633,,
E2440,,,C7904,,
E2441,,,C8744,,
E2442,,,C9850,,
E2443,,,C9520,,
E2444,,,C5871,,
E2445,,,C4360,,
E2446,,,C9712,,
E2447,,,C4592,,
E2448,,,C5489,,
E2449,,,C5669,,
E2450,,,C9013,,
E2451,,,C5816,,
E2452,,,C9311,,
E2453,,,C4088,,
E2454,,,C9004,,
E2455,,,C5631,,
E2456,,,C3090,,
E2457,,,C8857,,
E2458,,,C4932,,
E2459,,,C5748,,
E2460,,,C1869,,
E2461,,,C8314,,
E2462,,,C3626,,
E2463,,,C2724,,
E2464,,,C2333,,
E2465,,,C6080,,
E2466,,,C9099,,
E2467,,,C8410,,
E2468,,,C8409,,
E2469,,,C9728,,
E2470,,,C5404,,
E2471,,,C9346,,
E2472,,,C4312,,
E2473,,,C7576,,
E2474,,,C8081,,
E2475,,,C6096,,
E2476,,,C1158,,
E2477,,,C1543,,
E2478,,,C1044,,
E2479,,,C4241,,
E2480,,,C7055,,
E2481,,,C8649,,
E2482,,,C3852,,
E2483,,,C2818,,
E2484,,,C1275,,
E2485,,,C8090,,
E2486,,,C4710,,
E2487,,,C1528,,
E2488,,,C8518,,
E2489,,,C4342,,
E2490,,,C3832,,
E2491,,,C8121,,
E2492,,,C5827,,
E2493,,,C2842,,
E2494,,,C2350,,
E2495,,,C8687,,
E2496,,,C8163,,
E2497,,,C1149,,
E2498,,,C2043,,
E2499,,,C9305,,
E2500,,,C2156,,
E2501,,,C7482,,
E2502,,,C3210,,
E2503,,,C5236,,
E2504,,,C3947,,
E2505,,,C5372,,
E2506,,,C5101,,
E2507,,,C1554,,
E2508,,,C1912,,
E2509,,,C5991,,
E2510,,,C9437,,
E2511,,,C1684,,
E2512,,,C3339,,
E2513,,,C2755,,
E2514,,,C8209,,
E2515,,,C9353,,
E2516,,,C3986,,
E2517,,,C4781,,
E2518,,,C1440,,
E2519,,,C3208,,
E2520,,,C7691,,
E2521,,,C6635,,
E2522,,,C8756,,
E2523,,,C3071,,
E2524,,,C1467,,
E2525,,,C5407,,
E2526,,,C1977,,
E2527,,,C4822,,
E2528,,,C9123,,
E2529,,,C8234,,
E2530,,,C3062,,
E2531,,,C6694,,
E2532,,,C5485,,
E2533,,,C6054,,
E2534,,,C8271,,
E2535,,,C4012,,
E2536,,,C4943,,
E2537,,,C6621,,
E2538,,,C4753,,
E2539,,,C5122,,
E2540,,,C4250,,
E2541,,,C7765,,
E2542,,,C9481,,
E2543,,,C7987,,
E2544,,,C2981,,
E2545,,,C7142,,
E2546,,,C1938,,
E2547,,,C1340,,
E2548,,,C7775,,
E2549,,,C3617,,
E2550,,,C1606,,
E2551,,,C6909,,
E2552,,,C3612,,
E2553,,,C4669,,
E2554,,,C3334,,
E2555,,,C5569,,
E2556,,,C4831,,
E2557,,,C1208,,
E2558,,,C2098,,
E2559,,,C3999,,
E2560,,,C5168,,
E2561,,,C6702,,
E2562,,,C7975,,
E2563,,,C2390,,
E2564,,,C1443,,
E2565,,,C2234,,
E2566,,,C6010,,
E2567,,,C8752,,
E2568,,,C3701,,
E2569,,,C2209,,
E2570,,,C1859,,
E2571,,,C6462,,
E2572,,,C5051,,
E2573,,,C9125,,
E2574,,,C9471,,
E2575,,,C4698,,
E2576,,,C2915,,
E2577,,,C2737,,
E2578,,,C1425,,
E2579,,,C1403,,
E2580,,,C5468,,
E2581,,,C5151,,
E2582,,,C8191,,
E2583,,,C7565,,
E2584,,,C6481,,
E2585,,,C8034,,
E2586,,,C5461,,
E2587,,,C2782,,
E2588,,,C7489,,
E2589,,,C6854,,
E2590,,,C8542,,
E2591,,,C9767,,
E2592,,,C1541,,
E2593,,,C1072,,
E2594,,,C3969,,
E2595,,,C9231,,
E2596,,,C8753,,
E2597,,,C1108,,
E2598,,,C3442,,
E2599,,,C9078,,
E2600,,,C3996,,
E2601,,,C5911,,
E2602,,,C6217,,
E2603,,,C5771,,
E2604,,,C5839,,
E2605,,,C9315,,
E2606,,,C1635,,
E2607,,,C6632,,
E2608,,,C4462,,
E2609,,,C4816,,
E2610,,,C9339,,
E2611,,,C1396,,
E2612,,,C6927,,
E2613,,,C9432,,
E2614,,,C3185,,
E2615,,,C2565,,
E2616,,,C4441,,
E2617,,,C1662,,
E2618,,,C3082,,
E2619,,,C3753,,
E2620,,,C9393,,
E2621,,,C7948,,
E2622,,,C3098,,
E2623,,,C5509,,
E2624,,,C7120,,
E2625,,,C7687,,
E2626,,,C2320,,
E2627,,,C4396,,
E2628,,,C7409,,
E2629,,,C1704,,
E2630,,,C6026,,
E2631,,,C1698,,
E2632,,,C7493,,
E2633,,,C7345,,
E2634,,,C8896,,
E2635,,,C2287,,
E2636,,,C2855,,
E2637,,,C8424,,
E2638,,,C2262,,
E2639,,,C4645,,
E2640,,,C2021,,
E2641,,,C9385,,
E2642,,,C5822,,
E2643,,,C1858,,
E2644,,,C4164,,
E2645,,,C5612,,
E2646,,,C1137,,
E2647,,,C7042,,
E2648,,,C2206,,
E2649,,,C3813,,
E2650,,,C5786,,
E2651,,,C8915,,
E2652,,,C1397,,
E2653,,,C8240,,
E2654,,,C2512,,
E2655,,,C9501,,
E2656,,,C9204,,
E2657,,,C6105,,
E2658,,,C9266,,
E2659,,,C2449,,
E2660,,,C1734,,
E2661,,,C8595,,
E2662,,,C6794,,
E2663,,,C8809,,
E2664,,,C7797,,
E2665,,,C6797,,
E2666,,,C3527,,
E2667,,,C3823,,
E2668,,,C1344,,
E2669,,,C2655,,
E2670,,,C4873,,
E2671,,,C3250,,
E2672,,,C1206,,
E2673,,,C3583,,
E2674,,,C4848,,
E2675,,,C4547,,
E2676,,,C5963,,
E2677,,,C6841,,
E2678,,,C9270,,
E2679,,,C5577,,
E2680,,,C8461,,
E2681,,,C6713,,
E2682,,,C7103,,
E2683,,,C7475,,
E2684,,,C3455,,
E2685,,,C1944,,
E2686,,,C4635,,
E2687,,,C6124,,
E2688,,,C7567,,
E2689,,,C3149,,
E2690,,,C3605,,
E2691,,,C1931,,
E2692,,,C8876,,
E2693,,,C3646,,
E2694,,,C1500,,
E2695,,,C2551,,
E2696,,,C6705,,
E2697,,,C4144,,
E2698,,,C9376,,
E2699,,,C7244,,
E2700,,,C4227,,
E2701,,,C4233,,
E2702,,,C4176,,
E2703,,,C2137,,
E2704,,,C3965,,
E2705,,,C6464,,
E2706,,,C7769,,
E2707,,,C7761,,
E2708,,,C3169,,
E2709,,,C1655,,
E2710,,,C4401,,
E2711,,,C5217,,
E2712,,,C6956,,
E2713,,,C9877,,
E2714,,,C1897,,
E2715,,,C2108,,
E2716,,,C4032,,
E2717,,,C4072,,
E2718,,,C5327,,
E2719,,,C7394,,
E2720,,,C5169,,
E2721,,,C3404,,
E2722,,,C9459,,
E2723,,,C7526,,
E2724,,,C8788,,
E2725,,,C9810,,
E2726,,,C8257,,
E2727,,,C7113,,
E2728,,,C5252,,
E2729,,,C8675,,
E2730,,,C3776,,
E2731,,,C4694,,
E2732,,,C5825,,
E2733,,,C6007,,
E2734,,,C4610,,
E2735,,,C4367,,
E2736,,,C2666,,
E2737,,,C3633,,
E2738,,,C6799,,
E2739,,,C6616,,
E2740,,,C2476,,
E2741,,,C3412,,
E2742,,,C7785,,
E2743,,,C1083,,
E2744,,,C4492,,
E2745,,,C7521,,
E2746,,,C8722,,
E2747,,,C1405,,
E2748,,,C2865,,
E2749,,,C2376,,
E2750,,,C5490,,
E2751,,,C6313,,
E2752,,,C3403,,
E2753,,,C3484,,
E2754,,,C9746,,
E2755,,,C4075,,
E2756,,,C2199,,
E2757,,,C2572,,
E2758,,,C1756,,
E2759,,,C5670,,
E2760,,,C1757,,
E2761,,,C9571,,
E2762,,,C8178,,
E2763,,,C4446,,
E2764,,,C2611,,
E2765,,,C2290,,
E2766,,,C1827,,
E2767,,,C8132,,
E2768,,,C2464,,
E2769,,,C8848,,
E2770,,,C5406,,
E2771,,,C1641,,
E2772,,,C7574,,
E2773,,,C8880,,
E2774,,,C9165,,
E2775,,,C3050,,
E2776,,,C3051,,
E2777,,,C9156,,
E2778,,,C1475,,
E2779,,,C7033,,
E2780,,,C3846,,
E2781,,,C7463,,
E2782,,,C2372,,
E2783,,,C1828,,
E2784,,,C4658,,
E2785,,,C5953,,
E2786,,,C6664,,
E2787,,,C9652,,
E2788,,,C5915,,
E2789,,,C5116,,
E2790,,,C1831,,
E2791,,,C6283,,
E2792,,,C8864,,
E2793,,,C9576,,
E2794,,,C6500,,
E2795,,,C9941,,
E2796,,,C5549,,
E2797,,,C4983,,
E2798,,,C1702,,
E2799,,,C2354,,
E2800,,,C6433,,
E2801,,,C9591,,
E2802,,,C7601,,
E2803,,,C7532,,
E2804,,,C2697,,
E2805,,,C5984,,
E2806,,,C6338,,
E2807,,,C2661,,
E2808,,,C3750,,
E2809,,,C6281,,
E2810,,,C5648,,
E2811,,,C9391,,
E2812,,,C4332,,
E2813,,,C2401,,
E2814,,,C6626,,
E2815,,,C1913,,
E2816,,,C8170,,
E2817,,,C3684,,
E2818,,,C1895,,
E2819,,,C3652,,
E2820,,,C1202,,
E2821,,,C2207,,
E2822,,,C6597,,
E2823,,,C1237,,
E2824,,,C6916,,
E2825,,,C3623,,
E2826,,,C4161,,
E2827,,,C6576,,
E2828,,,C6742,,
E2829,,,C8056,,
E2830,,,C8080,,
E2831,,,C4681,,
E2832,,,C8235,,
E2833,,,C9657,,
E2834,,,C3348,,
E2835,,,C8480,,
E2836,,,C7114,,
E2837,,,C7494,,
E2838,,,C7619,,
E2839,,,C8600,,
E2840,,,C6423,,
E2841,,,C9829,,
E2842,,,C6732,,
E2843,,,C7729,,
E2844,,,C8913,,
E2845,,,C3733,,
E2846,,,C7655,,
E2847,,,C5635,,
E2848,,,C9812,,
E2849,,,C6965,,
E2850,,,C2358,,
E2851,,,C6570,,
E2852,,,C4641,,
E2853,,,C9566,,
E2854,,,C3765,,
E2855,,,C4213,,
E2856,,,C8027,,
E2857,,,C3697,,
E2858,,,C7585,,
E2859,,,C9605,,
E2860,,,C3449,,
E2861,,,C3141,,
E2862,,,C5629,,
E2863,,,C9193,,
E2864,,,C9205,,
E2865,,,C1035,,
E2866,,,C1157,,
E2867,,,C5203,,
E2868,,,C1783,,
E2869,,,C9243,,
E2870,,,C5837,,
E2871,,,C4187,,
E2872,,,C4667,,
E2873,,,C5123,,
E2874,,,C3492,,
E2875,,,C3654,,
E2876,,,C6237,,
E2877,,,C4203,,
E2878,,,C2083,,
E2879,,,C6876,,
E2880,,,C2696,,
E2881,,,C1579,,
E2882,,,C4675,,
E2883,,,C6236,,
E2884,,,C7967,,
E2885,,,C8602,,
E2886,,,C1484,,
E2887,,,C6603,,
E2888,,,C5597,,
E2889,,,C2629,,
E2890,,,C1530,,
E2891,,,C9918,,
E2892,,,C8777,,
E2893,,,C7586,,
E2894,,,C1682,,
E2895,,,C1522,,
E2896,,,C1982,,
E2897,,,C9061,,
E2898,,,C5596,,
E2899,,,C5223,,
E2900,,,C6047,,
E2901,,,C4765,,
E2902,,,C6811,,
E2903,,,C9991,,
E2904,,,C8736,,
E2905,,,C5526,,
E2906,,,C5350,,
E2907,,,C5817,,
E2908,,,C8078,,
E2909,,,C5325,,
E2910,,,C1634,,
E2911,,,C4103,,
E2912,,,C5190,,
E2913,,,C8216,,
E2914,,,C1412,,
E2915,,,C3153,,
E2916,,,C2738,,
E2917,,,C4335,,
E2918,,,C1685,,
E2919,,,C5430,,
E2920,,,C4060,,
E2921,,,C6838,,
E2922,,,C1127,,
E2923,,,C2124,,
E2924,,,C8025,,
E2925,,,C6511,,
E2926,,,C4264,,
E2927,,,C2542,,
E2928,,,C7809,,
E2929,,,C7264,,
E2930,,,C2335,,
E2931,,,C8743,,
E2932,,,C2554,,
E2933,,,C1983,,
E2934,,,C5136,,
E2935,,,C9361,,
E2936,,,C5662,,
E2937,,,C8932,,
E2938,,,C1997,,
E2939,,,C8832,,
E2940,,,C8849,,
E2941,,,C4800,,
E2942,,,C5832,,
E2943,,,C3839,,
E2944,,,C9253,,
E2945,,,C3424,,
E2946,,,C6242,,
E2947,,,C6140,,
E2948,,,C3928,,
E2949,,,C7408,,
E2950,,,C5918,,
E2951,,,C1625,,
E2952,,,C2001,,
E2953,,,C9077,,
E2954,,,C8091,,
E2955,,,C5684,,
E2956,,,C8804,,
E2957,,,C3667,,
E2958,,,C3248,,
E2959,,,C8536,,
E2960,,,C3754,,
E2961,,,C6780,,
E2962,,,C8046,,
E2963,,,C5713,,
E2964,,,C8371,,
E2965,,,C8973,,
E2966,,,C6596,,
E2967,,,C1613,,
E2968,,,C3938,,
E2969,,,C9201,,
E2970,,,C9792,,
E2971,,,C7209,,
E2972,,,C3935,,
E2973,,,C4654,,
E2974,,,C1822,,
E2975,,,C5230,,
E2976,,,C3292,,
E2977,,,C5441,,
E2978,,,C9623,,
E2979,,,C5853,,
E2980,,,C1891,,
E2981,,,C1903,,
E2982,,,C9819,,
E2983,,,C8771,,
E2984,,,C2897,,
E2985,,,C5060,,
E2986,,,C2560,,
E2987,,,C5731,,
E2988,,,C3402,,
E2989,,,C2517,,
E2990,,,C7611,,
E2991,,,C2777,,
E2992,,,C8125,,
E2993,,,C7622,,
E2994,,,C6885,,
E2995,,,C6827,,
E2996,,,C7915,,
E2997,,,C3486,,
E2998,,,C4154,,
E2999,,,C3658,,
E3000,,,C5424,,
E3001,,,C2473,,
E3002,,,C2039,,
E3003,,,C8175,,
E3004,,,C9359,,
E3005,,,C2775,,
E3006,,,C7581,,
E3007,,,C9663,,
E3008,,,C3708,,
E3009,,,C7283,,
E3010,,,C8715,,
E3011,,,C2564,,
E3012,,,C1615,,
E3013,,,C7889,,
E3014,,,C8889,,
E3015,,,C1470,,
E3016,,,C6629,,
E3017,,,C9277,,
E3018,,,C1011,,
E3019,,,C1779,,
E3020,,,C3970,,
E3021,,,C1572,,
E3022,,,C7735,,
E3023,,,C3599,,
E3024,,,C3775,,
E3025,,,C9751,,
E3026,,,C9859,,
E3027,,,C9798,,
E3028,,,C9461,,
E3029,,,C2920,,
E3030,,,C4788,,
E3031,,,C4323,,
E3032,,,C2579,,
E3033,,,C9033,,
E3034,,,C4195,,
E3035,,,C3535,,
E3036,,,C8376,,
E3037,,,C8587,,
E3038,,,C9271,,
E3039,,,C5454,,
E3040,,,C3236,,
E3041,,,C3814,,
E3042,,,C1894,,
E3043,,,C7584,,
E3044,,,C5237,,
E3045,,,C2253,,
E3046,,,C6549,,
E3047,,,C6446,,
E3048,,,C7903,,
E3049,,,C9721,,
E3050,,,C9612,,
E3051,,,C9735,,
E3052,,,C9102,,
E3053,,,C9637,,
E3054,,,C4350,,
E3055,,,C5160,,
E3056,,,C2665,,
E3057,,,C7263,,
E3058,,,C6168,,
E3059,,,C1139,,
E3060,,,C8189,,
E3061,,,C7724,,
E3062,,,C9526,,
E3063,,,C7711,,
E3064,,,C8030,,
E3065,,,C6765,,
E3066,,,C9390,,
E3067,,,C9510,,
E3068,,,C1416,,
E3069,,,C6881,,
E3070,,,C3297,,
E3071,,,C7651,,
E3072,,,C8069,,
E3073,,,C8485,,
E3074,,,C6639,,
E3075,,,C7549,,
E3076,,,C5844,,
E3077,,,C8138,,
E3078,,,C3549,,
E3079,,,C6518,,
E3080,,,C4490,,
E3081,,,C5900,,
E3082,,,C7654,,
E3083,,,C3949,,
E3084,,,C5738,,
E3085,,,C9573,,
E3086,,,C8801,,
E3087,,,C4132,,
E3088,,,C5576,,
E3089,,,C4471,,
E3090,,,C3501,,
E3091,,,C1198,,
E3092,,,C4798,,
E3093,,,C2410,,
E3094,,,C7786,,
E3095,,,C9531,,
E3096,,,C6055,,
E3097,,,C2052,,
E3098,,,C6287,,
E3099,,,C6695,,
E3100,,,C1081,,
E3101,,,C4173,,
E3102,,,C3471,,
E3103,,,C3869,,
E3104,,,C3995,,
E3105,,,C6904,,
E3106,,,C1473,,
E3107,,,C9608,,
E3108,,,C6523,,
E3109,,,C8264,,
E3110,,,C1320,,
E3111,,,C2022,,
E3112,,,C9074,,
E3113,,,C7768,,
E3114,,,C1401,,
E3115,,,C1958,,
E3116,,,C9986,,
E3117,,,C3052,,
E3118,,,C7934,,
E3119,,,C6036,,
E3120,,,C2370,,
E3121,,,C1471,,
E3122,,,C7698,,
E3123,,,C8917,,
E3124,,,C9289,,
E3125,,,C6172,,
E3126,,,C1273,,
E3127,,,C2092,,
E3128,,,C2690,,
E3129,,,C7587,,
E3130,,,C2189,,
E3131,,,C4568,,
E3132,,,C9907,,
E3133,,,C1190,,
E3134,,,C9788,,
E3135,,,C8281,,
E3136,,,C1176,,
E3137,,,C8348,,
E3138,,,C3225,,
E3139,,,C6808,,
E3140,,,C1852,,
E3141,,,C1161,,
E3142,,,C5556,,
E3143,,,C4043,,
E3144,,,C5809,,
E3145,,,C5155,,
E3146,,,C8110,,
E3147,,,C9503,,
E3148,,,C5412,,
E3149,,,C9209,,
E3150,,,C2438,,
E3151,,,C1875,,
E3152,,,C6163,,
E3153,,,C2838,,
E3154,,,C5879,,
E3155,,,C9959,,
E3156,,,C5239,,
E3157,,,C7920,,
E3158,,,C6398,,
E3159,,,C1801,,
E3160,,,C2334,,
E3161,,,C1738,,
E3162,,,C6278,,
E3163,,,C5311,,
E3164,,,C1556,,
E3165,,,C2539,,
E3166,,,C6044,,
E3167,,,C3524,,
E3168,,,C7348,,
E3169,,,C7487,,
E3170,,,C3247,,
E3171,,,C4324,,
E3172,,,C5617,,
E3173,,,C2481,,
E3174,,,C5788,,
E3175,,,C6568,,
E3176,,,C9671,,
E3177,,,C4699,,
E3178,,,C1204,,
E3179,,,C3975,,
E3180,,,C2301,,
E3181,,,C5018,,
E3182,,,C2117,,
E3183,,,C2853,,
E3184,,,C9076,,
E3185,,,C9121,,
E3186,,,C5696,,
E3187,,,C3748,,
E3188,,,C7062,,
E3189,,,C7139,,
E3190,,,C9194,,
E3191,,,C4569,,
E3192,,,C6952,,
E3193,,,C8652,,
E3194,,,C4271,,
E3195,,,C4217,,
E3196,,,C1147,,
E3197,,,C7423,,
E3198,,,C1775,,
E3199,,,C2852,,
E3200,,,C4837,,
E3201,,,C8624,,
E3202,,,C3264,,
E3203,,,C6925,,
E3204,,,C6650,,
E3205,,,C9847,,
E3206,,,C2063,,
E3207,,,C5072,,
E3208,,,C1519,,
E3209,,,C1439,,
E3210,,,C8608,,
E3211,,,C1627,,
E3212,,,C5082,,
E3213,,,C7600,,
E3214,,,C4995,,
E3215,,,C7887,,
E3216,,,C3825,,
E3217,,,C5302,,
E3218,,,C9978,,
E3219,,,C2073,,
E3220,,,C6312,,
E3221,,,C9166,,
E3222,,,C8800,,
E3223,,,C5510,,
E3224,,,C4339,,
E3225,,,C7388,,
E3226,,,C9486,,
E3227,,,C5520,,
E3228,,,C4908,,
E3229,,,C7635,,
E3230,,,C8365,,
E3231,,,C1106,,
E3232,,,C9182,,
E3233,,,C1209,,
E3234,,,C4700,,
E3235,,,C2727,,
E3236,,,C1837,,
E3237,,,C2342,,
E3238,,,C5491,,
E3239,,,C1034,,
E3240,,,C3300,,
E3241,,,C1056,,
E3242,,,C8262,,
E3243,,,C1680,,
E3244,,,C6897,,
E3245,,,C5976,,
E3246,,,C5081,,
E3247,,,C5278,,
E3248,,,C2435,,
E3249,,,C1718,,
E3250,,,C6784,,
E3251,,,C7124,,
E3252,,,C9256,,
E3253,,,C4722,,
E3254,,,C8010,,
E3255,,,C9096,,
E3256,,,C2561,,
E3257,,,C3859,,
E3258,,,C7434,,
E3259,,,C9005,,
E3260,,,C4882,,
E3261,,,C7778,,
E3262,,,C4853,,
E3263,,,C3394,,
E3264,,,C9880,,
E3265,,,C5514,,
E3266,,,C5171,,
E3267,,,C1893,,
E3268,,,C3993,,
E3269,,,C1514,,
E3270,,,C6233,,
E3271,,,C1864,,
E3272,,,C8614,,
E3273,,,C5188,,
E3274,,,C6041,,
E3275,,,C7280,,
E3276,,,C2399,,
E3277,,,C8515,,
E3278,,,C5641,,
E3279,,,C6269,,
E3280,,,C1323,,
E3281,,,C8819,,
E3282,,,C9262,,
E3283,,,C5554,,
E3284,,,C7327,,
E3285,,,C6698,,
E3286,,,C4982,,
E3287,,,C4796,,
E3288,,,C1770,,
E3289,,,C1121,,
E3290,,,C8187,,
E3291,,,C3376,,
E3292,,,C3197,,
E3293,,,C5902,,
E3294,,,C7591,,
E3295,,,C2892,,
E3296,,,C5584,,
E3297,,,C9899,,
E3298,,,C3440,,
E3299,,,C2711,,
E3300,,,C1414,,
E3301,,,C3437,,
E3302,,,C7703,,
E3303,,,C9948,,
E3304,,,C5800,,
E3305,,,C7292,,
E3306,,,C4672,,
E3307,,,C6868,,
E3308,,,C1804,,
E3309,,,C9045,,
E3310,,,C2241,,
E3311,,,C9894,,
E3312,,,C5434,,
E3313,,,C5935,,
E3314,,,C5664,,
E3315,,,C7190,,
E3316,,,C4525,,
E3317,,,C4678,,
E3318,,,C9396,,
E3319,,,C2514,,
E3320,,,C7542,,
E3321,,,C7658,,
E3322,,,C3124,,
E3323,,,C8361,,
E3324,,,C5828,,
E3325,,,C3112,,
E3326,,,C2077,,
E3327,,,C6098,,
E3328,,,C9717,,
E3329,,,C9833,,
E3330,,,C1967,,
E3331,,,C9187,,
E3332,,,C6558,,
E3333,,,C2341,,
E3334,,,C4018,,
E3335,,,C1923,,
E3336,,,C7858,,
E3337,,,C7862,,
E3338,,,C2603,,
E3339,,,C3044,,
E3340,,,C4578,,
E3341,,,C5374,,
E3342,,,C9264,,
E3343,,,C3274,,
E3344,,,C5231,,
E3345,,,C7717,,
E3346,,,C8464,,
E3347,,,C6471,,
E3348,,,C8239,,
E3349,,,C1856,,
E3350,,,C9084,,
E3351,,,C3992,,
E3352,,,C3638,,
E3353,,,C6025,,
E3354,,,C6385,,
E3355,,,C7367,,
E3356,,,C1400,,
E3357,,,C2593,,
E3358,,,C4552,,
E3359,,,C8205,,
E3360,,,C8757,,
E3361,,,C9917,,
E3362,,,C7580,,
E3363,,,C6613,,
E3364,,,C9064,,
E3365,,,C4146,,
E3366,,,C4431,,
E3367,,,C5941,,
E3368,,,C6578,,
E3369,,,C7047,,
E3370,,,C3798,,
E3371,,,C6800,,
E3372,,,C7941,,
E3373,,,C7134,,
E3374,,,C6349,,
E3375,,,C2284,,
E3376,,,C7653,,
E3377,,,C7550,,
E3378,,,C7604,,
E3379,,,C3874,,
E3380,,,C5481,,
E3381,,,C4170,,
E3382,,,C5224,,
E3383,,,C4463,,
E3384,,,C1689,,
E3385,,,C3691,,
E3386,,,C7996,,
E3387,,,C3354,,
E3388,,,C5987,,
E3389,,,C2588,,
E3390,,,C2099,,
E3391,,,C6439,,
E3392,,,C8384,,
E3393,,,C1182,,
E3394,,,C1389,,
E3395,,,C7742,,
E3396,,,C2271,,
E3397,,,C5600,,
E3398,,,C1630,,
E3399,,,C7706,,
E3400,,,C5548,,
E3401,,,C8067,,
E3402,,,C4188,,
E3403,,,C9631,,
E3404,,,C7512,,
E3405,,,C6590,,
E3406,,,C1981,,
E3407,,,C5593,,
E3408,,,C4625,,
E3409,,,C2530,,
E3410,,,C9886,,
E3411,,,C7637,,
E3412,,,C8659,,
E3413,,,C6079,,
E3414,,,C2210,,
E3415,,,C6696,,
E3416,,,C6593,,
E3417,,,C9351,,
E3418,,,C5626,,
E3419,,,C5296,,
E3420,,,C9779,,
E3421,,,C2909,,
E3422,,,C3186,,
E3423,,,C1253,,
E3424,,,C3408,,
E3425,,,C2955,,
E3426,,,C4428,,
E3427,,,C2971,,
E3428,,,C6199,,
E3429,,,C6980,,
E3430,,,C1375,,
E3431,,,C1666,,
E3432,,,C5249,,
E3433,,,C8619,,
E3434,,,C2618,,
E3435,,,C8445,,
E3436,,,C8565,,
E3437,,,C6152,,
E3438,,,C3234,,
E3439,,,C7484,,
E3440,,,C1417,,
E3441,,,C6372,,
E3442,,,C9316,,
E3443,,,C5930,,
E3444,,,C8748,,
E3445,,,C8893,,
E3446,,,C4153,,
E3447,,,C9704,,
E3448,,,C6331,,
E3449,,,C2463,,
E3450,,,C4723,,
E3451,,,C6537,,
E3452,,,C8708,,
E3453,,,C8414,,
E3454,,,C4607,,
E3455,,,C2006,,
E3456,,,C7061,,
E3457,,,C5986,,
E3458,,,C9060,,
E3459,,,C1458,,
E3460,,,C6043,,
E3461,,,C4734,,
E3462,,,C8875,,
E3463,,,C5409,,
E3464,,,C4212,,
E3465,,,C6592,,
E3466,,,C7268,,
E3467,,,C5501,,
E3468,,,C6133,,
E3469,,,C3308,,
E3470,,,C4834,,
E3471,,,C5789,,
E3472,,,C5861,,
E3473,,,C4393,,
E3474,,,C9622,,
E3475,,,C8792,,
E3476,,,C7299,,
E3477,,,C5458,,
E3478,,,C5159,,
E3479,,,C6748,,
E3480,,,C8901,,
E3481,,,C2952,,
E3482,,,C8063,,
E3483,,,C8910,,
E3484,,,C2208,,
E3485,,,C7364,,
E3486,,,C9092,,
E3487,,,C9597,,
E3488,,,C5516,,
E3489,,,C6805,,
E3490,,,C7981,,
E3491,,,C9925,,
E3492,,,C6666,,
E3493,,,C5729,,
E3494,,,C2789,,
E3495,,,C5890,,
E3496,,,C7040,,
E3497,,,C8606,,
E3498,,,C2650,,
E3499,,,C6970,,
E3500,,,C9619,,
E3501,,,C2800,,
E3502,,,C6045,,
E3503,,,C2926,,
E3504,,,C9867,,
E3505,,,C1444,,
E3506,,,C5174,,
E3507,,,C8327,,
E3508,,,C1547,,
E3509,,,C7795,,
E3510,,,C6457,,
E3511,,,C1146,,
E3512,,,C6180,,
E3513,,,C3770,,
E3514,,,C8674,,
E3515,,,C3288,,
E3516,,,C7243,,
E3517,,,C8982,,
E3518,,,C8135,,
E3519,,,C1638,,
E3520,,,C5030,,
E3521,,,C8347,,
E3522,,,C6440,,
E3523,,,C4531,,
E3524,,,C5390,,
E3525,,,C7917,,
E3526,,,C1496,,
E3527,,,C5675,,
E3528,,,C2640,,
E3529,,,C5037,,
E3530,,,C3033,,
E3531,,,C9337,,
E3532,,,C7888,,
E3533,,,C4219,,
E3534,,,C4458,,
E3535,,,C6955,,
E3536,,,C9567,,
E3537,,,C9023,,
E3538,,,C7237,,
E3539,,,C8584,,
E3540,,,C4482,,
E3541,,,C1112,,
E3542,,,C5702,,
E3543,,,C9314,,
E3544,,,C9740,,
E3545,,,C8190,,
E3546,,,C2218,,
E3547,,,C6918,,
E3548,,,C3161,,
E3549,,,C9924,,
E3550,,,C3365,,
E3551,,,C6091,,
E3552,,,C7989,,
E3553,,,C6531,,
E3554,,,C7208,,
E3555,,,C7099,,
E3556,,,C3758,,
E3557,,,C4304,,
E3558,,,C8738,,
E3559,,,C3254,,
E3560,,,C2229,,
E3561,,,C5381,,
E3562,,,C7353,,
E3563,,,C3655,,
E3564,,,C1232,,
E3565,,,C6657,,
E3566,,,C1817,,
E3567,,,C6665,,
E3568,,,C2613,,
E3569,,,C9051,,
E3570,,,C4920,,
E3571,,,C9530,,
E3572,,,C9152,,
E3573,,,C4240,,
E3574,,,C5668,,
E3575,,,C5128,,
E3576,,,C7396,,
E3577,,,C8778,,
E3578,,,C9247,,
E3579,,,C8812,,
E3580,,,C1377,,
E3581,,,C1352,,
E3582,,,C5579,,
E3583,,,C3634,,
E3584,,,C6461,,
E3585,,,C6985,,
E3586,,,C1478,,
E3587,,,C6095,,
E3588,,,C7354,,
E3589,,,C8319,,
E3590,,,C9199,,
E3591,,,C3807,,
E3592,,,C7355,,
E3593,,,C7754,,
E3594,,,C6067,,
E3595,,,C3041,,
E3596,,,C4852,,
E3597,,,C7563,,
E3598,,,C2883,,
E3599,,,C7028,,
E3600,,,C4069,,
E3601,,,C4509,,
E3602,,,C5431,,
E3603,,,C9861,,
E3604,,,C8015,,
E3605,,,C6353,,
E3606,,,C2134,,
E3607,,,C2329,,
E3608,,,C1476,,
E3609,,,C7122,,
E3610,,,C3273,,
E3611,,,C2002,,
E3612,,,C4554,,
E3613,,,C5437,,
E3614,,,C3456,,
E3615,,,C5170,,
E3616,,,C2456,,
E3617,,,C8939,,
E3618,,,C7356,,
E3619,,,C3432,,
E3620,,,C2305,,
E3621,,,C2299,,
E3622,,,C7543,,
E3623,,,C9465,,
E3624,,,C7918,,
E3625,,,C8295,,
E3626,,,C9766,,
E3627,,,C3800,,
E3628,,,C1449,,
E3629,,,C2097,,
E3630,,,C8404,,
E3631,,,C5215,,
E3632,,,C9363,,
E3633,,,C8179,,
E3634,,,C6986,,
E3635,,,C4253,,
E3636,,,C6451,,
E3637,,,C8482,,
E3638,,,C7946,,
E3639,,,C8343,,
E3640,,,C5166,,
E3641,,,C2391,,
E3642,,,C4604,,
E3643,,,C5229,,
E3644,,,C8853,,
E3645,,,C5093,,
E3646,,,C7222,,
E3647,,,C2010,,
E3648,,,C4688,,
E3649,,,C1009,,
E3650,,,C2352,,
E3651,,,C6209,,
E3652,,,C8104,,
E3653,,,C6752,,
E3654,,,C5636,,
E3655,,,C9293,,
E3656,,,C5016,,
E3657,,,C8604,,
E3658,,,C8956,,
E3659,,,C4152,,
E3660,,,C8611,,
E3661,,,C8171,,
E3662,,,C4674,,
E3663,,,C2309,,
E3664,,,C2889,,
E3665,,,C6348,,
E3666,,,C6039,,
E3667,,,C1090,,
E3668,,,C2423,,
E3669,,,C7262,,
E3670,,,C6498,,
E3671,,,C5868,,
E3672,,,C3923,,
E3673,,,C4585,,
E3674,,,C2548,,
E3675,,,C9320,,
E3676,,,C1529,,
E3677,,,C5061,,
E3678,,,C2809,,
E3679,,,C4110,,
E3680,,,C1282,,
E3681,,,C6934,,
E3682,,,C9318,,
E3683,,,C6877,,
E3684,,,C5088,,
E3685,,,C3355,,
E3686,,,C7689,,
E3687,,,C6778,,
E3688,,,C4025,,
E3689,,,C1075,,
E3690,,,C9515,,
E3691,,,C7214,,
E3692,,,C2462,,
E3693,,,C1094,,
E3694,,,C3473,,
E3695,,,C6851,,
E3696,,,C8765,,
E3697,,,C5213,,
E3698,,,C6400,,
E3699,,,C8824,,
E3700,,,C4177,,
E3701,,,C5209,,
E3702,,,C6788,,
E3703,,,C3779,,
E3704,,,C6503,,
E3705,,,C7779,,
E3706,,,C3372,,
E3707,,,C8120,,
E3708,,,C3319,,
E3709,,,C3148,,
E3710,,,C6484,,
E3711,,,C1291,,
E3712,,,C2143,,
E3713,,,C2282,,
E3714,,,C6901,,
E3715,,,C5405,,
E3716,,,C8599,,
E3717,,,C3487,,
E3718,,,C9832,,
E3719,,,C5891,,
E3720,,,C8245,,
E3721,,,C9827,,
E3722,,,C4028,,
E3723,,,C7308,,
E3724,,,C4130,,
E3725,,,C6082,,
E3726,,,C7656,,
E3727,,,C4636,,
E3728,,,C2079,,
E3729,,,C1089,,
E3730,,,C2013,,
E3731,,,C4563,,
E3732,,,C2425,,
E3733,,,C1585,,
E3734,,,,,
E3735,,,,,F102064
E3736,,,,,F100578
E3737,,,,,F102016
E3738,,,,,F104365
E3739,,,,,F102129
E3740,,,,,F103277
E3741,,,,,F101452
E3742,,,,,F102376
E3743,,,,,F101404
E3744,,,,,F103172
E3745,,,,,F102439
E3746,,,,,F100941
E3747,,,,,F101747
E3748,,,,,F100252
E3749,,,,,F103886
E3750,,,,,F102636
E3751,,,,,F101540
E3752,,,,,F102466
E3753,,,,,F104934
E3754,,,,,F101166
E3755,,,,,F100390
E3756,,,,,F101806
E3757,,,,,F103776
E3758,,,,,F102199
E3759,,,,,F103122
E3760,,,,,F100418
E3761,,,,,F104926
E3762,,,,,F100474
E3763,,,,,F100409
E3764,,,,,F101366
E3765,,,,,F102271
E3766,,,,,F103044
E3767,,,,,F103881
E3768,,,,,F102583
E3769,,,,,F100097
E3770,,,,,F101811
E3771,,,,,F100088
E3772,,,,,F100759
E3773,,,,,F103464
E3774,,,,,F104482
E3775,,,,,F100605
E3776,,,,,F102890
E3777,,,,,F101812
E3778,,,,,F102552
E3779,,,,,F101321
E3780,,,,,F103047
E3781,,,,,F101928
E3782,,,,,F103212
E3783,,,,,F102383
E3784,,,,,F102893
E3785,,,,,F103828
E3786,,,,,F102641
E3787,,,,,F102629
E3788,,,,,F103681
E3789,,,,,F102205
E3790,,,,,F100822
E3791,,,,,F103266
E3792,,,,,F100993
E3793,,,,,F103939
E3794,,,,,F104227
E3795,,,,,F104976
E3796,,,,,F104570
E3797,,,,,F101028
E3798,,,,,F103097
E3799,,,,,F104507
E3800,,,,,F103394
E3801,,,,,F104791
E3802,,,,,F104625
E3803,,,,,F101507
E3804,,,,,F103665
E3805,,,,,F101198
E3806,,,,,F104574
E3807,,,,,F101792
E3808,,,,,F104940
E3809,,,,,F102522
E3810,,,,,F104172
E3811,,,,,F104828
E3812,,,,,F103913
E3813,,,,,F102194
E3814,,,,,F102363
E3815,,,,,F104585
E3816,,,,,F100465
E3817,,,,,F101672
E3818,,,,,F101831
E3819,,,,,F100850
E3820,,,,,F101516
E3821,,,,,F104805
E3822,,,,,F103539
E3823,,,,,F100208
E3824,,,,,F101993
E3825,,,,,F100979
E3826,,,,,F101538
E3827,,,,,F103078
E3828,,,,,F103083
E3829,,,,,F103943
E3830,,,,,F102009
E3831,,,,,F101757
E3832,,,,,F100464
E3833,,,,,F102565
E3834,,,,,F100008
E3835,,,,,F103374
E3836,,,,,F104633
E3837,,,,,F101488
E3838,,,,,F104669
E3839,,,,,F103691
E3840,,,,,F104671
E3841,,,,,F104057
E3842,,,,,F103485
E3843,,,,,F104335
E3844,,,,,F104792
E3845,,,,,F100068
E3846,,,,,F100176
E3847,,,,,F102861
E3848,,,,,F101981
E3849,,,,,F104364
E3850,,,,,F104797
E3851,,,,,F100377
E3852,,,,,F100223
E3853,,,,,F104230
E3854,,,,,F102396
E3855,,,,,F101063
E3856,,,,,F101795
E3857,,,,,F102831
E3858,,,,,F104935
E3859,,,,,F100739
E3860,,,,,F101317
E3861,,,,,F101134
E3862,,,,,F104984
E3863,,,,,F104423
E3864,,,,,F101095
E3865,,,,,F103949
E3866,,,,,F104948
E3867,,,,,F102914
E3868,,,,,F104537
E3869,,,,,F103686
E3870,,,,,F104395
E3871,,,,,F101671
E3872,,,,,F103249
E3873,,,,,F100238
E3874,,,,,F102679
E3875,,,,,F104466
E3876,,,,,F100889
E3877,,,,,F104315
E3878,,,,,F104427
E3879,,,,,F104234
E3880,,,,,F102637
E3881,,,,,F101676
E3882,,,,,F103975
E3883,,,,,F100295
E3884,,,,,F100205
E3885,,,,,F103672
E3886,,,,,F102949
E3887,,,,,F102654
E3888,,,,,F100091
E3889,,,,,F103616
E3890,,,,,F102964
E3891,,,,,F100074
E3892,,,,,F102602
E3893,,,,,F100975
E3894,,,,,F103903
E3895,,,,,F101081
E3896,,,,,F102661
E3897,,,,,F101264
E3898,,,,,F101773
E3899,,,,,F102766
E3900,,,,,F102904
E3901,,,,,F102873
E3902,,,,,F101470
E3903,,,,,F102152
E3904,,,,,F104401
E3905,,,,,F102689
E3906,,,,,F102164
E3907,,,,,F100767
E3908,,,,,F101697
E3909,,,,,F102994
E3910,,,,,F102671
E3911,,,,,F101447
E3912,,,,,F102845
E3913,,,,,F104076
E3914,,,,,F104843
E3915,,,,,F101797
E3916,,,,,F103558
E3917,,,,,F102390
E3918,,,,,F100352
E3919,,,,,F101521
E3920,,,,,F104029
E3921,,,,,F101951
E3922,,,,,F100770
E3923,,,,,F103008
E3924,,,,,F104742
E3925,,,,,F103476
E3926,,,,,F100188
E3927,,,,,F102267
E3928,,,,,F104433
E3929,,,,,F101177
E3930,,,,,F101938
E3931,,,,,F102494
E3932,,,,,F100106
E3933,,,,,F102634
E3934,,,,,F103514
E3935,,,,,F100149
E3936,,,,,F100773
E3937,,,,,F102290
E3938,,,,,F102100
E3939,,,,,F104952
E3940,,,,,F101948
E3941,,,,,F102436
E3942,,,,,F104801
E3943,,,,,F100160
E3944,,,,,F102054
E3945,,,,,F102763
E3946,,,,,F101117
E3947,,,,,F100582
E3948,,,,,F100506
E3949,,,,,F104781
E3950,,,,,F103038
E3951,,,,,F101690
E3952,,,,,F100391
E3953,,,,,F102515
E3954,,,,,F100287
E3955,,,,,F102213
E3956,,,,,F100564
E3957,,,,,F103983
E3958,,,,,F100688
E3959,,,,,F100837
E3960,,,,,F100449
E3961,,,,,F101083
E3962,,,,,F103826
E3963,,,,,F102069
E3964,,,,,F104353
E3965,,,,,F103750
E3966,,,,,F102492
E3967,,,,,F101030
E3968,,,,,F104635
E3969,,,,,F101499
E3970,,,,,F102860
E3971,,,,,F102082
E3972,,,,,F103146
E3973,,,,,F102068
E3974,,,,,F103851
E3975,,,,,F103781
E3976,,,,,F100439
E3977,,,,,F101669
E3978,,,,,F101677
E3979,,,,,F100058
E3980,,,,,F103479
E3981,,,,,F100911
E3982,,,,,F101485
E3983,,,,,F104648
E3984,,,,,F100503
E3985,,,,,F101840
E3986,,,,,F101237
E3987,,,,,F104731
E3988,,,,,F103765
E3989,,,,,F101937
E3990,,,,,F103603
E3991,,,,,F100849
E3992,,,,,F102143
E3993,,,,,F104933
E3994,,,,,F102701
E3995,,,,,F101682
E3996,,,,,F100130
E3997,,,,,F100379
E3998,,,,,F101667
E3999,,,,,F104054
E4000,,,,,F104535
E4001,,,,,F102706
E4002,,,,,F103335
E4003,,,,,F101060
E4004,,,,,F103917
E4005,,,,,F101564
E4006,,,,,F103371
E4007,,,,,F104166
E4008,,,,,F102269
E4009,,,,,F103772
E4010,,,,,F104209
E4011,,,,,F102698
E4012,,,,,F102509
E4013,,,,,F101337
E4014,,,,,F102061
E4015,,,,,F100003
E4016,,,,,F103259
E4017,,,,,F100775
E4018,,,,,F102097
E4019,,,,,F100179
E4020,,,,,F102381
E4021,,,,,F100681
E4022,,,,,F101511
E4023,,,,,F102000
E4024,,,,,F101974
E4025,,,,,F104475
E4026,,,,,F103803
E4027,,,,,F104831
E4028,,,,,F103920
E4029,,,,,F103407
E4030,,,,,F102229
E4031,,,,,F100533
E4032,,,,,F100229
E4033,,,,,F101383
E4034,,,,,F100147
E4035,,,,,F101293
E4036,,,,,F104484
E4037,,,,,F103741
E4038,,,,,F103398
E4039,,,,,F104982
E4040,,,,,F104649
E4041,,,,,F102506
E4042,,,,,F103342
E4043,,,,,F103288
E4044,,,,,F103025
E4045,,,,,F101049
E4046,,,,,F100358
E4047,,,,,F101737
E4048,,,,,F102834
E4049,,,,,F104338
E4050,,,,,F100737
E4051,,,,,F104664
E4052,,,,,F101873
E4053,,,,,F104500
E4054,,,,,F101514
E4055,,,,,F103764
E4056,,,,,F101999
E4057,,,,,F100718
E4058,,,,,F104602
E4059,,,,,F101052
E4060,,,,,F104627
E4061,,,,,F103164
E4062,,,,,F103152
E4063,,,,,F102104
E4064,,,,,F102934
E4065,,,,,F103315
E4066,,,,,F103199
E4067,,,,,F104354
E4068,,,,,F101746
E4069,,,,,F100213
E4070,,,,,F100988
E4071,,,,,F101834
E4072,,,,,F101685
E4073,,,,,F104286
E4074,,,,,F104907
E4075,,,,,F102270
E4076,,,,,F101021
E4077,,,,,F101087
E4078,,,,,F101800
E4079,,,,,F103521
E4080,,,,,F100593
E4081,,,,,F102674
E4082,,,,,F100202
E4083,,,,,F100141
E4084,,,,,F103914
E4085,,,,,F102136
E4086,,,,,F102448
E4087,,,,,F102101
E4088,,,,,F100046
E4089,,,,,F101360
E4090,,,,,F100741
E4091,,,,,F101423
E4092,,,,,F102532
E4093,,,,,F100258
E4094,,,,,F104129
E4095,,,,,F103256
E4096,,,,,F104860
E4097,,,,,F101459
E4098,,,,,F103778
E4099,,,,,F100813
E4100,,,,,F104405
E4101,,,,,F102224
E4102,,,,,F101031
E4103,,,,,F103963
E4104,,,,,F100566
E4105,,,,,F100038
E4106,,,,,F104558
E4107,,,,,F104408
E4108,,,,,F103198
E4109,,,,,F100069
E4110,,,,,F103300
E4111,,,,,F100066
E4112,,,,,F100556
E4113,,,,,F102961
E4114,,,,,F101324
E4115,,,,,F104629
E4116,,,,,F103105
E4117,,,,,F100550
E4118,,,,,F100663
E4119,,,,,F103598
E4120,,,,,F104393
E4121,,,,,F104184
E4122,,,,,F100145
E4123,,,,,F104367
E4124,,,,,F103377
E4125,,,,,F100314
E4126,,,,,F103870
E4127,,,,,F103948
E4128,,,,,F100000
E4129,,,,,F101522
E4130,,,,,F101190
E4131,,,,,F100510
E4132,,,,,F101298
E4133,,,,,F102006
E4134,,,,,F102399
E4135,,,,,F103062
E4136,,,,,F101532
E4137,,,,,F104895
E4138,,,,,F104586
E4139,,,,,F100524
E4140,,,,,F102971
E4141,,,,,F102862
E4142,,,,,F100913
E4143,,,,,F103284
E4144,,,,,F104806
E4145,,,,,F103177
E4146,,,,,F100683
E4147,,,,,F104846
E4148,,,,,F102234
E4149,,,,,F100443
E4150,,,,,F101846
E4151,,,,,F104892
E4152,,,,,F100171
E4153,,,,,F104887
E4154,,,,,F101932
E4155,,,,,F103714
E4156,,,,,F104467
E4157,,,,,F103462
E4158,,,,,F104985
E4159,,,,,F103296
E4160,,,,,F101786
E4161,,,,,F100722
E4162,,,,,F100744
E4163,,,,,F101266
E4164,,,,,F104120
E4165,,,,,F104855
E4166,,,,,F101355
E4167,,,,,F103768
E4168,,,,,F100788
E4169,,,,,F102543
E4170,,,,,F103921
E4171,,,,,F100323
E4172,,,,,F104474
E4173,,,,,F103551
E4174,,,,,F101970
E4175,,,,,F100665
E4176,,,,,F103937
E4177,,,,,F101243
E4178,,,,,F104941
E4179,,,,,F100019
E4180,,,,,F104191
E4181,,,,,F100947
E4182,,,,,F101003
E4183,,,,,F101140
E4184,,,,,F100469
E4185,,,,,F102273
E4186,,,,,F103798
E4187,,,,,F102074
E4188,,,,,F100444
E4189,,,,,F101328
E4190,,,,,F102431
E4191,,,,,F104519
E4192,,,,,F104217
E4193,,,,,F102319
E4194,,,,,F103683
E4195,,,,,F102937
E4196,,,,,F101163
E4197,,,,,F104139
E4198,,,,,F103209
E4199,,,,,F101684
E4200,,,,,F100482
E4201,,,,,F101603
E4202,,,,,F103606
E4203,,,,,F100831
E4204,,,,,F102750
E4205,,,,,F104867
E4206,,,,,F100010
E4207,,,,,F101641
E4208,,,,,F100324
E4209,,,,,F101316
E4210,,,,,F103338
E4211,,,,,F104181
E4212,,,,,F101710
E4213,,,,,F101290
E4214,,,,,F104173
E4215,,,,,F103669
E4216,,,,,F104477
E4217,,,,,F100610
E4218,,,,,F102537
E4219,,,,,F100397
E4220,,,,,F101367
E4221,,,,,F102353
E4222,,,,,F100659
E4223,,,,,F104424
E4224,,,,,F102688
E4225,,,,,F102596
E4226,,,,,F104780
E4227,,,,,F104533
E4228,,,,,F102644
E4229,,,,,F104970
E4230,,,,,F101769
E4231,,,,,F103219
E4232,,,,,F100554
E4233,,,,,F103541
E4234,,,,,F104776
E4235,,,,,F102062
E4236,,,,,F103852
E4237,,,,,F104203
E4238,,,,,F100545
E4239,,,,,F102826
E4240,,,,,F101498
E4241,,,,,F102912
E4242,,,,,F102969
E4243,,,,,F104562
E4244,,,,,F103242
E4245,,,,,F100124
E4246,,,,,F102178
E4247,,,,,F104824
E4248,,,,,F100484
E4249,,,,,F101191
E4250,,,,,F104071
E4251,,,,,F100121
E4252,,,,,F102403
E4253,,,,,F104634
E4254,,,,,F103275
E4255,,,,,F100997
E4256,,,,,F104275
E4257,,,,,F103996
E4258,,,,,F100442
E4259,,,,,F102197
E4260,,,,,F102203
E4261,,,,,F101889
E4262,,,,,F100320
E4263,,,,,F102648
E4264,,,,,F100711
E4265,,,,,F101713
E4266,,,,,F104077
E4267,,,,,F101165
E4268,,,,,F103225
E4269,,,,,F102584
E4270,,,,,F101222
E4271,,,,,F102321
E4272,,,,,F103257
E4273,,,,,F102896
E4274,,,,,F100862
E4275,,,,,F103440
E4276,,,,,F102930
E4277,,,,,F100421
E4278,,,,,F103866
E4279,,,,,F102046
E4280,,,,,F104171
E4281,,,,,F102586
E4282,,,,,F102041
E4283,,,,,F100560
E4284,,,,,F104779
E4285,,,,,F103308
E4286,,,,,F100786
E4287,,,,,F100127
E4288,,,,,F100396
E4289,,,,,F100338
E4290,,,,,F104499
E4291,,,,,F101055
E4292,,,,,F102445
E4293,,,,,F102081
E4294,,,,,F101878
E4295,,,,,F104268
E4296,,,,,F101945
E4297,,,,,F101611
E4298,,,,,F102660
E4299,,,,,F104865
E4300,,,,,F101883
E4301,,,,,F103715
E4302,,,,,F102316
E4303,,,,,F100251
E4304,,,,,F100478
E4305,,,,,F101090
E4306,,,,,F101988
E4307,,,,,F103572
E4308,,,,,F104197
E4309,,,,,F100004
E4310,,,,,F102560
E4311,,,,,F101707
E4312,,,,,F103609
E4313,,,,,F102155
E4314,,,,,F101654
E4315,,,,,F103647
E4316,,,,,F100128
E4317,,,,,F102221
E4318,,,,,F102622
E4319,,,,,F100209
E4320,,,,,F100402
E4321,,,,,F104245
E4322,,,,,F101209
E4323,,,,,F103897
E4324,,,,,F101311
E4325,,,,,F104554
E4326,,,,,F104609
E4327,,,,,F104041
E4328,,,,,F102651
E4329,,,,,F103502
E4330,,,,,F104229
E4331,,,,,F102245
E4332,,,,,F102106
E4333,,,,,F101775
E4334,,,,,F103143
E4335,,,,,F100915
E4336,,,,,F104193
E4337,,,,,F103415
E4338,,,,,F104530
E4339,,,,,F104578
E4340,,,,,F102866
E4341,,,,,F104639
E4342,,,,,F104713
E4343,,,,,F102240
E4344,,,,,F101891
E4345,,,,,F101986
E4346,,,,,F100895
E4347,,,,,F103173
E4348,,,,,F101783
E4349,,,,,F103742
E4350,,,,,F102598
E4351,,,,,F104147
E4352,,,,,F102970
E4353,,,,,F100863
E4354,,,,,F103602
E4355,,,,,F100647
E4356,,,,,F103780
E4357,,,,,F104728
E4358,,,,,F103885
E4359,,,,,F101026
E4360,,,,,F101739
E4361,,,,,F103393
E4362,,,,,F104698
E4363,,,,,F103727
E4364,,,,,F104621
E4365,,,,,F104832
E4366,,,,,F100517
E4367,,,,,F104156
E4368,,,,,F102595
E4369,,,,,F103843
E4370,,,,,F101189
E4371,,,,,F103098
E4372,,,,,F102902
E4373,,,,,F103492
E4374,,,,,F103605
E4375,,,,,F103401
E4376,,,,,F102095
E4377,,,,,F102480
E4378,,,,,F101224
E4379,,,,,F100607
E4380,,,,,F104168
E4381,,,,,F103986
E4382,,,,,F101159
E4383,,,,,F100167
E4384,,,,,F104945
E4385,,,,,F100203
E4386,,,,,F104645
E4387,,,,,F100186
E4388,,,,,F104097
E4389,,,,,F100248
E4390,,,,,F104399
E4391,,,,,F104917
E4392,,,,,F100787
E4393,,,,,F102348
E4394,,,,,F104416
E4395,,,,,F102148
E4396,,,,,F101038
E4397,,,,,F104659
E4398,,,,,F100538
E4399,,,,,F100902
E4400,,,,,F104448
E4401,,,,,F100783
E4402,,,,,F104386
E4403,,,,,F103138
E4404,,,,,F102479
E4405,,,,,F100042
E4406,,,,,F102703
E4407,,,,,F101482
E4408,,,,,F104003
E4409,,,,,F100140
E4410,,,,,F104324
E4411,,,,,F102112
E4412,,,,,F103703
E4413,,,,,F101790
E4414,,,,,F103721
E4415,,,,,F102929
E4416,,,,,F103490
E4417,,,,,F103542
E4418,,,,,F104971
E4419,,,,,F103834
E4420,,,,,F102676
E4421,,,,,F100460
E4422,,,,,F104617
E4423,,,,,F104955
E4424,,,,,F101680
E4425,,,,,F104916
E4426,,,,,F101768
E4427,,,,,F102456
E4428,,,,,F103809
E4429,,,,,F104223
E4430,,,,,F102790
E4431,,,,,F103517
E4432,,,,,F101349
E4433,,,,,F101424
E4434,,,,,F102802
E4435,,,,,F101356
E4436,,,,,F102457
E4437,,,,,F101824
E4438,,,,,F103221
E4439,,,,,F102369
E4440,,,,,F101410
E4441,,,,,F100426
E4442,,,,,F102928
E4443,,,,,F104601
E4444,,,,,F100631
E4445,,,,,F102742
E4446,,,,,F101926
E4447,,,,,F104157
E4448,,,,,F103064
E4449,,,,,F103927
E4450,,,,,F102626
E4451,,,,,F104560
E4452,,,,,F100372
E4453,,,,,F104889
E4454,,,,,F100489
E4455,,,,,F101096
E4456,,,,,F100774
E4457,,,,,F101696
E4458,,,,,F100225
E4459,,,,,F100245
E4460,,,,,F101182
E4461,,,,,F102946
E4462,,,,,F103734
E4463,,,,,F101973
E4464,,,,,F101408
E4465,,,,,F103358
E4466,,,,,F102901
E4467,,,,,F101494
E4468,,,,,F103214
E4469,,,,,F103066
E4470,,,,,F103520
E4471,,,,,F102705
E4472,,,,,F103158
E4473,,,,,F103186
E4474,,,,,F103363
E4475,,,,,F104876
E4476,,,,,F101582
E4477,,,,,F103053
E4478,,,,,F101005
E4479,,,,,F104167
E4480,,,,,F102400
E4481,,,,,F100579
E4482,,,,,F101715
E4483,,,,,F101766
E4484,,,,,F102191
E4485,,,,,F101635
E4486,,,,,F103220
E4487,,,,,F102185
E4488,,,,,F100191
E4489,,,,,F100336
E4490,,,,,F102577
E4491,,,,,F101508
E4492,,,,,F103294
E4493,,,,,F101076
E4494,,,,,F104580
E4495,,,,,F101782
E4496,,,,,F102762
E4497,,,,,F103759
E4498,,,,,F103069
E4499,,,,,F100974
E4500,,,,,F104002
E4501,,,,,F100632
E4502,,,,,F101428
E4503,,,,,F102424
E4504,,,,,F103339
E4505,,,,,F103406
E4506,,,,,F102001
E4507,,,,,F102487
E4508,,,,,F104849
E4509,,,,,F104472
E4510,,,,,F104738
E4511,,,,,F101964
E4512,,,,,F102979
E4513,,,,,F100319
E4514,,,,,F103515
E4515,,,,,F101606
E4516,,,,,F103587
E4517,,,,,F104753
E4518,,,,,F101335
E4519,,,,,F104326
E4520,,,,,F102471
E4521,,,,,F103557
E4522,,,,,F104394
E4523,,,,,F101728
E4524,,,,,F101733
E4525,,,,,F103045
E4526,,,,,F104101
E4527,,,,,F100758
E4528,,,,,F102749
E4529,,,,,F103010
E4530,,,,,F101935
E4531,,,,,F102697
E4532,,,,,F100363
E4533,,,,,F104104
E4534,,,,,F102011
E4535,,,,,F100276
E4536,,,,,F104778
E4537,,,,,F104096
E4538,,,,,F100785
E4539,,,,,F100634
E4540,,,,,F101852
E4541,,,,,F100547
E4542,,,,,F103456
E4543,,,,,F101078
E4544,,,,,F102887
E4545,,,,,F100473
E4546,,,,,F103027
E4547,,,,,F103599
E4548,,,,,F101942
E4549,,,,,F101944
E4550,,,,,F103981
E4551,,,,,F103842
E4552,,,,,F101706
E4553,,,,,F104884
E4554,,,,,F103726
E4555,,,,,F104826
E4556,,,,,F103565
E4557,,,,,F104069
E4558,,,,,F100534
E4559,,,,,F101476
E4560,,,,,F100419
E4561,,,,,F102034
E4562,,,,,F102681
E4563,,,,,F102419
E4564,,,,,F100107
E4565,,,,,F100968
E4566,,,,,F100570
E4567,,,,,F101432
E4568,,,,,F101194
E4569,,,,,F100961
E4570,,,,,F101911
E4571,,,,,F104751
E4572,,,,,F100190
E4573,,,,,F103685
E4574,,,,,F104724
E4575,,,,,F103163
E4576,,,,,F101377
E4577,,,,,F100470
E4578,,,,,F104909
E4579,,,,,F104894
E4580,,,,,F104561
E4581,,,,,F102285
E4582,,,,,F103530
E4583,,,,,F104022
E4584,,,,,F103109
E4585,,,,,F100742
E4586,,,,,F104061
E4587,,,,,F104018
E4588,,,,,F102226
E4589,,,,,F102458
E4590,,,,,F101934
E4591,,,,,F101204
E4592,,,,,F103487
E4593,,,,,F101864
E4594,,,,,F101306
E4595,,,,,F102366
E4596,,,,,F102388
E4597,,,,,F102653
E4598,,,,,F103756
E4599,,,,,F104161
E4600,,,,,F102118
E4601,,,,,F102614
E4602,,,,,F101273
E4603,,,,,F100724
E4604,,,,,F104707
E4605,,,,,F103509
E4606,,,,,F103922
E4607,,,,,F101075
E4608,,,,,F102931
E4609,,,,,F103290
E4610,,,,,F103240
E4611,,,,,F100081
E4612,,,,,F102764
E4613,,,,,F101270
E4614,,,,,F102717
E4615,,,,,F100994
E4616,,,,,F104260
E4617,,,,,F101184
E4618,,,,,F102325
E4619,,,,,F103141
E4620,,,,,F103174
E4621,,,,,F104202
E4622,,,,,F103733
E4623,,,,,F103378
E4624,,,,,F100604
E4625,,,,,F100726
E4626,,,,,F100577
E4627,,,,,F104583
E4628,,,,,F102338
E4629,,,,,F101895
E4630,,,,,F100318
E4631,,,,,F103668
E4632,,,,,F100796
E4633,,,,,F104486
E4634,,,,,F101936
E4635,,,,,F101799
E4636,,,,,F101849
E4637,,,,,F100123
E4638,,,,,F102361
E4639,,,,,F102393
E4640,,,,,F104072
E4641,,,,,F104581
E4642,,,,,F102817
E4643,,,,,F100778
E4644,,,,,F104755
E4645,,,,,F101817
E4646,,,,,F104254
E4647,,,,,F103268
E4648,,,,,F100511
E4649,,,,,F104244
E4650,,,,,F103632
E4651,,,,,F100175
E4652,,,,,F104107
E4653,,,,,F101043
E4654,,,,,F101143
E4655,,,,,F100541
E4656,,,,,F102922
E4657,,,,,F103861
E4658,,,,,F100103
E4659,,,,,F104704
E4660,,,,,F100600
E4661,,,,,F101430
E4662,,,,,F104927
E4663,,,,,F103915
E4664,,,,,F102752
E4665,,,,,F104127
E4666,,,,,F101636
E4667,,,,,F103451
E4668,,,,,F102547
E4669,,,,,F100280
E4670,,,,,F103217
E4671,,,,,F102026
E4672,,,,,F100477
E4673,,,,,F102775
E4674,,,,,F101412
E4675,,,,,F102421
E4676,,,,,F102296
E4677,,,,,F103134
E4678,,,,,F103302
E4679,,,,,F101006
E4680,,,,,F100366
E4681,,,,,F104413
E4682,,,,,F101307
E4683,,,,,F101504
E4684,,,,,F104771
E4685,,,,,F101034
E4686,,,,,F101960
E4687,,,,,F100636
E4688,,,,,F102822
E4689,,,,,F102514
E4690,,,,,F104584
E4691,,,,,F102557
E4692,,,,,F104126
E4693,,,,,F100934
E4694,,,,,F102359
E4695,,,,,F100210
E4696,,,,,F100618
E4697,,,,,F104990
E4698,,,,,F100830
E4699,,,,,F101062
E4700,,,,,F103865
E4701,,,,,F101554
E4702,,,,,F101650
E4703,,,,,F102201
E4704,,,,,F101475
E4705,,,,,F103645
E4706,,,,,F100621
E4707,,,,,F104317
E4708,,,,,F100817
E4709,,,,,F100966
E4710,,,,,F102999
E4711,,,,,F103863
E4712,,,,,F103213
E4713,,,,,F103065
E4714,,,,,F103740
E4715,,,,,F104374
E4716,,,,,F100861
E4717,,,,,F102295
E4718,,,,,F101374
E4719,,,,,F102942
E4720,,,,,F103566
E4721,,,,,F103007
E4722,,,,,F100586
E4723,,,,,F103757
E4724,,,,,F100672
E4725,,,,,F101127
E4726,,,,,F103788
E4727,,,,,F101955
E4728,,,,,F100753
E4729,,,,,F101904
E4730,,,,,F102249
E4731,,,,,F100940
E4732,,,,,F103601
E4733,,,,,F102542
E4734,,,,,F104883
E4735,,,,,F104844
E4736,,,,,F100648
E4737,,,,,F103180
E4738,,,,,F101693
E4739,,,,,F102558
E4740,,,,,F102008
E4741,,,,,F101996
E4742,,,,,F100507
E4743,,,,,F101464
E4744,,,,,F101515
E4745,,,,,F104606
E4746,,,,,F103474
E4747,,,,,F101016
E4748,,,,,F101777
E4749,,,,,F101443
E4750,,,,,F102650
E4751,,,,,F104068
E4752,,,,,F100406
E4753,,,,,F102797
E4754,,,,,F100043
E4755,,,,,F100868
E4756,,,,,F103297
E4757,,,,,F103223
E4758,,,,,F101363
E4759,,,,,F104376
E4760,,,,,F102497
E4761,,,,,F104247
E4762,,,,,F103993
E4763,,,,,F101380
E4764,,,,,F101418
E4765,,,,,F102738
E4766,,,,,F103304
E4767,,,,,F104152
E4768,,,,,F103454
E4769,,,,,F101402
E4770,,,,,F100732
E4771,,,,,F104274
E4772,,,,,F104459
E4773,,,,,F102189
E4774,,,,,F103341
E4775,,,,,F102031
E4776,,,,,F100761
E4777,,,,,F101387
E4778,,,,,F101826
E4779,,,,,F104397
E4780,,,,,F104517
E4781,,,,,F102350
E4782,,,,,F102096
E4783,,,,,F104534
E4784,,,,,F100873
E4785,,,,,F102878
E4786,,,,,F100359
E4787,,,,,F102804
E4788,,,,,F103660
E4789,,,,,F103510
E4790,,,,,F100919
E4791,,,,,F103413
E4792,,,,,F100375
E4793,,,,,F103286
E4794,,,,,F104117
E4795,,,,,F100005
E4796,,,,,F104553
E4797,,,,,F101208
E4798,,,,,F101223
E4799,,,,,F103391
E4800,,,,,F100692
E4801,,,,,F104975
E4802,,,,,F102647
E4803,,,,,F101008
E4804,,,,,F103086
E4805,,,,,F101963
E4806,,,,,F101835
E4807,,,,,F103762
E4808,,,,,F100921
E4809,,,,,F100716
E4810,,,,,F100827
E4811,,,,,F103193
E4812,,,,,F104965
E4813,,,,,F100001
E4814,,,,,F104067
E4815,,,,,F100734
E4816,,,,,F103583
E4817,,,,,F103794
E4818,,,,,F103295
E4819,,,,,F103929
E4820,,,,,F101025
E4821,,,,,F103706
E4822,,,,,F101930
E4823,,,,,F101734
E4824,,,,,F102378
E4825,,,,,F102678
E4826,,,,,F103228
E4827,,,,,F101441
E4828,,,,,F101916
E4829,,,,,F103793
E4830,,,,,F102063
E4831,,,,,F101968
E4832,,,,,F100723
E4833,,,,,F100030
E4834,,,,,F102328
E4835,,,,,F100083
E4836,,,,,F102387
E4837,,,,,F103000
E4838,,,,,F102018
E4839,,,,,F103326
E4840,,,,,F102884
E4841,,,,,F101268
E4842,,,,,F102208
E4843,,,,,F103396
E4844,,,,,F102593
E4845,,,,,F103074
E4846,,,,,F104040
E4847,,,,,F101226
E4848,,,,,F100165
E4849,,,,,F103892
E4850,,,,,F102024
E4851,,,,,F101912
E4852,,,,,F102765
E4853,,,,,F101460
E4854,,,,,F104175
E4855,,,,,F100301
E4856,,,,,F104328
E4857,,,,,F103085
E4858,,,,,F104714
E4859,,,,,F102206
E4860,,,,,F101978
E4861,,,,,F100745
E4862,,,,,F100395
E4863,,,,,F101581
E4864,,,,,F104083
E4865,,,,,F104785
E4866,,,,,F101763
E4867,,,,,F102587
E4868,,,,,F101345
E4869,,,,,F102465
E4870,,,,,F102138
E4871,,,,,F104180
E4872,,,,,F102952
E4873,,,,,F102461
E4874,,,,,F104305
E4875,,,,,F104549
E4876,,,,,F101652
E4877,,,,,F101998
E4878,,,,,F102642
E4879,,,,,F101624
E4880,,,,,F102741
E4881,,,,,F103269
E4882,,,,,F102582
E4883,,,,,F104290
E4884,,,,,F103162
E4885,,,,,F103041
E4886,,,,,F104483
E4887,,,,,F101303
E4888,,,,,F100906
E4889,,,,,F104896
E4890,,,,,F100155
E4891,,,,,F102695
E4892,,,,,F100802
E4893,,,,,F101250
E4894,,,,,F102337
E4895,,,,,F102938
E4896,,,,,F102908
E4897,,,,,F102298
E4898,,,,,F103026
E4899,,,,,F104366
E4900,,,,,F102895
E4901,,,,,F104013
E4902,,,,,F102406
E4903,,,,,F101559
E4904,,,,,F100221
E4905,,,,,F102693
E4906,,,,,F102409
E4907,,,,,F104302
E4908,,,,,F101745
E4909,,,,,F100154
E4910,,,,,F100930
E4911,,,,,F103555
E4912,,,,,F104736
E4913,,,,,F101542
E4914,,,,,F102948
E4915,,,,,F102996
E4916,,,,,F103890
E4917,,,,,F104758
E4918,,,,,F102947
E4919,,,,,F103231
E4920,,,,,F103449
E4921,,,,,F103309
E4922,,,,,F102083
E4923,,,,,F102196
E4924,,,,,F103243
E4925,,,,,F104808
E4926,,,,,F104308
E4927,,,,,F104493
E4928,,,,,F101673
E4929,,,,,F100197
E4930,,,,,F104688
E4931,,,,,F101111
E4932,,,,,F100715
E4933,,,,,F103936
E4934,,,,,F102293
E4935,,,,,F103970
E4936,,,,,F101172
E4937,,,,,F104608
E4938,,,,,F104986
E4939,,,,,F103818
E4940,,,,,F101626
E4941,,,,,F101032
E4942,,,,,F101752
E4943,,,,,F103667
E4944,,,,,F100697
E4945,,,,,F100527
E4946,,,,,F103420
E4947,,,,,F101435
E4948,,,,,F103191
E4949,,,,,F101580
E4950,,,,,F103281
E4951,,,,,F104796
E4952,,,,,F101537
E4953,,,,,F100302
E4954,,,,,F101454
E4955,,,,,F100615
E4956,,,,,F103879
E4957,,,,,F102501
E4958,,,,,F100466
E4959,,,,,F103745
E4960,,,,,F100435
E4961,,,,,F104878
E4962,,,,,F104837
E4963,,,,,F101438
E4964,,,,,F101592
E4965,,,,,F104501
E4966,,,,,F103383
E4967,,,,,F101547
E4968,,,,,F103779
E4969,,,,,F103812
E4970,,,,,F101923
E4971,,,,,F103528
E4972,,,,,F102204
E4973,,,,,F100201
E4974,,,,,F101228
E4975,,,,,F102300
E4976,,,,,F104050
E4977,,,,,F103151
E4978,,,,,F100867
E4979,,,,,F103752
E4980,,,,,F102076
E4981,,,,,F104654
E4982,,,,,F100677
E4983,,,,,F101813
E4984,,,,,F104431
E4985,,,,,F103622
E4986,,,,,F101502
E4987,,,,,F104646
E4988,,,,,F101278
E4989,,,,,F102670
E4990,,,,,F100096
E4991,,,,,F102951
E4992,,,,,F100852
E4993,,,,,F103767
E4994,,,,,F101897
E4995,,,,,F101688
E4996,,,,,F104339
E4997,,,,,F104929
E4998,,,,,F101066
E4999,,,,,F101526
E5000,,,,,F100462
E5001,,,,,F102416
E5002,,,,,F102829
E5003,,,,,F104874
E5004,,,,,F104327
E5005,,,,,F100144
E5006,,,,,F101692
E5007,,,,,F104089
E5008,,,,,F102972
E5009,,,,,F104226
E5010,,,,,F100267
E5011,,,,,F103816
E5012,,,,,F102372
E5013,,,,,F101946
E5014,,,,,F101437
E5015,,,,,F102260
E5016,,,,,F103737
E5017,,,,,F103523
E5018,,,,,F101601
E5019,,,,,F103575
E5020,,,,,F100026
E5021,,,,,F100065
E5022,,,,,F102202
E5023,,,,,F103787
E5024,,,,,F103957
E5025,,,,,F100079
E5026,,,,,F103103
E5027,,,,,F100804
E5028,,,,,F102891
E5029,,,,,F102002
E5030,,,,,F102821
E5031,,,,,F104178
E5032,,,,,F102055
E5033,,,,,F104064
E5034,,,,,F101941
E5035,,,,,F101992
E5036,,,,,F104605
E5037,,,,,F100657
E5038,,,,,F104628
E5039,,,,,F104775
E5040,,,,,F100871
E5041,,,,,F102303
E5042,,,,,F100329
E5043,,,,,F101171
E5044,,,,,F102392
E5045,,,,,F102410
E5046,,,,,F103292
E5047,,,,,F104198
E5048,,,,,F102759
E5049,,,,,F102809
E5050,,,,,F102312
E5051,,,,,F103540
E5052,,,,,F103688
E5053,,,,,F101723
E5054,,,,,F103805
E5055,,,,,F104131
E5056,,,,,F100394
E5057,,,,,F100339
E5058,,,,,F101798
E5059,,,,,F104513
E5060,,,,,F101017
E5061,,,,,F101462
E5062,,,,,F102468
E5063,,,,,F102384
E5064,,,,,F103159
E5065,,,,,F103845
E5066,,,,,F100918
E5067,,,,,F103782
E5068,,,,,F103135
E5069,,,,,F101791
E5070,,,,,F102700
E5071,,,,,F101300
E5072,,,,,F100859
E5073,,,,,F103856
E5074,,,,,F100120
E5075,,,,,F102785
E5076,,,,,F102768
E5077,,,,,F103724
E5078,,,,,F103880
E5079,,,,,F104182
E5080,,,,,F104825
E5081,,,,,F101044
E5082,,,,,F104794
E5083,,,,,F102880
E5084,,,,,F104861
E5085,,,,,F100055
E5086,,,,,F101040
E5087,,,,,F101235
E5088,,,,,F104100
E5089,,,,,F102411
E5090,,,,,F102499
E5091,,,,,F101524
E5092,,,,,F101058
E5093,,,,,F103482
E5094,,,,,F100826
E5095,,,,,F101019
E5096,,,,,F102469
E5097,,,,,F101123
E5098,,,,,F104903
E5099,,,,,F103869
E5100,,,,,F104019
E5101,,,,,F100508
E5102,,,,,F102783
E5103,,,,,F100386
E5104,,,,,F102727
E5105,,,,,F104289
E5106,,,,,F102916
E5107,,,,,F101914
E5108,,,,,F103614
E5109,,,,,F102309
E5110,,,,,F103582
E5111,,,,,F102320
E5112,,,,,F104556
E5113,,,,,F104010
E5114,,,,,F103055
E5115,,,,,F103237
E5116,,,,,F100399
E5117,,,,,F100272
E5118,,,,,F100664
E5119,,,,,F100036
E5120,,,,,F103424
E5121,,,,,F103649
E5122,,,,,F104596
E5123,,,,,F104640
E5124,,,,,F100217
E5125,,,,,F100269
E5126,,,,,F100264
E5127,,,,,F103325
E5128,,,,,F101149
E5129,,,,,F100998
E5130,,,,,F101630
E5131,,,,,F101749
E5132,,,,,F100643
E5133,,,,,F100452
E5134,,,,,F101591
E5135,,,,,F100496
E5136,,,,,F101600
E5137,,,,,F102574
E5138,,,,,F101750
E5139,,,,,F101151
E5140,,,,,F100740
E5141,,,,,F103169
E5142,,,,,F104923
E5143,,,,,F103942
E5144,,,,,F104930
E5145,,,,,F100053
E5146,,,,,F101280
E5147,,,,,F100651
E5148,,,,,F102382
E5149,,,,,F102330
E5150,,,,,F103457
E5151,,,,,F102505
E5152,,,,,F104939
E5153,,,,,F102850
E5154,,,,,F102716
E5155,,,,,F100156
E5156,,,,,F103280
E5157,,,,,F100070
E5158,,,,,F102423
E5159,,,,,F104288
E5160,,,,,F102986
E5161,,,,,F101632
E5162,,,,,F100274
E5163,,,,,F103459
E5164,,,,,F102711
E5165,,,,,F102798
E5166,,,,,F103627
E5167,,,,,F104735
E5168,,,,,F100875
E5169,,,,,F101915
E5170,,,,,F100445
E5171,,,,,F104667
E5172,,,,,F101352
E5173,,,,,F104719
E5174,,,,,F101375
E5175,,,,,F100296
E5176,,,,,F100233
E5177,,,,,F101871
E5178,,,,,F100952
E5179,,,,,F103960
E5180,,,,,F104784
E5181,,,,,F100448
E5182,,,,,F103953
E5183,,,,,F103522
E5184,,,,,F103775
E5185,,,,,F101605
E5186,,,,,F100728
E5187,,,,,F101221
E5188,,,,,F100768
E5189,,,,,F100933
E5190,,,,,F100148
E5191,,,,,F101251
E5192,,,,,F101262
E5193,,,,,F103441
E5194,,,,,F104822
E5195,,,,,F102815
E5196,,,,,F100034
E5197,,,,,F102950
E5198,,,,,F100640
E5199,,,,,F102299
E5200,,,,,F104891
E5201,,,,,F102484
E5202,,,,,F100950
E5203,,,,,F103016
E5204,,,,,F102349
E5205,,,,,F100349
E5206,,,,,F103795
E5207,,,,,F104296
E5208,,,,,F101013
E5209,,,,,F103633
E5210,,,,,F100364
E5211,,,,,F104959
E5212,,,,,F103429
E5213,,,,,F101726
E5214,,,,,F104231
E5215,,,,,F102998
E5216,,,,,F101413
E5217,,,,,F100348
E5218,,,,,F101128
E5219,,,,,F102800
E5220,,,,,F102609
E5221,,,,,F101161
E5222,,,,,F104795
E5223,,,,,F100668
E5224,,,,,F103578
E5225,,,,,F100720
E5226,,,,,F102176
E5227,,,,,F100687
E5228,,,,,F101252
E5229,,,,,F102810
E5230,,,,,F104445
E5231,,,,,F100211
E5232,,,,,F101022
E5233,,,,,F101784
E5234,,,,,F104626
E5235,,,,,F103871
E5236,,,,,F103207
E5237,,,,,F100458
E5238,,,,,F101156
E5239,,,,,F103234
E5240,,,,,F100909
E5241,,,,,F104744
E5242,,,,,F104435
E5243,,,,,F101457
E5244,,,,,F104414
E5245,,,,,F101568
E5246,,,,,F100568
E5247,,,,,F101487
E5248,,,,,F100347
E5249,,,,,F100416
E5250,,,,,F100591
E5251,,,,,F104622
E5252,,,,,F100738
E5253,,,,,F100887
E5254,,,,,F102699
E5255,,,,,F102253
E5256,,,,,F104251
E5257,,,,,F103247
E5258,,,,,F101910
E5259,,,,,F103946
E5260,,,,,F100730
E5261,,,,,F100427
E5262,,,,,F100633
E5263,,,,,F101908
E5264,,,,,F102755
E5265,,,,,F104961
E5266,,,,,F103918
E5267,,,,,F104555
E5268,,,,,F100142
E5269,,,,,F104284
E5270,,,,,F100134
E5271,,,,,F101845
E5272,,,,,F102943
E5273,,,,,F104931
E5274,,,,,F103354
E5275,,,,,F103739
E5276,,,,,F103314
E5277,,,,,F103084
E5278,,,,,F100814
E5279,,,,,F100980
E5280,,,,,F103137
E5281,,,,,F104798
E5282,,,,,F103538
E5283,,,,,F100235
E5284,,,,,F101975
E5285,,,,,F101394
E5286,,,,,F104815
E5287,,,,,F104189
E5288,,,,,F100492
E5289,,,,,F102787
E5290,,,,,F103049
E5291,,,,,F101168
E5292,,,,,F104527
E5293,,,,,F102536
E5294,,,,,F103919
E5295,,,,,F104936
E5296,,,,,F101434
E5297,,,,,F103783
E5298,,,,,F104498
E5299,,,,,F100626
E5300,,,,,F101027
E5301,,,,,F104027
E5302,,,,,F101861
E5303,,,,,F103421
E5304,,,,,F104255
E5305,,,,,F101520
E5306,,,,,F101212
E5307,,,,,F102025
E5308,,,,,F100523
E5309,,,,,F104766
E5310,,,,,F101920
E5311,,,,,F102512
E5312,,,,,F101112
E5313,,,,,F102575
E5314,,,,,F104059
E5315,,,,,F102314
E5316,,,,,F102058
E5317,,,,,F100938
E5318,,,,,F100904
E5319,,,,,F104262
E5320,,,,,F103748
E5321,,,,,F104847
E5322,,,,,F104341
E5323,,,,,F102102
E5324,,,,,F101856
E5325,,,,,F104329
E5326,,,,,F100583
E5327,,,,,F101358
E5328,,,,,F103954
E5329,,,,,F102275
E5330,,,,,F104038
E5331,,,,,F100440
E5332,,,,,F102935
E5333,,,,,F101872
E5334,,,,,F101106
E5335,,,,,F103458
E5336,,,,,F100350
E5337,,,,,F104048
E5338,,,,,F102272
E5339,,,,,F101679
E5340,,,,,F101512
E5341,,,,,F104921
E5342,,,,,F100891
E5343,,,,,F103604
E5344,,,,,F101406
E5345,,,,,F101292
E5346,,,,,F103012
E5347,,,,,F103068
E5348,,,,,F104746
E5349,,,,,F100983
E5350,,,,,F103527
E5351,,,,,F104787
E5352,,,,,F102116
E5353,,,,,F104212
E5354,,,,,F100456
E5355,,,,,F103175
E5356,,,,,F103552
E5357,,,,,F101164
E5358,,,,,F103258
E5359,,,,,F101255
E5360,,,,,F101848
E5361,,,,,F100249
E5362,,,,,F102903
E5363,,,,,F104908
E5364,,,,,F102142
E5365,,,,,F101761
E5366,,,,,F103248
E5367,,,,,F102186
E5368,,,,,F101206
E5369,,,,,F103568
E5370,,,,,F100576
E5371,,,,,F103807
E5372,,,,,F101393
E5373,,,,,F104332
E5374,,,,,F103991
E5375,,,,,F100476
E5376,,,,,F103327
E5377,,,,,F100433
E5378,,,,,F102429
E5379,,,,,F101663
E5380,,,,,F102282
E5381,,,,,F101648
E5382,,,,,F103900
E5383,,,,,F102892
E5384,,,,,F103376
E5385,,,,,F104653
E5386,,,,,F104531
E5387,,,,,F100810
E5388,,,,,F100976
E5389,,,,,F100925
E5390,,,,,F103430
E5391,,,,,F104800
E5392,,,,,F103571
E5393,,,,,F102645
E5394,,,,,F103472
E5395,,,,,F101821
E5396,,,,,F101543
E5397,,,,,F104668
E5398,,,,,F103931
E5399,,,,,F102555
E5400,,,,,F102284
E5401,,,,,F101101
E5402,,,,,F103769
E5403,,,,,F104769
E5404,,,,,F103567
E5405,,,,,F103317
E5406,,,,,F100468
E5407,,,,,F100953
E5408,,,,,F103730
E5409,,,,,F100247
E5410,,,,,F103648
E5411,,,,,F100505
E5412,,,,,F103560
E5413,,,,,F100178
E5414,,,,,F101234
E5415,,,,,F100504
E5416,,,,,F103822
E5417,,,,,F103052
E5418,,,,,F103833
E5419,,,,,F104548
E5420,,,,,F104292
E5421,,,,,F103979
E5422,,,,,F104379
E5423,,,,,F100828
E5424,,,,,F100795
E5425,,,,,F101567
E5426,,,,,F100193
E5427,,,,,F104440
E5428,,,,,F104565
E5429,,,,,F101100
E5430,,,,,F102294
E5431,,,,,F103576
E5432,,,,,F101586
E5433,,,,,F100639
E5434,,,,,F100281
E5435,,,,,F102564
E5436,,,,,F102965
E5437,,,,,F101977
E5438,,,,,F100535
E5439,,,,,F102662
E5440,,,,,F101557
E5441,,,,,F102849
E5442,,,,,F101947
E5443,,,,,F102113
E5444,,,,,F104194
E5445,,,,,F104436
E5446,,,,,F104215
E5447,,,,,F103716
E5448,,,,,F103448
E5449,,,,,F104280
E5450,,,,,F104804
E5451,,,,,F102147
E5452,,,,,F100557
E5453,,,,,F102588
E5454,,,,,F103493
E5455,,,,,F100285
E5456,,,,,F103422
E5457,,,,,F103525
E5458,,,,,F100847
E5459,,,,,F101553
E5460,,,,,F101565
E5461,,,,,F101583
E5462,,,,,F104480
E5463,,,,,F102918
E5464,,,,,F100104
E5465,,,,,F102256
E5466,,,,,F100779
E5467,,,,,F103197
E5468,,,,,F101451
E5469,,,,,F104238
E5470,,,,,F103140
E5471,,,,,F102581
E5472,,,,,F101642
E5473,,,,,F103705
E5474,,,,,F104577
E5475,,,,,F104258
E5476,,,,,F103254
E5477,,,,,F101653
E5478,,,,,F103837
E5479,,,,,F102962
E5480,,,,,F100092
E5481,,,,,F102658
E5482,,,,,F101718
E5483,,,,,F104689
E5484,,,,,F103547
E5485,,,,,F100059
E5486,,,,,F101859
E5487,,,,,F101065
E5488,,,,,F103817
E5489,,,,,F100589
E5490,,,,,F102627
E5491,,,,,F100184
E5492,,,,,F101818
E5493,,,,,F103984
E5494,,,,,F100529
E5495,,,,,F102292
E5496,,,,,F100196
E5497,,,,,F100764
E5498,,,,,F101858
E5499,,,,,F100721
E5500,,,,,F104130
E5501,,,,,F101239
E5502,,,,,F103385
E5503,,,,,F100265
E5504,,,,,F104210
E5505,,,,,F101893
E5506,,,,,F101269
E5507,,,,,F100282
E5508,,,,,F104637
E5509,,,,,F103631
E5510,,,,,F104169
E5511,,,,,F104389
E5512,,,,,F104569
E5513,,,,,F101002
E5514,,,,,F104342
E5515,,,,,F103594
E5516,,,,,F100048
E5517,,,,,F100447
E5518,,,,,F103089
E5519,,,,,F100590
E5520,,,,,F101885
E5521,,,,,F103707
E5522,,,,,F104220
E5523,,,,,F103728
E5524,,,,,F102953
E5525,,,,,F100089
E5526,,,,,F103200
E5527,,,,,F103524
E5528,,,,,F101869
E5529,,,,,F102694
E5530,,,,,F104249
E5531,,,,,F100045
E5532,,,,,F101939
E5533,,,,,F102395
E5534,,,,,F101562
E5535,,,,,F102038
E5536,,,,,F101738
E5537,,,,,F102723
E5538,,,,,F100131
E5539,,,,,F104885
E5540,,,,,F101969
E5541,,,,,F102683
E5542,,,,,F104963
E5543,,,,,F103320
E5544,,,,,F102788
E5545,,,,,F104158
E5546,,,,,F101395
E5547,,,,,F100087
E5548,,,,,F104468
E5549,,,,,F102883
E5550,,,,,F102120
E5551,,,,,F102540
E5552,,,,,F100187
E5553,,,,,F104693
E5554,,,,,F103032
E5555,,,,,F102981
E5556,,,,,F104062
E5557,,,,,F101064
E5558,,,,,F103729
E5559,,,,,F103426
E5560,,,,,F101850
E5561,,,,,F103844
E5562,,,,,F102811
E5563,,,,,F102239
E5564,,,,,F103076
E5565,,,,,F103766
E5566,,,,,F104623
E5567,,,,,F104412
E5568,,,,,F103611
E5569,,,,,F104371
E5570,,,,,F103270
E5571,,,,,F101186
E5572,,,,,F102437
E5573,,,,,F100798
E5574,,,,,F103255
E5575,,,,,F104272
E5576,,,,,F102057
E5577,,,,,F100910
E5578,,,,,F102332
E5579,,,,,F100006
E5580,,,,,F104662
E5581,,,,,F104716
E5582,,,,,F101924
E5583,,,,,F102630
E5584,,,,,F100870
E5585,,,,,F103445
E5586,,,,,F100917
E5587,,,,,F103754
E5588,,,,,F102094
E5589,,,,,F102568
E5590,,,,,F102137
E5591,,,,,F102828
E5592,,,,,F102032
E5593,,,,,F102278
E5594,,,,,F103563
E5595,,,,,F100571
E5596,,,,,F104311
E5597,,,,,F104995
E5598,,,,,F102117
E5599,,,,,F100939
E5600,,,,,F103349
E5601,,,,,F104079
E5602,,,,,F100515
E5603,,,,,F100990
E5604,,,,,F101113
E5605,,,,,F100177
E5606,,,,,F102005
E5607,,,,,F104476
E5608,,,,,F100924
E5609,,,,,F102857
E5610,,,,,F101232
E5611,,,,,F102498
E5612,,,,,F104266
E5613,,,,,F104325
E5614,,,,,F103662
E5615,,,,,F101014
E5616,,,,,F102526
E5617,,,,,F101822
E5618,,,,,F102835
E5619,,,,,F104789
E5620,,,,,F104817
E5621,,,,,F102773
E5622,,,,,F100049
E5623,,,,,F101523
E5624,,,,,F100833
E5625,,,,,F100705
E5626,,,,,F100790
E5627,,,,,F104118
E5628,,,,,F100490
E5629,,,,,F104154
E5630,,,,,F100398
E5631,,,,,F103499
E5632,,,,,F102140
E5633,,,,,F103612
E5634,,,,,F103969
E5635,,,,,F103425
E5636,,,,,F104348
E5637,,,,,F101348
E5638,,,,,F104966
E5639,,,,,F100343
E5640,,,,,F102123
E5641,,,,,F101629
E5642,,,,,F102218
E5643,,,,,F100572
E5644,,,,,F102597
E5645,,,,,F104420
E5646,,,,,F100105
E5647,,,,,F102751
E5648,,,,,F102868
E5649,,,,,F102251
E5650,,,,,F102354
E5651,,,,,F101244
E5652,,,,,F101173
E5653,,,,,F103498
E5654,,,,,F100304
E5655,,,,,F100627
E5656,,,,,F103735
E5657,,,,,F102291
E5658,,,,,F102864
E5659,,,,,F103840
E5660,,,,,F101108
E5661,,,,,F101331
E5662,,,,,F100679
E5663,,,,,F102758
E5664,,,,,F103106
E5665,,,,,F102900
E5666,,,,,F100619
E5667,,,,,F102917
E5668,,,,,F104287
E5669,,,,,F102844
E5670,,,,,F103878
E5671,,,,,F102963
E5672,,,,,F101200
E5673,,,,,F102414
E5674,,,,,F103966
E5675,,,,,F100425
E5676,,,,,F101534
E5677,,,,,F103015
E5678,,,,,F100521
E5679,,,,,F104137
E5680,,,,,F104000
E5681,,,,,F102541
E5682,,,,,F103060
E5683,,,,,F102503
E5684,,,,,F101496
E5685,,,,,F100214
E5686,,,,,F104430
E5687,,,,,F101338
E5688,,,,,F104673
E5689,,,,,F100838
E5690,,,,,F101351
E5691,,,,,F102827
E5692,,,,,F100815
E5693,,,,,F100816
E5694,,,,,F100709
E5695,,,,,F103048
E5696,,,,,F101925
E5697,,,,,F100905
E5698,,,,,F100916
E5699,,,,,F103855
E5700,,,,,F102122
E5701,,,,,F103443
E5702,,,,,F100907
E5703,,,,,F103815
E5704,,,,,F102336
E5705,,,,,F101815
E5706,,,,,F104426
E5707,,,,,F100942
E5708,,,,,F103148
E5709,,,,,F100234
E5710,,,,,F104402
E5711,,,,,F101098
E5712,,,,,F103195
E5713,,,,,F103092
E5714,,,,,F102846
E5715,,,,,F104454
E5716,,,,,F104613
E5717,,,,,F100162
E5718,,,,,F101130
E5719,,,,,F104331
E5720,,,,,F101544
E5721,,,,,F102794
E5722,,,,,F102729
E5723,,,,,F100563
E5724,,,,,F102467
E5725,,,,,F101703
E5726,,,,,F104024
E5727,,,,,F104138
E5728,,,,,F103494
E5729,,,,,F104314
E5730,,,,,F100656
E5731,,,,,F100486
E5732,,,,,F100544
E5733,,,,,F100719
E5734,,,,,F101469
E5735,,,,,F100232
E5736,,,,,F101917
E5737,,,,,F103940
E5738,,,,,F101258
E5739,,,,,F102368
E5740,,,,,F103951
E5741,,,,,F102621
E5742,,,,,F103895
E5743,,,,,F102489
E5744,,,,,F104748
E5745,,,,,F103556
E5746,,,,,F102572
E5747,,,,,F101217
E5748,,,,,F103263
E5749,,,,,F104044
E5750,,,,,F103559
E5751,,,,,F104718
E5752,,,,,F100413
E5753,,,,,F104913
E5754,,,,,F102086
E5755,,,,,F102687
E5756,,,,,F100762
E5757,,,,,F104575
E5758,,,,,F103987
E5759,,,,,F103990
E5760,,,,,F104307
E5761,,,,,F102149
E5762,,,,,F103974
E5763,,,,,F100437
E5764,,,,,F102646
E5765,,,,,F104294
E5766,,,,,F104377
E5767,,,,,F103130
E5768,,,,,F102649
E5769,,,,,F101080
E5770,,,,,F100620
E5771,,,,,F102187
E5772,,,,,F101612
E5773,,,,,F101533
E5774,,,,,F101816
E5775,,,,,F100317
E5776,,,,,F101343
E5777,,,,,F104113
E5778,,,,,F104417
E5779,,,,,F103926
E5780,,,,,F102305
E5781,,,,,F104047
E5782,,,,,F104222
E5783,,,,,F103646
E5784,,,,,F101085
E5785,,,,,F101875
E5786,,,,,F102793
E5787,,,,,F102214
E5788,,,,,F104852
E5789,,,,,F101621
E5790,,,,,F100415
E5791,,,,,F100824
E5792,,,,,F102524
E5793,,,,,F104661
E5794,,,,,F100378
E5795,,,,,F100964
E5796,,,,,F102604
E5797,,,,,F102092
E5798,,,,,F101662
E5799,,,,,F101503
E5800,,,,,F104504
E5801,,,,,F100841
E5802,,,,,F104188
E5803,,,,,F100327
E5804,,,,,F104337
E5805,,,,,F100746
E5806,,,,,F104014
E5807,,,,,F101445
E5808,,,,,F100502
E5809,,,,,F102477
E5810,,,,,F100181
E5811,,,,,F104299
E5812,,,,,F101638
E5813,,,,,F103639
E5814,,,,,F102848
E5815,,,,,F100174
E5816,,,,,F100388
E5817,,,,,F103731
E5818,,,,,F102430
E5819,,,,,F104866
E5820,,,,,F103348
E5821,,,,,F104124
E5822,,,,,F101312
E5823,,,,,F101575
E5824,,,,,F101051
E5825,,,,,F102281
E5826,,,,,F100971
E5827,,,,,F104494
E5828,,,,,F101987
E5829,,,,,F103153
E5830,,,,,F103785
E5831,,,,,F102077
E5832,,,,,F102819
E5833,,,,,F104461
E5834,,,,,F102241
E5835,,,,,F103466
E5836,,,,,F103893
E5837,,,,,F100031
E5838,,,,,F103902
E5839,,,,,F100192
E5840,,,,,F104075
E5841,,,,,F100598
E5842,,,,,F104760
E5843,,,,,F103770
E5844,,,,,F100689
E5845,,,,,F103663
E5846,,,,,F104163
E5847,,,,,F101240
E5848,,,,,F102247
E5849,,,,,F102012
E5850,,,,,F101241
E5851,,,,,F104462
E5852,,,,,F101369
E5853,,,,,F100422
E5854,,,,,F103022
E5855,,,,,F101045
E5856,,,,,F102664
E5857,,,,,F101261
E5858,,,,,F101137
E5859,,,,,F102977
E5860,,,,,F102562
E5861,,,,,F102402
E5862,,,,,F102554
E5863,,,,,F101483
E5864,,,,,F104757
E5865,,,,,F101415
E5866,,,,,F103934
E5867,,,,,F100383
E5868,,,,,F102193
E5869,,,,,F102174
E5870,,,,,F102438
E5871,,,,,F102222
E5872,,,,,F100967
E5873,,,,,F101589
E5874,,,,,F100063
E5875,,,,,F101760
E5876,,,,,F101994
E5877,,,,,F100212
E5878,,,,,F101403
E5879,,,,,F101874
E5880,,,,,F101181
E5881,,,,,F103652
E5882,,,,,F101525
E5883,,,,,F103340
E5884,,,,,F102220
E5885,,,,,F104343
E5886,,,,,F103935
E5887,,,,,F101308
E5888,,,,,F103463
E5889,,,,,F102825
E5890,,,,,F102013
E5891,,,,,F102761
E5892,,,,,F104523
E5893,,,,,F101602
E5894,,,,,F102839
E5895,,,,,F100152
E5896,,,,,F100353
E5897,,,,,F101615
E5898,,,,,F100450
E5899,,,,,F100793
E5900,,,,,F102043
E5901,,,,,F103491
E5902,,,,,F103544
E5903,,,,,F101036
E5904,,,,,F102279
E5905,,,,,F101291
E5906,,,,,F101472
E5907,,,,,F100014
E5908,,,,,F103273
E5909,,,,,F102607
E5910,,,,,F101320
E5911,,,,,F102158
E5912,,,,,F103847
E5913,,,,,F101623
E5914,,,,,F103117
E5915,,,,,F104957
E5916,,,,,F104949
E5917,,,,,F101257
E5918,,,,,F102578
E5919,,,,,F104084
E5920,,,,,F103708
E5921,,,,,F101622
E5922,,,,,F101455
E5923,,,,,F100150
E5924,,,,,F104033
E5925,,,,,F101139
E5926,,,,,F102513
E5927,,,,,F103823
E5928,,,,,F104176
E5929,,,,,F100498
E5930,,,,,F104918
E5931,,,,,F101563
E5932,,,,,F104960
E5933,,,,,F102618
E5934,,,,,F102984
E5935,,,,,F103202
E5936,,,,,F103967
E5937,,,,,F102770
E5938,,,,,F104559
E5939,,,,,F100051
E5940,,,,,F102255
E5941,,,,,F100012
E5942,,,,,F100866
E5943,,,,,F101771
E5944,,,,,F100094
E5945,,,,,F104564
E5946,,,,,F103800
E5947,,,,,F101444
E5948,,,,,F102073
E5949,,,,,F101774
E5950,,,,,F101125
E5951,,,,,F101681
E5952,,,,,F104823
E5953,,,,,F103533
E5954,,,,,F100002
E5955,,,,,F103746
E5956,,,,,F100207
E5957,,,,,F103079
E5958,,,,,F103063
E5959,,,,,F100646
E5960,,,,,F103018
E5961,,,,,F101614
E5962,,,,,F101990
E5963,,,,,F103995
E5964,,,,,F100801
E5965,,,,,F102212
E5966,,,,,F100614
E5967,,,,,F102936
E5968,,,,,F103992
E5969,,,,,F104053
E5970,,,,,F104160
E5971,,,,,F100316
E5972,,,,,F104919
E5973,,,,,F100411
E5974,,,,,F104685
E5975,,,,,F104770
E5976,,,,,F100451
E5977,,,,,F102418
E5978,,,,,F100278
E5979,,,,,F102801
E5980,,,,,F103591
E5981,,,,,F104463
E5982,,,,,F100931
E5983,,,,,F101551
E5984,,,,,F101808
E5985,,,,,F101245
E5986,,,,,F101918
E5987,,,,,F104733
E5988,,,,,F104110
E5989,,,,,F100896
E5990,,,,,F102624
E5991,,,,,F100555
E5992,,,,,F103080
E5993,,,,,F103702
E5994,,,,,F102776
E5995,,,,,F101700
E5996,,,,,F104037
E5997,,,,,F100818
E5998,,,,,F103790
E5999,,,,,F101007
E6000,,,,,F102412
E6001,,,,,F101984
E6002,,,,,F103075
E6003,,,,,F101144
E6004,,,,,F104720
E6005,,,,,F101160
E6006,,,,,F104681
E6007,,,,,F103941
E6008,,,,,F102791
E6009,,,,,F103344
E6010,,,,,F100224
E6011,,,,,F102870
E6012,,,,,F102432
E6013,,,,,F102323
E6014,,,,,F103416
E6015,,,,,F100989
E6016,,,,,F103912
E6017,,,,,F103417
E6018,,,,,F101847
E6019,,,,,F103868
E6020,,,,,F104732
E6021,,,,,F103774
E6022,,,,,F104914
E6023,,,,,F104703
E6024,,,,,F103529
E6025,,,,,F102060
E6026,,,,,F103347
E6027,,,,,F101229
E6028,,,,,F102422
E6029,,,,,F101689
E6030,,,,,F100044
E6031,,,,,F101274
E6032,,,,,F103431
E6033,,,,,F104407
E6034,,,,,F102091
E6035,,,,,F102021
E6036,,,,,F103554
E6037,,,,,F101730
E6038,,,,,F100369
E6039,,,,,F101379
E6040,,,,,F100095
E6041,,,,,F101020
E6042,,,,,F104536
E6043,,,,,F100060
E6044,,,,,F101720
E6045,,,,,F104155
E6046,,,,,F100542
E6047,,,,,F103229
E6048,,,,,F103658
E6049,,,,,F101764
E6050,,,,,F104739
E6051,,,,,F100472
E6052,,,,,F102897
E6053,,,,,F104293
E6054,,,,,F104034
E6055,,,,,F100926
E6056,,,,,F102715
E6057,,,,,F100423
E6058,,,,,F103115
E6059,,,,,F103218
E6060,,,,,F103978
E6061,,,,,F100638
E6062,,,,,F100262
E6063,,,,,F103827
E6064,,,,,F100957
E6065,,,,,F102308
E6066,,,,,F103145
E6067,,,,,F102894
E6068,,,,,F101838
E6069,,,,,F101842
E6070,,,,,F100240
E6071,,,,,F104355
E6072,,,,,F101116
E6073,,,,,F104943
E6074,,,,,F103736
E6075,,,,,F100161
E6076,,,,,F101566
E6077,,,,,F104813
E6078,,,,,F104450
E6079,,,,,F102735
E6080,,,,,F102635
E6081,,,,,F100937
E6082,,,,,F104880
E6083,,,,,F100017
E6084,,,,,F101467
E6085,,,,,F104869
E6086,,,,,F100403
E6087,,,,,F104980
E6088,,,,,F104877
E6089,,,,,F102274
E6090,,,,,F104652
E6091,,,,,F103664
E6092,,,,,F102413
E6093,,,,,F102090
E6094,,,,,F100518
E6095,,,,,F104196
E6096,,,,,F100268
E6097,,,,,F102525
E6098,,,,,F104854
E6099,,,,,F104700
E6100,,,,,F103157
E6101,,,,,F104579
E6102,,,,,F102460
E6103,,,,,F104030
E6104,,,,,F101453
E6105,,,,,F102615
E6106,,,,,F104418
E6107,,,,,F102672
E6108,,,,,F102508
E6109,,,,,F102631
E6110,,,,,F102590
E6111,,,,,F104012
E6112,,,,,F103725
E6113,,,,,F100945
E6114,,,,,F103210
E6115,,,,,F100253
E6116,,,,,F103355
E6117,,,,,F100780
E6118,,,,,F103244
E6119,,,,,F103891
E6120,,,,,F101714
E6121,,,,,F102207
E6122,,,,,F102669
E6123,,,,,F101909
E6124,,,,,F100821
E6125,,,,,F101659
E6126,,,,,F100381
E6127,,,,,F102733
E6128,,,,,F104148
E6129,,,,,F101954
E6130,,,,,F102362
E6131,,,,,F100382
E6132,,,,,F100800
E6133,,,,,F104542
E6134,,,,,F100528
E6135,,,,,F103042
E6136,,,,,F102740
E6137,,,,,F103507
E6138,,,,,F101657
E6139,,,,,F100562
E6140,,,,,F103478
E6141,,,,,F102417
E6142,,,,,F103896
E6143,,,,,F100834
E6144,,,,,F102335
E6145,,,,,F102771
E6146,,,,,F102600
E6147,,,,,F104790
E6148,,,,,F101631
E6149,,,,,F103924
E6150,,,,,F103623
E6151,,,,,F103994
E6152,,,,,F102919
E6153,,,,,F103419
E6154,,,,,F104658
E6155,,,,,F100299
E6156,,,,,F103873
E6157,,,,,F103291
E6158,,,,,F100751
E6159,,,,,F104310
E6160,,,,,F104125
E6161,,,,,F101796
E6162,,,,,F104767
E6163,,,,,F103453
E6164,,,,,F103964
E6165,,,,,F101637
E6166,,,,,F100551
E6167,,,,,F100325
E6168,,,,,F102500
E6169,,,,,F102958
E6170,,,,,F102521
E6171,,,,,F104421
E6172,,,,,F101668
E6173,,,,,F104994
E6174,,,,,F101225
E6175,,,,,F103744
E6176,,,,,F102014
E6177,,,,,F102507
E6178,,,,,F101121
E6179,,,,,F102478
E6180,,,,,F102259
E6181,,,,,F104589
E6182,,,,,F102747
E6183,,,,,F104603
E6184,,,,,F102377
E6185,,,,,F102886
E6186,,,,,F104253
E6187,,,,,F102865
E6188,,,,,F101820
E6189,,,,,F100467
E6190,,,,,F100288
E6191,,,,,F100125
E6192,,,,,F102799
E6193,,,,,F102099
E6194,,,,,F102166
E6195,,,,,F104491
E6196,,,,,F103488
E6197,,,,,F102072
E6198,,,,,F102242
E6199,,,,,F100549
E6200,,,,,F100982
E6201,,,,,F101431
E6202,,,,,F104641
E6203,,,,,F104056
E6204,,,,,F102451
E6205,,,,,F104711
E6206,,,,,F101429
E6207,,,,,F102906
E6208,,,,,F101756
E6209,,,,,F103360
E6210,,,,,F100531
E6211,,,,,F102389
E6212,,,,,F101315
E6213,,,,,F101905
E6214,,,,,F102434
E6215,,,,,F104727
E6216,,,,,F104201
E6217,,,,,F100270
E6218,,,,,F100616
E6219,,,,,F102452
E6220,,,,,F100965
E6221,,,,,F101304
E6222,,,,,F102959
E6223,,,,,F102985
E6224,,,,,F101900
E6225,,,,,F104729
E6226,,,,,F104073
E6227,,,,,F100701
E6228,,,,,F101729
E6229,,,,,F101466
E6230,,,,,F102264
E6231,,,,,F103299
E6232,,,,,F102027
E6233,,,,,F102665
E6234,,,,,F102847
E6235,,,,,F103030
E6236,,,,,F103534
E6237,,,,,F101072
E6238,,,,,F101122
E6239,,,,,F104143
E6240,,,,,F100569
E6241,,,,,F103241
E6242,,,,,F104206
E6243,,,,,F103099
E6244,,,,,F104409
E6245,,,,,F104134
E6246,,,,,F103303
E6247,,,,,F100908
E6248,,,,,F103753
E6249,,,,,F101148
E6250,,,,,F104489
E6251,,,,,F103359
E6252,,,,,F103581
E6253,,,,,F104383
E6254,,,,,F104142
E6255,,,,,F103118
E6256,,,,,F100686
E6257,,,,,F104237
E6258,,,,,F101753
E6259,,,,,F104128
E6260,,,,,F104106
E6261,,,,,F102757
E6262,,,,,F100613
E6263,,,,,F100772
E6264,,,,,F104684
E6265,,,,,F102722
E6266,,,,,F102047
E6267,,,,,F103944
E6268,,,,,F101059
E6269,,,,,F102709
E6270,,,,,F104410
E6271,,,,,F104683
E6272,,,,,F101965
E6273,,,,,F103331
E6274,,,,,F101275
E6275,,,,,F102257
E6276,,,,,F100951
E6277,,,,,F102579
E6278,,,,,F100609
E6279,,,,,F104868
E6280,,,,,F103607
E6281,,,,,F101152
E6282,,,,,F103264
E6283,,,,,F100539
E6284,,,,,F103418
E6285,,,,,F101033
E6286,,,,,F102470
E6287,,,,,F102875
E6288,,,,,F104619
E6289,,,,,F101170
E6290,,,,,F102128
E6291,,,,,F104774
E6292,,,,,F103511
E6293,,,,,F101860
E6294,,,,,F104550
E6295,,,,,F103597
E6296,,,,,F102955
E6297,,,,,F103811
E6298,,,,,F100392
E6299,,,,,F104682
E6300,,,,,F102803
E6301,,,,,F100805
E6302,,,,,F104937
E6303,,,,,F103183
E6304,,,,,F101193
E6305,,,,,F103272
E6306,,,,,F102603
E6307,,,,,F100981
E6308,,,,,F103700
E6309,,,,,F101233
E6310,,,,,F101302
E6311,,,,,F104827
E6312,,,,,F100884
E6313,,,,,F103732
E6314,,,,,F104793
E6315,,,,,F100039
E6316,,,,,F104942
E6317,,,,,F103190
E6318,,,,,F103313
E6319,,,,,F100623
E6320,,,,,F104085
E6321,,,,,F100693
E6322,,,,,F102510
E6323,,,,,F102254
E6324,,,,,F100929
E6325,,,,,F101478
E6326,,,,,F104810
E6327,,,,,F104281
E6328,,,,,F101517
E6329,,,,,F103188
E6330,,,,,F102529
E6331,,,,,F102956
E6332,,,,,F103278
E6333,,,,,F102004
E6334,,,,,F101145
E6335,,,,,F101409
E6336,,,,,F102146
E6337,,,,,F104164
E6338,,,,,F104204
E6339,,,,,F100592
E6340,,,,,F102130
E6341,,,,,F104740
E6342,,,,,F103689
E6343,,,,,F102450
E6344,,,,,F101279
E6345,,,,,F101550
E6346,,,,,F102184
E6347,,,,,F102473
E6348,,,,,F101132
E6349,,,,,F101670
E6350,,,,,F100321
E6351,,,,,F100809
E6352,,,,,F104871
E6353,,,,,F101989
E6354,,,,,F104334
E6355,,,,,F101091
E6356,,,,,F102134
E6357,,,,,F103977
E6358,,,,,F104772
E6359,,,,,F104841
E6360,,,,,F104349
E6361,,,,,F100040
E6362,,,,,F100424
E6363,,,,,F100118
E6364,,,,,F103675
E6365,,,,,F101353
E6366,,,,,F100501
E6367,,,,,F101661
E6368,,,,,F104710
E6369,,,,,F103697
E6370,,,,,F100669
E6371,,,,,F103362
E6372,,,,,F102444
E6373,,,,,F102684
E6374,,,,,F100829
E6375,,,,,F103035
E6376,,,,,F102301
E6377,,,,,F102686
E6378,,,,,F104920
E6379,,,,,F100874
E6380,,,,,F103751
E6381,,,,,F104063
E6382,,,,,F104392
E6383,,,,,F102719
E6384,,,,,F102528
E6385,,,,,F100256
E6386,,,,,F103319
E6387,,,,,F100216
E6388,,,,,F102087
E6389,,,,,F102475
E6390,,,,,F100914
E6391,,,,,F101594
E6392,,,,,F102173
E6393,,,,,F104277
E6394,,,,,F100587
E6395,,,,,F103368
E6396,,,,,F104573
E6397,,,,,F102885
E6398,,,,,F103676
E6399,,,,,F102504
E6400,,,,,F103034
E6401,,,,,F104538
E6402,,,,,F102638
E6403,,,,,F104692
E6404,,,,,F103246
E6405,,,,,F103899
E6406,,,,,F101862
E6407,,,,,F104458
E6408,,,,,F100101
E6409,,,,,F104950
E6410,,,,,F100491
E6411,,,,,F104836
E6412,,,,,F101643
E6413,,,,,F103261
E6414,,,,,F104115
E6415,,,,,F101495
E6416,,,,,F103673
E6417,,,,,F100943
E6418,,,,,F103046
E6419,,,,,F102085
E6420,,,,,F102442
E6421,,,,,F100401
E6422,,,,,F103216
E6423,,,,,F104116
E6424,,,,,F102911
E6425,,,,,F103976
E6426,,,,,F104592
E6427,,,,,F104600
E6428,,,,,F104091
E6429,,,,,F102832
E6430,,,,,F102869
E6431,,,,,F101183
E6432,,,,,F100532
E6433,,,,,F104567
E6434,,,,,F100601
E6435,,,,,F103532
E6436,,,,,F101074
E6437,,,,,F103577
E6438,,,,,F104526
E6439,,,,,F102132
E6440,,,,,F102190
E6441,,,,,F104035
E6442,,,,,F104782
E6443,,,,,F103182
E6444,,,,,F100056
E6445,,,,,F100946
E6446,,,,,F100273
E6447,,,,,F100644
E6448,,,,,F104382
E6449,,,,,F104108
E6450,,,,,F104674
E6451,,,,,F100086
E6452,,,,,F100666
E6453,,,,,F100856
E6454,,,,,F101350
E6455,,,,,F102154
E6456,,,,,F103480
E6457,,,,,F104240
E6458,,,,,F100641
E6459,,,,,F101509
E6460,,,,,F103054
E6461,,,,,F102987
E6462,,,,,F103644
E6463,,,,,F101425
E6464,,,,,F103009
E6465,,,,,F104962
E6466,,,,,F104737
E6467,,,,,F103690
E6468,,,,,F104842
E6469,,,,,F104660
E6470,,,,,F103094
E6471,,,,,F104356
E6472,,,,,F100206
E6473,,,,,F100699
E6474,,,,,F104279
E6475,,,,,F104460
E6476,,,,,F101332
E6477,,,,,F104670
E6478,,,,,F101388
E6479,,,,,F100522
E6480,,,,,F101271
E6481,,,,,F100263
E6482,,,,,F103898
E6483,,,,,F101249
E6484,,,,,F102493
E6485,,,,,F103057
E6486,,,,,F100434
E6487,,,,,F102553
E6488,,,,,F102180
E6489,,,,,F100485
E6490,,,,,F101093
E6491,,,,,F101828
E6492,,,,,F102391
E6493,,,,,F104136
E6494,,,,,F103561
E6495,,,,,F104845
E6496,,,,,F101518
E6497,,,,,F104428
E6498,,,,,F102744
E6499,,,,,F103100
E6500,,,,,F102427
E6501,,,,,F103189
E6502,,,,,F104506
E6503,,,,,F100561
E6504,,,,,F100624
E6505,,,,,F104278
E6506,,,,,F104298
E6507,,,,,F104725
E6508,,,,,F100410
E6509,,,,,F100239
E6510,,,,,F104496
E6511,,,,,F100685
E6512,,,,,F101334
E6513,,,,,F100574
E6514,,,,,F101477
E6515,,,,,F103810
E6516,,,,,F104969
E6517,,,,,F100637
E6518,,,,,F103201
E6519,,,,,F100483
E6520,,,,,F101242
E6521,,,,,F102111
E6522,,,,,F102941
E6523,,,,,F100500
E6524,,,,,F102628
E6525,,,,,F102159
E6526,,,,,F103848
E6527,,,,,F104378
E6528,,,,,F102030
E6529,,,,,F103470
E6530,,,,,F101146
E6531,,,,,F103824
E6532,,,,,F101597
E6533,,,,,F100888
E6534,,,,,F101339
E6535,,,,,F104465
E6536,,,,,F103323
E6537,,,,,F101585
E6538,,,,,F101070
E6539,,,,,F101176
E6540,,,,,F102177
E6541,,,,,F102084
E6542,,,,,F101035
E6543,,,,,F100429
E6544,,,,,F103150
E6545,,,,,F101740
E6546,,,,,F104524
E6547,,,,,F102401
E6548,,,,,F102502
E6549,,,,,F101929
E6550,,,,,F101018
E6551,,,,,F101837
E6552,,,,,F104004
E6553,,,,,F102455
E6554,,,,,F101736
E6555,,,,,F102358
E6556,,,,,F100000.jpg
E6557,,,,,F100001.jpg
E6558,,,,,F100002.jpg
E6559,,,,,F100003.jpg
E6560,,,,,F100004.jpg
E6561,,,,,F100005.jpg
E6562,,,,,F100006.jpg
E6563,,,,,F100007.jpg
E6564,,,,,F100008.jpg
E6565,,,,,F100009.jpg
E6566,,,,,F100010.jpg
E6567,,,,,F100011.jpg
E6568,,,,,F100012.jpg
E6569,,,,,F100013.jpg
E6570,,,,,F100014.jpg
E6571,,,,,F100015.jpg
E6572,,,,,F100016.jpg
E6573,,,,,F100017.jpg
E6574,,,,,F100018.jpg
E6575,,,,,F100019.jpg
E6576,,,,,F100020.jpg
E6577,,,,,F100021.jpg
E6578,,,,,F100022.jpg
E6579,,,,,F100023.jpg
E6580,,,,,F100024.jpg
E6581,,,,,F100025.jpg
E6582,,,,,F100026.jpg
E6583,,,,,F100027.jpg
E6584,,,,,F100028.jpg
E6585,,,,,F100029.jpg
E6586,,,,,F100030.jpg
E6587,,,,,F100031.jpg
E6588,,,,,F100032.jpg
E6589,,,,,F100033.jpg
E6590,,,,,F100034.jpg
E6591,,,,,F100035.jpg
E6592,,,,,F100036.jpg
E6593,,,,,F100037.jpg
E6594,,,,,F100038.jpg
E6595,,,,,F100039.jpg
E6596,,,,,F100040.jpg
E6597,,,,,F100041.jpg
E6598,,,,,F100042.jpg
E6599,,,,,F100043.jpg
E6600,,,,,F100044.jpg
E6601,,,,,F100045.jpg
E6602,,,,,F100046.jpg
E6603,,,,,F100047.jpg
E6604,,,,,F100048.jpg
E6605,,,,,F100049.jpg
E6606,,,,,F100050.jpg
E6607,,,,,F100051.jpg
E6608,,,,,F100052.jpg
E6609,,,,,F100053.jpg
E6610,,,,,F100054.jpg
E6611,,,,,F100055.jpg
E6612,,,,,F100056.jpg
E6613,,,,,F100057.jpg
E6614,,,,,F100058.jpg
E6615,,,,,F100059.jpg
E6616,,,,,F100060.jpg
E6617,,,,,F100061.jpg
E6618,,,,,F100062.jpg
E6619,,,,,F100063.jpg
E6620,,,,,F100064.jpg
E6621,,,,,F100065.jpg
E6622,,,,,F100066.jpg
E6623,,,,,F100067.jpg
E6624,,,,,F100068.jpg
E6625,,,,,F100069.jpg
E6626,,,,,F100070.jpg
E6627,,,,,F100071.jpg
E6628,,,,,F100072.jpg
E6629,,,,,F100073.jpg
E6630,,,,,F100074.jpg
E6631,,,,,F100075.jpg
E6632,,,,,F100076.jpg
E6633,,,,,F100077.jpg
E6634,,,,,F100078.jpg
E6635,,,,,F100079.jpg
E6636,,,,,F100080.jpg
E6637,,,,,F100081.jpg
E6638,,,,,F100082.jpg
E6639,,,,,F100083.jpg
E6640,,,,,F100084.jpg
E6641,,,,,F100085.jpg
E6642,,,,,F100086.jpg
E6643,,,,,F100087.jpg
E6644,,,,,F100088.jpg
E6645,,,,,F100089.jpg
E6646,,,,,F100090.jpg
E6647,,,,,F100091.jpg
E6648,,,,,F100092.jpg
E6649,,,,,F100093.jpg
E6650,,,,,F100094.jpg
E6651,,,,,F100095.jpg
E6652,,,,,F100096.jpg
E6653,,,,,F100097.jpg
E6654,,,,,F100098.jpg
E6655,,,,,F100099.jpg
E6656,,,,,F100100.jpg
E6657,,,,,F100101.jpg
E6658,,,,,F100102.jpg
E6659,,,,,F100103.jpg
E6660,,,,,F100104.jpg
E6661,,,,,F100105.jpg
E6662,,,,,F100106.jpg
E6663,,,,,F100107.jpg
E6664,,,,,F100108.jpg
E6665,,,,,F100109.jpg
E6666,,,,,F100110.jpg
E6667,,,,,F100111.jpg
E6668,,,,,F100112.jpg
E6669,,,,,F100113.jpg
E6670,,,,,F100114.jpg
E6671,,,,,F100115.jpg
E6672,,,,,F100116.jpg
E6673,,,,,F100117.jpg
E6674,,,,,F100118.jpg
E6675,,,,,F100119.jpg
E6676,,,,,F100120.jpg
E6677,,,,,F100121.jpg
E6678,,,,,F100122.jpg
E6679,,,,,F100123.jpg
E6680,,,,,F100124.jpg
E6681,,,,,F100125.jpg
E6682,,,,,F100126.jpg
E6683,,,,,F100127.jpg
E6684,,,,,F100128.jpg
E6685,,,,,F100129.jpg
E6686,,,,,F100130.jpg
E6687,,,,,F100131.jpg
E6688,,,,,F100132.jpg
E6689,,,,,F100133.jpg
E6690,,,,,F100134.jpg
E6691,,,,,F100135.jpg
E6692,,,,,F100136.jpg
E6693,,,,,F100137.jpg
E6694,,,,,F100138.jpg
E6695,,,,,F100139.jpg
E6696,,,,,F100140.jpg
E6697,,,,,F100141.jpg
E6698,,,,,F100142.jpg
E6699,,,,,F100143.jpg
E6700,,,,,F100144.jpg
E6701,,,,,F100145.jpg
E6702,,,,,F100146.jpg
E6703,,,,,F100147.jpg
E6704,,,,,F100148.jpg
E6705,,,,,F100149.jpg
E6706,,,,,F100150.jpg
E6707,,,,,F100151.jpg
E6708,,,,,F100152.jpg
E6709,,,,,F100153.jpg
E6710,,,,,F100154.jpg
E6711,,,,,F100155.jpg
E6712,,,,,F100156.jpg
E6713,,,,,F100157.jpg
E6714,,,,,F100158.jpg
E6715,,,,,F100159.jpg
E6716,,,,,F100160.jpg
E6717,,,,,F100161.jpg
E6718,,,,,F100162.jpg
E6719,,,,,F100163.jpg
E6720,,,,,F100164.jpg
E6721,,,,,F100165.jpg
E6722,,,,,F100166.jpg
E6723,,,,,F100167.jpg
E6724,,,,,F100168.jpg
E6725,,,,,F100169.jpg
E6726,,,,,F100170.jpg
E6727,,,,,F100171.jpg
E6728,,,,,F100172.jpg
E6729,,,,,F100173.jpg
E6730,,,,,F100174.jpg
E6731,,,,,F100175.jpg
E6732,,,,,F100176.jpg
E6733,,,,,F100177.jpg
E6734,,,,,F100178.jpg
E6735,,,,,F100179.jpg
E6736,,,,,F100180.jpg
E6737,,,,,F100181.jpg
E6738,,,,,F100182.jpg
E6739,,,,,F100183.jpg
E6740,,,,,F100184.jpg
E6741,,,,,F100185.jpg
E6742,,,,,F100186.jpg
E6743,,,,,F100187.jpg
E6744,,,,,F100188.jpg
E6745,,,,,F100189.jpg
E6746,,,,,F100190.jpg
E6747,,,,,F100191.jpg
E6748,,,,,F100192.jpg
E6749,,,,,F100193.jpg
E6750,,,,,F100194.jpg
E6751,,,,,F100195.jpg
E6752,,,,,F100196.jpg
E6753,,,,,F100197.jpg
E6754,,,,,F100198.jpg
E6755,,,,,F100199.jpg
E6756,,,,,F100200.jpg
E6757,,,,,F100201.jpg
E6758,,,,,F100202.jpg
E6759,,,,,F100203.jpg
E6760,,,,,F100204.jpg
E6761,,,,,F100205.jpg
E6762,,,,,F100206.jpg
E6763,,,,,F100207.jpg
E6764,,,,,F100208.jpg
E6765,,,,,F100209.jpg
E6766,,,,,F100210.jpg
E6767,,,,,F100211.jpg
E6768,,,,,F100212.jpg
E6769,,,,,F100213.jpg
E6770,,,,,F100214.jpg
E6771,,,,,F100215.jpg
E6772,,,,,F100216.jpg
E6773,,,,,F100217.jpg
E6774,,,,,F100218.jpg
E6775,,,,,F100219.jpg
E6776,,,,,F100220.jpg
E6777,,,,,F100221.jpg
E6778,,,,,F100222.jpg
E6779,,,,,F100223.jpg
E6780,,,,,F100224.jpg
E6781,,,,,F100225.jpg
E6782,,,,,F100226.jpg
E6783,,,,,F100227.jpg
E6784,,,,,F100228.jpg
E6785,,,,,F100229.jpg
E6786,,,,,F100230.jpg
E6787,,,,,F100231.jpg
E6788,,,,,F100232.jpg
E6789,,,,,F100233.jpg
E6790,,,,,F100234.jpg
E6791,,,,,F100235.jpg
E6792,,,,,F100236.jpg
E6793,,,,,F100237.jpg
E6794,,,,,F100238.jpg
E6795,,,,,F100239.jpg
E6796,,,,,F100240.jpg
E6797,,,,,F100241.jpg
E6798,,,,,F100242.jpg
E6799,,,,,F100243.jpg
E6800,,,,,F100244.jpg
E6801,,,,,F100245.jpg
E6802,,,,,F100246.jpg
E6803,,,,,F100247.jpg
E6804,,,,,F100248.jpg
E6805,,,,,F100249.jpg
E6806,,,,,F100250.jpg
E6807,,,,,F100251.jpg
E6808,,,,,F100252.jpg
E6809,,,,,F100253.jpg
E6810,,,,,F100254.jpg
E6811,,,,,F100255.jpg
E6812,,,,,F100256.jpg
E6813,,,,,F100257.jpg
E6814,,,,,F100258.jpg
E6815,,,,,F100259.jpg
E6816,,,,,F100260.jpg
E6817,,,,,F100261.jpg
E6818,,,,,F100262.jpg
E6819,,,,,F100263.jpg
E6820,,,,,F100264.jpg
E6821,,,,,F100265.jpg
E6822,,,,,F100266.jpg
E6823,,,,,F100267.jpg
E6824,,,,,F100268.jpg
E6825,,,,,F100269.jpg
E6826,,,,,F100270.jpg
E6827,,,,,F100271.jpg
E6828,,,,,F100272.jpg
E6829,,,,,F100273.jpg
E6830,,,,,F100274.jpg
E6831,,,,,F100275.jpg
E6832,,,,,F100276.jpg
E6833,,,,,F100277.jpg
E6834,,,,,F100278.jpg
E6835,,,,,F100279.jpg
E6836,,,,,F100280.jpg
E6837,,,,,F100281.jpg
E6838,,,,,F100282.jpg
E6839,,,,,F100283.jpg
E6840,,,,,F100284.jpg
E6841,,,,,F100285.jpg
E6842,,,,,F100286.jpg
E6843,,,,,F100287.jpg
E6844,,,,,F100288.jpg
E6845,,,,,F100289.jpg
E6846,,,,,F100290.jpg
E6847,,,,,F100291.jpg
E6848,,,,,F100292.jpg
E6849,,,,,F100293.jpg
E6850,,,,,F100294.jpg
E6851,,,,,F100295.jpg
E6852,,,,,F100296.jpg
E6853,,,,,F100297.jpg
E6854,,,,,F100298.jpg
E6855,,,,,F100299.jpg
E6856,,,,,F100300.jpg
E6857,,,,,F100301.jpg
E6858,,,,,F100302.jpg
E6859,,,,,F100303.jpg
E6860,,,,,F100304.jpg
E6861,,,,,F100305.jpg
E6862,,,,,F100306.jpg
E6863,,,,,F100307.jpg
E6864,,,,,F100308.jpg
E6865,,,,,F100309.jpg
E6866,,,,,F100310.jpg
E6867,,,,,F100311.jpg
E6868,,,,,F100312.jpg
E6869,,,,,F100313.jpg
E6870,,,,,F100314.jpg
E6871,,,,,F100315.jpg
E6872,,,,,F100316.jpg
E6873,,,,,F100317.jpg
E6874,,,,,F100318.jpg
E6875,,,,,F100319.jpg
E6876,,,,,F100320.jpg
E6877,,,,,F100321.jpg
E6878,,,,,F100322.jpg
E6879,,,,,F100323.jpg
E6880,,,,,F100324.jpg
E6881,,,,,F100325.jpg
E6882,,,,,F100326.jpg
E6883,,,,,F100327.jpg
E6884,,,,,F100328.jpg
E6885,,,,,F100329.jpg
E6886,,,,,F100330.jpg
E6887,,,,,F100331.jpg
E6888,,,,,F100332.jpg
E6889,,,,,F100333.jpg
E6890,,,,,F100334.jpg
E6891,,,,,F100335.jpg
E6892,,,,,F100336.jpg
E6893,,,,,F100337.jpg
E6894,,,,,F100338.jpg
E6895,,,,,F100339.jpg
E6896,,,,,F100340.jpg
E6897,,,,,F100341.jpg
E6898,,,,,F100342.jpg
E6899,,,,,F100343.jpg
E6900,,,,,F100344.jpg
E6901,,,,,F100345.jpg
E6902,,,,,F100346.jpg
E6903,,,,,F100347.jpg
E6904,,,,,F100348.jpg
E6905,,,,,F100349.jpg
E6906,,,,,F100350.jpg
E6907,,,,,F100351.jpg
E6908,,,,,F100352.jpg
E6909,,,,,F100353.jpg
E6910,,,,,F100354.jpg
E6911,,,,,F100355.jpg
E6912,,,,,F100356.jpg
E6913,,,,,F100357.jpg
E6914,,,,,F100358.jpg
E6915,,,,,F100359.jpg
E6916,,,,,F100360.jpg
E6917,,,,,F100361.jpg
E6918,,,,,F100362.jpg
E6919,,,,,F100363.jpg
E6920,,,,,F100364.jpg
E6921,,,,,F100365.jpg
E6922,,,,,F100366.jpg
E6923,,,,,F100367.jpg
E6924,,,,,F100368.jpg
E6925,,,,,F100369.jpg
E6926,,,,,F100370.jpg
E6927,,,,,F100371.jpg
E6928,,,,,F100372.jpg
E6929,,,,,F100373.jpg
E6930,,,,,F100374.jpg
E6931,,,,,F100375.jpg
E6932,,,,,F100376.jpg
E6933,,,,,F100377.jpg
E6934,,,,,F100378.jpg
E6935,,,,,F100379.jpg
E6936,,,,,F100380.jpg
E6937,,,,,F100381.jpg
E6938,,,,,F100382.jpg
E6939,,,,,F100383.jpg
E6940,,,,,F100384.jpg
E6941,,,,,F100385.jpg
E6942,,,,,F100386.jpg
E6943,,,,,F100387.jpg
E6944,,,,,F100388.jpg
E6945,,,,,F100389.jpg
E6946,,,,,F100390.jpg
E6947,,,,,F100391.jpg
E6948,,,,,F100392.jpg
E6949,,,,,F100393.jpg
E6950,,,,,F100394.jpg
E6951,,,,,F100395.jpg
E6952,,,,,F100396.jpg
E6953,,,,,F100397.jpg
E6954,,,,,F100398.jpg
E6955,,,,,F100399.jpg
E6956,,,,,F100400.jpg
E6957,,,,,F100401.jpg
E6958,,,,,F100402.jpg
E6959,,,,,F100403.jpg
E6960,,,,,F100404.jpg
E6961,,,,,F100405.jpg
E6962,,,,,F100406.jpg
E6963,,,,,F100407.jpg
E6964,,,,,F100408.jpg
E6965,,,,,F100409.jpg
E6966,,,,,F100410.jpg
E6967,,,,,F100411.jpg
E6968,,,,,F100412.jpg
E6969,,,,,F100413.jpg
E6970,,,,,F100414.jpg
E6971,,,,,F100415.jpg
E6972,,,,,F100416.jpg
E6973,,,,,F100417.jpg
E6974,,,,,F100418.jpg
E6975,,,,,F100419.jpg
E6976,,,,,F100420.jpg
E6977,,,,,F100421.jpg
E6978,,,,,F100422.jpg
E6979,,,,,F100423.jpg
E6980,,,,,F100424.jpg
E6981,,,,,F100425.jpg
E6982,,,,,F100426.jpg
E6983,,,,,F100427.jpg
E6984,,,,,F100428.jpg
E6985,,,,,F100429.jpg
E6986,,,,,F100430.jpg
E6987,,,,,F100431.jpg
E6988,,,,,F100432.jpg
E6989,,,,,F100433.jpg
E6990,,,,,F100434.jpg
E6991,,,,,F100435.jpg
E6992,,,,,F100436.jpg
E6993,,,,,F100437.jpg
E6994,,,,,F100438.jpg
E6995,,,,,F100439.jpg
E6996,,,,,F100440.jpg
E6997,,,,,F100441.jpg
E6998,,,,,F100442.jpg
E6999,,,,,F100443.jpg
E7000,,,,,F100444.jpg
E7001,,,,,F100445.jpg
E7002,,,,,F100446.jpg
E7003,,,,,F100447.jpg
E7004,,,,,F100448.jpg
E7005,,,,,F100449.jpg
E7006,,,,,F100450.jpg
E7007,,,,,F100451.jpg
E7008,,,,,F100452.jpg
E7009,,,,,F100453.jpg
E7010,,,,,F100454.jpg
E7011,,,,,F100455.jpg
E7012,,,,,F100456.jpg
E7013,,,,,F100457.jpg
E7014,,,,,F100458.jpg
E7015,,,,,F100459.jpg
E7016,,,,,F100460.jpg
E7017,,,,,F100461.jpg
E7018,,,,,F100462.jpg
E7019,,,,,F100463.jpg
E7020,,,,,F100464.jpg
E7021,,,,,F100465.jpg
E7022,,,,,F100466.jpg
E7023,,,,,F100467.jpg
E7024,,,,,F100468.jpg
E7025,,,,,F100469.jpg
E7026,,,,,F100470.jpg
E7027,,,,,F100471.jpg
E7028,,,,,F100472.jpg
E7029,,,,,F100473.jpg
E7030,,,,,F100474.jpg
E7031,,,,,F100475.jpg
E7032,,,,,F100476.jpg
E7033,,,,,F100477.jpg
E7034,,,,,F100478.jpg
E7035,,,,,F100479.jpg
E7036,,,,,F100480.jpg
E7037,,,,,F100481.jpg
E7038,,,,,F100482.jpg
E7039,,,,,F100483.jpg
E7040,,,,,F100484.jpg
E7041,,,,,F100485.jpg
E7042,,,,,F100486.jpg
E7043,,,,,F100487.jpg
E7044,,,,,F100488.jpg
E7045,,,,,F100489.jpg
E7046,,,,,F100490.jpg
E7047,,,,,F100491.jpg
E7048,,,,,F100492.jpg
E7049,,,,,F100493.jpg
E7050,,,,,F100494.jpg
E7051,,,,,F100495.jpg
E7052,,,,,F100496.jpg
E7053,,,,,F100497.jpg
E7054,,,,,F100498.jpg
E7055,,,,,F100499.jpg
E7056,,,,,F100500.jpg
E7057,,,,,F100501.jpg
E7058,,,,,F100502.jpg
E7059,,,,,F100503.jpg
E7060,,,,,F100504.jpg
E7061,,,,,F100505.jpg
E7062,,,,,F100506.jpg
E7063,,,,,F100507.jpg
E7064,,,,,F100508.jpg
E7065,,,,,F100509.jpg
E7066,,,,,F100510.jpg
E7067,,,,,F100511.jpg
E7068,,,,,F100512.jpg
E7069,,,,,F100513.jpg
E7070,,,,,F100514.jpg
E7071,,,,,F100515.jpg
E7072,,,,,F100516.jpg
E7073,,,,,F100517.jpg
E7074,,,,,F100518.jpg
E7075,,,,,F100519.jpg
E7076,,,,,F100520.jpg
E7077,,,,,F100521.jpg
E7078,,,,,F100522.jpg
E7079,,,,,F100523.jpg
E7080,,,,,F100524.jpg
E7081,,,,,F100525.jpg
E7082,,,,,F100526.jpg
E7083,,,,,F100527.jpg
E7084,,,,,F100528.jpg
E7085,,,,,F100529.jpg
E7086,,,,,F100530.jpg
E7087,,,,,F100531.jpg
E7088,,,,,F100532.jpg
E7089,,,,,F100533.jpg
E7090,,,,,F100534.jpg
E7091,,,,,F100535.jpg
E7092,,,,,F100536.jpg
E7093,,,,,F100537.jpg
E7094,,,,,F100538.jpg
E7095,,,,,F100539.jpg
E7096,,,,,F100540.jpg
E7097,,,,,F100541.jpg
E7098,,,,,F100542.jpg
E7099,,,,,F100543.jpg
E7100,,,,,F100544.jpg
E7101,,,,,F100545.jpg
E7102,,,,,F100546.jpg
E7103,,,,,F100547.jpg
E7104,,,,,F100548.jpg
E7105,,,,,F100549.jpg
E7106,,,,,F100550.jpg
E7107,,,,,F100551.jpg
E7108,,,,,F100552.jpg
E7109,,,,,F100553.jpg
E7110,,,,,F100554.jpg
E7111,,,,,F100555.jpg
E7112,,,,,F100556.jpg
E7113,,,,,F100557.jpg
E7114,,,,,F100558.jpg
E7115,,,,,F100559.jpg
E7116,,,,,F100560.jpg
E7117,,,,,F100561.jpg
E7118,,,,,F100562.jpg
E7119,,,,,F100563.jpg
E7120,,,,,F100564.jpg
E7121,,,,,F100565.jpg
E7122,,,,,F100566.jpg
E7123,,,,,F100567.jpg
E7124,,,,,F100568.jpg
E7125,,,,,F100569.jpg
E7126,,,,,F100570.jpg
E7127,,,,,F100571.jpg
E7128,,,,,F100572.jpg
E7129,,,,,F100573.jpg
E7130,,,,,F100574.jpg
E7131,,,,,F100575.jpg
E7132,,,,,F100576.jpg
E7133,,,,,F100577.jpg
E7134,,,,,F100578.jpg
E7135,,,,,F100579.jpg
E7136,,,,,F100580.jpg
E7137,,,,,F100581.jpg
E7138,,,,,F100582.jpg
E7139,,,,,F100583.jpg
E7140,,,,,F100584.jpg
E7141,,,,,F100585.jpg
E7142,,,,,F100586.jpg
E7143,,,,,F100587.jpg
E7144,,,,,F100588.jpg
E7145,,,,,F100589.jpg
E7146,,,,,F100590.jpg
E7147,,,,,F100591.jpg
E7148,,,,,F100592.jpg
E7149,,,,,F100593.jpg
E7150,,,,,F100594.jpg
E7151,,,,,F100595.jpg
E7152,,,,,F100596.jpg
E7153,,,,,F100597.jpg
E7154,,,,,F100598.jpg
E7155,,,,,F100599.jpg
E7156,,,,,F100600.jpg
E7157,,,,,F100601.jpg
E7158,,,,,F100602.jpg
E7159,,,,,F100603.jpg
E7160,,,,,F100604.jpg
E7161,,,,,F100605.jpg
E7162,,,,,F100606.jpg
E7163,,,,,F100607.jpg
E7164,,,,,F100608.jpg
E7165,,,,,F100609.jpg
E7166,,,,,F100610.jpg
E7167,,,,,F100611.jpg
E7168,,,,,F100612.jpg
E7169,,,,,F100613.jpg
E7170,,,,,F100614.jpg
E7171,,,,,F100615.jpg
E7172,,,,,F100616.jpg
E7173,,,,,F100617.jpg
E7174,,,,,F100618.jpg
E7175,,,,,F100619.jpg
E7176,,,,,F100620.jpg
E7177,,,,,F100621.jpg
E7178,,,,,F100622.jpg
E7179,,,,,F100623.jpg
E7180,,,,,F100624.jpg
E7181,,,,,F100625.jpg
E7182,,,,,F100626.jpg
E7183,,,,,F100627.jpg
E7184,,,,,F100628.jpg
E7185,,,,,F100629.jpg
E7186,,,,,F100630.jpg
E7187,,,,,F100631.jpg
E7188,,,,,F100632.jpg
E7189,,,,,F100633.jpg
E7190,,,,,F100634.jpg
E7191,,,,,F100635.jpg
E7192,,,,,F100636.jpg
E7193,,,,,F100637.jpg
E7194,,,,,F100638.jpg
E7195,,,,,F100639.jpg
E7196,,,,,F100640.jpg
E7197,,,,,F100641.jpg
E7198,,,,,F100642.jpg
E7199,,,,,F100643.jpg
E7200,,,,,F100644.jpg
E7201,,,,,F100645.jpg
E7202,,,,,F100646.jpg
E7203,,,,,F100647.jpg
E7204,,,,,F100648.jpg
E7205,,,,,F100649.jpg
E7206,,,,,F100650.jpg
E7207,,,,,F100651.jpg
E7208,,,,,F100652.jpg
E7209,,,,,F100653.jpg
E7210,,,,,F100654.jpg
E7211,,,,,F100655.jpg
E7212,,,,,F100656.jpg
E7213,,,,,F100657.jpg
E7214,,,,,F100658.jpg
E7215,,,,,F100659.jpg
E7216,,,,,F100660.jpg
E7217,,,,,F100661.jpg
E7218,,,,,F100662.jpg
E7219,,,,,F100663.jpg
E7220,,,,,F100664.jpg
E7221,,,,,F100665.jpg
E7222,,,,,F100666.jpg
E7223,,,,,F100667.jpg
E7224,,,,,F100668.jpg
E7225,,,,,F100669.jpg
E7226,,,,,F100670.jpg
E7227,,,,,F100671.jpg
E7228,,,,,F100672.jpg
E7229,,,,,F100673.jpg
E7230,,,,,F100674.jpg
E7231,,,,,F100675.jpg
E7232,,,,,F100676.jpg
E7233,,,,,F100677.jpg
E7234,,,,,F100678.jpg
E7235,,,,,F100679.jpg
E7236,,,,,F100680.jpg
E7237,,,,,F100681.jpg
E7238,,,,,F100682.jpg
E7239,,,,,F100683.jpg
E7240,,,,,F100684.jpg
E7241,,,,,F100685.jpg
E7242,,,,,F100686.jpg
E7243,,,,,F100687.jpg
E7244,,,,,F100688.jpg
E7245,,,,,F100689.jpg
E7246,,,,,F100690.jpg
E7247,,,,,F100691.jpg
E7248,,,,,F100692.jpg
E7249,,,,,F100693.jpg
E7250,,,,,F100694.jpg
E7251,,,,,F100695.jpg
E7252,,,,,F100696.jpg
E7253,,,,,F100697.jpg
E7254,,,,,F100698.jpg
E7255,,,,,F100699.jpg
E7256,,,,,F100700.jpg
E7257,,,,,F100701.jpg
E7258,,,,,F100702.jpg
E7259,,,,,F100703.jpg
E7260,,,,,F100704.jpg
E7261,,,,,F100705.jpg
E7262,,,,,F100706.jpg
E7263,,,,,F100707.jpg
E7264,,,,,F100708.jpg
E7265,,,,,F100709.jpg
E7266,,,,,F100710.jpg
E7267,,,,,F100711.jpg
E7268,,,,,F100712.jpg
E7269,,,,,F100713.jpg
E7270,,,,,F100714.jpg
E7271,,,,,F100715.jpg
E7272,,,,,F100716.jpg
E7273,,,,,F100717.jpg
E7274,,,,,F100718.jpg
E7275,,,,,F100719.jpg
E7276,,,,,F100720.jpg
E7277,,,,,F100721.jpg
E7278,,,,,F100722.jpg
E7279,,,,,F100723.jpg
E7280,,,,,F100724.jpg
E7281,,,,,F100725.jpg
E7282,,,,,F100726.jpg
E7283,,,,,F100727.jpg
E7284,,,,,F100728.jpg
E7285,,,,,F100729.jpg
E7286,,,,,F100730.jpg
E7287,,,,,F100731.jpg
E7288,,,,,F100732.jpg
E7289,,,,,F100733.jpg
E7290,,,,,F100734.jpg
E7291,,,,,F100735.jpg
E7292,,,,,F100736.jpg
E7293,,,,,F100737.jpg
E7294,,,,,F100738.jpg
E7295,,,,,F100739.jpg
E7296,,,,,F100740.jpg
E7297,,,,,F100741.jpg
E7298,,,,,F100742.jpg
E7299,,,,,F100743.jpg
E7300,,,,,F100744.jpg
E7301,,,,,F100745.jpg
E7302,,,,,F100746.jpg
E7303,,,,,F100747.jpg
E7304,,,,,F100748.jpg
E7305,,,,,F100749.jpg
E7306,,,,,F100750.jpg
E7307,,,,,F100751.jpg
E7308,,,,,F100752.jpg
E7309,,,,,F100753.jpg
E7310,,,,,F100754.jpg
E7311,,,,,F100755.jpg
E7312,,,,,F100756.jpg
E7313,,,,,F100757.jpg
E7314,,,,,F100758.jpg
E7315,,,,,F100759.jpg
E7316,,,,,F100760.jpg
E7317,,,,,F100761.jpg
E7318,,,,,F100762.jpg
E7319,,,,,F100763.jpg
E7320,,,,,F100764.jpg
E7321,,,,,F100765.jpg
E7322,,,,,F100766.jpg
E7323,,,,,F100767.jpg
E7324,,,,,F100768.jpg
E7325,,,,,F100769.jpg
E7326,,,,,F100770.jpg
E7327,,,,,F100771.jpg
E7328,,,,,F100772.jpg
E7329,,,,,F100773.jpg
E7330,,,,,F100774.jpg
E7331,,,,,F100775.jpg
E7332,,,,,F100776.jpg
E7333,,,,,F100777.jpg
E7334,,,,,F100778.jpg
E7335,,,,,F100779.jpg
E7336,,,,,F100780.jpg
E7337,,,,,F100781.jpg
E7338,,,,,F100782.jpg
E7339,,,,,F100783.jpg
E7340,,,,,F100784.jpg
E7341,,,,,F100785.jpg
E7342,,,,,F100786.jpg
E7343,,,,,F100787.jpg
E7344,,,,,F100788.jpg
E7345,,,,,F100789.jpg
E7346,,,,,F100790.jpg
E7347,,,,,F100791.jpg
E7348,,,,,F100792.jpg
E7349,,,,,F100793.jpg
E7350,,,,,F100794.jpg
E7351,,,,,F100795.jpg
E7352,,,,,F100796.jpg
E7353,,,,,F100797.jpg
E7354,,,,,F100798.jpg
E7355,,,,,F100799.jpg
E7356,,,,,F100800.jpg
E7357,,,,,F100801.jpg
E7358,,,,,F100802.jpg
E7359,,,,,F100803.jpg
E7360,,,,,F100804.jpg
E7361,,,,,F100805.jpg
E7362,,,,,F100806.jpg
E7363,,,,,F100807.jpg
E7364,,,,,F100808.jpg
E7365,,,,,F100809.jpg
E7366,,,,,F100810.jpg
E7367,,,,,F100811.jpg
E7368,,,,,F100812.jpg
E7369,,,,,F100813.jpg
E7370,,,,,F100814.jpg
E7371,,,,,F100815.jpg
E7372,,,,,F100816.jpg
E7373,,,,,F100817.jpg
E7374,,,,,F100818.jpg
E7375,,,,,F100819.jpg
E7376,,,,,F100820.jpg
E7377,,,,,F100821.jpg
E7378,,,,,F100822.jpg
E7379,,,,,F100823.jpg
E7380,,,,,F100824.jpg
E7381,,,,,F100825.jpg
E7382,,,,,F100826.jpg
E7383,,,,,F100827.jpg
E7384,,,,,F100828.jpg
E7385,,,,,F100829.jpg
E7386,,,,,F100830.jpg
E7387,,,,,F100831.jpg
E7388,,,,,F100832.jpg
E7389,,,,,F100833.jpg
E7390,,,,,F100834.jpg
E7391,,,,,F100835.jpg
E7392,,,,,F100836.jpg
E7393,,,,,F100837.jpg
E7394,,,,,F100838.jpg
E7395,,,,,F100839.jpg
E7396,,,,,F100840.jpg
E7397,,,,,F100841.jpg
E7398,,,,,F100842.jpg
E7399,,,,,F100843.jpg
E7400,,,,,F100844.jpg
E7401,,,,,F100845.jpg
E7402,,,,,F100846.jpg
E7403,,,,,F100847.jpg
E7404,,,,,F100848.jpg
E7405,,,,,F100849.jpg
E7406,,,,,F100850.jpg
E7407,,,,,F100851.jpg
E7408,,,,,F100852.jpg
E7409,,,,,F100853.jpg
E7410,,,,,F100854.jpg
E7411,,,,,F100855.jpg
E7412,,,,,F100856.jpg
E7413,,,,,F100857.jpg
E7414,,,,,F100858.jpg
E7415,,,,,F100859.jpg
E7416,,,,,F100860.jpg
E7417,,,,,F100861.jpg
E7418,,,,,F100862.jpg
E7419,,,,,F100863.jpg
E7420,,,,,F100864.jpg
E7421,,,,,F100865.jpg
E7422,,,,,F100866.jpg
E7423,,,,,F100867.jpg
E7424,,,,,F100868.jpg
E7425,,,,,F100869.jpg
E7426,,,,,F100870.jpg
E7427,,,,,F100871.jpg
E7428,,,,,F100872.jpg
E7429,,,,,F100873.jpg
E7430,,,,,F100874.jpg
E7431,,,,,F100875.jpg
E7432,,,,,F100876.jpg
E7433,,,,,F100877.jpg
E7434,,,,,F100878.jpg
E7435,,,,,F100879.jpg
E7436,,,,,F100880.jpg
E7437,,,,,F100881.jpg
E7438,,,,,F100882.jpg
E7439,,,,,F100883.jpg
E7440,,,,,F100884.jpg
E7441,,,,,F100885.jpg
E7442,,,,,F100886.jpg
E7443,,,,,F100887.jpg
E7444,,,,,F100888.jpg
E7445,,,,,F100889.jpg
E7446,,,,,F100890.jpg
E7447,,,,,F100891.jpg
E7448,,,,,F100892.jpg
E7449,,,,,F100893.jpg
E7450,,,,,F100894.jpg
E7451,,,,,F100895.jpg
E7452,,,,,F100896.jpg
E7453,,,,,F100897.jpg
E7454,,,,,F100898.jpg
E7455,,,,,F100899.jpg
E7456,,,,,F100900.jpg
E7457,,,,,F100901.jpg
E7458,,,,,F100902.jpg
E7459,,,,,F100903.jpg
E7460,,,,,F100904.jpg
E7461,,,,,F100905.jpg
E7462,,,,,F100906.jpg
E7463,,,,,F100907.jpg
E7464,,,,,F100908.jpg
E7465,,,,,F100909.jpg
E7466,,,,,F100910.jpg
E7467,,,,,F100911.jpg
E7468,,,,,F100912.jpg
E7469,,,,,F100913.jpg
E7470,,,,,F100914.jpg
E7471,,,,,F100915.jpg
E7472,,,,,F100916.jpg
E7473,,,,,F100917.jpg
E7474,,,,,F100918.jpg
E7475,,,,,F100919.jpg
E7476,,,,,F100920.jpg
E7477,,,,,F100921.jpg
E7478,,,,,F100922.jpg
E7479,,,,,F100923.jpg
E7480,,,,,F100924.jpg
E7481,,,,,F100925.jpg
E7482,,,,,F100926.jpg
E7483,,,,,F100927.jpg
E7484,,,,,F100928.jpg
E7485,,,,,F100929.jpg
E7486,,,,,F100930.jpg
E7487,,,,,F100931.jpg
E7488,,,,,F100932.jpg
E7489,,,,,F100933.jpg
E7490,,,,,F100934.jpg
E7491,,,,,F100935.jpg
E7492,,,,,F100936.jpg
E7493,,,,,F100937.jpg
E7494,,,,,F100938.jpg
E7495,,,,,F100939.jpg
E7496,,,,,F100940.jpg
E7497,,,,,F100941.jpg
E7498,,,,,F100942.jpg
E7499,,,,,F100943.jpg
E7500,,,,,F100944.jpg
E7501,,,,,F100945.jpg
E7502,,,,,F100946.jpg
E7503,,,,,F100947.jpg
E7504,,,,,F100948.jpg
E7505,,,,,F100949.jpg
E7506,,,,,F100950.jpg
E7507,,,,,F100951.jpg
E7508,,,,,F100952.jpg
E7509,,,,,F100953.jpg
E7510,,,,,F100954.jpg
E7511,,,,,F100955.jpg
E7512,,,,,F100956.jpg
E7513,,,,,F100957.jpg
E7514,,,,,F100958.jpg
E7515,,,,,F100959.jpg
E7516,,,,,F100960.jpg
E7517,,,,,F100961.jpg
E7518,,,,,F100962.jpg
E7519,,,,,F100963.jpg
E7520,,,,,F100964.jpg
E7521,,,,,F100965.jpg
E7522,,,,,F100966.jpg
E7523,,,,,F100967.jpg
E7524,,,,,F100968.jpg
E7525,,,,,F100969.jpg
E7526,,,,,F100970.jpg
E7527,,,,,F100971.jpg
E7528,,,,,F100972.jpg
E7529,,,,,F100973.jpg
E7530,,,,,F100974.jpg
E7531,,,,,F100975.jpg
E7532,,,,,F100976.jpg
E7533,,,,,F100977.jpg
E7534,,,,,F100978.jpg
E7535,,,,,F100979.jpg
E7536,,,,,F100980.jpg
E7537,,,,,F100981.jpg
E7538,,,,,F100982.jpg
E7539,,,,,F100983.jpg
E7540,,,,,F100984.jpg
E7541,,,,,F100985.jpg
E7542,,,,,F100986.jpg
E7543,,,,,F100987.jpg
E7544,,,,,F100988.jpg
E7545,,,,,F100989.jpg
E7546,,,,,F100990.jpg
E7547,,,,,F100991.jpg
E7548,,,,,F100992.jpg
E7549,,,,,F100993.jpg
E7550,,,,,F100994.jpg
E7551,,,,,F100995.jpg
E7552,,,,,F100996.jpg
E7553,,,,,F100997.jpg
E7554,,,,,F100998.jpg
E7555,,,,,F100999.jpg
E7556,,,,,F101000.jpg
E7557,,,,,F101001.jpg
E7558,,,,,F101002.jpg
E7559,,,,,F101003.jpg
E7560,,,,,F101004.jpg
E7561,,,,,F101005.jpg
E7562,,,,,F101006.jpg
E7563,,,,,F101007.jpg
E7564,,,,,F101008.jpg
E7565,,,,,F101009.jpg
E7566,,,,,F101010.jpg
E7567,,,,,F101011.jpg
E7568,,,,,F101012.jpg
E7569,,,,,F101013.jpg
E7570,,,,,F101014.jpg
E7571,,,,,F101015.jpg
E7572,,,,,F101016.jpg
E7573,,,,,F101017.jpg
E7574,,,,,F101018.jpg
E7575,,,,,F101019.jpg
E7576,,,,,F101020.jpg
E7577,,,,,F101021.jpg
E7578,,,,,F101022.jpg
E7579,,,,,F101023.jpg
E7580,,,,,F101024.jpg
E7581,,,,,F101025.jpg
E7582,,,,,F101026.jpg
E7583,,,,,F101027.jpg
E7584,,,,,F101028.jpg
E7585,,,,,F101029.jpg
E7586,,,,,F101030.jpg
E7587,,,,,F101031.jpg
E7588,,,,,F101032.jpg
E7589,,,,,F101033.jpg
E7590,,,,,F101034.jpg
E7591,,,,,F101035.jpg
E7592,,,,,F101036.jpg
E7593,,,,,F101037.jpg
E7594,,,,,F101038.jpg
E7595,,,,,F101039.jpg
E7596,,,,,F101040.jpg
E7597,,,,,F101041.jpg
E7598,,,,,F101042.jpg
E7599,,,,,F101043.jpg
E7600,,,,,F101044.jpg
E7601,,,,,F101045.jpg
E7602,,,,,F101046.jpg
E7603,,,,,F101047.jpg
E7604,,,,,F101048.jpg
E7605,,,,,F101049.jpg
E7606,,,,,F101050.jpg
E7607,,,,,F101051.jpg
E7608,,,,,F101052.jpg
E7609,,,,,F101053.jpg
E7610,,,,,F101054.jpg
E7611,,,,,F101055.jpg
E7612,,,,,F101056.jpg
E7613,,,,,F101057.jpg
E7614,,,,,F101058.jpg
E7615,,,,,F101059.jpg
E7616,,,,,F101060.jpg
E7617,,,,,F101061.jpg
E7618,,,,,F101062.jpg
E7619,,,,,F101063.jpg
E7620,,,,,F101064.jpg
E7621,,,,,F101065.jpg
E7622,,,,,F101066.jpg
E7623,,,,,F101067.jpg
E7624,,,,,F101068.jpg
E7625,,,,,F101069.jpg
E7626,,,,,F101070.jpg
E7627,,,,,F101071.jpg
E7628,,,,,F101072.jpg
E7629,,,,,F101073.jpg
E7630,,,,,F101074.jpg
E7631,,,,,F101075.jpg
E7632,,,,,F101076.jpg
E7633,,,,,F101077.jpg
E7634,,,,,F101078.jpg
E7635,,,,,F101079.jpg
E7636,,,,,F101080.jpg
E7637,,,,,F101081.jpg
E7638,,,,,F101082.jpg
E7639,,,,,F101083.jpg
E7640,,,,,F101084.jpg
E7641,,,,,F101085.jpg
E7642,,,,,F101086.jpg
E7643,,,,,F101087.jpg
E7644,,,,,F101088.jpg
E7645,,,,,F101089.jpg
E7646,,,,,F101090.jpg
E7647,,,,,F101091.jpg
E7648,,,,,F101092.jpg
E7649,,,,,F101093.jpg
E7650,,,,,F101094.jpg
E7651,,,,,F101095.jpg
E7652,,,,,F101096.jpg
E7653,,,,,F101097.jpg
E7654,,,,,F101098.jpg
E7655,,,,,F101099.jpg
E7656,,,,,F101100.jpg
E7657,,,,,F101101.jpg
E7658,,,,,F101102.jpg
E7659,,,,,F101103.jpg
E7660,,,,,F101104.jpg
E7661,,,,,F101105.jpg
E7662,,,,,F101106.jpg
E7663,,,,,F101107.jpg
E7664,,,,,F101108.jpg
E7665,,,,,F101109.jpg
E7666,,,,,F101110.jpg
E7667,,,,,F101111.jpg
E7668,,,,,F101112.jpg
E7669,,,,,F101113.jpg
E7670,,,,,F101114.jpg
E7671,,,,,F101115.jpg
E7672,,,,,F101116.jpg
E7673,,,,,F101117.jpg
E7674,,,,,F101118.jpg
E7675,,,,,F101119.jpg
E7676,,,,,F101120.jpg
E7677,,,,,F101121.jpg
E7678,,,,,F101122.jpg
E7679,,,,,F101123.jpg
E7680,,,,,F101124.jpg
E7681,,,,,F101125.jpg
E7682,,,,,F101126.jpg
E7683,,,,,F101127.jpg
E7684,,,,,F101128.jpg
E7685,,,,,F101129.jpg
E7686,,,,,F101130.jpg
E7687,,,,,F101131.jpg
E7688,,,,,F101132.jpg
E7689,,,,,F101133.jpg
E7690,,,,,F101134.jpg
E7691,,,,,F101135.jpg
E7692,,,,,F101136.jpg
E7693,,,,,F101137.jpg
E7694,,,,,F101138.jpg
E7695,,,,,F101139.jpg
E7696,,,,,F101140.jpg
E7697,,,,,F101141.jpg
E7698,,,,,F101142.jpg
E7699,,,,,F101143.jpg
E7700,,,,,F101144.jpg
E7701,,,,,F101145.jpg
E7702,,,,,F101146.jpg
E7703,,,,,F101147.jpg
E7704,,,,,F101148.jpg
E7705,,,,,F101149.jpg
E7706,,,,,F101150.jpg
E7707,,,,,F101151.jpg
E7708,,,,,F101152.jpg
E7709,,,,,F101153.jpg
E7710,,,,,F101154.jpg
E7711,,,,,F101155.jpg
E7712,,,,,F101156.jpg
E7713,,,,,F101157.jpg
E7714,,,,,F101158.jpg
E7715,,,,,F101159.jpg
E7716,,,,,F101160.jpg
E7717,,,,,F101161.jpg
E7718,,,,,F101162.jpg
E7719,,,,,F101163.jpg
E7720,,,,,F101164.jpg
E7721,,,,,F101165.jpg
E7722,,,,,F101166.jpg
E7723,,,,,F101167.jpg
E7724,,,,,F101168.jpg
E7725,,,,,F101169.jpg
E7726,,,,,F101170.jpg
E7727,,,,,F101171.jpg
E7728,,,,,F101172.jpg
E7729,,,,,F101173.jpg
E7730,,,,,F101174.jpg
E7731,,,,,F101175.jpg
E7732,,,,,F101176.jpg
E7733,,,,,F101177.jpg
E7734,,,,,F101178.jpg
E7735,,,,,F101179.jpg
E7736,,,,,F101180.jpg
E7737,,,,,F101181.jpg
E7738,,,,,F101182.jpg
E7739,,,,,F101183.jpg
E7740,,,,,F101184.jpg
E7741,,,,,F101185.jpg
E7742,,,,,F101186.jpg
E7743,,,,,F101187.jpg
E7744,,,,,F101188.jpg
E7745,,,,,F101189.jpg
E7746,,,,,F101190.jpg
E7747,,,,,F101191.jpg
E7748,,,,,F101192.jpg
E7749,,,,,F101193.jpg
E7750,,,,,F101194.jpg
E7751,,,,,F101195.jpg
E7752,,,,,F101196.jpg
E7753,,,,,F101197.jpg
E7754,,,,,F101198.jpg
E7755,,,,,F101199.jpg
E7756,,,,,F101200.jpg
E7757,,,,,F101201.jpg
E7758,,,,,F101202.jpg
E7759,,,,,F101203.jpg
E7760,,,,,F101204.jpg
E7761,,,,,F101205.jpg
E7762,,,,,F101206.jpg
E7763,,,,,F101207.jpg
E7764,,,,,F101208.jpg
E7765,,,,,F101209.jpg
E7766,,,,,F101210.jpg
E7767,,,,,F101211.jpg
E7768,,,,,F101212.jpg
E7769,,,,,F101213.jpg
E7770,,,,,F101214.jpg
E7771,,,,,F101215.jpg
E7772,,,,,F101216.jpg
E7773,,,,,F101217.jpg
E7774,,,,,F101218.jpg
E7775,,,,,F101219.jpg
E7776,,,,,F101220.jpg
E7777,,,,,F101221.jpg
E7778,,,,,F101222.jpg
E7779,,,,,F101223.jpg
E7780,,,,,F101224.jpg
E7781,,,,,F101225.jpg
E7782,,,,,F101226.jpg
E7783,,,,,F101227.jpg
E7784,,,,,F101228.jpg
E7785,,,,,F101229.jpg
E7786,,,,,F101230.jpg
E7787,,,,,F101231.jpg
E7788,,,,,F101232.jpg
E7789,,,,,F101233.jpg
E7790,,,,,F101234.jpg
E7791,,,,,F101235.jpg
E7792,,,,,F101236.jpg
E7793,,,,,F101237.jpg
E7794,,,,,F101238.jpg
E7795,,,,,F101239.jpg
E7796,,,,,F101240.jpg
E7797,,,,,F101241.jpg
E7798,,,,,F101242.jpg
E7799,,,,,F101243.jpg
E7800,,,,,F101244.jpg
E7801,,,,,F101245.jpg
E7802,,,,,F101246.jpg
E7803,,,,,F101247.jpg
E7804,,,,,F101248.jpg
E7805,,,,,F101249.jpg
E7806,,,,,F101250.jpg
E7807,,,,,F101251.jpg
E7808,,,,,F101252.jpg
E7809,,,,,F101253.jpg
E7810,,,,,F101254.jpg
E7811,,,,,F101255.jpg
E7812,,,,,F101256.jpg
E7813,,,,,F101257.jpg
E7814,,,,,F101258.jpg
E7815,,,,,F101259.jpg
E7816,,,,,F101260.jpg
E7817,,,,,F101261.jpg
E7818,,,,,F101262.jpg
E7819,,,,,F101263.jpg
E7820,,,,,F101264.jpg
E7821,,,,,F101265.jpg
E7822,,,,,F101266.jpg
E7823,,,,,F101267.jpg
E7824,,,,,F101268.jpg
E7825,,,,,F101269.jpg
E7826,,,,,F101270.jpg
E7827,,,,,F101271.jpg
E7828,,,,,F101272.jpg
E7829,,,,,F101273.jpg
E7830,,,,,F101274.jpg
E7831,,,,,F101275.jpg
E7832,,,,,F101276.jpg
E7833,,,,,F101277.jpg
E7834,,,,,F101278.jpg
E7835,,,,,F101279.jpg
E7836,,,,,F101280.jpg
E7837,,,,,F101281.jpg
E7838,,,,,F101282.jpg
E7839,,,,,F101283.jpg
E7840,,,,,F101284.jpg
E7841,,,,,F101285.jpg
E7842,,,,,F101286.jpg
E7843,,,,,F101287.jpg
E7844,,,,,F101288.jpg
E7845,,,,,F101289.jpg
E7846,,,,,F101290.jpg
E7847,,,,,F101291.jpg
E7848,,,,,F101292.jpg
E7849,,,,,F101293.jpg
E7850,,,,,F101294.jpg
E7851,,,,,F101295.jpg
E7852,,,,,F101296.jpg
E7853,,,,,F101297.jpg
E7854,,,,,F101298.jpg
E7855,,,,,F101299.jpg
E7856,,,,,F101300.jpg
E7857,,,,,F101301.jpg
E7858,,,,,F101302.jpg
E7859,,,,,F101303.jpg
E7860,,,,,F101304.jpg
E7861,,,,,F101305.jpg
E7862,,,,,F101306.jpg
E7863,,,,,F101307.jpg
E7864,,,,,F101308.jpg
E7865,,,,,F101309.jpg
E7866,,,,,F101310.jpg
E7867,,,,,F101311.jpg
E7868,,,,,F101312.jpg
E7869,,,,,F101313.jpg
E7870,,,,,F101314.jpg
E7871,,,,,F101315.jpg
E7872,,,,,F101316.jpg
E7873,,,,,F101317.jpg
E7874,,,,,F101318.jpg
E7875,,,,,F101319.jpg
E7876,,,,,F101320.jpg
E7877,,,,,F101321.jpg
E7878,,,,,F101322.jpg
E7879,,,,,F101323.jpg
E7880,,,,,F101324.jpg
E7881,,,,,F101325.jpg
E7882,,,,,F101326.jpg
E7883,,,,,F101327.jpg
E7884,,,,,F101328.jpg
E7885,,,,,F101329.jpg
E7886,,,,,F101330.jpg
E7887,,,,,F101331.jpg
E7888,,,,,F101332.jpg
E7889,,,,,F101333.jpg
E7890,,,,,F101334.jpg
E7891,,,,,F101335.jpg
E7892,,,,,F101336.jpg
E7893,,,,,F101337.jpg
E7894,,,,,F101338.jpg
E7895,,,,,F101339.jpg
E7896,,,,,F101340.jpg
E7897,,,,,F101341.jpg
E7898,,,,,F101342.jpg
E7899,,,,,F101343.jpg
E7900,,,,,F101344.jpg
E7901,,,,,F101345.jpg
E7902,,,,,F101346.jpg
E7903,,,,,F101347.jpg
E7904,,,,,F101348.jpg
E7905,,,,,F101349.jpg
E7906,,,,,F101350.jpg
E7907,,,,,F101351.jpg
E7908,,,,,F101352.jpg
E7909,,,,,F101353.jpg
E7910,,,,,F101354.jpg
E7911,,,,,F101355.jpg
E7912,,,,,F101356.jpg
E7913,,,,,F101357.jpg
E7914,,,,,F101358.jpg
E7915,,,,,F101359.jpg
E7916,,,,,F101360.jpg
E7917,,,,,F101361.jpg
E7918,,,,,F101362.jpg
E7919,,,,,F101363.jpg
E7920,,,,,F101364.jpg
E7921,,,,,F101365.jpg
E7922,,,,,F101366.jpg
E7923,,,,,F101367.jpg
E7924,,,,,F101368.jpg
E7925,,,,,F101369.jpg
E7926,,,,,F101370.jpg
E7927,,,,,F101371.jpg
E7928,,,,,F101372.jpg
E7929,,,,,F101373.jpg
E7930,,,,,F101374.jpg
E7931,,,,,F101375.jpg
E7932,,,,,F101376.jpg
E7933,,,,,F101377.jpg
E7934,,,,,F101378.jpg
E7935,,,,,F101379.jpg
E7936,,,,,F101380.jpg
E7937,,,,,F101381.jpg
E7938,,,,,F101382.jpg
E7939,,,,,F101383.jpg
E7940,,,,,F101384.jpg
E7941,,,,,F101385.jpg
E7942,,,,,F101386.jpg
E7943,,,,,F101387.jpg
E7944,,,,,F101388.jpg
E7945,,,,,F101389.jpg
E7946,,,,,F101390.jpg
E7947,,,,,F101391.jpg
E7948,,,,,F101392.jpg
E7949,,,,,F101393.jpg
E7950,,,,,F101394.jpg
E7951,,,,,F101395.jpg
E7952,,,,,F101396.jpg
E7953,,,,,F101397.jpg
E7954,,,,,F101398.jpg
E7955,,,,,F101399.jpg
E7956,,,,,F101400.jpg
E7957,,,,,F101401.jpg
E7958,,,,,F101402.jpg
E7959,,,,,F101403.jpg
E7960,,,,,F101404.jpg
E7961,,,,,F101405.jpg
E7962,,,,,F101406.jpg
E7963,,,,,F101407.jpg
E7964,,,,,F101408.jpg
E7965,,,,,F101409.jpg
E7966,,,,,F101410.jpg
E7967,,,,,F101411.jpg
E7968,,,,,F101412.jpg
E7969,,,,,F101413.jpg
E7970,,,,,F101414.jpg
E7971,,,,,F101415.jpg
E7972,,,,,F101416.jpg
E7973,,,,,F101417.jpg
E7974,,,,,F101418.jpg
E7975,,,,,F101419.jpg
E7976,,,,,F101420.jpg
E7977,,,,,F101421.jpg
E7978,,,,,F101422.jpg
E7979,,,,,F101423.jpg
E7980,,,,,F101424.jpg
E7981,,,,,F101425.jpg
E7982,,,,,F101426.jpg
E7983,,,,,F101427.jpg
E7984,,,,,F101428.jpg
E7985,,,,,F101429.jpg
E7986,,,,,F101430.jpg
E7987,,,,,F101431.jpg
E7988,,,,,F101432.jpg
E7989,,,,,F101433.jpg
E7990,,,,,F101434.jpg
E7991,,,,,F101435.jpg
E7992,,,,,F101436.jpg
E7993,,,,,F101437.jpg
E7994,,,,,F101438.jpg
E7995,,,,,F101439.jpg
E7996,,,,,F101440.jpg
E7997,,,,,F101441.jpg
E7998,,,,,F101442.jpg
E7999,,,,,F101443.jpg
E8000,,,,,F101444.jpg
E8001,,,,,F101445.jpg
E8002,,,,,F101446.jpg
E8003,,,,,F101447.jpg
E8004,,,,,F101448.jpg
E8005,,,,,F101449.jpg
E8006,,,,,F101450.jpg
E8007,,,,,F101451.jpg
E8008,,,,,F101452.jpg
E8009,,,,,F101453.jpg
E8010,,,,,F101454.jpg
E8011,,,,,F101455.jpg
E8012,,,,,F101456.jpg
E8013,,,,,F101457.jpg
E8014,,,,,F101458.jpg
E8015,,,,,F101459.jpg
E8016,,,,,F101460.jpg
E8017,,,,,F101461.jpg
E8018,,,,,F101462.jpg
E8019,,,,,F101463.jpg
E8020,,,,,F101464.jpg
E8021,,,,,F101465.jpg
E8022,,,,,F101466.jpg
E8023,,,,,F101467.jpg
E8024,,,,,F101468.jpg
E8025,,,,,F101469.jpg
E8026,,,,,F101470.jpg
E8027,,,,,F101471.jpg
E8028,,,,,F101472.jpg
E8029,,,,,F101473.jpg
E8030,,,,,F101474.jpg
E8031,,,,,F101475.jpg
E8032,,,,,F101476.jpg
E8033,,,,,F101477.jpg
E8034,,,,,F101478.jpg
E8035,,,,,F101479.jpg
E8036,,,,,F101480.jpg
E8037,,,,,F101481.jpg
E8038,,,,,F101482.jpg
E8039,,,,,F101483.jpg
E8040,,,,,F101484.jpg
E8041,,,,,F101485.jpg
E8042,,,,,F101486.jpg
E8043,,,,,F101487.jpg
E8044,,,,,F101488.jpg
E8045,,,,,F101489.jpg
E8046,,,,,F101490.jpg
E8047,,,,,F101491.jpg
E8048,,,,,F101492.jpg
E8049,,,,,F101493.jpg
E8050,,,,,F101494.jpg
E8051,,,,,F101495.jpg
E8052,,,,,F101496.jpg
E8053,,,,,F101497.jpg
E8054,,,,,F101498.jpg
E8055,,,,,F101499.jpg
E8056,,,,,F101500.jpg
E8057,,,,,F101501.jpg
E8058,,,,,F101502.jpg
E8059,,,,,F101503.jpg
E8060,,,,,F101504.jpg
E8061,,,,,F101505.jpg
E8062,,,,,F101506.jpg
E8063,,,,,F101507.jpg
E8064,,,,,F101508.jpg
E8065,,,,,F101509.jpg
E8066,,,,,F101510.jpg
E8067,,,,,F101511.jpg
E8068,,,,,F101512.jpg
E8069,,,,,F101513.jpg
E8070,,,,,F101514.jpg
E8071,,,,,F101515.jpg
E8072,,,,,F101516.jpg
E8073,,,,,F101517.jpg
E8074,,,,,F101518.jpg
E8075,,,,,F101519.jpg
E8076,,,,,F101520.jpg
E8077,,,,,F101521.jpg
E8078,,,,,F101522.jpg
E8079,,,,,F101523.jpg
E8080,,,,,F101524.jpg
E8081,,,,,F101525.jpg
E8082,,,,,F101526.jpg
E8083,,,,,F101527.jpg
E8084,,,,,F101528.jpg
E8085,,,,,F101529.jpg
E8086,,,,,F101530.jpg
E8087,,,,,F101531.jpg
E8088,,,,,F101532.jpg
E8089,,,,,F101533.jpg
E8090,,,,,F101534.jpg
E8091,,,,,F101535.jpg
E8092,,,,,F101536.jpg
E8093,,,,,F101537.jpg
E8094,,,,,F101538.jpg
E8095,,,,,F101539.jpg
E8096,,,,,F101540.jpg
E8097,,,,,F101541.jpg
E8098,,,,,F101542.jpg
E8099,,,,,F101543.jpg
E8100,,,,,F101544.jpg
E8101,,,,,F101545.jpg
E8102,,,,,F101546.jpg
E8103,,,,,F101547.jpg
E8104,,,,,F101548.jpg
E8105,,,,,F101549.jpg
E8106,,,,,F101550.jpg
E8107,,,,,F101551.jpg
E8108,,,,,F101552.jpg
E8109,,,,,F101553.jpg
E8110,,,,,F101554.jpg
E8111,,,,,F101555.jpg
E8112,,,,,F101556.jpg
E8113,,,,,F101557.jpg
E8114,,,,,F101558.jpg
E8115,,,,,F101559.jpg
E8116,,,,,F101560.jpg
E8117,,,,,F101561.jpg
E8118,,,,,F101562.jpg
E8119,,,,,F101563.jpg
E8120,,,,,F101564.jpg
E8121,,,,,F101565.jpg
E8122,,,,,F101566.jpg
E8123,,,,,F101567.jpg
E8124,,,,,F101568.jpg
E8125,,,,,F101569.jpg
E8126,,,,,F101570.jpg
E8127,,,,,F101571.jpg
E8128,,,,,F101572.jpg
E8129,,,,,F101573.jpg
E8130,,,,,F101574.jpg
E8131,,,,,F101575.jpg
E8132,,,,,F101576.jpg
E8133,,,,,F101577.jpg
E8134,,,,,F101578.jpg
E8135,,,,,F101579.jpg
E8136,,,,,F101580.jpg
E8137,,,,,F101581.jpg
E8138,,,,,F101582.jpg
E8139,,,,,F101583.jpg
E8140,,,,,F101584.jpg
E8141,,,,,F101585.jpg
E8142,,,,,F101586.jpg
E8143,,,,,F101587.jpg
E8144,,,,,F101588.jpg
E8145,,,,,F101589.jpg
E8146,,,,,F101590.jpg
E8147,,,,,F101591.jpg
E8148,,,,,F101592.jpg
E8149,,,,,F101593.jpg
E8150,,,,,F101594.jpg
E8151,,,,,F101595.jpg
E8152,,,,,F101596.jpg
E8153,,,,,F101597.jpg
E8154,,,,,F101598.jpg
E8155,,,,,F101599.jpg
E8156,,,,,F101600.jpg
E8157,,,,,F101601.jpg
E8158,,,,,F101602.jpg
E8159,,,,,F101603.jpg
E8160,,,,,F101604.jpg
E8161,,,,,F101605.jpg
E8162,,,,,F101606.jpg
E8163,,,,,F101607.jpg
E8164,,,,,F101608.jpg
E8165,,,,,F101609.jpg
E8166,,,,,F101610.jpg
E8167,,,,,F101611.jpg
E8168,,,,,F101612.jpg
E8169,,,,,F101613.jpg
E8170,,,,,F101614.jpg
E8171,,,,,F101615.jpg
E8172,,,,,F101616.jpg
E8173,,,,,F101617.jpg
E8174,,,,,F101618.jpg
E8175,,,,,F101619.jpg
E8176,,,,,F101620.jpg
E8177,,,,,F101621.jpg
E8178,,,,,F101622.jpg
E8179,,,,,F101623.jpg
E8180,,,,,F101624.jpg
E8181,,,,,F101625.jpg
E8182,,,,,F101626.jpg
E8183,,,,,F101627.jpg
E8184,,,,,F101628.jpg
E8185,,,,,F101629.jpg
E8186,,,,,F101630.jpg
E8187,,,,,F101631.jpg
E8188,,,,,F101632.jpg
E8189,,,,,F101633.jpg
E8190,,,,,F101634.jpg
E8191,,,,,F101635.jpg
E8192,,,,,F101636.jpg
E8193,,,,,F101637.jpg
E8194,,,,,F101638.jpg
E8195,,,,,F101639.jpg
E8196,,,,,F101640.jpg
E8197,,,,,F101641.jpg
E8198,,,,,F101642.jpg
E8199,,,,,F101643.jpg
E8200,,,,,F101644.jpg
E8201,,,,,F101645.jpg
E8202,,,,,F101646.jpg
E8203,,,,,F101647.jpg
E8204,,,,,F101648.jpg
E8205,,,,,F101649.jpg
E8206,,,,,F101650.jpg
E8207,,,,,F101651.jpg
E8208,,,,,F101652.jpg
E8209,,,,,F101653.jpg
E8210,,,,,F101654.jpg
E8211,,,,,F101655.jpg
E8212,,,,,F101656.jpg
E8213,,,,,F101657.jpg
E8214,,,,,F101658.jpg
E8215,,,,,F101659.jpg
E8216,,,,,F101660.jpg
E8217,,,,,F101661.jpg
E8218,,,,,F101662.jpg
E8219,,,,,F101663.jpg
E8220,,,,,F101664.jpg
E8221,,,,,F101665.jpg
E8222,,,,,F101666.jpg
E8223,,,,,F101667.jpg
E8224,,,,,F101668.jpg
E8225,,,,,F101669.jpg
E8226,,,,,F101670.jpg
E8227,,,,,F101671.jpg
E8228,,,,,F101672.jpg
E8229,,,,,F101673.jpg
E8230,,,,,F101674.jpg
E8231,,,,,F101675.jpg
E8232,,,,,F101676.jpg
E8233,,,,,F101677.jpg
E8234,,,,,F101678.jpg
E8235,,,,,F101679.jpg
E8236,,,,,F101680.jpg
E8237,,,,,F101681.jpg
E8238,,,,,F101682.jpg
E8239,,,,,F101683.jpg
E8240,,,,,F101684.jpg
E8241,,,,,F101685.jpg
E8242,,,,,F101686.jpg
E8243,,,,,F101687.jpg
E8244,,,,,F101688.jpg
E8245,,,,,F101689.jpg
E8246,,,,,F101690.jpg
E8247,,,,,F101691.jpg
E8248,,,,,F101692.jpg
E8249,,,,,F101693.jpg
E8250,,,,,F101694.jpg
E8251,,,,,F101695.jpg
E8252,,,,,F101696.jpg
E8253,,,,,F101697.jpg
E8254,,,,,F101698.jpg
E8255,,,,,F101699.jpg
E8256,,,,,F101700.jpg
E8257,,,,,F101701.jpg
E8258,,,,,F101702.jpg
E8259,,,,,F101703.jpg
E8260,,,,,F101704.jpg
E8261,,,,,F101705.jpg
E8262,,,,,F101706.jpg
E8263,,,,,F101707.jpg
E8264,,,,,F101708.jpg
E8265,,,,,F101709.jpg
E8266,,,,,F101710.jpg
E8267,,,,,F101711.jpg
E8268,,,,,F101712.jpg
E8269,,,,,F101713.jpg
E8270,,,,,F101714.jpg
E8271,,,,,F101715.jpg
E8272,,,,,F101716.jpg
E8273,,,,,F101717.jpg
E8274,,,,,F101718.jpg
E8275,,,,,F101719.jpg
E8276,,,,,F101720.jpg
E8277,,,,,F101721.jpg
E8278,,,,,F101722.jpg
E8279,,,,,F101723.jpg
E8280,,,,,F101724.jpg
E8281,,,,,F101725.jpg
E8282,,,,,F101726.jpg
E8283,,,,,F101727.jpg
E8284,,,,,F101728.jpg
E8285,,,,,F101729.jpg
E8286,,,,,F101730.jpg
E8287,,,,,F101731.jpg
E8288,,,,,F101732.jpg
E8289,,,,,F101733.jpg
E8290,,,,,F101734.jpg
E8291,,,,,F101735.jpg
E8292,,,,,F101736.jpg
E8293,,,,,F101737.jpg
E8294,,,,,F101738.jpg
E8295,,,,,F101739.jpg
E8296,,,,,F101740.jpg
E8297,,,,,F101741.jpg
E8298,,,,,F101742.jpg
E8299,,,,,F101743.jpg
E8300,,,,,F101744.jpg
E8301,,,,,F101745.jpg
E8302,,,,,F101746.jpg
E8303,,,,,F101747.jpg
E8304,,,,,F101748.jpg
E8305,,,,,F101749.jpg
E8306,,,,,F101750.jpg
E8307,,,,,F101751.jpg
E8308,,,,,F101752.jpg
E8309,,,,,F101753.jpg
E8310,,,,,F101754.jpg
E8311,,,,,F101755.jpg
E8312,,,,,F101756.jpg
E8313,,,,,F101757.jpg
E8314,,,,,F101758.jpg
E8315,,,,,F101759.jpg
E8316,,,,,F101760.jpg
E8317,,,,,F101761.jpg
E8318,,,,,F101762.jpg
E8319,,,,,F101763.jpg
E8320,,,,,F101764.jpg
E8321,,,,,F101765.jpg
E8322,,,,,F101766.jpg
E8323,,,,,F101767.jpg
E8324,,,,,F101768.jpg
E8325,,,,,F101769.jpg
E8326,,,,,F101770.jpg
E8327,,,,,F101771.jpg
E8328,,,,,F101772.jpg
E8329,,,,,F101773.jpg
E8330,,,,,F101774.jpg
E8331,,,,,F101775.jpg
E8332,,,,,F101776.jpg
E8333,,,,,F101777.jpg
E8334,,,,,F101778.jpg
E8335,,,,,F101779.jpg
E8336,,,,,F101780.jpg
E8337,,,,,F101781.jpg
E8338,,,,,F101782.jpg
E8339,,,,,F101783.jpg
E8340,,,,,F101784.jpg
E8341,,,,,F101785.jpg
E8342,,,,,F101786.jpg
E8343,,,,,F101787.jpg
E8344,,,,,F101788.jpg
E8345,,,,,F101789.jpg
E8346,,,,,F101790.jpg
E8347,,,,,F101791.jpg
E8348,,,,,F101792.jpg
E8349,,,,,F101793.jpg
E8350,,,,,F101794.jpg
E8351,,,,,F101795.jpg
E8352,,,,,F101796.jpg
E8353,,,,,F101797.jpg
E8354,,,,,F101798.jpg
E8355,,,,,F101799.jpg
E8356,,,,,F101800.jpg
E8357,,,,,F101801.jpg
E8358,,,,,F101802.jpg
E8359,,,,,F101803.jpg
E8360,,,,,F101804.jpg
E8361,,,,,F101805.jpg
E8362,,,,,F101806.jpg
E8363,,,,,F101807.jpg
E8364,,,,,F101808.jpg
E8365,,,,,F101809.jpg
E8366,,,,,F101810.jpg
E8367,,,,,F101811.jpg
E8368,,,,,F101812.jpg
E8369,,,,,F101813.jpg
E8370,,,,,F101814.jpg
E8371,,,,,F101815.jpg
E8372,,,,,F101816.jpg
E8373,,,,,F101817.jpg
E8374,,,,,F101818.jpg
E8375,,,,,F101819.jpg
E8376,,,,,F101820.jpg
E8377,,,,,F101821.jpg
E8378,,,,,F101822.jpg
E8379,,,,,F101823.jpg
E8380,,,,,F101824.jpg
E8381,,,,,F101825.jpg
E8382,,,,,F101826.jpg
E8383,,,,,F101827.jpg
E8384,,,,,F101828.jpg
E8385,,,,,F101829.jpg
E8386,,,,,F101830.jpg
E8387,,,,,F101831.jpg
E8388,,,,,F101832.jpg
E8389,,,,,F101833.jpg
E8390,,,,,F101834.jpg
E8391,,,,,F101835.jpg
E8392,,,,,F101836.jpg
E8393,,,,,F101837.jpg
E8394,,,,,F101838.jpg
E8395,,,,,F101839.jpg
E8396,,,,,F101840.jpg
E8397,,,,,F101841.jpg
E8398,,,,,F101842.jpg
E8399,,,,,F101843.jpg
E8400,,,,,F101844.jpg
E8401,,,,,F101845.jpg
E8402,,,,,F101846.jpg
E8403,,,,,F101847.jpg
E8404,,,,,F101848.jpg
E8405,,,,,F101849.jpg
E8406,,,,,F101850.jpg
E8407,,,,,F101851.jpg
E8408,,,,,F101852.jpg
E8409,,,,,F101853.jpg
E8410,,,,,F101854.jpg
E8411,,,,,F101855.jpg
E8412,,,,,F101856.jpg
E8413,,,,,F101857.jpg
E8414,,,,,F101858.jpg
E8415,,,,,F101859.jpg
E8416,,,,,F101860.jpg
E8417,,,,,F101861.jpg
E8418,,,,,F101862.jpg
E8419,,,,,F101863.jpg
E8420,,,,,F101864.jpg
E8421,,,,,F101865.jpg
E8422,,,,,F101866.jpg
E8423,,,,,F101867.jpg
E8424,,,,,F101868.jpg
E8425,,,,,F101869.jpg
E8426,,,,,F101870.jpg
E8427,,,,,F101871.jpg
E8428,,,,,F101872.jpg
E8429,,,,,F101873.jpg
E8430,,,,,F101874.jpg
E8431,,,,,F101875.jpg
E8432,,,,,F101876.jpg
E8433,,,,,F101877.jpg
E8434,,,,,F101878.jpg
E8435,,,,,F101879.jpg
E8436,,,,,F101880.jpg
E8437,,,,,F101881.jpg
E8438,,,,,F101882.jpg
E8439,,,,,F101883.jpg
E8440,,,,,F101884.jpg
E8441,,,,,F101885.jpg
E8442,,,,,F101886.jpg
E8443,,,,,F101887.jpg
E8444,,,,,F101888.jpg
E8445,,,,,F101889.jpg
E8446,,,,,F101890.jpg
E8447,,,,,F101891.jpg
E8448,,,,,F101892.jpg
E8449,,,,,F101893.jpg
E8450,,,,,F101894.jpg
E8451,,,,,F101895.jpg
E8452,,,,,F101896.jpg
E8453,,,,,F101897.jpg
E8454,,,,,F101898.jpg
E8455,,,,,F101899.jpg
E8456,,,,,F101900.jpg
E8457,,,,,F101901.jpg
E8458,,,,,F101902.jpg
E8459,,,,,F101903.jpg
E8460,,,,,F101904.jpg
E8461,,,,,F101905.jpg
E8462,,,,,F101906.jpg
E8463,,,,,F101907.jpg
E8464,,,,,F101908.jpg
E8465,,,,,F101909.jpg
E8466,,,,,F101910.jpg
E8467,,,,,F101911.jpg
E8468,,,,,F101912.jpg
E8469,,,,,F101913.jpg
E8470,,,,,F101914.jpg
E8471,,,,,F101915.jpg
E8472,,,,,F101916.jpg
E8473,,,,,F101917.jpg
E8474,,,,,F101918.jpg
E8475,,,,,F101919.jpg
E8476,,,,,F101920.jpg
E8477,,,,,F101921.jpg
E8478,,,,,F101922.jpg
E8479,,,,,F101923.jpg
E8480,,,,,F101924.jpg
E8481,,,,,F101925.jpg
E8482,,,,,F101926.jpg
E8483,,,,,F101927.jpg
E8484,,,,,F101928.jpg
E8485,,,,,F101929.jpg
E8486,,,,,F101930.jpg
E8487,,,,,F101931.jpg
E8488,,,,,F101932.jpg
E8489,,,,,F101933.jpg
E8490,,,,,F101934.jpg
E8491,,,,,F101935.jpg
E8492,,,,,F101936.jpg
E8493,,,,,F101937.jpg
E8494,,,,,F101938.jpg
E8495,,,,,F101939.jpg
E8496,,,,,F101940.jpg
E8497,,,,,F101941.jpg
E8498,,,,,F101942.jpg
E8499,,,,,F101943.jpg
E8500,,,,,F101944.jpg
E8501,,,,,F101945.jpg
E8502,,,,,F101946.jpg
E8503,,,,,F101947.jpg
E8504,,,,,F101948.jpg
E8505,,,,,F101949.jpg
E8506,,,,,F101950.jpg
E8507,,,,,F101951.jpg
E8508,,,,,F101952.jpg
E8509,,,,,F101953.jpg
E8510,,,,,F101954.jpg
E8511,,,,,F101955.jpg
E8512,,,,,F101956.jpg
E8513,,,,,F101957.jpg
E8514,,,,,F101958.jpg
E8515,,,,,F101959.jpg
E8516,,,,,F101960.jpg
E8517,,,,,F101961.jpg
E8518,,,,,F101962.jpg
E8519,,,,,F101963.jpg
E8520,,,,,F101964.jpg
E8521,,,,,F101965.jpg
E8522,,,,,F101966.jpg
E8523,,,,,F101967.jpg
E8524,,,,,F101968.jpg
E8525,,,,,F101969.jpg
E8526,,,,,F101970.jpg
E8527,,,,,F101971.jpg
E8528,,,,,F101972.jpg
E8529,,,,,F101973.jpg
E8530,,,,,F101974.jpg
E8531,,,,,F101975.jpg
E8532,,,,,F101976.jpg
E8533,,,,,F101977.jpg
E8534,,,,,F101978.jpg
E8535,,,,,F101979.jpg
E8536,,,,,F101980.jpg
E8537,,,,,F101981.jpg
E8538,,,,,F101982.jpg
E8539,,,,,F101983.jpg
E8540,,,,,F101984.jpg
E8541,,,,,F101985.jpg
E8542,,,,,F101986.jpg
E8543,,,,,F101987.jpg
E8544,,,,,F101988.jpg
E8545,,,,,F101989.jpg
E8546,,,,,F101990.jpg
E8547,,,,,F101991.jpg
E8548,,,,,F101992.jpg
E8549,,,,,F101993.jpg
E8550,,,,,F101994.jpg
E8551,,,,,F101995.jpg
E8552,,,,,F101996.jpg
E8553,,,,,F101997.jpg
E8554,,,,,F101998.jpg
E8555,,,,,F101999.jpg
E8556,,,,,F102000.jpg
E8557,,,,,F102001.jpg
E8558,,,,,F102002.jpg
E8559,,,,,F102003.jpg
E8560,,,,,F102004.jpg
E8561,,,,,F102005.jpg
E8562,,,,,F102006.jpg
E8563,,,,,F102007.jpg
E8564,,,,,F102008.jpg
E8565,,,,,F102009.jpg
E8566,,,,,F102010.jpg
E8567,,,,,F102011.jpg
E8568,,,,,F102012.jpg
E8569,,,,,F102013.jpg
E8570,,,,,F102014.jpg
E8571,,,,,F102015.jpg
E8572,,,,,F102016.jpg
E8573,,,,,F102017.jpg
E8574,,,,,F102018.jpg
E8575,,,,,F102019.jpg
E8576,,,,,F102020.jpg
E8577,,,,,F102021.jpg
E8578,,,,,F102022.jpg
E8579,,,,,F102023.jpg
E8580,,,,,F102024.jpg
E8581,,,,,F102025.jpg
E8582,,,,,F102026.jpg
E8583,,,,,F102027.jpg
E8584,,,,,F102028.jpg
E8585,,,,,F102029.jpg
E8586,,,,,F102030.jpg
E8587,,,,,F102031.jpg
E8588,,,,,F102032.jpg
E8589,,,,,F102033.jpg
E8590,,,,,F102034.jpg
E8591,,,,,F102035.jpg
E8592,,,,,F102036.jpg
E8593,,,,,F102037.jpg
E8594,,,,,F102038.jpg
E8595,,,,,F102039.jpg
E8596,,,,,F102040.jpg
E8597,,,,,F102041.jpg
E8598,,,,,F102042.jpg
E8599,,,,,F102043.jpg
E8600,,,,,F102044.jpg
E8601,,,,,F102045.jpg
E8602,,,,,F102046.jpg
E8603,,,,,F102047.jpg
E8604,,,,,F102048.jpg
E8605,,,,,F102049.jpg
E8606,,,,,F102050.jpg
E8607,,,,,F102051.jpg
E8608,,,,,F102052.jpg
E8609,,,,,F102053.jpg
E8610,,,,,F102054.jpg
E8611,,,,,F102055.jpg
E8612,,,,,F102056.jpg
E8613,,,,,F102057.jpg
E8614,,,,,F102058.jpg
E8615,,,,,F102059.jpg
E8616,,,,,F102060.jpg
E8617,,,,,F102061.jpg
E8618,,,,,F102062.jpg
E8619,,,,,F102063.jpg
E8620,,,,,F102064.jpg
E8621,,,,,F102065.jpg
E8622,,,,,F102066.jpg
E8623,,,,,F102067.jpg
E8624,,,,,F102068.jpg
E8625,,,,,F102069.jpg
E8626,,,,,F102070.jpg
E8627,,,,,F102071.jpg
E8628,,,,,F102072.jpg
E8629,,,,,F102073.jpg
E8630,,,,,F102074.jpg
E8631,,,,,F102075.jpg
E8632,,,,,F102076.jpg
E8633,,,,,F102077.jpg
E8634,,,,,F102078.jpg
E8635,,,,,F102079.jpg
E8636,,,,,F102080.jpg
E8637,,,,,F102081.jpg
E8638,,,,,F102082.jpg
E8639,,,,,F102083.jpg
E8640,,,,,F102084.jpg
E8641,,,,,F102085.jpg
E8642,,,,,F102086.jpg
E8643,,,,,F102087.jpg
E8644,,,,,F102088.jpg
E8645,,,,,F102089.jpg
E8646,,,,,F102090.jpg
E8647,,,,,F102091.jpg
E8648,,,,,F102092.jpg
E8649,,,,,F102093.jpg
E8650,,,,,F102094.jpg
E8651,,,,,F102095.jpg
E8652,,,,,F102096.jpg
E8653,,,,,F102097.jpg
E8654,,,,,F102098.jpg
E8655,,,,,F102099.jpg
E8656,,,,,F102100.jpg
E8657,,,,,F102101.jpg
E8658,,,,,F102102.jpg
E8659,,,,,F102103.jpg
E8660,,,,,F102104.jpg
E8661,,,,,F102105.jpg
E8662,,,,,F102106.jpg
E8663,,,,,F102107.jpg
E8664,,,,,F102108.jpg
E8665,,,,,F102109.jpg
E8666,,,,,F102110.jpg
E8667,,,,,F102111.jpg
E8668,,,,,F102112.jpg
E8669,,,,,F102113.jpg
E8670,,,,,F102114.jpg
E8671,,,,,F102115.jpg
E8672,,,,,F102116.jpg
E8673,,,,,F102117.jpg
E8674,,,,,F102118.jpg
E8675,,,,,F102119.jpg
E8676,,,,,F102120.jpg
E8677,,,,,F102121.jpg
E8678,,,,,F102122.jpg
E8679,,,,,F102123.jpg
E8680,,,,,F102124.jpg
E8681,,,,,F102125.jpg
E8682,,,,,F102126.jpg
E8683,,,,,F102127.jpg
E8684,,,,,F102128.jpg
E8685,,,,,F102129.jpg
E8686,,,,,F102130.jpg
E8687,,,,,F102131.jpg
E8688,,,,,F102132.jpg
E8689,,,,,F102133.jpg
E8690,,,,,F102134.jpg
E8691,,,,,F102135.jpg
E8692,,,,,F102136.jpg
E8693,,,,,F102137.jpg
E8694,,,,,F102138.jpg
E8695,,,,,F102139.jpg
E8696,,,,,F102140.jpg
E8697,,,,,F102141.jpg
E8698,,,,,F102142.jpg
E8699,,,,,F102143.jpg
E8700,,,,,F102144.jpg
E8701,,,,,F102145.jpg
E8702,,,,,F102146.jpg
E8703,,,,,F102147.jpg
E8704,,,,,F102148.jpg
E8705,,,,,F102149.jpg
E8706,,,,,F102150.jpg
E8707,,,,,F102151.jpg
E8708,,,,,F102152.jpg
E8709,,,,,F102153.jpg
E8710,,,,,F102154.jpg
E8711,,,,,F102155.jpg
E8712,,,,,F102156.jpg
E8713,,,,,F102157.jpg
E8714,,,,,F102158.jpg
E8715,,,,,F102159.jpg
E8716,,,,,F102160.jpg
E8717,,,,,F102161.jpg
E8718,,,,,F102162.jpg
E8719,,,,,F102163.jpg
E8720,,,,,F102164.jpg
E8721,,,,,F102165.jpg
E8722,,,,,F102166.jpg
E8723,,,,,F102167.jpg
E8724,,,,,F102168.jpg
E8725,,,,,F102169.jpg
E8726,,,,,F102170.jpg
E8727,,,,,F102171.jpg
E8728,,,,,F102172.jpg
E8729,,,,,F102173.jpg
E8730,,,,,F102174.jpg
E8731,,,,,F102175.jpg
E8732,,,,,F102176.jpg
E8733,,,,,F102177.jpg
E8734,,,,,F102178.jpg
E8735,,,,,F102179.jpg
E8736,,,,,F102180.jpg
E8737,,,,,F102181.jpg
E8738,,,,,F102182.jpg
E8739,,,,,F102183.jpg
E8740,,,,,F102184.jpg
E8741,,,,,F102185.jpg
E8742,,,,,F102186.jpg
E8743,,,,,F102187.jpg
E8744,,,,,F102188.jpg
E8745,,,,,F102189.jpg
E8746,,,,,F102190.jpg
E8747,,,,,F102191.jpg
E8748,,,,,F102192.jpg
E8749,,,,,F102193.jpg
E8750,,,,,F102194.jpg
E8751,,,,,F102195.jpg
E8752,,,,,F102196.jpg
E8753,,,,,F102197.jpg
E8754,,,,,F102198.jpg
E8755,,,,,F102199.jpg
E8756,,,,,F102200.jpg
E8757,,,,,F102201.jpg
E8758,,,,,F102202.jpg
E8759,,,,,F102203.jpg
E8760,,,,,F102204.jpg
E8761,,,,,F102205.jpg
E8762,,,,,F102206.jpg
E8763,,,,,F102207.jpg
E8764,,,,,F102208.jpg
E8765,,,,,F102209.jpg
E8766,,,,,F102210.jpg
E8767,,,,,F102211.jpg
E8768,,,,,F102212.jpg
E8769,,,,,F102213.jpg
E8770,,,,,F102214.jpg
E8771,,,,,F102215.jpg
E8772,,,,,F102216.jpg
E8773,,,,,F102217.jpg
E8774,,,,,F102218.jpg
E8775,,,,,F102219.jpg
E8776,,,,,F102220.jpg
E8777,,,,,F102221.jpg
E8778,,,,,F102222.jpg
E8779,,,,,F102223.jpg
E8780,,,,,F102224.jpg
E8781,,,,,F102225.jpg
E8782,,,,,F102226.jpg
E8783,,,,,F102227.jpg
E8784,,,,,F102228.jpg
E8785,,,,,F102229.jpg
E8786,,,,,F102230.jpg
E8787,,,,,F102231.jpg
E8788,,,,,F102232.jpg
E8789,,,,,F102233.jpg
E8790,,,,,F102234.jpg
E8791,,,,,F102235.jpg
E8792,,,,,F102236.jpg
E8793,,,,,F102237.jpg
E8794,,,,,F102238.jpg
E8795,,,,,F102239.jpg
E8796,,,,,F102240.jpg
E8797,,,,,F102241.jpg
E8798,,,,,F102242.jpg
E8799,,,,,F102243.jpg
E8800,,,,,F102244.jpg
E8801,,,,,F102245.jpg
E8802,,,,,F102246.jpg
E8803,,,,,F102247.jpg
E8804,,,,,F102248.jpg
E8805,,,,,F102249.jpg
E8806,,,,,F102250.jpg
E8807,,,,,F102251.jpg
E8808,,,,,F102252.jpg
E8809,,,,,F102253.jpg
E8810,,,,,F102254.jpg
E8811,,,,,F102255.jpg
E8812,,,,,F102256.jpg
E8813,,,,,F102257.jpg
E8814,,,,,F102258.jpg
E8815,,,,,F102259.jpg
E8816,,,,,F102260.jpg
E8817,,,,,F102261.jpg
E8818,,,,,F102262.jpg
E8819,,,,,F102263.jpg
E8820,,,,,F102264.jpg
E8821,,,,,F102265.jpg
E8822,,,,,F102266.jpg
E8823,,,,,F102267.jpg
E8824,,,,,F102268.jpg
E8825,,,,,F102269.jpg
E8826,,,,,F102270.jpg
E8827,,,,,F102271.jpg
E8828,,,,,F102272.jpg
E8829,,,,,F102273.jpg
E8830,,,,,F102274.jpg
E8831,,,,,F102275.jpg
E8832,,,,,F102276.jpg
E8833,,,,,F102277.jpg
E8834,,,,,F102278.jpg
E8835,,,,,F102279.jpg
E8836,,,,,F102280.jpg
E8837,,,,,F102281.jpg
E8838,,,,,F102282.jpg
E8839,,,,,F102283.jpg
E8840,,,,,F102284.jpg
E8841,,,,,F102285.jpg
E8842,,,,,F102286.jpg
E8843,,,,,F102287.jpg
E8844,,,,,F102288.jpg
E8845,,,,,F102289.jpg
E8846,,,,,F102290.jpg
E8847,,,,,F102291.jpg
E8848,,,,,F102292.jpg
E8849,,,,,F102293.jpg
E8850,,,,,F102294.jpg
E8851,,,,,F102295.jpg
E8852,,,,,F102296.jpg
E8853,,,,,F102297.jpg
E8854,,,,,F102298.jpg
E8855,,,,,F102299.jpg
E8856,,,,,F102300.jpg
E8857,,,,,F102301.jpg
E8858,,,,,F102302.jpg
E8859,,,,,F102303.jpg
E8860,,,,,F102304.jpg
E8861,,,,,F102305.jpg
E8862,,,,,F102306.jpg
E8863,,,,,F102307.jpg
E8864,,,,,F102308.jpg
E8865,,,,,F102309.jpg
E8866,,,,,F102310.jpg
E8867,,,,,F102311.jpg
E8868,,,,,F102312.jpg
E8869,,,,,F102313.jpg
E8870,,,,,F102314.jpg
E8871,,,,,F102315.jpg
E8872,,,,,F102316.jpg
E8873,,,,,F102317.jpg
E8874,,,,,F102318.jpg
E8875,,,,,F102319.jpg
E8876,,,,,F102320.jpg
E8877,,,,,F102321.jpg
E8878,,,,,F102322.jpg
E8879,,,,,F102323.jpg
E8880,,,,,F102324.jpg
E8881,,,,,F102325.jpg
E8882,,,,,F102326.jpg
E8883,,,,,F102327.jpg
E8884,,,,,F102328.jpg
E8885,,,,,F102329.jpg
E8886,,,,,F102330.jpg
E8887,,,,,F102331.jpg
E8888,,,,,F102332.jpg
E8889,,,,,F102333.jpg
E8890,,,,,F102334.jpg
E8891,,,,,F102335.jpg
E8892,,,,,F102336.jpg
E8893,,,,,F102337.jpg
E8894,,,,,F102338.jpg
E8895,,,,,F102339.jpg
E8896,,,,,F102340.jpg
E8897,,,,,F102341.jpg
E8898,,,,,F102342.jpg
E8899,,,,,F102343.jpg
E8900,,,,,F102344.jpg
E8901,,,,,F102345.jpg
E8902,,,,,F102346.jpg
E8903,,,,,F102347.jpg
E8904,,,,,F102348.jpg
E8905,,,,,F102349.jpg
E8906,,,,,F102350.jpg
E8907,,,,,F102351.jpg
E8908,,,,,F102352.jpg
E8909,,,,,F102353.jpg
E8910,,,,,F102354.jpg
E8911,,,,,F102355.jpg
E8912,,,,,F102356.jpg
E8913,,,,,F102357.jpg
E8914,,,,,F102358.jpg
E8915,,,,,F102359.jpg
E8916,,,,,F102360.jpg
E8917,,,,,F102361.jpg
E8918,,,,,F102362.jpg
E8919,,,,,F102363.jpg
E8920,,,,,F102364.jpg
E8921,,,,,F102365.jpg
E8922,,,,,F102366.jpg
E8923,,,,,F102367.jpg
E8924,,,,,F102368.jpg
E8925,,,,,F102369.jpg
E8926,,,,,F102370.jpg
E8927,,,,,F102371.jpg
E8928,,,,,F102372.jpg
E8929,,,,,F102373.jpg
E8930,,,,,F102374.jpg
E8931,,,,,F102375.jpg
E8932,,,,,F102376.jpg
E8933,,,,,F102377.jpg
E8934,,,,,F102378.jpg
E8935,,,,,F102379.jpg
E8936,,,,,F102380.jpg
E8937,,,,,F102381.jpg
E8938,,,,,F102382.jpg
E8939,,,,,F102383.jpg
E8940,,,,,F102384.jpg
E8941,,,,,F102385.jpg
E8942,,,,,F102386.jpg
E8943,,,,,F102387.jpg
E8944,,,,,F102388.jpg
E8945,,,,,F102389.jpg
E8946,,,,,F102390.jpg
E8947,,,,,F102391.jpg
E8948,,,,,F102392.jpg
E8949,,,,,F102393.jpg
E8950,,,,,F102394.jpg
E8951,,,,,F102395.jpg
E8952,,,,,F102396.jpg
E8953,,,,,F102397.jpg
E8954,,,,,F102398.jpg
E8955,,,,,F102399.jpg
E8956,,,,,F102400.jpg
E8957,,,,,F102401.jpg
E8958,,,,,F102402.jpg
E8959,,,,,F102403.jpg
E8960,,,,,F102404.jpg
E8961,,,,,F102405.jpg
E8962,,,,,F102406.jpg
E8963,,,,,F102407.jpg
E8964,,,,,F102408.jpg
E8965,,,,,F102409.jpg
E8966,,,,,F102410.jpg
E8967,,,,,F102411.jpg
E8968,,,,,F102412.jpg
E8969,,,,,F102413.jpg
E8970,,,,,F102414.jpg
E8971,,,,,F102415.jpg
E8972,,,,,F102416.jpg
E8973,,,,,F102417.jpg
E8974,,,,,F102418.jpg
E8975,,,,,F102419.jpg
E8976,,,,,F102420.jpg
E8977,,,,,F102421.jpg
E8978,,,,,F102422.jpg
E8979,,,,,F102423.jpg
E8980,,,,,F102424.jpg
E8981,,,,,F102425.jpg
E8982,,,,,F102426.jpg
E8983,,,,,F102427.jpg
E8984,,,,,F102428.jpg
E8985,,,,,F102429.jpg
E8986,,,,,F102430.jpg
E8987,,,,,F102431.jpg
E8988,,,,,F102432.jpg
E8989,,,,,F102433.jpg
E8990,,,,,F102434.jpg
E8991,,,,,F102435.jpg
E8992,,,,,F102436.jpg
E8993,,,,,F102437.jpg
E8994,,,,,F102438.jpg
E8995,,,,,F102439.jpg
E8996,,,,,F102440.jpg
E8997,,,,,F102441.jpg
E8998,,,,,F102442.jpg
E8999,,,,,F102443.jpg
E9000,,,,,F102444.jpg
E9001,,,,,F102445.jpg
E9002,,,,,F102446.jpg
E9003,,,,,F102447.jpg
E9004,,,,,F102448.jpg
E9005,,,,,F102449.jpg
E9006,,,,,F102450.jpg
E9007,,,,,F102451.jpg
E9008,,,,,F102452.jpg
E9009,,,,,F102453.jpg
E9010,,,,,F102454.jpg
E9011,,,,,F102455.jpg
E9012,,,,,F102456.jpg
E9013,,,,,F102457.jpg
E9014,,,,,F102458.jpg
E9015,,,,,F102459.jpg
E9016,,,,,F102460.jpg
E9017,,,,,F102461.jpg
E9018,,,,,F102462.jpg
E9019,,,,,F102463.jpg
E9020,,,,,F102464.jpg
E9021,,,,,F102465.jpg
E9022,,,,,F102466.jpg
E9023,,,,,F102467.jpg
E9024,,,,,F102468.jpg
E9025,,,,,F102469.jpg
E9026,,,,,F102470.jpg
E9027,,,,,F102471.jpg
E9028,,,,,F102472.jpg
E9029,,,,,F102473.jpg
E9030,,,,,F102474.jpg
E9031,,,,,F102475.jpg
E9032,,,,,F102476.jpg
E9033,,,,,F102477.jpg
E9034,,,,,F102478.jpg
E9035,,,,,F102479.jpg
E9036,,,,,F102480.jpg
E9037,,,,,F102481.jpg
E9038,,,,,F102482.jpg
E9039,,,,,F102483.jpg
E9040,,,,,F102484.jpg
E9041,,,,,F102485.jpg
E9042,,,,,F102486.jpg
E9043,,,,,F102487.jpg
E9044,,,,,F102488.jpg
E9045,,,,,F102489.jpg
E9046,,,,,F102490.jpg
E9047,,,,,F102491.jpg
E9048,,,,,F102492.jpg
E9049,,,,,F102493.jpg
E9050,,,,,F102494.jpg
E9051,,,,,F102495.jpg
E9052,,,,,F102496.jpg
E9053,,,,,F102497.jpg
E9054,,,,,F102498.jpg
E9055,,,,,F102499.jpg
E9056,,,,,F102500.jpg
E9057,,,,,F102501.jpg
E9058,,,,,F102502.jpg
E9059,,,,,F102503.jpg
E9060,,,,,F102504.jpg
E9061,,,,,F102505.jpg
E9062,,,,,F102506.jpg
E9063,,,,,F102507.jpg
E9064,,,,,F102508.jpg
E9065,,,,,F102509.jpg
E9066,,,,,F102510.jpg
E9067,,,,,F102511.jpg
E9068,,,,,F102512.jpg
E9069,,,,,F102513.jpg
E9070,,,,,F102514.jpg
E9071,,,,,F102515.jpg
E9072,,,,,F102516.jpg
E9073,,,,,F102517.jpg
E9074,,,,,F102518.jpg
E9075,,,,,F102519.jpg
E9076,,,,,F102520.jpg
E9077,,,,,F102521.jpg
E9078,,,,,F102522.jpg
E9079,,,,,F102523.jpg
E9080,,,,,F102524.jpg
E9081,,,,,F102525.jpg
E9082,,,,,F102526.jpg
E9083,,,,,F102527.jpg
E9084,,,,,F102528.jpg
E9085,,,,,F102529.jpg
E9086,,,,,F102530.jpg
E9087,,,,,F102531.jpg
E9088,,,,,F102532.jpg
E9089,,,,,F102533.jpg
E9090,,,,,F102534.jpg
E9091,,,,,F102535.jpg
E9092,,,,,F102536.jpg
E9093,,,,,F102537.jpg
E9094,,,,,F102538.jpg
E9095,,,,,F102539.jpg
E9096,,,,,F102540.jpg
E9097,,,,,F102541.jpg
E9098,,,,,F102542.jpg
E9099,,,,,F102543.jpg
E9100,,,,,F102544.jpg
E9101,,,,,F102545.jpg
E9102,,,,,F102546.jpg
E9103,,,,,F102547.jpg
E9104,,,,,F102548.jpg
E9105,,,,,F102549.jpg
E9106,,,,,F102550.jpg
E9107,,,,,F102551.jpg
E9108,,,,,F102552.jpg
E9109,,,,,F102553.jpg
E9110,,,,,F102554.jpg
E9111,,,,,F102555.jpg
E9112,,,,,F102556.jpg
E9113,,,,,F102557.jpg
E9114,,,,,F102558.jpg
E9115,,,,,F102559.jpg
E9116,,,,,F102560.jpg
E9117,,,,,F102561.jpg
E9118,,,,,F102562.jpg
E9119,,,,,F102563.jpg
E9120,,,,,F102564.jpg
E9121,,,,,F102565.jpg
E9122,,,,,F102566.jpg
E9123,,,,,F102567.jpg
E9124,,,,,F102568.jpg
E9125,,,,,F102569.jpg
E9126,,,,,F102570.jpg
E9127,,,,,F102571.jpg
E9128,,,,,F102572.jpg
E9129,,,,,F102573.jpg
E9130,,,,,F102574.jpg
E9131,,,,,F102575.jpg
E9132,,,,,F102576.jpg
E9133,,,,,F102577.jpg
E9134,,,,,F102578.jpg
E9135,,,,,F102579.jpg
E9136,,,,,F102580.jpg
E9137,,,,,F102581.jpg
E9138,,,,,F102582.jpg
E9139,,,,,F102583.jpg
E9140,,,,,F102584.jpg
E9141,,,,,F102585.jpg
E9142,,,,,F102586.jpg
E9143,,,,,F102587.jpg
E9144,,,,,F102588.jpg
E9145,,,,,F102589.jpg
E9146,,,,,F102590.jpg
E9147,,,,,F102591.jpg
E9148,,,,,F102592.jpg
E9149,,,,,F102593.jpg
E9150,,,,,F102594.jpg
E9151,,,,,F102595.jpg
E9152,,,,,F102596.jpg
E9153,,,,,F102597.jpg
E9154,,,,,F102598.jpg
E9155,,,,,F102599.jpg
E9156,,,,,F102600.jpg
E9157,,,,,F102601.jpg
E9158,,,,,F102602.jpg
E9159,,,,,F102603.jpg
E9160,,,,,F102604.jpg
E9161,,,,,F102605.jpg
E9162,,,,,F102606.jpg
E9163,,,,,F102607.jpg
E9164,,,,,F102608.jpg
E9165,,,,,F102609.jpg
E9166,,,,,F102610.jpg
E9167,,,,,F102611.jpg
E9168,,,,,F102612.jpg
E9169,,,,,F102613.jpg
E9170,,,,,F102614.jpg
E9171,,,,,F102615.jpg
E9172,,,,,F102616.jpg
E9173,,,,,F102617.jpg
E9174,,,,,F102618.jpg
E9175,,,,,F102619.jpg
E9176,,,,,F102620.jpg
E9177,,,,,F102621.jpg
E9178,,,,,F102622.jpg
E9179,,,,,F102623.jpg
E9180,,,,,F102624.jpg
E9181,,,,,F102625.jpg
E9182,,,,,F102626.jpg
E9183,,,,,F102627.jpg
E9184,,,,,F102628.jpg
E9185,,,,,F102629.jpg
E9186,,,,,F102630.jpg
E9187,,,,,F102631.jpg
E9188,,,,,F102632.jpg
E9189,,,,,F102633.jpg
E9190,,,,,F102634.jpg
E9191,,,,,F102635.jpg
E9192,,,,,F102636.jpg
E9193,,,,,F102637.jpg
E9194,,,,,F102638.jpg
E9195,,,,,F102639.jpg
E9196,,,,,F102640.jpg
E9197,,,,,F102641.jpg
E9198,,,,,F102642.jpg
E9199,,,,,F102643.jpg
E9200,,,,,F102644.jpg
E9201,,,,,F102645.jpg
E9202,,,,,F102646.jpg
E9203,,,,,F102647.jpg
E9204,,,,,F102648.jpg
E9205,,,,,F102649.jpg
E9206,,,,,F102650.jpg
E9207,,,,,F102651.jpg
E9208,,,,,F102652.jpg
E9209,,,,,F102653.jpg
E9210,,,,,F102654.jpg
E9211,,,,,F102655.jpg
E9212,,,,,F102656.jpg
E9213,,,,,F102657.jpg
E9214,,,,,F102658.jpg
E9215,,,,,F102659.jpg
E9216,,,,,F102660.jpg
E9217,,,,,F102661.jpg
E9218,,,,,F102662.jpg
E9219,,,,,F102663.jpg
E9220,,,,,F102664.jpg
E9221,,,,,F102665.jpg
E9222,,,,,F102666.jpg
E9223,,,,,F102667.jpg
E9224,,,,,F102668.jpg
E9225,,,,,F102669.jpg
E9226,,,,,F102670.jpg
E9227,,,,,F102671.jpg
E9228,,,,,F102672.jpg
E9229,,,,,F102673.jpg
E9230,,,,,F102674.jpg
E9231,,,,,F102675.jpg
E9232,,,,,F102676.jpg
E9233,,,,,F102677.jpg
E9234,,,,,F102678.jpg
E9235,,,,,F102679.jpg
E9236,,,,,F102680.jpg
E9237,,,,,F102681.jpg
E9238,,,,,F102682.jpg
E9239,,,,,F102683.jpg
E9240,,,,,F102684.jpg
E9241,,,,,F102685.jpg
E9242,,,,,F102686.jpg
E9243,,,,,F102687.jpg
E9244,,,,,F102688.jpg
E9245,,,,,F102689.jpg
E9246,,,,,F102690.jpg
E9247,,,,,F102691.jpg
E9248,,,,,F102692.jpg
E9249,,,,,F102693.jpg
E9250,,,,,F102694.jpg
E9251,,,,,F102695.jpg
E9252,,,,,F102696.jpg
E9253,,,,,F102697.jpg
E9254,,,,,F102698.jpg
E9255,,,,,F102699.jpg
E9256,,,,,F102700.jpg
E9257,,,,,F102701.jpg
E9258,,,,,F102702.jpg
E9259,,,,,F102703.jpg
E9260,,,,,F102704.jpg
E9261,,,,,F102705.jpg
E9262,,,,,F102706.jpg
E9263,,,,,F102707.jpg
E9264,,,,,F102708.jpg
E9265,,,,,F102709.jpg
E9266,,,,,F102710.jpg
E9267,,,,,F102711.jpg
E9268,,,,,F102712.jpg
E9269,,,,,F102713.jpg
E9270,,,,,F102714.jpg
E9271,,,,,F102715.jpg
E9272,,,,,F102716.jpg
E9273,,,,,F102717.jpg
E9274,,,,,F102718.jpg
E9275,,,,,F102719.jpg
E9276,,,,,F102720.jpg
E9277,,,,,F102721.jpg
E9278,,,,,F102722.jpg
E9279,,,,,F102723.jpg
E9280,,,,,F102724.jpg
E9281,,,,,F102725.jpg
E9282,,,,,F102726.jpg
E9283,,,,,F102727.jpg
E9284,,,,,F102728.jpg
E9285,,,,,F102729.jpg
E9286,,,,,F102730.jpg
E9287,,,,,F102731.jpg
E9288,,,,,F102732.jpg
E9289,,,,,F102733.jpg
E9290,,,,,F102734.jpg
E9291,,,,,F102735.jpg
E9292,,,,,F102736.jpg
E9293,,,,,F102737.jpg
E9294,,,,,F102738.jpg
E9295,,,,,F102739.jpg
E9296,,,,,F102740.jpg
E9297,,,,,F102741.jpg
E9298,,,,,F102742.jpg
E9299,,,,,F102743.jpg
E9300,,,,,F102744.jpg
E9301,,,,,F102745.jpg
E9302,,,,,F102746.jpg
E9303,,,,,F102747.jpg
E9304,,,,,F102748.jpg
E9305,,,,,F102749.jpg
E9306,,,,,F102750.jpg
E9307,,,,,F102751.jpg
E9308,,,,,F102752.jpg
E9309,,,,,F102753.jpg
E9310,,,,,F102754.jpg
E9311,,,,,F102755.jpg
E9312,,,,,F102756.jpg
E9313,,,,,F102757.jpg
E9314,,,,,F102758.jpg
E9315,,,,,F102759.jpg
E9316,,,,,F102760.jpg
E9317,,,,,F102761.jpg
E9318,,,,,F102762.jpg
E9319,,,,,F102763.jpg
E9320,,,,,F102764.jpg
E9321,,,,,F102765.jpg
E9322,,,,,F102766.jpg
E9323,,,,,F102767.jpg
E9324,,,,,F102768.jpg
E9325,,,,,F102769.jpg
E9326,,,,,F102770.jpg
E9327,,,,,F102771.jpg
E9328,,,,,F102772.jpg
E9329,,,,,F102773.jpg
E9330,,,,,F102774.jpg
E9331,,,,,F102775.jpg
E9332,,,,,F102776.jpg
E9333,,,,,F102777.jpg
E9334,,,,,F102778.jpg
E9335,,,,,F102779.jpg
E9336,,,,,F102780.jpg
E9337,,,,,F102781.jpg
E9338,,,,,F102782.jpg
E9339,,,,,F102783.jpg
E9340,,,,,F102784.jpg
E9341,,,,,F102785.jpg
E9342,,,,,F102786.jpg
E9343,,,,,F102787.jpg
E9344,,,,,F102788.jpg
E9345,,,,,F102789.jpg
E9346,,,,,F102790.jpg
E9347,,,,,F102791.jpg
E9348,,,,,F102792.jpg
E9349,,,,,F102793.jpg
E9350,,,,,F102794.jpg
E9351,,,,,F102795.jpg
E9352,,,,,F102796.jpg
E9353,,,,,F102797.jpg
E9354,,,,,F102798.jpg
E9355,,,,,F102799.jpg
E9356,,,,,F102800.jpg
E9357,,,,,F102801.jpg
E9358,,,,,F102802.jpg
E9359,,,,,F102803.jpg
E9360,,,,,F102804.jpg
E9361,,,,,F102805.jpg
E9362,,,,,F102806.jpg
E9363,,,,,F102807.jpg
E9364,,,,,F102808.jpg
E9365,,,,,F102809.jpg
E9366,,,,,F102810.jpg
E9367,,,,,F102811.jpg
E9368,,,,,F102812.jpg
E9369,,,,,F102813.jpg
E9370,,,,,F102814.jpg
E9371,,,,,F102815.jpg
E9372,,,,,F102816.jpg
E9373,,,,,F102817.jpg
E9374,,,,,F102818.jpg
E9375,,,,,F102819.jpg
E9376,,,,,F102820.jpg
E9377,,,,,F102821.jpg
E9378,,,,,F102822.jpg
E9379,,,,,F102823.jpg
E9380,,,,,F102824.jpg
E9381,,,,,F102825.jpg
E9382,,,,,F102826.jpg
E9383,,,,,F102827.jpg
E9384,,,,,F102828.jpg
E9385,,,,,F102829.jpg
E9386,,,,,F102830.jpg
E9387,,,,,F102831.jpg
E9388,,,,,F102832.jpg
E9389,,,,,F102833.jpg
E9390,,,,,F102834.jpg
E9391,,,,,F102835.jpg
E9392,,,,,F102836.jpg
E9393,,,,,F102837.jpg
E9394,,,,,F102838.jpg
E9395,,,,,F102839.jpg
E9396,,,,,F102840.jpg
E9397,,,,,F102841.jpg
E9398,,,,,F102842.jpg
E9399,,,,,F102843.jpg
E9400,,,,,F102844.jpg
E9401,,,,,F102845.jpg
E9402,,,,,F102846.jpg
E9403,,,,,F102847.jpg
E9404,,,,,F102848.jpg
E9405,,,,,F102849.jpg
E9406,,,,,F102850.jpg
E9407,,,,,F102851.jpg
E9408,,,,,F102852.jpg
E9409,,,,,F102853.jpg
E9410,,,,,F102854.jpg
E9411,,,,,F102855.jpg
E9412,,,,,F102856.jpg
E9413,,,,,F102857.jpg
E9414,,,,,F102858.jpg
E9415,,,,,F102859.jpg
E9416,,,,,F102860.jpg
E9417,,,,,F102861.jpg
E9418,,,,,F102862.jpg
E9419,,,,,F102863.jpg
E9420,,,,,F102864.jpg
E9421,,,,,F102865.jpg
E9422,,,,,F102866.jpg
E9423,,,,,F102867.jpg
E9424,,,,,F102868.jpg
E9425,,,,,F102869.jpg
E9426,,,,,F102870.jpg
E9427,,,,,F102871.jpg
E9428,,,,,F102872.jpg
E9429,,,,,F102873.jpg
E9430,,,,,F102874.jpg
E9431,,,,,F102875.jpg
E9432,,,,,F102876.jpg
E9433,,,,,F102877.jpg
E9434,,,,,F102878.jpg
E9435,,,,,F102879.jpg
E9436,,,,,F102880.jpg
E9437,,,,,F102881.jpg
E9438,,,,,F102882.jpg
E9439,,,,,F102883.jpg
E9440,,,,,F102884.jpg
E9441,,,,,F102885.jpg
E9442,,,,,F102886.jpg
E9443,,,,,F102887.jpg
E9444,,,,,F102888.jpg
E9445,,,,,F102889.jpg
E9446,,,,,F102890.jpg
E9447,,,,,F102891.jpg
E9448,,,,,F102892.jpg
E9449,,,,,F102893.jpg
E9450,,,,,F102894.jpg
E9451,,,,,F102895.jpg
E9452,,,,,F102896.jpg
E9453,,,,,F102897.jpg
E9454,,,,,F102898.jpg
E9455,,,,,F102899.jpg
E9456,,,,,F102900.jpg
E9457,,,,,F102901.jpg
E9458,,,,,F102902.jpg
E9459,,,,,F102903.jpg
E9460,,,,,F102904.jpg
E9461,,,,,F102905.jpg
E9462,,,,,F102906.jpg
E9463,,,,,F102907.jpg
E9464,,,,,F102908.jpg
E9465,,,,,F102909.jpg
E9466,,,,,F102910.jpg
E9467,,,,,F102911.jpg
E9468,,,,,F102912.jpg
E9469,,,,,F102913.jpg
E9470,,,,,F102914.jpg
E9471,,,,,F102915.jpg
E9472,,,,,F102916.jpg
E9473,,,,,F102917.jpg
E9474,,,,,F102918.jpg
E9475,,,,,F102919.jpg
E9476,,,,,F102920.jpg
E9477,,,,,F102921.jpg
E9478,,,,,F102922.jpg
E9479,,,,,F102923.jpg
E9480,,,,,F102924.jpg
E9481,,,,,F102925.jpg
E9482,,,,,F102926.jpg
E9483,,,,,F102927.jpg
E9484,,,,,F102928.jpg
E9485,,,,,F102929.jpg
E9486,,,,,F102930.jpg
E9487,,,,,F102931.jpg
E9488,,,,,F102932.jpg
E9489,,,,,F102933.jpg
E9490,,,,,F102934.jpg
E9491,,,,,F102935.jpg
E9492,,,,,F102936.jpg
E9493,,,,,F102937.jpg
E9494,,,,,F102938.jpg
E9495,,,,,F102939.jpg
E9496,,,,,F102940.jpg
E9497,,,,,F102941.jpg
E9498,,,,,F102942.jpg
E9499,,,,,F102943.jpg
E9500,,,,,F102944.jpg
E9501,,,,,F102945.jpg
E9502,,,,,F102946.jpg
E9503,,,,,F102947.jpg
E9504,,,,,F102948.jpg
E9505,,,,,F102949.jpg
E9506,,,,,F102950.jpg
E9507,,,,,F102951.jpg
E9508,,,,,F102952.jpg
E9509,,,,,F102953.jpg
E9510,,,,,F102954.jpg
E9511,,,,,F102955.jpg
E9512,,,,,F102956.jpg
E9513,,,,,F102957.jpg
E9514,,,,,F102958.jpg
E9515,,,,,F102959.jpg
E9516,,,,,F102960.jpg
E9517,,,,,F102961.jpg
E9518,,,,,F102962.jpg
E9519,,,,,F102963.jpg
E9520,,,,,F102964.jpg
E9521,,,,,F102965.jpg
E9522,,,,,F102966.jpg
E9523,,,,,F102967.jpg
E9524,,,,,F102968.jpg
E9525,,,,,F102969.jpg
E9526,,,,,F102970.jpg
E9527,,,,,F102971.jpg
E9528,,,,,F102972.jpg
E9529,,,,,F102973.jpg
E9530,,,,,F102974.jpg
E9531,,,,,F102975.jpg
E9532,,,,,F102976.jpg
E9533,,,,,F102977.jpg
E9534,,,,,F102978.jpg
E9535,,,,,F102979.jpg
E9536,,,,,F102980.jpg
E9537,,,,,F102981.jpg
E9538,,,,,F102982.jpg
E9539,,,,,F102983.jpg
E9540,,,,,F102984.jpg
E9541,,,,,F102985.jpg
E9542,,,,,F102986.jpg
E9543,,,,,F102987.jpg
E9544,,,,,F102988.jpg
E9545,,,,,F102989.jpg
E9546,,,,,F102990.jpg
E9547,,,,,F102991.jpg
E9548,,,,,F102992.jpg
E9549,,,,,F102993.jpg
E9550,,,,,F102994.jpg
E9551,,,,,F102995.jpg
E9552,,,,,F102996.jpg
E9553,,,,,F102997.jpg
E9554,,,,,F102998.jpg
E9555,,,,,F102999.jpg
E9556,,,,,F103000.jpg
E9557,,,,,F103001.jpg
E9558,,,,,F103002.jpg
E9559,,,,,F103003.jpg
E9560,,,,,F103004.jpg
E9561,,,,,F103005.jpg
E9562,,,,,F103006.jpg
E9563,,,,,F103007.jpg
E9564,,,,,F103008.jpg
E9565,,,,,F103009.jpg
E9566,,,,,F103010.jpg
E9567,,,,,F103011.jpg
E9568,,,,,F103012.jpg
E9569,,,,,F103013.jpg
E9570,,,,,F103014.jpg
E9571,,,,,F103015.jpg
E9572,,,,,F103016.jpg
E9573,,,,,F103017.jpg
E9574,,,,,F103018.jpg
E9575,,,,,F103019.jpg
E9576,,,,,F103020.jpg
E9577,,,,,F103021.jpg
E9578,,,,,F103022.jpg
E9579,,,,,F103023.jpg
E9580,,,,,F103024.jpg
E9581,,,,,F103025.jpg
E9582,,,,,F103026.jpg
E9583,,,,,F103027.jpg
E9584,,,,,F103028.jpg
E9585,,,,,F103029.jpg
E9586,,,,,F103030.jpg
E9587,,,,,F103031.jpg
E9588,,,,,F103032.jpg
E9589,,,,,F103033.jpg
E9590,,,,,F103034.jpg
E9591,,,,,F103035.jpg
E9592,,,,,F103036.jpg
E9593,,,,,F103037.jpg
E9594,,,,,F103038.jpg
E9595,,,,,F103039.jpg
E9596,,,,,F103040.jpg
E9597,,,,,F103041.jpg
E9598,,,,,F103042.jpg
E9599,,,,,F103043.jpg
E9600,,,,,F103044.jpg
E9601,,,,,F103045.jpg
E9602,,,,,F103046.jpg
E9603,,,,,F103047.jpg
E9604,,,,,F103048.jpg
E9605,,,,,F103049.jpg
E9606,,,,,F103050.jpg
E9607,,,,,F103051.jpg
E9608,,,,,F103052.jpg
E9609,,,,,F103053.jpg
E9610,,,,,F103054.jpg
E9611,,,,,F103055.jpg
E9612,,,,,F103056.jpg
E9613,,,,,F103057.jpg
E9614,,,,,F103058.jpg
E9615,,,,,F103059.jpg
E9616,,,,,F103060.jpg
E9617,,,,,F103061.jpg
E9618,,,,,F103062.jpg
E9619,,,,,F103063.jpg
E9620,,,,,F103064.jpg
E9621,,,,,F103065.jpg
E9622,,,,,F103066.jpg
E9623,,,,,F103067.jpg
E9624,,,,,F103068.jpg
E9625,,,,,F103069.jpg
E9626,,,,,F103070.jpg
E9627,,,,,F103071.jpg
E9628,,,,,F103072.jpg
E9629,,,,,F103073.jpg
E9630,,,,,F103074.jpg
E9631,,,,,F103075.jpg
E9632,,,,,F103076.jpg
E9633,,,,,F103077.jpg
E9634,,,,,F103078.jpg
E9635,,,,,F103079.jpg
E9636,,,,,F103080.jpg
E9637,,,,,F103081.jpg
E9638,,,,,F103082.jpg
E9639,,,,,F103083.jpg
E9640,,,,,F103084.jpg
E9641,,,,,F103085.jpg
E9642,,,,,F103086.jpg
E9643,,,,,F103087.jpg
E9644,,,,,F103088.jpg
E9645,,,,,F103089.jpg
E9646,,,,,F103090.jpg
E9647,,,,,F103091.jpg
E9648,,,,,F103092.jpg
E9649,,,,,F103093.jpg
E9650,,,,,F103094.jpg
E9651,,,,,F103095.jpg
E9652,,,,,F103096.jpg
E9653,,,,,F103097.jpg
E9654,,,,,F103098.jpg
E9655,,,,,F103099.jpg
E9656,,,,,F103100.jpg
E9657,,,,,F103101.jpg
E9658,,,,,F103102.jpg
E9659,,,,,F103103.jpg
E9660,,,,,F103104.jpg
E9661,,,,,F103105.jpg
E9662,,,,,F103106.jpg
E9663,,,,,F103107.jpg
E9664,,,,,F103108.jpg
E9665,,,,,F103109.jpg
E9666,,,,,F103110.jpg
E9667,,,,,F103111.jpg
E9668,,,,,F103112.jpg
E9669,,,,,F103113.jpg
E9670,,,,,F103114.jpg
E9671,,,,,F103115.jpg
E9672,,,,,F103116.jpg
E9673,,,,,F103117.jpg
E9674,,,,,F103118.jpg
E9675,,,,,F103119.jpg
E9676,,,,,F103120.jpg
E9677,,,,,F103121.jpg
E9678,,,,,F103122.jpg
E9679,,,,,F103123.jpg
E9680,,,,,F103124.jpg
E9681,,,,,F103125.jpg
E9682,,,,,F103126.jpg
E9683,,,,,F103127.jpg
E9684,,,,,F103128.jpg
E9685,,,,,F103129.jpg
E9686,,,,,F103130.jpg
E9687,,,,,F103131.jpg
E9688,,,,,F103132.jpg
E9689,,,,,F103133.jpg
E9690,,,,,F103134.jpg
E9691,,,,,F103135.jpg
E9692,,,,,F103136.jpg
E9693,,,,,F103137.jpg
E9694,,,,,F103138.jpg
E9695,,,,,F103139.jpg
E9696,,,,,F103140.jpg
E9697,,,,,F103141.jpg
E9698,,,,,F103142.jpg
E9699,,,,,F103143.jpg
E9700,,,,,F103144.jpg
E9701,,,,,F103145.jpg
E9702,,,,,F103146.jpg
E9703,,,,,F103147.jpg
E9704,,,,,F103148.jpg
E9705,,,,,F103149.jpg
E9706,,,,,F103150.jpg
E9707,,,,,F103151.jpg
E9708,,,,,F103152.jpg
E9709,,,,,F103153.jpg
E9710,,,,,F103154.jpg
E9711,,,,,F103155.jpg
E9712,,,,,F103156.jpg
E9713,,,,,F103157.jpg
E9714,,,,,F103158.jpg
E9715,,,,,F103159.jpg
E9716,,,,,F103160.jpg
E9717,,,,,F103161.jpg
E9718,,,,,F103162.jpg
E9719,,,,,F103163.jpg
E9720,,,,,F103164.jpg
E9721,,,,,F103165.jpg
E9722,,,,,F103166.jpg
E9723,,,,,F103167.jpg
E9724,,,,,F103168.jpg
E9725,,,,,F103169.jpg
E9726,,,,,F103170.jpg
E9727,,,,,F103171.jpg
E9728,,,,,F103172.jpg
E9729,,,,,F103173.jpg
E9730,,,,,F103174.jpg
E9731,,,,,F103175.jpg
E9732,,,,,F103176.jpg
E9733,,,,,F103177.jpg
E9734,,,,,F103178.jpg
E9735,,,,,F103179.jpg
E9736,,,,,F103180.jpg
E9737,,,,,F103181.jpg
E9738,,,,,F103182.jpg
E9739,,,,,F103183.jpg
E9740,,,,,F103184.jpg
E9741,,,,,F103185.jpg
E9742,,,,,F103186.jpg
E9743,,,,,F103187.jpg
E9744,,,,,F103188.jpg
E9745,,,,,F103189.jpg
E9746,,,,,F103190.jpg
E9747,,,,,F103191.jpg
E9748,,,,,F103192.jpg
E9749,,,,,F103193.jpg
E9750,,,,,F103194.jpg
E9751,,,,,F103195.jpg
E9752,,,,,F103196.jpg
E9753,,,,,F103197.jpg
E9754,,,,,F103198.jpg
E9755,,,,,F103199.jpg
E9756,,,,,F103200.jpg
E9757,,,,,F103201.jpg
E9758,,,,,F103202.jpg
E9759,,,,,F103203.jpg
E9760,,,,,F103204.jpg
E9761,,,,,F103205.jpg
E9762,,,,,F103206.jpg
E9763,,,,,F103207.jpg
E9764,,,,,F103208.jpg
E9765,,,,,F103209.jpg
E9766,,,,,F103210.jpg
E9767,,,,,F103211.jpg
E9768,,,,,F103212.jpg
E9769,,,,,F103213.jpg
E9770,,,,,F103214.jpg
E9771,,,,,F103215.jpg
E9772,,,,,F103216.jpg
E9773,,,,,F103217.jpg
E9774,,,,,F103218.jpg
E9775,,,,,F103219.jpg
E9776,,,,,F103220.jpg
E9777,,,,,F103221.jpg
E9778,,,,,F103222.jpg
E9779,,,,,F103223.jpg
E9780,,,,,F103224.jpg
E9781,,,,,F103225.jpg
E9782,,,,,F103226.jpg
E9783,,,,,F103227.jpg
E9784,,,,,F103228.jpg
E9785,,,,,F103229.jpg
E9786,,,,,F103230.jpg
E9787,,,,,F103231.jpg
E9788,,,,,F103232.jpg
E9789,,,,,F103233.jpg
E9790,,,,,F103234.jpg
E9791,,,,,F103235.jpg
E9792,,,,,F103236.jpg
E9793,,,,,F103237.jpg
E9794,,,,,F103238.jpg
E9795,,,,,F103239.jpg
E9796,,,,,F103240.jpg
E9797,,,,,F103241.jpg
E9798,,,,,F103242.jpg
E9799,,,,,F103243.jpg
E9800,,,,,F103244.jpg
E9801,,,,,F103245.jpg
E9802,,,,,F103246.jpg
E9803,,,,,F103247.jpg
E9804,,,,,F103248.jpg
E9805,,,,,F103249.jpg
E9806,,,,,F103250.jpg
E9807,,,,,F103251.jpg
E9808,,,,,F103252.jpg
E9809,,,,,F103253.jpg
E9810,,,,,F103254.jpg
E9811,,,,,F103255.jpg
E9812,,,,,F103256.jpg
E9813,,,,,F103257.jpg
E9814,,,,,F103258.jpg
E9815,,,,,F103259.jpg
E9816,,,,,F103260.jpg
E9817,,,,,F103261.jpg
E9818,,,,,F103262.jpg
E9819,,,,,F103263.jpg
E9820,,,,,F103264.jpg
E9821,,,,,F103265.jpg
E9822,,,,,F103266.jpg
E9823,,,,,F103267.jpg
E9824,,,,,F103268.jpg
E9825,,,,,F103269.jpg
E9826,,,,,F103270.jpg
E9827,,,,,F103271.jpg
E9828,,,,,F103272.jpg
E9829,,,,,F103273.jpg
E9830,,,,,F103274.jpg
E9831,,,,,F103275.jpg
E9832,,,,,F103276.jpg
E9833,,,,,F103277.jpg
E9834,,,,,F103278.jpg
E9835,,,,,F103279.jpg
E9836,,,,,F103280.jpg
E9837,,,,,F103281.jpg
E9838,,,,,F103282.jpg
E9839,,,,,F103283.jpg
E9840,,,,,F103284.jpg
E9841,,,,,F103285.jpg
E9842,,,,,F103286.jpg
E9843,,,,,F103287.jpg
E9844,,,,,F103288.jpg
E9845,,,,,F103289.jpg
E9846,,,,,F103290.jpg
E9847,,,,,F103291.jpg
E9848,,,,,F103292.jpg
E9849,,,,,F103293.jpg
E9850,,,,,F103294.jpg
E9851,,,,,F103295.jpg
E9852,,,,,F103296.jpg
E9853,,,,,F103297.jpg
E9854,,,,,F103298.jpg
E9855,,,,,F103299.jpg
E9856,,,,,F103300.jpg
E9857,,,,,F103301.jpg
E9858,,,,,F103302.jpg
E9859,,,,,F103303.jpg
E9860,,,,,F103304.jpg
E9861,,,,,F103305.jpg
E9862,,,,,F103306.jpg
E9863,,,,,F103307.jpg
E9864,,,,,F103308.jpg
E9865,,,,,F103309.jpg
E9866,,,,,F103310.jpg
E9867,,,,,F103311.jpg
E9868,,,,,F103312.jpg
E9869,,,,,F103313.jpg
E9870,,,,,F103314.jpg
E9871,,,,,F103315.jpg
E9872,,,,,F103316.jpg
E9873,,,,,F103317.jpg
E9874,,,,,F103318.jpg
E9875,,,,,F103319.jpg
E9876,,,,,F103320.jpg
E9877,,,,,F103321.jpg
E9878,,,,,F103322.jpg
E9879,,,,,F103323.jpg
E9880,,,,,F103324.jpg
E9881,,,,,F103325.jpg
E9882,,,,,F103326.jpg
E9883,,,,,F103327.jpg
E9884,,,,,F103328.jpg
E9885,,,,,F103329.jpg
E9886,,,,,F103330.jpg
E9887,,,,,F103331.jpg
E9888,,,,,F103332.jpg
E9889,,,,,F103333.jpg
E9890,,,,,F103334.jpg
E9891,,,,,F103335.jpg
E9892,,,,,F103336.jpg
E9893,,,,,F103337.jpg
E9894,,,,,F103338.jpg
E9895,,,,,F103339.jpg
E9896,,,,,F103340.jpg
E9897,,,,,F103341.jpg
E9898,,,,,F103342.jpg
E9899,,,,,F103343.jpg
E9900,,,,,F103344.jpg
E9901,,,,,F103345.jpg
E9902,,,,,F103346.jpg
E9903,,,,,F103347.jpg
E9904,,,,,F103348.jpg
E9905,,,,,F103349.jpg
E9906,,,,,F103350.jpg
E9907,,,,,F103351.jpg
E9908,,,,,F103352.jpg
E9909,,,,,F103353.jpg
E9910,,,,,F103354.jpg
E9911,,,,,F103355.jpg
E9912,,,,,F103356.jpg
E9913,,,,,F103357.jpg
E9914,,,,,F103358.jpg
E9915,,,,,F103359.jpg
E9916,,,,,F103360.jpg
E9917,,,,,F103361.jpg
E9918,,,,,F103362.jpg
E9919,,,,,F103363.jpg
E9920,,,,,F103364.jpg
E9921,,,,,F103365.jpg
E9922,,,,,F103366.jpg
E9923,,,,,F103367.jpg
E9924,,,,,F103368.jpg
E9925,,,,,F103369.jpg
E9926,,,,,F103370.jpg
E9927,,,,,F103371.jpg
E9928,,,,,F103372.jpg
E9929,,,,,F103373.jpg
E9930,,,,,F103374.jpg
E9931,,,,,F103375.jpg
E9932,,,,,F103376.jpg
E9933,,,,,F103377.jpg
E9934,,,,,F103378.jpg
E9935,,,,,F103379.jpg
E9936,,,,,F103380.jpg
E9937,,,,,F103381.jpg
E9938,,,,,F103382.jpg
E9939,,,,,F103383.jpg
E9940,,,,,F103384.jpg
E9941,,,,,F103385.jpg
E9942,,,,,F103386.jpg
E9943,,,,,F103387.jpg
E9944,,,,,F103388.jpg
E9945,,,,,F103389.jpg
E9946,,,,,F103390.jpg
E9947,,,,,F103391.jpg
E9948,,,,,F103392.jpg
E9949,,,,,F103393.jpg
E9950,,,,,F103394.jpg
E9951,,,,,F103395.jpg
E9952,,,,,F103396.jpg
E9953,,,,,F103397.jpg
E9954,,,,,F103398.jpg
E9955,,,,,F103399.jpg
E9956,,,,,F103400.jpg
E9957,,,,,F103401.jpg
E9958,,,,,F103402.jpg
E9959,,,,,F103403.jpg
E9960,,,,,F103404.jpg
E9961,,,,,F103405.jpg
E9962,,,,,F103406.jpg
E9963,,,,,F103407.jpg
E9964,,,,,F103408.jpg
E9965,,,,,F103409.jpg
E9966,,,,,F103410.jpg
E9967,,,,,F103411.jpg
E9968,,,,,F103412.jpg
E9969,,,,,F103413.jpg
E9970,,,,,F103414.jpg
E9971,,,,,F103415.jpg
E9972,,,,,F103416.jpg
E9973,,,,,F103417.jpg
E9974,,,,,F103418.jpg
E9975,,,,,F103419.jpg
E9976,,,,,F103420.jpg
E9977,,,,,F103421.jpg
E9978,,,,,F103422.jpg
E9979,,,,,F103423.jpg
E9980,,,,,F103424.jpg
E9981,,,,,F103425.jpg
E9982,,,,,F103426.jpg
E9983,,,,,F103427.jpg
E9984,,,,,F103428.jpg
E9985,,,,,F103429.jpg
E9986,,,,,F103430.jpg
E9987,,,,,F103431.jpg
E9988,,,,,F103432.jpg
E9989,,,,,F103433.jpg
E9990,,,,,F103434.jpg
E9991,,,,,F103435.jpg
E9992,,,,,F103436.jpg
E9993,,,,,F103437.jpg
E9994,,,,,F103438.jpg
E9995,,,,,F103439.jpg
E9996,,,,,F103440.jpg
E9997,,,,,F103441.jpg
E9998,,,,,F103442.jpg
E9999,,,,,F103443.jpg
E10000,,,,,F103444.jpg
E10001,,,,,F103445.jpg
E10002,,,,,F103446.jpg
E10003,,,,,F103447.jpg
E10004,,,,,F103448.jpg
E10005,,,,,F103449.jpg
E10006,,,,,F103450.jpg
E10007,,,,,F103451.jpg
E10008,,,,,F103452.jpg
E10009,,,,,F103453.jpg
E10010,,,,,F103454.jpg
E10011,,,,,F103455.jpg
E10012,,,,,F103456.jpg
E10013,,,,,F103457.jpg
E10014,,,,,F103458.jpg
E10015,,,,,F103459.jpg
E10016,,,,,F103460.jpg
E10017,,,,,F103461.jpg
E10018,,,,,F103462.jpg
E10019,,,,,F103463.jpg
E10020,,,,,F103464.jpg
E10021,,,,,F103465.jpg
E10022,,,,,F103466.jpg
E10023,,,,,F103467.jpg
E10024,,,,,F103468.jpg
E10025,,,,,F103469.jpg
E10026,,,,,F103470.jpg
E10027,,,,,F103471.jpg
E10028,,,,,F103472.jpg
E10029,,,,,F103473.jpg
E10030,,,,,F103474.jpg
E10031,,,,,F103475.jpg
E10032,,,,,F103476.jpg
E10033,,,,,F103477.jpg
E10034,,,,,F103478.jpg
E10035,,,,,F103479.jpg
E10036,,,,,F103480.jpg
E10037,,,,,F103481.jpg
E10038,,,,,F103482.jpg
E10039,,,,,F103483.jpg
E10040,,,,,F103484.jpg
E10041,,,,,F103485.jpg
E10042,,,,,F103486.jpg
E10043,,,,,F103487.jpg
E10044,,,,,F103488.jpg
E10045,,,,,F103489.jpg
E10046,,,,,F103490.jpg
E10047,,,,,F103491.jpg
E10048,,,,,F103492.jpg
E10049,,,,,F103493.jpg
E10050,,,,,F103494.jpg
E10051,,,,,F103495.jpg
E10052,,,,,F103496.jpg
E10053,,,,,F103497.jpg
E10054,,,,,F103498.jpg
E10055,,,,,F103499.jpg
E10056,,,,,F103500.jpg
E10057,,,,,F103501.jpg
E10058,,,,,F103502.jpg
E10059,,,,,F103503.jpg
E10060,,,,,F103504.jpg
E10061,,,,,F103505.jpg
E10062,,,,,F103506.jpg
E10063,,,,,F103507.jpg
E10064,,,,,F103508.jpg
E10065,,,,,F103509.jpg
E10066,,,,,F103510.jpg
E10067,,,,,F103511.jpg
E10068,,,,,F103512.jpg
E10069,,,,,F103513.jpg
E10070,,,,,F103514.jpg
E10071,,,,,F103515.jpg
E10072,,,,,F103516.jpg
E10073,,,,,F103517.jpg
E10074,,,,,F103518.jpg
E10075,,,,,F103519.jpg
E10076,,,,,F103520.jpg
E10077,,,,,F103521.jpg
E10078,,,,,F103522.jpg
E10079,,,,,F103523.jpg
E10080,,,,,F103524.jpg
E10081,,,,,F103525.jpg
E10082,,,,,F103526.jpg
E10083,,,,,F103527.jpg
E10084,,,,,F103528.jpg
E10085,,,,,F103529.jpg
E10086,,,,,F103530.jpg
E10087,,,,,F103531.jpg
E10088,,,,,F103532.jpg
E10089,,,,,F103533.jpg
E10090,,,,,F103534.jpg
E10091,,,,,F103535.jpg
E10092,,,,,F103536.jpg
E10093,,,,,F103537.jpg
E10094,,,,,F103538.jpg
E10095,,,,,F103539.jpg
E10096,,,,,F103540.jpg
E10097,,,,,F103541.jpg
E10098,,,,,F103542.jpg
E10099,,,,,F103543.jpg
E10100,,,,,F103544.jpg
E10101,,,,,F103545.jpg
E10102,,,,,F103546.jpg
E10103,,,,,F103547.jpg
E10104,,,,,F103548.jpg
E10105,,,,,F103549.jpg
E10106,,,,,F103550.jpg
E10107,,,,,F103551.jpg
E10108,,,,,F103552.jpg
E10109,,,,,F103553.jpg
E10110,,,,,F103554.jpg
E10111,,,,,F103555.jpg
E10112,,,,,F103556.jpg
E10113,,,,,F103557.jpg
E10114,,,,,F103558.jpg
E10115,,,,,F103559.jpg
E10116,,,,,F103560.jpg
E10117,,,,,F103561.jpg
E10118,,,,,F103562.jpg
E10119,,,,,F103563.jpg
E10120,,,,,F103564.jpg
E10121,,,,,F103565.jpg
E10122,,,,,F103566.jpg
E10123,,,,,F103567.jpg
E10124,,,,,F103568.jpg
E10125,,,,,F103569.jpg
E10126,,,,,F103570.jpg
E10127,,,,,F103571.jpg
E10128,,,,,F103572.jpg
E10129,,,,,F103573.jpg
E10130,,,,,F103574.jpg
E10131,,,,,F103575.jpg
E10132,,,,,F103576.jpg
E10133,,,,,F103577.jpg
E10134,,,,,F103578.jpg
E10135,,,,,F103579.jpg
E10136,,,,,F103580.jpg
E10137,,,,,F103581.jpg
E10138,,,,,F103582.jpg
E10139,,,,,F103583.jpg
E10140,,,,,F103584.jpg
E10141,,,,,F103585.jpg
E10142,,,,,F103586.jpg
E10143,,,,,F103587.jpg
E10144,,,,,F103588.jpg
E10145,,,,,F103589.jpg
E10146,,,,,F103590.jpg
E10147,,,,,F103591.jpg
E10148,,,,,F103592.jpg
E10149,,,,,F103593.jpg
E10150,,,,,F103594.jpg
E10151,,,,,F103595.jpg
E10152,,,,,F103596.jpg
E10153,,,,,F103597.jpg
E10154,,,,,F103598.jpg
E10155,,,,,F103599.jpg
E10156,,,,,F103600.jpg
E10157,,,,,F103601.jpg
E10158,,,,,F103602.jpg
E10159,,,,,F103603.jpg
E10160,,,,,F103604.jpg
E10161,,,,,F103605.jpg
E10162,,,,,F103606.jpg
E10163,,,,,F103607.jpg
E10164,,,,,F103608.jpg
E10165,,,,,F103609.jpg
E10166,,,,,F103610.jpg
E10167,,,,,F103611.jpg
E10168,,,,,F103612.jpg
E10169,,,,,F103613.jpg
E10170,,,,,F103614.jpg
E10171,,,,,F103615.jpg
E10172,,,,,F103616.jpg
E10173,,,,,F103617.jpg
E10174,,,,,F103618.jpg
E10175,,,,,F103619.jpg
E10176,,,,,F103620.jpg
E10177,,,,,F103621.jpg
E10178,,,,,F103622.jpg
E10179,,,,,F103623.jpg
E10180,,,,,F103624.jpg
E10181,,,,,F103625.jpg
E10182,,,,,F103626.jpg
E10183,,,,,F103627.jpg
E10184,,,,,F103628.jpg
E10185,,,,,F103629.jpg
E10186,,,,,F103630.jpg
E10187,,,,,F103631.jpg
E10188,,,,,F103632.jpg
E10189,,,,,F103633.jpg
E10190,,,,,F103634.jpg
E10191,,,,,F103635.jpg
E10192,,,,,F103636.jpg
E10193,,,,,F103637.jpg
E10194,,,,,F103638.jpg
E10195,,,,,F103639.jpg
E10196,,,,,F103640.jpg
E10197,,,,,F103641.jpg
E10198,,,,,F103642.jpg
E10199,,,,,F103643.jpg
E10200,,,,,F103644.jpg
E10201,,,,,F103645.jpg
E10202,,,,,F103646.jpg
E10203,,,,,F103647.jpg
E10204,,,,,F103648.jpg
E10205,,,,,F103649.jpg
E10206,,,,,F103650.jpg
E10207,,,,,F103651.jpg
E10208,,,,,F103652.jpg
E10209,,,,,F103653.jpg
E10210,,,,,F103654.jpg
E10211,,,,,F103655.jpg
E10212,,,,,F103656.jpg
E10213,,,,,F103657.jpg
E10214,,,,,F103658.jpg
E10215,,,,,F103659.jpg
E10216,,,,,F103660.jpg
E10217,,,,,F103661.jpg
E10218,,,,,F103662.jpg
E10219,,,,,F103663.jpg
E10220,,,,,F103664.jpg
E10221,,,,,F103665.jpg
E10222,,,,,F103666.jpg
E10223,,,,,F103667.jpg
E10224,,,,,F103668.jpg
E10225,,,,,F103669.jpg
E10226,,,,,F103670.jpg
E10227,,,,,F103671.jpg
E10228,,,,,F103672.jpg
E10229,,,,,F103673.jpg
E10230,,,,,F103674.jpg
E10231,,,,,F103675.jpg
E10232,,,,,F103676.jpg
E10233,,,,,F103677.jpg
E10234,,,,,F103678.jpg
E10235,,,,,F103679.jpg
E10236,,,,,F103680.jpg
E10237,,,,,F103681.jpg
E10238,,,,,F103682.jpg
E10239,,,,,F103683.jpg
E10240,,,,,F103684.jpg
E10241,,,,,F103685.jpg
E10242,,,,,F103686.jpg
E10243,,,,,F103687.jpg
E10244,,,,,F103688.jpg
E10245,,,,,F103689.jpg
E10246,,,,,F103690.jpg
E10247,,,,,F103691.jpg
E10248,,,,,F103692.jpg
E10249,,,,,F103693.jpg
E10250,,,,,F103694.jpg
E10251,,,,,F103695.jpg
E10252,,,,,F103696.jpg
E10253,,,,,F103697.jpg
E10254,,,,,F103698.jpg
E10255,,,,,F103699.jpg
E10256,,,,,F103700.jpg
E10257,,,,,F103701.jpg
E10258,,,,,F103702.jpg
E10259,,,,,F103703.jpg
E10260,,,,,F103704.jpg
E10261,,,,,F103705.jpg
E10262,,,,,F103706.jpg
E10263,,,,,F103707.jpg
E10264,,,,,F103708.jpg
E10265,,,,,F103709.jpg
E10266,,,,,F103710.jpg
E10267,,,,,F103711.jpg
E10268,,,,,F103712.jpg
E10269,,,,,F103713.jpg
E10270,,,,,F103714.jpg
E10271,,,,,F103715.jpg
E10272,,,,,F103716.jpg
E10273,,,,,F103717.jpg
E10274,,,,,F103718.jpg
E10275,,,,,F103719.jpg
E10276,,,,,F103720.jpg
E10277,,,,,F103721.jpg
E10278,,,,,F103722.jpg
E10279,,,,,F103723.jpg
E10280,,,,,F103724.jpg
E10281,,,,,F103725.jpg
E10282,,,,,F103726.jpg
E10283,,,,,F103727.jpg
E10284,,,,,F103728.jpg
E10285,,,,,F103729.jpg
E10286,,,,,F103730.jpg
E10287,,,,,F103731.jpg
E10288,,,,,F103732.jpg
E10289,,,,,F103733.jpg
E10290,,,,,F103734.jpg
E10291,,,,,F103735.jpg
E10292,,,,,F103736.jpg
E10293,,,,,F103737.jpg
E10294,,,,,F103738.jpg
E10295,,,,,F103739.jpg
E10296,,,,,F103740.jpg
E10297,,,,,F103741.jpg
E10298,,,,,F103742.jpg
E10299,,,,,F103743.jpg
E10300,,,,,F103744.jpg
E10301,,,,,F103745.jpg
E10302,,,,,F103746.jpg
E10303,,,,,F103747.jpg
E10304,,,,,F103748.jpg
E10305,,,,,F103749.jpg
E10306,,,,,F103750.jpg
E10307,,,,,F103751.jpg
E10308,,,,,F103752.jpg
E10309,,,,,F103753.jpg
E10310,,,,,F103754.jpg
E10311,,,,,F103755.jpg
E10312,,,,,F103756.jpg
E10313,,,,,F103757.jpg
E10314,,,,,F103758.jpg
E10315,,,,,F103759.jpg
E10316,,,,,F103760.jpg
E10317,,,,,F103761.jpg
E10318,,,,,F103762.jpg
E10319,,,,,F103763.jpg
E10320,,,,,F103764.jpg
E10321,,,,,F103765.jpg
E10322,,,,,F103766.jpg
E10323,,,,,F103767.jpg
E10324,,,,,F103768.jpg
E10325,,,,,F103769.jpg
E10326,,,,,F103770.jpg
E10327,,,,,F103771.jpg
E10328,,,,,F103772.jpg
E10329,,,,,F103773.jpg
E10330,,,,,F103774.jpg
E10331,,,,,F103775.jpg
E10332,,,,,F103776.jpg
E10333,,,,,F103777.jpg
E10334,,,,,F103778.jpg
E10335,,,,,F103779.jpg
E10336,,,,,F103780.jpg
E10337,,,,,F103781.jpg
E10338,,,,,F103782.jpg
E10339,,,,,F103783.jpg
E10340,,,,,F103784.jpg
E10341,,,,,F103785.jpg
E10342,,,,,F103786.jpg
E10343,,,,,F103787.jpg
E10344,,,,,F103788.jpg
E10345,,,,,F103789.jpg
E10346,,,,,F103790.jpg
E10347,,,,,F103791.jpg
E10348,,,,,F103792.jpg
E10349,,,,,F103793.jpg
E10350,,,,,F103794.jpg
E10351,,,,,F103795.jpg
E10352,,,,,F103796.jpg
E10353,,,,,F103797.jpg
E10354,,,,,F103798.jpg
E10355,,,,,F103799.jpg
E10356,,,,,F103800.jpg
E10357,,,,,F103801.jpg
E10358,,,,,F103802.jpg
E10359,,,,,F103803.jpg
E10360,,,,,F103804.jpg
E10361,,,,,F103805.jpg
E10362,,,,,F103806.jpg
E10363,,,,,F103807.jpg
E10364,,,,,F103808.jpg
E10365,,,,,F103809.jpg
E10366,,,,,F103810.jpg
E10367,,,,,F103811.jpg
E10368,,,,,F103812.jpg
E10369,,,,,F103813.jpg
E10370,,,,,F103814.jpg
E10371,,,,,F103815.jpg
E10372,,,,,F103816.jpg
E10373,,,,,F103817.jpg
E10374,,,,,F103818.jpg
E10375,,,,,F103819.jpg
E10376,,,,,F103820.jpg
E10377,,,,,F103821.jpg
E10378,,,,,F103822.jpg
E10379,,,,,F103823.jpg
E10380,,,,,F103824.jpg
E10381,,,,,F103825.jpg
E10382,,,,,F103826.jpg
E10383,,,,,F103827.jpg
E10384,,,,,F103828.jpg
E10385,,,,,F103829.jpg
E10386,,,,,F103830.jpg
E10387,,,,,F103831.jpg
E10388,,,,,F103832.jpg
E10389,,,,,F103833.jpg
E10390,,,,,F103834.jpg
E10391,,,,,F103835.jpg
E10392,,,,,F103836.jpg
E10393,,,,,F103837.jpg
E10394,,,,,F103838.jpg
E10395,,,,,F103839.jpg
E10396,,,,,F103840.jpg
E10397,,,,,F103841.jpg
E10398,,,,,F103842.jpg
E10399,,,,,F103843.jpg
E10400,,,,,F103844.jpg
E10401,,,,,F103845.jpg
E10402,,,,,F103846.jpg
E10403,,,,,F103847.jpg
E10404,,,,,F103848.jpg
E10405,,,,,F103849.jpg
E10406,,,,,F103850.jpg
E10407,,,,,F103851.jpg
E10408,,,,,F103852.jpg
E10409,,,,,F103853.jpg
E10410,,,,,F103854.jpg
E10411,,,,,F103855.jpg
E10412,,,,,F103856.jpg
E10413,,,,,F103857.jpg
E10414,,,,,F103858.jpg
E10415,,,,,F103859.jpg
E10416,,,,,F103860.jpg
E10417,,,,,F103861.jpg
E10418,,,,,F103862.jpg
E10419,,,,,F103863.jpg
E10420,,,,,F103864.jpg
E10421,,,,,F103865.jpg
E10422,,,,,F103866.jpg
E10423,,,,,F103867.jpg
E10424,,,,,F103868.jpg
E10425,,,,,F103869.jpg
E10426,,,,,F103870.jpg
E10427,,,,,F103871.jpg
E10428,,,,,F103872.jpg
E10429,,,,,F103873.jpg
E10430,,,,,F103874.jpg
E10431,,,,,F103875.jpg
E10432,,,,,F103876.jpg
E10433,,,,,F103877.jpg
E10434,,,,,F103878.jpg
E10435,,,,,F103879.jpg
E10436,,,,,F103880.jpg
E10437,,,,,F103881.jpg
E10438,,,,,F103882.jpg
E10439,,,,,F103883.jpg
E10440,,,,,F103884.jpg
E10441,,,,,F103885.jpg
E10442,,,,,F103886.jpg
E10443,,,,,F103887.jpg
E10444,,,,,F103888.jpg
E10445,,,,,F103889.jpg
E10446,,,,,F103890.jpg
E10447,,,,,F103891.jpg
E10448,,,,,F103892.jpg
E10449,,,,,F103893.jpg
E10450,,,,,F103894.jpg
E10451,,,,,F103895.jpg
E10452,,,,,F103896.jpg
E10453,,,,,F103897.jpg
E10454,,,,,F103898.jpg
E10455,,,,,F103899.jpg
E10456,,,,,F103900.jpg
E10457,,,,,F103901.jpg
E10458,,,,,F103902.jpg
E10459,,,,,F103903.jpg
E10460,,,,,F103904.jpg
E10461,,,,,F103905.jpg
E10462,,,,,F103906.jpg
E10463,,,,,F103907.jpg
E10464,,,,,F103908.jpg
E10465,,,,,F103909.jpg
E10466,,,,,F103910.jpg
E10467,,,,,F103911.jpg
E10468,,,,,F103912.jpg
E10469,,,,,F103913.jpg
E10470,,,,,F103914.jpg
E10471,,,,,F103915.jpg
E10472,,,,,F103916.jpg
E10473,,,,,F103917.jpg
E10474,,,,,F103918.jpg
E10475,,,,,F103919.jpg
E10476,,,,,F103920.jpg
E10477,,,,,F103921.jpg
E10478,,,,,F103922.jpg
E10479,,,,,F103923.jpg
E10480,,,,,F103924.jpg
E10481,,,,,F103925.jpg
E10482,,,,,F103926.jpg
E10483,,,,,F103927.jpg
E10484,,,,,F103928.jpg
E10485,,,,,F103929.jpg
E10486,,,,,F103930.jpg
E10487,,,,,F103931.jpg
E10488,,,,,F103932.jpg
E10489,,,,,F103933.jpg
E10490,,,,,F103934.jpg
E10491,,,,,F103935.jpg
E10492,,,,,F103936.jpg
E10493,,,,,F103937.jpg
E10494,,,,,F103938.jpg
E10495,,,,,F103939.jpg
E10496,,,,,F103940.jpg
E10497,,,,,F103941.jpg
E10498,,,,,F103942.jpg
E10499,,,,,F103943.jpg
E10500,,,,,F103944.jpg
E10501,,,,,F103945.jpg
E10502,,,,,F103946.jpg
E10503,,,,,F103947.jpg
E10504,,,,,F103948.jpg
E10505,,,,,F103949.jpg
E10506,,,,,F103950.jpg
E10507,,,,,F103951.jpg
E10508,,,,,F103952.jpg
E10509,,,,,F103953.jpg
E10510,,,,,F103954.jpg
E10511,,,,,F103955.jpg
E10512,,,,,F103956.jpg
E10513,,,,,F103957.jpg
E10514,,,,,F103958.jpg
E10515,,,,,F103959.jpg
E10516,,,,,F103960.jpg
E10517,,,,,F103961.jpg
E10518,,,,,F103962.jpg
E10519,,,,,F103963.jpg
E10520,,,,,F103964.jpg
E10521,,,,,F103965.jpg
E10522,,,,,F103966.jpg
E10523,,,,,F103967.jpg
E10524,,,,,F103968.jpg
E10525,,,,,F103969.jpg
E10526,,,,,F103970.jpg
E10527,,,,,F103971.jpg
E10528,,,,,F103972.jpg
E10529,,,,,F103973.jpg
E10530,,,,,F103974.jpg
E10531,,,,,F103975.jpg
E10532,,,,,F103976.jpg
E10533,,,,,F103977.jpg
E10534,,,,,F103978.jpg
E10535,,,,,F103979.jpg
E10536,,,,,F103980.jpg
E10537,,,,,F103981.jpg
E10538,,,,,F103982.jpg
E10539,,,,,F103983.jpg
E10540,,,,,F103984.jpg
E10541,,,,,F103985.jpg
E10542,,,,,F103986.jpg
E10543,,,,,F103987.jpg
E10544,,,,,F103988.jpg
E10545,,,,,F103989.jpg
E10546,,,,,F103990.jpg
E10547,,,,,F103991.jpg
E10548,,,,,F103992.jpg
E10549,,,,,F103993.jpg
E10550,,,,,F103994.jpg
E10551,,,,,F103995.jpg
E10552,,,,,F103996.jpg
E10553,,,,,F103997.jpg
E10554,,,,,F103998.jpg
E10555,,,,,F103999.jpg
E10556,,,,,F104000.jpg
E10557,,,,,F104001.jpg
E10558,,,,,F104002.jpg
E10559,,,,,F104003.jpg
E10560,,,,,F104004.jpg
E10561,,,,,F104005.jpg
E10562,,,,,F104006.jpg
E10563,,,,,F104007.jpg
E10564,,,,,F104008.jpg
E10565,,,,,F104009.jpg
E10566,,,,,F104010.jpg
E10567,,,,,F104011.jpg
E10568,,,,,F104012.jpg
E10569,,,,,F104013.jpg
E10570,,,,,F104014.jpg
E10571,,,,,F104015.jpg
E10572,,,,,F104016.jpg
E10573,,,,,F104017.jpg
E10574,,,,,F104018.jpg
E10575,,,,,F104019.jpg
E10576,,,,,F104020.jpg
E10577,,,,,F104021.jpg
E10578,,,,,F104022.jpg
E10579,,,,,F104023.jpg
E10580,,,,,F104024.jpg
E10581,,,,,F104025.jpg
E10582,,,,,F104026.jpg
E10583,,,,,F104027.jpg
E10584,,,,,F104028.jpg
E10585,,,,,F104029.jpg
E10586,,,,,F104030.jpg
E10587,,,,,F104031.jpg
E10588,,,,,F104032.jpg
E10589,,,,,F104033.jpg
E10590,,,,,F104034.jpg
E10591,,,,,F104035.jpg
E10592,,,,,F104036.jpg
E10593,,,,,F104037.jpg
E10594,,,,,F104038.jpg
E10595,,,,,F104039.jpg
E10596,,,,,F104040.jpg
E10597,,,,,F104041.jpg
E10598,,,,,F104042.jpg
E10599,,,,,F104043.jpg
E10600,,,,,F104044.jpg
E10601,,,,,F104045.jpg
E10602,,,,,F104046.jpg
E10603,,,,,F104047.jpg
E10604,,,,,F104048.jpg
E10605,,,,,F104049.jpg
E10606,,,,,F104050.jpg
E10607,,,,,F104051.jpg
E10608,,,,,F104052.jpg
E10609,,,,,F104053.jpg
E10610,,,,,F104054.jpg
E10611,,,,,F104055.jpg
E10612,,,,,F104056.jpg
E10613,,,,,F104057.jpg
E10614,,,,,F104058.jpg
E10615,,,,,F104059.jpg
E10616,,,,,F104060.jpg
E10617,,,,,F104061.jpg
E10618,,,,,F104062.jpg
E10619,,,,,F104063.jpg
E10620,,,,,F104064.jpg
E10621,,,,,F104065.jpg
E10622,,,,,F104066.jpg
E10623,,,,,F104067.jpg
E10624,,,,,F104068.jpg
E10625,,,,,F104069.jpg
E10626,,,,,F104070.jpg
E10627,,,,,F104071.jpg
E10628,,,,,F104072.jpg
E10629,,,,,F104073.jpg
E10630,,,,,F104074.jpg
E10631,,,,,F104075.jpg
E10632,,,,,F104076.jpg
E10633,,,,,F104077.jpg
E10634,,,,,F104078.jpg
E10635,,,,,F104079.jpg
E10636,,,,,F104080.jpg
E10637,,,,,F104081.jpg
E10638,,,,,F104082.jpg
E10639,,,,,F104083.jpg
E10640,,,,,F104084.jpg
E10641,,,,,F104085.jpg
E10642,,,,,F104086.jpg
E10643,,,,,F104087.jpg
E10644,,,,,F104088.jpg
E10645,,,,,F104089.jpg
E10646,,,,,F104090.jpg
E10647,,,,,F104091.jpg
E10648,,,,,F104092.jpg
E10649,,,,,F104093.jpg
E10650,,,,,F104094.jpg
E10651,,,,,F104095.jpg
E10652,,,,,F104096.jpg
E10653,,,,,F104097.jpg
E10654,,,,,F104098.jpg
E10655,,,,,F104099.jpg
E10656,,,,,F104100.jpg
E10657,,,,,F104101.jpg
E10658,,,,,F104102.jpg
E10659,,,,,F104103.jpg
E10660,,,,,F104104.jpg
E10661,,,,,F104105.jpg
E10662,,,,,F104106.jpg
E10663,,,,,F104107.jpg
E10664,,,,,F104108.jpg
E10665,,,,,F104109.jpg
E10666,,,,,F104110.jpg
E10667,,,,,F104111.jpg
E10668,,,,,F104112.jpg
E10669,,,,,F104113.jpg
E10670,,,,,F104114.jpg
E10671,,,,,F104115.jpg
E10672,,,,,F104116.jpg
E10673,,,,,F104117.jpg
E10674,,,,,F104118.jpg
E10675,,,,,F104119.jpg
E10676,,,,,F104120.jpg
E10677,,,,,F104121.jpg
E10678,,,,,F104122.jpg
E10679,,,,,F104123.jpg
E10680,,,,,F104124.jpg
E10681,,,,,F104125.jpg
E10682,,,,,F104126.jpg
E10683,,,,,F104127.jpg
E10684,,,,,F104128.jpg
E10685,,,,,F104129.jpg
E10686,,,,,F104130.jpg
E10687,,,,,F104131.jpg
E10688,,,,,F104132.jpg
E10689,,,,,F104133.jpg
E10690,,,,,F104134.jpg
E10691,,,,,F104135.jpg
E10692,,,,,F104136.jpg
E10693,,,,,F104137.jpg
E10694,,,,,F104138.jpg
E10695,,,,,F104139.jpg
E10696,,,,,F104140.jpg
E10697,,,,,F104141.jpg
E10698,,,,,F104142.jpg
E10699,,,,,F104143.jpg
E10700,,,,,F104144.jpg
E10701,,,,,F104145.jpg
E10702,,,,,F104146.jpg
E10703,,,,,F104147.jpg
E10704,,,,,F104148.jpg
E10705,,,,,F104149.jpg
E10706,,,,,F104150.jpg
E10707,,,,,F104151.jpg
E10708,,,,,F104152.jpg
E10709,,,,,F104153.jpg
E10710,,,,,F104154.jpg
E10711,,,,,F104155.jpg
E10712,,,,,F104156.jpg
E10713,,,,,F104157.jpg
E10714,,,,,F104158.jpg
E10715,,,,,F104159.jpg
E10716,,,,,F104160.jpg
E10717,,,,,F104161.jpg
E10718,,,,,F104162.jpg
E10719,,,,,F104163.jpg
E10720,,,,,F104164.jpg
E10721,,,,,F104165.jpg
E10722,,,,,F104166.jpg
E10723,,,,,F104167.jpg
E10724,,,,,F104168.jpg
E10725,,,,,F104169.jpg
E10726,,,,,F104170.jpg
E10727,,,,,F104171.jpg
E10728,,,,,F104172.jpg
E10729,,,,,F104173.jpg
E10730,,,,,F104174.jpg
E10731,,,,,F104175.jpg
E10732,,,,,F104176.jpg
E10733,,,,,F104177.jpg
E10734,,,,,F104178.jpg
E10735,,,,,F104179.jpg
E10736,,,,,F104180.jpg
E10737,,,,,F104181.jpg
E10738,,,,,F104182.jpg
E10739,,,,,F104183.jpg
E10740,,,,,F104184.jpg
E10741,,,,,F104185.jpg
E10742,,,,,F104186.jpg
E10743,,,,,F104187.jpg
E10744,,,,,F104188.jpg
E10745,,,,,F104189.jpg
E10746,,,,,F104190.jpg
E10747,,,,,F104191.jpg
E10748,,,,,F104192.jpg
E10749,,,,,F104193.jpg
E10750,,,,,F104194.jpg
E10751,,,,,F104195.jpg
E10752,,,,,F104196.jpg
E10753,,,,,F104197.jpg
E10754,,,,,F104198.jpg
E10755,,,,,F104199.jpg
E10756,,,,,F104200.jpg
E10757,,,,,F104201.jpg
E10758,,,,,F104202.jpg
E10759,,,,,F104203.jpg
E10760,,,,,F104204.jpg
E10761,,,,,F104205.jpg
E10762,,,,,F104206.jpg
E10763,,,,,F104207.jpg
E10764,,,,,F104208.jpg
E10765,,,,,F104209.jpg
E10766,,,,,F104210.jpg
E10767,,,,,F104211.jpg
E10768,,,,,F104212.jpg
E10769,,,,,F104213.jpg
E10770,,,,,F104214.jpg
E10771,,,,,F104215.jpg
E10772,,,,,F104216.jpg
E10773,,,,,F104217.jpg
E10774,,,,,F104218.jpg
E10775,,,,,F104219.jpg
E10776,,,,,F104220.jpg
E10777,,,,,F104221.jpg
E10778,,,,,F104222.jpg
E10779,,,,,F104223.jpg
E10780,,,,,F104224.jpg
E10781,,,,,F104225.jpg
E10782,,,,,F104226.jpg
E10783,,,,,F104227.jpg
E10784,,,,,F104228.jpg
E10785,,,,,F104229.jpg
E10786,,,,,F104230.jpg
E10787,,,,,F104231.jpg
E10788,,,,,F104232.jpg
E10789,,,,,F104233.jpg
E10790,,,,,F104234.jpg
E10791,,,,,F104235.jpg
E10792,,,,,F104236.jpg
E10793,,,,,F104237.jpg
E10794,,,,,F104238.jpg
E10795,,,,,F104239.jpg
E10796,,,,,F104240.jpg
E10797,,,,,F104241.jpg
E10798,,,,,F104242.jpg
E10799,,,,,F104243.jpg
E10800,,,,,F104244.jpg
E10801,,,,,F104245.jpg
E10802,,,,,F104246.jpg
E10803,,,,,F104247.jpg
E10804,,,,,F104248.jpg
E10805,,,,,F104249.jpg
E10806,,,,,F104250.jpg
E10807,,,,,F104251.jpg
E10808,,,,,F104252.jpg
E10809,,,,,F104253.jpg
E10810,,,,,F104254.jpg
E10811,,,,,F104255.jpg
E10812,,,,,F104256.jpg
E10813,,,,,F104257.jpg
E10814,,,,,F104258.jpg
E10815,,,,,F104259.jpg
E10816,,,,,F104260.jpg
E10817,,,,,F104261.jpg
E10818,,,,,F104262.jpg
E10819,,,,,F104263.jpg
E10820,,,,,F104264.jpg
E10821,,,,,F104265.jpg
E10822,,,,,F104266.jpg
E10823,,,,,F104267.jpg
E10824,,,,,F104268.jpg
E10825,,,,,F104269.jpg
E10826,,,,,F104270.jpg
E10827,,,,,F104271.jpg
E10828,,,,,F104272.jpg
E10829,,,,,F104273.jpg
E10830,,,,,F104274.jpg
E10831,,,,,F104275.jpg
E10832,,,,,F104276.jpg
E10833,,,,,F104277.jpg
E10834,,,,,F104278.jpg
E10835,,,,,F104279.jpg
E10836,,,,,F104280.jpg
E10837,,,,,F104281.jpg
E10838,,,,,F104282.jpg
E10839,,,,,F104283.jpg
E10840,,,,,F104284.jpg
E10841,,,,,F104285.jpg
E10842,,,,,F104286.jpg
E10843,,,,,F104287.jpg
E10844,,,,,F104288.jpg
E10845,,,,,F104289.jpg
E10846,,,,,F104290.jpg
E10847,,,,,F104291.jpg
E10848,,,,,F104292.jpg
E10849,,,,,F104293.jpg
E10850,,,,,F104294.jpg
E10851,,,,,F104295.jpg
E10852,,,,,F104296.jpg
E10853,,,,,F104297.jpg
E10854,,,,,F104298.jpg
E10855,,,,,F104299.jpg
E10856,,,,,F104300.jpg
E10857,,,,,F104301.jpg
E10858,,,,,F104302.jpg
E10859,,,,,F104303.jpg
E10860,,,,,F104304.jpg
E10861,,,,,F104305.jpg
E10862,,,,,F104306.jpg
E10863,,,,,F104307.jpg
E10864,,,,,F104308.jpg
E10865,,,,,F104309.jpg
E10866,,,,,F104310.jpg
E10867,,,,,F104311.jpg
E10868,,,,,F104312.jpg
E10869,,,,,F104313.jpg
E10870,,,,,F104314.jpg
E10871,,,,,F104315.jpg
E10872,,,,,F104316.jpg
E10873,,,,,F104317.jpg
E10874,,,,,F104318.jpg
E10875,,,,,F104319.jpg
E10876,,,,,F104320.jpg
E10877,,,,,F104321.jpg
E10878,,,,,F104322.jpg
E10879,,,,,F104323.jpg
E10880,,,,,F104324.jpg
E10881,,,,,F104325.jpg
E10882,,,,,F104326.jpg
E10883,,,,,F104327.jpg
E10884,,,,,F104328.jpg
E10885,,,,,F104329.jpg
E10886,,,,,F104330.jpg
E10887,,,,,F104331.jpg
E10888,,,,,F104332.jpg
E10889,,,,,F104333.jpg
E10890,,,,,F104334.jpg
E10891,,,,,F104335.jpg
E10892,,,,,F104336.jpg
E10893,,,,,F104337.jpg
E10894,,,,,F104338.jpg
E10895,,,,,F104339.jpg
E10896,,,,,F104340.jpg
E10897,,,,,F104341.jpg
E10898,,,,,F104342.jpg
E10899,,,,,F104343.jpg
E10900,,,,,F104344.jpg
E10901,,,,,F104345.jpg
E10902,,,,,F104346.jpg
E10903,,,,,F104347.jpg
E10904,,,,,F104348.jpg
E10905,,,,,F104349.jpg
E10906,,,,,F104350.jpg
E10907,,,,,F104351.jpg
E10908,,,,,F104352.jpg
E10909,,,,,F104353.jpg
E10910,,,,,F104354.jpg
E10911,,,,,F104355.jpg
E10912,,,,,F104356.jpg
E10913,,,,,F104357.jpg
E10914,,,,,F104358.jpg
E10915,,,,,F104359.jpg
E10916,,,,,F104360.jpg
E10917,,,,,F104361.jpg
E10918,,,,,F104362.jpg
E10919,,,,,F104363.jpg
E10920,,,,,F104364.jpg
E10921,,,,,F104365.jpg
E10922,,,,,F104366.jpg
E10923,,,,,F104367.jpg
E10924,,,,,F104368.jpg
E10925,,,,,F104369.jpg
E10926,,,,,F104370.jpg
E10927,,,,,F104371.jpg
E10928,,,,,F104372.jpg
E10929,,,,,F104373.jpg
E10930,,,,,F104374.jpg
E10931,,,,,F104375.jpg
E10932,,,,,F104376.jpg
E10933,,,,,F104377.jpg
E10934,,,,,F104378.jpg
E10935,,,,,F104379.jpg
E10936,,,,,F104380.jpg
E10937,,,,,F104381.jpg
E10938,,,,,F104382.jpg
E10939,,,,,F104383.jpg
E10940,,,,,F104384.jpg
E10941,,,,,F104385.jpg
E10942,,,,,F104386.jpg
E10943,,,,,F104387.jpg
E10944,,,,,F104388.jpg
E10945,,,,,F104389.jpg
E10946,,,,,F104390.jpg
E10947,,,,,F104391.jpg
E10948,,,,,F104392.jpg
E10949,,,,,F104393.jpg
E10950,,,,,F104394.jpg
E10951,,,,,F104395.jpg
E10952,,,,,F104396.jpg
E10953,,,,,F104397.jpg
E10954,,,,,F104398.jpg
E10955,,,,,F104399.jpg
E10956,,,,,F104400.jpg
E10957,,,,,F104401.jpg
E10958,,,,,F104402.jpg
E10959,,,,,F104403.jpg
E10960,,,,,F104404.jpg
E10961,,,,,F104405.jpg
E10962,,,,,F104406.jpg
E10963,,,,,F104407.jpg
E10964,,,,,F104408.jpg
E10965,,,,,F104409.jpg
E10966,,,,,F104410.jpg
E10967,,,,,F104411.jpg
E10968,,,,,F104412.jpg
E10969,,,,,F104413.jpg
E10970,,,,,F104414.jpg
E10971,,,,,F104415.jpg
E10972,,,,,F104416.jpg
E10973,,,,,F104417.jpg
E10974,,,,,F104418.jpg
E10975,,,,,F104419.jpg
E10976,,,,,F104420.jpg
E10977,,,,,F104421.jpg
E10978,,,,,F104422.jpg
E10979,,,,,F104423.jpg
E10980,,,,,F104424.jpg
E10981,,,,,F104425.jpg
E10982,,,,,F104426.jpg
E10983,,,,,F104427.jpg
E10984,,,,,F104428.jpg
E10985,,,,,F104429.jpg
E10986,,,,,F104430.jpg
E10987,,,,,F104431.jpg
E10988,,,,,F104432.jpg
E10989,,,,,F104433.jpg
E10990,,,,,F104434.jpg
E10991,,,,,F104435.jpg
E10992,,,,,F104436.jpg
E10993,,,,,F104437.jpg
E10994,,,,,F104438.jpg
E10995,,,,,F104439.jpg
E10996,,,,,F104440.jpg
E10997,,,,,F104441.jpg
E10998,,,,,F104442.jpg
E10999,,,,,F104443.jpg
E11000,,,,,F104444.jpg
E11001,,,,,F104445.jpg
E11002,,,,,F104446.jpg
E11003,,,,,F104447.jpg
E11004,,,,,F104448.jpg
E11005,,,,,F104449.jpg
E11006,,,,,F104450.jpg
E11007,,,,,F104451.jpg
E11008,,,,,F104452.jpg
E11009,,,,,F104453.jpg
E11010,,,,,F104454.jpg
E11011,,,,,F104455.jpg
E11012,,,,,F104456.jpg
E11013,,,,,F104457.jpg
E11014,,,,,F104458.jpg
E11015,,,,,F104459.jpg
E11016,,,,,F104460.jpg
E11017,,,,,F104461.jpg
E11018,,,,,F104462.jpg
E11019,,,,,F104463.jpg
E11020,,,,,F104464.jpg
E11021,,,,,F104465.jpg
E11022,,,,,F104466.jpg
E11023,,,,,F104467.jpg
E11024,,,,,F104468.jpg
E11025,,,,,F104469.jpg
E11026,,,,,F104470.jpg
E11027,,,,,F104471.jpg
E11028,,,,,F104472.jpg
E11029,,,,,F104473.jpg
E11030,,,,,F104474.jpg
E11031,,,,,F104475.jpg
E11032,,,,,F104476.jpg
E11033,,,,,F104477.jpg
E11034,,,,,F104478.jpg
E11035,,,,,F104479.jpg
E11036,,,,,F104480.jpg
E11037,,,,,F104481.jpg
E11038,,,,,F104482.jpg
E11039,,,,,F104483.jpg
E11040,,,,,F104484.jpg
E11041,,,,,F104485.jpg
E11042,,,,,F104486.jpg
E11043,,,,,F104487.jpg
E11044,,,,,F104488.jpg
E11045,,,,,F104489.jpg
E11046,,,,,F104490.jpg
E11047,,,,,F104491.jpg
E11048,,,,,F104492.jpg
E11049,,,,,F104493.jpg
E11050,,,,,F104494.jpg
E11051,,,,,F104495.jpg
E11052,,,,,F104496.jpg
E11053,,,,,F104497.jpg
E11054,,,,,F104498.jpg
E11055,,,,,F104499.jpg
E11056,,,,,F104500.jpg
E11057,,,,,F104501.jpg
E11058,,,,,F104502.jpg
E11059,,,,,F104503.jpg
E11060,,,,,F104504.jpg
E11061,,,,,F104505.jpg
E11062,,,,,F104506.jpg
E11063,,,,,F104507.jpg
E11064,,,,,F104508.jpg
E11065,,,,,F104509.jpg
E11066,,,,,F104510.jpg
E11067,,,,,F104511.jpg
E11068,,,,,F104512.jpg
E11069,,,,,F104513.jpg
E11070,,,,,F104514.jpg
E11071,,,,,F104515.jpg
E11072,,,,,F104516.jpg
E11073,,,,,F104517.jpg
E11074,,,,,F104518.jpg
E11075,,,,,F104519.jpg
E11076,,,,,F104520.jpg
E11077,,,,,F104521.jpg
E11078,,,,,F104522.jpg
E11079,,,,,F104523.jpg
E11080,,,,,F104524.jpg
E11081,,,,,F104525.jpg
E11082,,,,,F104526.jpg
E11083,,,,,F104527.jpg
E11084,,,,,F104528.jpg
E11085,,,,,F104529.jpg
E11086,,,,,F104530.jpg
E11087,,,,,F104531.jpg
E11088,,,,,F104532.jpg
E11089,,,,,F104533.jpg
E11090,,,,,F104534.jpg
E11091,,,,,F104535.jpg
E11092,,,,,F104536.jpg
E11093,,,,,F104537.jpg
E11094,,,,,F104538.jpg
E11095,,,,,F104539.jpg
E11096,,,,,F104540.jpg
E11097,,,,,F104541.jpg
E11098,,,,,F104542.jpg
E11099,,,,,F104543.jpg
E11100,,,,,F104544.jpg
E11101,,,,,F104545.jpg
E11102,,,,,F104546.jpg
E11103,,,,,F104547.jpg
E11104,,,,,F104548.jpg
E11105,,,,,F104549.jpg
E11106,,,,,F104550.jpg
E11107,,,,,F104551.jpg
E11108,,,,,F104552.jpg
E11109,,,,,F104553.jpg
E11110,,,,,F104554.jpg
E11111,,,,,F104555.jpg
E11112,,,,,F104556.jpg
E11113,,,,,F104557.jpg
E11114,,,,,F104558.jpg
E11115,,,,,F104559.jpg
E11116,,,,,F104560.jpg
E11117,,,,,F104561.jpg
E11118,,,,,F104562.jpg
E11119,,,,,F104563.jpg
E11120,,,,,F104564.jpg
E11121,,,,,F104565.jpg
E11122,,,,,F104566.jpg
E11123,,,,,F104567.jpg
E11124,,,,,F104568.jpg
E11125,,,,,F104569.jpg
E11126,,,,,F104570.jpg
E11127,,,,,F104571.jpg
E11128,,,,,F104572.jpg
E11129,,,,,F104573.jpg
E11130,,,,,F104574.jpg
E11131,,,,,F104575.jpg
E11132,,,,,F104576.jpg
E11133,,,,,F104577.jpg
E11134,,,,,F104578.jpg
E11135,,,,,F104579.jpg
E11136,,,,,F104580.jpg
E11137,,,,,F104581.jpg
E11138,,,,,F104582.jpg
E11139,,,,,F104583.jpg
E11140,,,,,F104584.jpg
E11141,,,,,F104585.jpg
E11142,,,,,F104586.jpg
E11143,,,,,F104587.jpg
E11144,,,,,F104588.jpg
E11145,,,,,F104589.jpg
E11146,,,,,F104590.jpg
E11147,,,,,F104591.jpg
E11148,,,,,F104592.jpg
E11149,,,,,F104593.jpg
E11150,,,,,F104594.jpg
E11151,,,,,F104595.jpg
E11152,,,,,F104596.jpg
E11153,,,,,F104597.jpg
E11154,,,,,F104598.jpg
E11155,,,,,F104599.jpg
E11156,,,,,F104600.jpg
E11157,,,,,F104601.jpg
E11158,,,,,F104602.jpg
E11159,,,,,F104603.jpg
E11160,,,,,F104604.jpg
E11161,,,,,F104605.jpg
E11162,,,,,F104606.jpg
E11163,,,,,F104607.jpg
E11164,,,,,F104608.jpg
E11165,,,,,F104609.jpg
E11166,,,,,F104610.jpg
E11167,,,,,F104611.jpg
E11168,,,,,F104612.jpg
E11169,,,,,F104613.jpg
E11170,,,,,F104614.jpg
E11171,,,,,F104615.jpg
E11172,,,,,F104616.jpg
E11173,,,,,F104617.jpg
E11174,,,,,F104618.jpg
E11175,,,,,F104619.jpg
E11176,,,,,F104620.jpg
E11177,,,,,F104621.jpg
E11178,,,,,F104622.jpg
E11179,,,,,F104623.jpg
E11180,,,,,F104624.jpg
E11181,,,,,F104625.jpg
E11182,,,,,F104626.jpg
E11183,,,,,F104627.jpg
E11184,,,,,F104628.jpg
E11185,,,,,F104629.jpg
E11186,,,,,F104630.jpg
E11187,,,,,F104631.jpg
E11188,,,,,F104632.jpg
E11189,,,,,F104633.jpg
E11190,,,,,F104634.jpg
E11191,,,,,F104635.jpg
E11192,,,,,F104636.jpg
E11193,,,,,F104637.jpg
E11194,,,,,F104638.jpg
E11195,,,,,F104639.jpg
E11196,,,,,F104640.jpg
E11197,,,,,F104641.jpg
E11198,,,,,F104642.jpg
E11199,,,,,F104643.jpg
E11200,,,,,F104644.jpg
E11201,,,,,F104645.jpg
E11202,,,,,F104646.jpg
E11203,,,,,F104647.jpg
E11204,,,,,F104648.jpg
E11205,,,,,F104649.jpg
E11206,,,,,F104650.jpg
E11207,,,,,F104651.jpg
E11208,,,,,F104652.jpg
E11209,,,,,F104653.jpg
E11210,,,,,F104654.jpg
E11211,,,,,F104655.jpg
E11212,,,,,F104656.jpg
E11213,,,,,F104657.jpg
E11214,,,,,F104658.jpg
E11215,,,,,F104659.jpg
E11216,,,,,F104660.jpg
E11217,,,,,F104661.jpg
E11218,,,,,F104662.jpg
E11219,,,,,F104663.jpg
E11220,,,,,F104664.jpg
E11221,,,,,F104665.jpg
E11222,,,,,F104666.jpg
E11223,,,,,F104667.jpg
E11224,,,,,F104668.jpg
E11225,,,,,F104669.jpg
E11226,,,,,F104670.jpg
E11227,,,,,F104671.jpg
E11228,,,,,F104672.jpg
E11229,,,,,F104673.jpg
E11230,,,,,F104674.jpg
E11231,,,,,F104675.jpg
E11232,,,,,F104676.jpg
E11233,,,,,F104677.jpg
E11234,,,,,F104678.jpg
E11235,,,,,F104679.jpg
E11236,,,,,F104680.jpg
E11237,,,,,F104681.jpg
E11238,,,,,F104682.jpg
E11239,,,,,F104683.jpg
E11240,,,,,F104684.jpg
E11241,,,,,F104685.jpg
E11242,,,,,F104686.jpg
E11243,,,,,F104687.jpg
E11244,,,,,F104688.jpg
E11245,,,,,F104689.jpg
E11246,,,,,F104690.jpg
E11247,,,,,F104691.jpg
E11248,,,,,F104692.jpg
E11249,,,,,F104693.jpg
E11250,,,,,F104694.jpg
E11251,,,,,F104695.jpg
E11252,,,,,F104696.jpg
E11253,,,,,F104697.jpg
E11254,,,,,F104698.jpg
E11255,,,,,F104699.jpg
E11256,,,,,F104700.jpg
E11257,,,,,F104701.jpg
E11258,,,,,F104702.jpg
E11259,,,,,F104703.jpg
E11260,,,,,F104704.jpg
E11261,,,,,F104705.jpg
E11262,,,,,F104706.jpg
E11263,,,,,F104707.jpg
E11264,,,,,F104708.jpg
E11265,,,,,F104709.jpg
E11266,,,,,F104710.jpg
E11267,,,,,F104711.jpg
E11268,,,,,F104712.jpg
E11269,,,,,F104713.jpg
E11270,,,,,F104714.jpg
E11271,,,,,F104715.jpg
E11272,,,,,F104716.jpg
E11273,,,,,F104717.jpg
E11274,,,,,F104718.jpg
E11275,,,,,F104719.jpg
E11276,,,,,F104720.jpg
E11277,,,,,F104721.jpg
E11278,,,,,F104722.jpg
E11279,,,,,F104723.jpg
E11280,,,,,F104724.jpg
E11281,,,,,F104725.jpg
E11282,,,,,F104726.jpg
E11283,,,,,F104727.jpg
E11284,,,,,F104728.jpg
E11285,,,,,F104729.jpg
E11286,,,,,F104730.jpg
E11287,,,,,F104731.jpg
E11288,,,,,F104732.jpg
E11289,,,,,F104733.jpg
E11290,,,,,F104734.jpg
E11291,,,,,F104735.jpg
E11292,,,,,F104736.jpg
E11293,,,,,F104737.jpg
E11294,,,,,F104738.jpg
E11295,,,,,F104739.jpg
E11296,,,,,F104740.jpg
E11297,,,,,F104741.jpg
E11298,,,,,F104742.jpg
E11299,,,,,F104743.jpg
E11300,,,,,F104744.jpg
E11301,,,,,F104745.jpg
E11302,,,,,F104746.jpg
E11303,,,,,F104747.jpg
E11304,,,,,F104748.jpg
E11305,,,,,F104749.jpg
E11306,,,,,F104750.jpg
E11307,,,,,F104751.jpg
E11308,,,,,F104752.jpg
E11309,,,,,F104753.jpg
E11310,,,,,F104754.jpg
E11311,,,,,F104755.jpg
E11312,,,,,F104756.jpg
E11313,,,,,F104757.jpg
E11314,,,,,F104758.jpg
E11315,,,,,F104759.jpg
E11316,,,,,F104760.jpg
E11317,,,,,F104761.jpg
E11318,,,,,F104762.jpg
E11319,,,,,F104763.jpg
E11320,,,,,F104764.jpg
E11321,,,,,F104765.jpg
E11322,,,,,F104766.jpg
E11323,,,,,F104767.jpg
E11324,,,,,F104768.jpg
E11325,,,,,F104769.jpg
E11326,,,,,F104770.jpg
E11327,,,,,F104771.jpg
E11328,,,,,F104772.jpg
E11329,,,,,F104773.jpg
E11330,,,,,F104774.jpg
E11331,,,,,F104775.jpg
E11332,,,,,F104776.jpg
E11333,,,,,F104777.jpg
E11334,,,,,F104778.jpg
E11335,,,,,F104779.jpg
E11336,,,,,F104780.jpg
E11337,,,,,F104781.jpg
E11338,,,,,F104782.jpg
E11339,,,,,F104783.jpg
E11340,,,,,F104784.jpg
E11341,,,,,F104785.jpg
E11342,,,,,F104786.jpg
E11343,,,,,F104787.jpg
E11344,,,,,F104788.jpg
E11345,,,,,F104789.jpg
E11346,,,,,F104790.jpg
E11347,,,,,F104791.jpg
E11348,,,,,F104792.jpg
E11349,,,,,F104793.jpg
E11350,,,,,F104794.jpg
E11351,,,,,F104795.jpg
E11352,,,,,F104796.jpg
E11353,,,,,F104797.jpg
E11354,,,,,F104798.jpg
E11355,,,,,F104799.jpg
E11356,,,,,F104800.jpg
E11357,,,,,F104801.jpg
E11358,,,,,F104802.jpg
E11359,,,,,F104803.jpg
E11360,,,,,F104804.jpg
E11361,,,,,F104805.jpg
E11362,,,,,F104806.jpg
E11363,,,,,F104807.jpg
E11364,,,,,F104808.jpg
E11365,,,,,F104809.jpg
E11366,,,,,F104810.jpg
E11367,,,,,F104811.jpg
E11368,,,,,F104812.jpg
E11369,,,,,F104813.jpg
E11370,,,,,F104814.jpg
E11371,,,,,F104815.jpg
E11372,,,,,F104816.jpg
E11373,,,,,F104817.jpg
E11374,,,,,F104818.jpg
E11375,,,,,F104819.jpg
E11376,,,,,F104820.jpg
E11377,,,,,F104821.jpg
E11378,,,,,F104822.jpg
E11379,,,,,F104823.jpg
E11380,,,,,F104824.jpg
E11381,,,,,F104825.jpg
E11382,,,,,F104826.jpg
E11383,,,,,F104827.jpg
E11384,,,,,F104828.jpg
E11385,,,,,F104829.jpg
E11386,,,,,F104830.jpg
E11387,,,,,F104831.jpg
E11388,,,,,F104832.jpg
E11389,,,,,F104833.jpg
E11390,,,,,F104834.jpg
E11391,,,,,F104835.jpg
E11392,,,,,F104836.jpg
E11393,,,,,F104837.jpg
E11394,,,,,F104838.jpg
E11395,,,,,F104839.jpg
E11396,,,,,F104840.jpg
E11397,,,,,F104841.jpg
E11398,,,,,F104842.jpg
E11399,,,,,F104843.jpg
E11400,,,,,F104844.jpg
E11401,,,,,F104845.jpg
E11402,,,,,F104846.jpg
E11403,,,,,F104847.jpg
E11404,,,,,F104848.jpg
E11405,,,,,F104849.jpg
E11406,,,,,F104850.jpg
E11407,,,,,F104851.jpg
E11408,,,,,F104852.jpg
E11409,,,,,F104853.jpg
E11410,,,,,F104854.jpg
E11411,,,,,F104855.jpg
E11412,,,,,F104856.jpg
E11413,,,,,F104857.jpg
E11414,,,,,F104858.jpg
E11415,,,,,F104859.jpg
E11416,,,,,F104860.jpg
E11417,,,,,F104861.jpg
E11418,,,,,F104862.jpg
E11419,,,,,F104863.jpg
E11420,,,,,F104864.jpg
E11421,,,,,F104865.jpg
E11422,,,,,F104866.jpg
E11423,,,,,F104867.jpg
E11424,,,,,F104868.jpg
E11425,,,,,F104869.jpg
E11426,,,,,F104870.jpg
E11427,,,,,F104871.jpg
E11428,,,,,F104872.jpg
E11429,,,,,F104873.jpg
E11430,,,,,F104874.jpg
E11431,,,,,F104875.jpg
E11432,,,,,F104876.jpg
E11433,,,,,F104877.jpg
E11434,,,,,F104878.jpg
E11435,,,,,F104879.jpg
E11436,,,,,F104880.jpg
E11437,,,,,F104881.jpg
E11438,,,,,F104882.jpg
E11439,,,,,F104883.jpg
E11440,,,,,F104884.jpg
E11441,,,,,F104885.jpg
E11442,,,,,F104886.jpg
E11443,,,,,F104887.jpg
E11444,,,,,F104888.jpg
E11445,,,,,F104889.jpg
E11446,,,,,F104890.jpg
E11447,,,,,F104891.jpg
E11448,,,,,F104892.jpg
E11449,,,,,F104893.jpg
E11450,,,,,F104894.jpg
E11451,,,,,F104895.jpg
E11452,,,,,F104896.jpg
E11453,,,,,F104897.jpg
E11454,,,,,F104898.jpg
E11455,,,,,F104899.jpg
E11456,,,,,F104900.jpg
E11457,,,,,F104901.jpg
E11458,,,,,F104902.jpg
E11459,,,,,F104903.jpg
E11460,,,,,F104904.jpg
E11461,,,,,F104905.jpg
E11462,,,,,F104906.jpg
E11463,,,,,F104907.jpg
E11464,,,,,F104908.jpg
E11465,,,,,F104909.jpg
E11466,,,,,F104910.jpg
E11467,,,,,F104911.jpg
E11468,,,,,F104912.jpg
E11469,,,,,F104913.jpg
E11470,,,,,F104914.jpg
E11471,,,,,F104915.jpg
E11472,,,,,F104916.jpg
E11473,,,,,F104917.jpg
E11474,,,,,F104918.jpg
E11475,,,,,F104919.jpg
E11476,,,,,F104920.jpg
E11477,,,,,F104921.jpg
E11478,,,,,F104922.jpg
E11479,,,,,F104923.jpg
E11480,,,,,F104924.jpg
E11481,,,,,F104925.jpg
E11482,,,,,F104926.jpg
E11483,,,,,F104927.jpg
E11484,,,,,F104928.jpg
E11485,,,,,F104929.jpg
E11486,,,,,F104930.jpg
E11487,,,,,F104931.jpg
E11488,,,,,F104932.jpg
E11489,,,,,F104933.jpg
E11490,,,,,F104934.jpg
E11491,,,,,F104935.jpg
E11492,,,,,F104936.jpg
E11493,,,,,F104937.jpg
E11494,,,,,F104938.jpg
E11495,,,,,F104939.jpg
E11496,,,,,F104940.jpg
E11497,,,,,F104941.jpg
E11498,,,,,F104942.jpg
E11499,,,,,F104943.jpg
E11500,,,,,F104944.jpg
E11501,,,,,F104945.jpg
E11502,,,,,F104946.jpg
E11503,,,,,F104947.jpg
E11504,,,,,F104948.jpg
E11505,,,,,F104949.jpg
E11506,,,,,F104950.jpg
E11507,,,,,F104951.jpg
E11508,,,,,F104952.jpg
E11509,,,,,F104953.jpg
E11510,,,,,F104954.jpg
E11511,,,,,F104955.jpg
E11512,,,,,F104956.jpg
E11513,,,,,F104957.jpg
E11514,,,,,F104958.jpg
E11515,,,,,F104959.jpg
E11516,,,,,F104960.jpg
E11517,,,,,F104961.jpg
E11518,,,,,F104962.jpg
E11519,,,,,F104963.jpg
E11520,,,,,F104964.jpg
E11521,,,,,F104965.jpg
E11522,,,,,F104966.jpg
E11523,,,,,F104967.jpg
E11524,,,,,F104968.jpg
E11525,,,,,F104969.jpg
E11526,,,,,F104970.jpg
E11527,,,,,F104971.jpg
E11528,,,,,F104972.jpg
E11529,,,,,F104973.jpg
E11530,,,,,F104974.jpg
E11531,,,,,F104975.jpg
E11532,,,,,F104976.jpg
E11533,,,,,F104977.jpg
E11534,,,,,F104978.jpg
E11535,,,,,F104979.jpg
E11536,,,,,F104980.jpg
E11537,,,,,F104981.jpg
E11538,,,,,F104982.jpg
E11539,,,,,F104983.jpg
E11540,,,,,F104984.jpg
E11541,,,,,F104985.jpg
E11542,,,,,F104986.jpg
E11543,,,,,F104987.jpg
E11544,,,,,F104988.jpg
E11545,,,,,F104989.jpg
E11546,,,,,F104990.jpg
E11547,,,,,F104991.jpg
E11548,,,,,F104992.jpg
E11549,,,,,F104993.jpg
E11550,,,,,F104994.jpg
E11551,,,,,F104995.jpg
E11552,,,,,F104996.jpg
E11553,,,,,F104997.jpg
E11554,,,,,F104998.jpg
E11555,,,,,F104999.jpg
E11556,,,,,F105000.jpg
E11557,,,,,F105001.jpg
E11558,,,,,F105002.jpg
E11559,,,,,F105003.jpg
E11560,,,,,F105004.jpg
E11561,,,,,F105005.jpg
E11562,,,,,F105006.jpg
E11563,,,,,F105007.jpg
E11564,,,,,F105008.jpg
E11565,,,,,F105009.jpg
E11566,,,,,F105010.jpg
E11567,,,,,F105011.jpg
E11568,,,,,F105012.jpg
E11569,,,,,F105013.jpg
E11570,,,,,F105014.jpg
E11571,,,,,F105015.jpg
E11572,,,,,F105016.jpg
E11573,,,,,F105017.jpg
E11574,,,,,F105018.jpg
E11575,,,,,F105019.jpg
E11576,,,,,F105020.jpg
E11577,,,,,F105021.jpg
E11578,,,,,F105022.jpg
E11579,,,,,F105023.jpg
E11580,,,,,F105024.jpg
E11581,,,,,F105025.jpg
E11582,,,,,F105026.jpg
E11583,,,,,F105027.jpg
E11584,,,,,F105028.jpg
E11585,,,,,F105029.jpg
E11586,,,,,F105030.jpg
E11587,,,,,F105031.jpg
E11588,,,,,F105032.jpg
E11589,,,,,F105033.jpg
E11590,,,,,F105034.jpg
E11591,,,,,F105035.jpg
E11592,,,,,F105036.jpg
E11593,,,,,F105037.jpg
E11594,,,,,F105038.jpg
E11595,,,,,F105039.jpg
E11596,,,,,F105040.jpg
E11597,,,,,F105041.jpg
E11598,,,,,F105042.jpg
E11599,,,,,F105043.jpg
E11600,,,,,F105044.jpg
E11601,,,,,F105045.jpg
E11602,,,,,F105046.jpg
E11603,,,,,F105047.jpg
E11604,,,,,F105048.jpg
E11605,,,,,F105049.jpg
E11606,,,,,F105050.jpg
E11607,,,,,F105051.jpg
E11608,,,,,F105052.jpg
E11609,,,,,F105053.jpg
E11610,,,,,F105054.jpg
E11611,,,,,F105055.jpg
E11612,,,,,F105056.jpg
E11613,,,,,F105057.jpg
E11614,,,,,F105058.jpg
E11615,,,,,F105059.jpg
E11616,,,,,F105060.jpg
E11617,,,,,F105061.jpg
E11618,,,,,F105062.jpg
E11619,,,,,F105063.jpg
E11620,,,,,F105064.jpg
E11621,,,,,F105065.jpg
E11622,,,,,F105066.jpg
E11623,,,,,F105067.jpg
E11624,,,,,F105068.jpg
E11625,,,,,F105069.jpg
E11626,,,,,F105070.jpg
E11627,,,,,F105071.jpg
E11628,,,,,F105072.jpg
E11629,,,,,F105073.jpg
E11630,,,,,F105074.jpg
E11631,,,,,F105075.jpg
E11632,,,,,F105076.jpg
E11633,,,,,F105077.jpg
E11634,,,,,F105078.jpg
E11635,,,,,F105079.jpg
E11636,,,,,F105080.jpg
E11637,,,,,F105081.jpg
E11638,,,,,F105082.jpg
E11639,,,,,F105083.jpg
E11640,,,,,F105084.jpg
E11641,,,,,F105085.jpg
E11642,,,,,F105086.jpg
E11643,,,,,F105087.jpg
E11644,,,,,F105088.jpg
E11645,,,,,F105089.jpg
E11646,,,,,F105090.jpg
E11647,,,,,F105091.jpg
E11648,,,,,F105092.jpg
E11649,,,,,F105093.jpg
E11650,,,,,F105094.jpg
E11651,,,,,F105095.jpg
E11652,,,,,F105096.jpg
E11653,,,,,F105097.jpg
E11654,,,,,F105098.jpg
E11655,,,,,F105099.jpg
E11656,,,,,F105100.jpg
E11657,,,,,F105101.jpg
E11658,,,,,F105102.jpg
E11659,,,,,F105103.jpg
E11660,,,,,F105104.jpg
E11661,,,,,F105105.jpg
E11662,,,,,F105106.jpg
E11663,,,,,F105107.jpg
E11664,,,,,F105108.jpg
E11665,,,,,F105109.jpg
E11666,,,,,F105110.jpg
E11667,,,,,F105111.jpg
E11668,,,,,F105112.jpg
E11669,,,,,F105113.jpg
E11670,,,,,F105114.jpg
E11671,,,,,F105115.jpg
E11672,,,,,F105116.jpg
E11673,,,,,F105117.jpg
E11674,,,,,F105118.jpg
E11675,,,,,F105119.jpg
E11676,,,,,F105120.jpg
E11677,,,,,F105121.jpg
E11678,,,,,F105122.jpg
E11679,,,,,F105123.jpg
E11680,,,,,F105124.jpg
E11681,,,,,F105125.jpg
E11682,,,,,F105126.jpg
E11683,,,,,F105127.jpg
E11684,,,,,F105128.jpg
E11685,,,,,F105129.jpg
E11686,,,,,F105130.jpg
E11687,,,,,F105131.jpg
E11688,,,,,F105132.jpg
E11689,,,,,F105133.jpg
E11690,,,,,F105134.jpg
E11691,,,,,F105135.jpg
E11692,,,,,F105136.jpg
E11693,,,,,F105137.jpg
E11694,,,,,F105138.jpg
E11695,,,,,F105139.jpg
E11696,,,,,F105140.jpg
E11697,,,,,F105141.jpg
E11698,,,,,F105142.jpg
E11699,,,,,F105143.jpg
E11700,,,,,F105144.jpg
E11701,,,,,F105145.jpg
E11702,,,,,F105146.jpg
E11703,,,,,F105147.jpg
E11704,,,,,F105148.jpg
E11705,,,,,F105149.jpg
E11706,,,,,F105150.jpg
E11707,,,,,F105151.jpg
E11708,,,,,F105152.jpg
E11709,,,,,F105153.jpg
E11710,,,,,F105154.jpg
E11711,,,,,F105155.jpg
E11712,,,,,F105156.jpg
E11713,,,,,F105157.jpg
E11714,,,,,F105158.jpg
E11715,,,,,F105159.jpg
E11716,,,,,F105160.jpg
E11717,,,,,F105161.jpg
E11718,,,,,F105162.jpg
E11719,,,,,F105163.jpg
E11720,,,,,F105164.jpg
E11721,,,,,F105165.jpg
E11722,,,,,F105166.jpg
E11723,,,,,F105167.jpg
E11724,,,,,F105168.jpg
E11725,,,,,F105169.jpg
E11726,,,,,F105170.jpg
E11727,,,,,F105171.jpg
E11728,,,,,F105172.jpg
E11729,,,,,F105173.jpg
E11730,,,,,F105174.jpg
E11731,,,,,F105175.jpg
E11732,,,,,F105176.jpg
E11733,,,,,F105177.jpg
E11734,,,,,F105178.jpg
E11735,,,,,F105179.jpg
E11736,,,,,F105180.jpg
E11737,,,,,F105181.jpg
E11738,,,,,F105182.jpg
E11739,,,,,F105183.jpg
E11740,,,,,F105184.jpg
E11741,,,,,F105185.jpg
E11742,,,,,F105186.jpg
E11743,,,,,F105187.jpg
E11744,,,,,F105188.jpg
E11745,,,,,F105189.jpg
E11746,,,,,F105190.jpg
E11747,,,,,F105191.jpg
E11748,,,,,F105192.jpg
E11749,,,,,F105193.jpg
E11750,,,,,F105194.jpg
E11751,,,,,F105195.jpg
E11752,,,,,F105196.jpg
E11753,,,,,F105197.jpg
E11754,,,,,F105198.jpg
E11755,,,,,F105199.jpg
E11756,,,,,F105200.jpg
E11757,,,,,F105201.jpg
E11758,,,,,F105202.jpg
E11759,,,,,F105203.jpg
E11760,,,,,F105204.jpg
E11761,,,,,F105205.jpg
E11762,,,,,F105206.jpg
E11763,,,,,F105207.jpg
E11764,,,,,F105208.jpg
E11765,,,,,F105209.jpg
E11766,,,,,F105210.jpg
E11767,,,,,F105211.jpg
E11768,,,,,F105212.jpg
E11769,,,,,F105213.jpg
E11770,,,,,F105214.jpg
E11771,,,,,F105215.jpg
E11772,,,,,F105216.jpg
E11773,,,,,F105217.jpg
E11774,,,,,F105218.jpg
E11775,,,,,F105219.jpg
E11776,,,,,F105220.jpg
E11777,,,,,F105221.jpg
E11778,,,,,F105222.jpg
E11779,,,,,F105223.jpg
E11780,,,,,F105224.jpg
E11781,,,,,F105225.jpg
E11782,,,,,F105226.jpg
E11783,,,,,F105227.jpg
E11784,,,,,F105228.jpg
E11785,,,,,F105229.jpg
E11786,,,,,F105230.jpg
E11787,,,,,F105231.jpg
E11788,,,,,F105232.jpg
E11789,,,,,F105233.jpg
E11790,,,,,F105234.jpg
E11791,,,,,F105235.jpg
E11792,,,,,F105236.jpg
E11793,,,,,F105237.jpg
E11794,,,,,F105238.jpg
E11795,,,,,F105239.jpg
E11796,,,,,F105240.jpg
E11797,,,,,F105241.jpg
E11798,,,,,F105242.jpg
E11799,,,,,F105243.jpg
E11800,,,,,F105244.jpg
E11801,,,,,F105245.jpg
E11802,,,,,F105246.jpg
E11803,,,,,F105247.jpg
E11804,,,,,F105248.jpg
E11805,,,,,F105249.jpg
E11806,,,,,F105250.jpg
E11807,,,,,F105251.jpg
E11808,,,,,F105252.jpg
E11809,,,,,F105253.jpg
E11810,,,,,F105254.jpg
E11811,,,,,F105255.jpg
E11812,,,,,F105256.jpg
E11813,,,,,F105257.jpg
E11814,,,,,F105258.jpg
E11815,,,,,F105259.jpg
E11816,,,,,F105260.jpg
E11817,,,,,F105261.jpg
E11818,,,,,F105262.jpg
E11819,,,,,F105263.jpg
E11820,,,,,F105264.jpg
E11821,,,,,F105265.jpg
E11822,,,,,F105266.jpg
E11823,,,,,F105267.jpg
E11824,,,,,F105268.jpg
E11825,,,,,F105269.jpg
E11826,,,,,F105270.jpg
E11827,,,,,F105271.jpg
E11828,,,,,F105272.jpg
E11829,,,,,F105273.jpg
E11830,,,,,F105274.jpg
E11831,,,,,F105275.jpg
E11832,,,,,F105276.jpg
E11833,,,,,F105277.jpg
E11834,,,,,F105278.jpg
E11835,,,,,F105279.jpg
E11836,,,,,F105280.jpg
E11837,,,,,F105281.jpg
E11838,,,,,F105282.jpg
E11839,,,,,F105283.jpg
E11840,,,,,F105284.jpg
E11841,,,,,F105285.jpg
E11842,,,,,F105286.jpg
E11843,,,,,F105287.jpg
E11844,,,,,F105288.jpg
E11845,,,,,F105289.jpg
E11846,,,,,F105290.jpg
E11847,,,,,F105291.jpg
E11848,,,,,F105292.jpg
E11849,,,,,F105293.jpg
E11850,,,,,F105294.jpg
E11851,,,,,F105295.jpg
E11852,,,,,F105296.jpg
E11853,,,,,F105297.jpg
E11854,,,,,F105298.jpg
E11855,,,,,F105299.jpg
E11856,,,,,F105300.jpg
E11857,,,,,F105301.jpg
E11858,,,,,F105302.jpg
E11859,,,,,F105303.jpg
E11860,,,,,F105304.jpg
E11861,,,,,F105305.jpg
E11862,,,,,F105306.jpg
E11863,,,,,F105307.jpg
E11864,,,,,F105308.jpg
E11865,,,,,F105309.jpg
E11866,,,,,F105310.jpg
E11867,,,,,F105311.jpg
E11868,,,,,F105312.jpg
E11869,,,,,F105313.jpg
E11870,,,,,F105314.jpg
E11871,,,,,F105315.jpg
E11872,,,,,F105316.jpg
E11873,,,,,F105317.jpg
E11874,,,,,F105318.jpg
E11875,,,,,F105319.jpg
E11876,,,,,F105320.jpg
E11877,,,,,F105321.jpg
E11878,,,,,F105322.jpg
E11879,,,,,F105323.jpg
E11880,,,,,F105324.jpg
E11881,,,,,F105325.jpg
E11882,,,,,F105326.jpg
E11883,,,,,F105327.jpg
E11884,,,,,F105328.jpg
E11885,,,,,F105329.jpg
E11886,,,,,F105330.jpg
E11887,,,,,F105331.jpg
E11888,,,,,F105332.jpg
E11889,,,,,F105333.jpg
E11890,,,,,F105334.jpg
E11891,,,,,F105335.jpg
E11892,,,,,F105336.jpg
E11893,,,,,F105337.jpg
E11894,,,,,F105338.jpg
E11895,,,,,F105339.jpg
E11896,,,,,F105340.jpg
E11897,,,,,F105341.jpg
E11898,,,,,F105342.jpg
E11899,,,,,F105343.jpg
E11900,,,,,F105344.jpg
E11901,,,,,F105345.jpg
E11902,,,,,F105346.jpg
E11903,,,,,F105347.jpg
E11904,,,,,F105348.jpg
E11905,,,,,F105349.jpg
E11906,,,,,F105350.jpg
E11907,,,,,F105351.jpg
E11908,,,,,F105352.jpg
E11909,,,,,F105353.jpg
E11910,,,,,F105354.jpg
E11911,,,,,F105355.jpg
E11912,,,,,F105356.jpg
E11913,,,,,F105357.jpg
E11914,,,,,F105358.jpg
E11915,,,,,F105359.jpg
E11916,,,,,F105360.jpg
E11917,,,,,F105361.jpg
E11918,,,,,F105362.jpg
E11919,,,,,F105363.jpg
E11920,,,,,F105364.jpg
E11921,,,,,F105365.jpg
E11922,,,,,F105366.jpg
E11923,,,,,F105367.jpg
E11924,,,,,F105368.jpg
E11925,,,,,F105369.jpg
E11926,,,,,F105370.jpg
E11927,,,,,F105371.jpg
E11928,,,,,F105372.jpg
E11929,,,,,F105373.jpg
E11930,,,,,F105374.jpg
E11931,,,,,F105375.jpg
E11932,,,,,F105376.jpg
E11933,,,,,F105377.jpg
E11934,,,,,F105378.jpg
E11935,,,,,F105379.jpg
E11936,,,,,F105380.jpg
E11937,,,,,F105381.jpg
E11938,,,,,F105382.jpg
E11939,,,,,F105383.jpg
E11940,,,,,F105384.jpg
E11941,,,,,F105385.jpg
E11942,,,,,F105386.jpg
E11943,,,,,F105387.jpg
E11944,,,,,F105388.jpg
E11945,,,,,F105389.jpg
E11946,,,,,F105390.jpg
E11947,,,,,F105391.jpg
E11948,,,,,F105392.jpg
E11949,,,,,F105393.jpg
E11950,,,,,F105394.jpg
E11951,,,,,F105395.jpg
E11952,,,,,F105396.jpg
E11953,,,,,F105397.jpg
E11954,,,,,F105398.jpg
E11955,,,,,F105399.jpg
E11956,,,,,F105400.jpg
E11957,,,,,F105401.jpg
E11958,,,,,F105402.jpg
E11959,,,,,F105403.jpg
E11960,,,,,F105404.jpg
E11961,,,,,F105405.jpg
E11962,,,,,F105406.jpg
E11963,,,,,F105407.jpg
E11964,,,,,F105408.jpg
E11965,,,,,F105409.jpg
E11966,,,,,F105410.jpg
E11967,,,,,F105411.jpg
E11968,,,,,F105412.jpg
E11969,,,,,F105413.jpg
E11970,,,,,F105414.jpg
E11971,,,,,F105415.jpg
E11972,,,,,F105416.jpg
E11973,,,,,F105417.jpg
E11974,,,,,F105418.jpg
E11975,,,,,F105419.jpg
E11976,,,,,F105420.jpg
E11977,,,,,F105421.jpg
E11978,,,,,F105422.jpg
E11979,,,,,F105423.jpg
E11980,,,,,F105424.jpg
E11981,,,,,F105425.jpg
E11982,,,,,F105426.jpg
E11983,,,,,F105427.jpg
E11984,,,,,F105428.jpg
E11985,,,,,F105429.jpg
E11986,,,,,F105430.jpg
E11987,,,,,F105431.jpg
E11988,,,,,F105432.jpg
E11989,,,,,F105433.jpg
E11990,,,,,F105434.jpg
E11991,,,,,F105435.jpg
E11992,,,,,F105436.jpg
E11993,,,,,F105437.jpg
E11994,,,,,F105438.jpg
E11995,,,,,F105439.jpg
E11996,,,,,F105440.jpg
E11997,,,,,F105441.jpg
E11998,,,,,F105442.jpg
E11999,,,,,F105443.jpg
E12000,,,,,F105444.jpg
E12001,,,,,F105445.jpg
E12002,,,,,F105446.jpg
E12003,,,,,F105447.jpg
E12004,,,,,F105448.jpg
E12005,,,,,F105449.jpg
E12006,,,,,F105450.jpg
E12007,,,,,F105451.jpg
E12008,,,,,F105452.jpg
E12009,,,,,F105453.jpg
E12010,,,,,F105454.jpg
E12011,,,,,F105455.jpg
E12012,,,,,F105456.jpg
E12013,,,,,F105457.jpg
E12014,,,,,F105458.jpg
E12015,,,,,F105459.jpg
E12016,,,,,F105460.jpg
E12017,,,,,F105461.jpg
E12018,,,,,F105462.jpg
E12019,,,,,F105463.jpg
E12020,,,,,F105464.jpg
E12021,,,,,F105465.jpg
E12022,,,,,F105466.jpg
E12023,,,,,F105467.jpg
E12024,,,,,F105468.jpg
E12025,,,,,F105469.jpg
E12026,,,,,F105470.jpg
E12027,,,,,F105471.jpg
E12028,,,,,F105472.jpg
E12029,,,,,F105473.jpg
E12030,,,,,F105474.jpg
E12031,,,,,F105475.jpg
E12032,,,,,F105476.jpg
E12033,,,,,F105477.jpg
E12034,,,,,F105478.jpg
E12035,,,,,F105479.jpg
E12036,,,,,F105480.jpg
E12037,,,,,F105481.jpg
E12038,,,,,F105482.jpg
E12039,,,,,F105483.jpg
E12040,,,,,F105484.jpg
E12041,,,,,F105485.jpg
E12042,,,,,F105486.jpg
E12043,,,,,F105487.jpg
E12044,,,,,F105488.jpg
E12045,,,,,F105489.jpg
E12046,,,,,F105490.jpg
E12047,,,,,F105491.jpg
E12048,,,,,F105492.jpg
E12049,,,,,F105493.jpg
E12050,,,,,F105494.jpg
E12051,,,,,F105495.jpg
E12052,,,,,F105496.jpg
E12053,,,,,F105497.jpg
E12054,,,,,F105498.jpg
E12055,,,,,F105499.jpg
E12056,,,,,F105500.jpg
E12057,,,,,F105501.jpg
E12058,,,,,F105502.jpg
E12059,,,,,F105503.jpg
E12060,,,,,F105504.jpg
E12061,,,,,F105505.jpg
E12062,,,,,F105506.jpg
E12063,,,,,F105507.jpg
E12064,,,,,F105508.jpg
E12065,,,,,F105509.jpg
E12066,,,,,F105510.jpg
E12067,,,,,F105511.jpg
E12068,,,,,F105512.jpg
E12069,,,,,F105513.jpg
E12070,,,,,F105514.jpg
E12071,,,,,F105515.jpg
E12072,,,,,F105516.jpg
E12073,,,,,F105517.jpg
E12074,,,,,F105518.jpg
E12075,,,,,F105519.jpg
E12076,,,,,F105520.jpg
E12077,,,,,F105521.jpg
E12078,,,,,F105522.jpg
E12079,,,,,F105523.jpg
E12080,,,,,F105524.jpg
E12081,,,,,F105525.jpg
E12082,,,,,F105526.jpg
E12083,,,,,F105527.jpg
E12084,,,,,F105528.jpg
E12085,,,,,F105529.jpg
E12086,,,,,F105530.jpg
E12087,,,,,F105531.jpg
E12088,,,,,F105532.jpg
E12089,,,,,F105533.jpg
E12090,,,,,F105534.jpg
E12091,,,,,F105535.jpg
E12092,,,,,F105536.jpg
E12093,,,,,F105537.jpg
E12094,,,,,F105538.jpg
E12095,,,,,F105539.jpg
E12096,,,,,F105540.jpg
E12097,,,,,F105541.jpg
E12098,,,,,F105542.jpg
E12099,,,,,F105543.jpg
E12100,,,,,F105544.jpg
E12101,,,,,F105545.jpg
E12102,,,,,F105546.jpg
E12103,,,,,F105547.jpg
E12104,,,,,F105548.jpg
E12105,,,,,F105549.jpg
E12106,,,,,F105550.jpg
E12107,,,,,F105551.jpg
E12108,,,,,F105552.jpg
E12109,,,,,F105553.jpg
E12110,,,,,F105554.jpg
E12111,,,,,F105555.jpg
E12112,,,,,F105556.jpg
E12113,,,,,F105557.jpg
E12114,,,,,F105558.jpg
E12115,,,,,F105559.jpg
E12116,,,,,F105560.jpg
E12117,,,,,F105561.jpg
E12118,,,,,F105562.jpg
E12119,,,,,F105563.jpg
E12120,,,,,F105564.jpg
E12121,,,,,F105565.jpg
E12122,,,,,F105566.jpg
E12123,,,,,F105567.jpg
E12124,,,,,F105568.jpg
E12125,,,,,F105569.jpg
E12126,,,,,F105570.jpg
E12127,,,,,F105571.jpg
E12128,,,,,F105572.jpg
E12129,,,,,F105573.jpg
E12130,,,,,F105574.jpg
E12131,,,,,F105575.jpg
E12132,,,,,F105576.jpg
E12133,,,,,F105577.jpg
E12134,,,,,F105578.jpg
E12135,,,,,F105579.jpg
E12136,,,,,F105580.jpg
E12137,,,,,F105581.jpg
E12138,,,,,F105582.jpg
E12139,,,,,F105583.jpg
E12140,,,,,F105584.jpg
E12141,,,,,F105585.jpg
E12142,,,,,F105586.jpg
E12143,,,,,F105587.jpg
E12144,,,,,F105588.jpg
E12145,,,,,F105589.jpg
E12146,,,,,F105590.jpg
E12147,,,,,F105591.jpg
E12148,,,,,F105592.jpg
E12149,,,,,F105593.jpg
E12150,,,,,F105594.jpg
E12151,,,,,F105595.jpg
E12152,,,,,F105596.jpg
E12153,,,,,F105597.jpg
E12154,,,,,F105598.jpg
E12155,,,,,F105599.jpg
E12156,,,,,F105600.jpg
E12157,,,,,F105601.jpg
E12158,,,,,F105602.jpg
E12159,,,,,F105603.jpg
E12160,,,,,F105604.jpg
E12161,,,,,F105605.jpg
E12162,,,,,F105606.jpg
E12163,,,,,F105607.jpg
E12164,,,,,F105608.jpg
E12165,,,,,F105609.jpg
E12166,,,,,F105610.jpg
E12167,,,,,F105611.jpg
E12168,,,,,F105612.jpg
E12169,,,,,F105613.jpg
E12170,,,,,F105614.jpg
E12171,,,,,F105615.jpg
E12172,,,,,F105616.jpg
E12173,,,,,F105617.jpg
E12174,,,,,F105618.jpg
E12175,,,,,F105619.jpg
E12176,,,,,F105620.jpg
E12177,,,,,F105621.jpg
E12178,,,,,F105622.jpg
E12179,,,,,F105623.jpg
E12180,,,,,F105624.jpg
E12181,,,,,F105625.jpg
E12182,,,,,F105626.jpg
E12183,,,,,F105627.jpg
E12184,,,,,F105628.jpg
E12185,,,,,F105629.jpg
E12186,,,,,F105630.jpg
E12187,,,,,F105631.jpg
E12188,,,,,F105632.jpg
E12189,,,,,F105633.jpg
E12190,,,,,F105634.jpg
E12191,,,,,F105635.jpg
E12192,,,,,F105636.jpg
E12193,,,,,F105637.jpg
E12194,,,,,F105638.jpg
E12195,,,,,F105639.jpg
E12196,,,,,F105640.jpg
E12197,,,,,F105641.jpg
E12198,,,,,F105642.jpg
E12199,,,,,F105643.jpg
E12200,,,,,F105644.jpg
E12201,,,,,F105645.jpg
E12202,,,,,F105646.jpg
E12203,,,,,F105647.jpg
E12204,,,,,F105648.jpg
E12205,,,,,F105649.jpg
E12206,,,,,F105650.jpg
E12207,,,,,F105651.jpg
E12208,,,,,F105652.jpg
E12209,,,,,F105653.jpg
E12210,,,,,F105654.jpg
E12211,,,,,F105655.jpg
E12212,,,,,F105656.jpg
E12213,,,,,F105657.jpg
E12214,,,,,F105658.jpg
E12215,,,,,F105659.jpg
E12216,,,,,F105660.jpg
E12217,,,,,F105661.jpg
E12218,,,,,F105662.jpg
E12219,,,,,F105663.jpg
E12220,,,,,F105664.jpg
E12221,,,,,F105665.jpg
E12222,,,,,F105666.jpg
E12223,,,,,F105667.jpg
E12224,,,,,F105668.jpg
E12225,,,,,F105669.jpg
E12226,,,,,F105670.jpg
E12227,,,,,F105671.jpg
E12228,,,,,F105672.jpg
E12229,,,,,F105673.jpg
E12230,,,,,F105674.jpg
E12231,,,,,F105675.jpg
E12232,,,,,F105676.jpg
E12233,,,,,F105677.jpg
E12234,,,,,F105678.jpg
E12235,,,,,F105679.jpg
E12236,,,,,F105680.jpg
E12237,,,,,F105681.jpg
E12238,,,,,F105682.jpg
E12239,,,,,F105683.jpg
E12240,,,,,F105684.jpg
E12241,,,,,F105685.jpg
E12242,,,,,F105686.jpg
E12243,,,,,F105687.jpg
E12244,,,,,F105688.jpg
E12245,,,,,F105689.jpg
E12246,,,,,F105690.jpg
E12247,,,,,F105691.jpg
E12248,,,,,F105692.jpg
E12249,,,,,F105693.jpg
E12250,,,,,F105694.jpg
E12251,,,,,F105695.jpg
E12252,,,,,F105696.jpg
E12253,,,,,F105697.jpg
E12254,,,,,F105698.jpg
E12255,,,,,F105699.jpg
E12256,,,,,F105700.jpg
E12257,,,,,F105701.jpg
E12258,,,,,F105702.jpg
E12259,,,,,F105703.jpg
E12260,,,,,F105704.jpg
E12261,,,,,F105705.jpg
E12262,,,,,F105706.jpg
E12263,,,,,F105707.jpg
E12264,,,,,F105708.jpg
E12265,,,,,F105709.jpg
E12266,,,,,F105710.jpg
E12267,,,,,F105711.jpg
E12268,,,,,F105712.jpg
E12269,,,,,F105713.jpg
E12270,,,,,F105714.jpg
E12271,,,,,F105715.jpg
E12272,,,,,F105716.jpg
E12273,,,,,F105717.jpg
E12274,,,,,F105718.jpg
E12275,,,,,F105719.jpg
E12276,,,,,F105720.jpg
E12277,,,,,F105721.jpg
E12278,,,,,F105722.jpg
E12279,,,,,F105723.jpg
E12280,,,,,F105724.jpg
E12281,,,,,F105725.jpg
E12282,,,,,F105726.jpg
E12283,,,,,F105727.jpg
E12284,,,,,F105728.jpg
E12285,,,,,F105729.jpg
E12286,,,,,F105730.jpg
E12287,,,,,F105731.jpg
E12288,,,,,F105732.jpg
E12289,,,,,F105733.jpg
E12290,,,,,F105734.jpg
E12291,,,,,F105735.jpg
E12292,,,,,F105736.jpg
E12293,,,,,F105737.jpg
E12294,,,,,F105738.jpg
E12295,,,,,F105739.jpg
E12296,,,,,F105740.jpg
E12297,,,,,F105741.jpg
E12298,,,,,F105742.jpg
E12299,,,,,F105743.jpg
E12300,,,,,F105744.jpg
E12301,,,,,F105745.jpg
E12302,,,,,F105746.jpg
E12303,,,,,F105747.jpg
E12304,,,,,F105748.jpg
E12305,,,,,F105749.jpg
E12306,,,,,F105750.jpg
E12307,,,,,F105751.jpg
E12308,,,,,F105752.jpg
E12309,,,,,F105753.jpg
E12310,,,,,F105754.jpg
E12311,,,,,F105755.jpg
E12312,,,,,F105756.jpg
E12313,,,,,F105757.jpg
E12314,,,,,F105758.jpg
E12315,,,,,F105759.jpg
E12316,,,,,F105760.jpg
E12317,,,,,F105761.jpg
E12318,,,,,F105762.jpg
E12319,,,,,F105763.jpg
E12320,,,,,F105764.jpg
E12321,,,,,F105765.jpg
E12322,,,,,F105766.jpg
E12323,,,,,F105767.jpg
E12324,,,,,F105768.jpg
E12325,,,,,F105769.jpg
E12326,,,,,F105770.jpg
E12327,,,,,F105771.jpg
E12328,,,,,F105772.jpg
E12329,,,,,F105773.jpg
E12330,,,,,F105774.jpg
E12331,,,,,F105775.jpg
E12332,,,,,F105776.jpg
E12333,,,,,F105777.jpg
E12334,,,,,F105778.jpg
E12335,,,,,F105779.jpg
E12336,,,,,F105780.jpg
E12337,,,,,F105781.jpg
E12338,,,,,F105782.jpg
E12339,,,,,F105783.jpg
E12340,,,,,F105784.jpg
E12341,,,,,F105785.jpg
E12342,,,,,F105786.jpg
E12343,,,,,F105787.jpg
E12344,,,,,F105788.jpg
E12345,,,,,F105789.jpg
E12346,,,,,F105790.jpg
E12347,,,,,F105791.jpg
E12348,,,,,F105792.jpg
E12349,,,,,F105793.jpg
E12350,,,,,F105794.jpg
E12351,,,,,F105795.jpg
E12352,,,,,F105796.jpg
E12353,,,,,F105797.jpg
E12354,,,,,F105798.jpg
E12355,,,,,F105799.jpg
E12356,,,,,F105800.jpg
E12357,,,,,F105801.jpg
E12358,,,,,F105802.jpg
E12359,,,,,F105803.jpg
E12360,,,,,F105804.jpg
E12361,,,,,F105805.jpg
E12362,,,,,F105806.jpg
E12363,,,,,F105807.jpg
E12364,,,,,F105808.jpg
E12365,,,,,F105809.jpg
E12366,,,,,F105810.jpg
E12367,,,,,F105811.jpg
E12368,,,,,F105812.jpg
E12369,,,,,F105813.jpg
E12370,,,,,F105814.jpg
E12371,,,,,F105815.jpg
E12372,,,,,F105816.jpg
E12373,,,,,F105817.jpg
E12374,,,,,F105818.jpg
E12375,,,,,F105819.jpg
E12376,,,,,F105820.jpg
E12377,,,,,F105821.jpg
E12378,,,,,F105822.jpg
E12379,,,,,F105823.jpg
E12380,,,,,F105824.jpg
E12381,,,,,F105825.jpg
E12382,,,,,F105826.jpg
E12383,,,,,F105827.jpg
E12384,,,,,F105828.jpg
E12385,,,,,F105829.jpg
E12386,,,,,F105830.jpg
E12387,,,,,F105831.jpg
E12388,,,,,F105832.jpg
E12389,,,,,F105833.jpg
E12390,,,,,F105834.jpg
E12391,,,,,F105835.jpg
E12392,,,,,F105836.jpg
E12393,,,,,F105837.jpg
E12394,,,,,F105838.jpg
E12395,,,,,F105839.jpg
E12396,,,,,F105840.jpg
E12397,,,,,F105841.jpg
E12398,,,,,F105842.jpg
E12399,,,,,F105843.jpg
E12400,,,,,F105844.jpg
E12401,,,,,F105845.jpg
E12402,,,,,F105846.jpg
E12403,,,,,F105847.jpg
E12404,,,,,F105848.jpg
E12405,,,,,F105849.jpg
E12406,,,,,F105850.jpg
E12407,,,,,F105851.jpg
E12408,,,,,F105852.jpg
E12409,,,,,F105853.jpg
E12410,,,,,F105854.jpg
E12411,,,,,F105855.jpg
E12412,,,,,F105856.jpg
E12413,,,,,F105857.jpg
E12414,,,,,F105858.jpg
E12415,,,,,F105859.jpg
E12416,,,,,F105860.jpg
E12417,,,,,F105861.jpg
E12418,,,,,F105862.jpg
E12419,,,,,F105863.jpg
E12420,,,,,F105864.jpg
E12421,,,,,F105865.jpg
E12422,,,,,F105866.jpg
E12423,,,,,F105867.jpg
E12424,,,,,F105868.jpg
E12425,,,,,F105869.jpg
E12426,,,,,F105870.jpg
E12427,,,,,F105871.jpg
E12428,,,,,F105872.jpg
E12429,,,,,F105873.jpg
E12430,,,,,F105874.jpg
E12431,,,,,F105875.jpg
E12432,,,,,F105876.jpg
E12433,,,,,F105877.jpg
E12434,,,,,F105878.jpg
E12435,,,,,F105879.jpg
E12436,,,,,F105880.jpg
E12437,,,,,F105881.jpg
E12438,,,,,F105882.jpg
E12439,,,,,F105883.jpg
E12440,,,,,F105884.jpg
E12441,,,,,F105885.jpg
E12442,,,,,F105886.jpg
E12443,,,,,F105887.jpg
E12444,,,,,F105888.jpg
E12445,,,,,F105889.jpg
E12446,,,,,F105890.jpg
E12447,,,,,F105891.jpg
E12448,,,,,F105892.jpg
E12449,,,,,F105893.jpg
E12450,,,,,F105894.jpg
E12451,,,,,F105895.jpg
E12452,,,,,F105896.jpg
E12453,,,,,F105897.jpg
E12454,,,,,F105898.jpg
E12455,,,,,F105899.jpg
E12456,,,,,F105900.jpg
E12457,,,,,F105901.jpg
E12458,,,,,F105902.jpg
E12459,,,,,F105903.jpg
E12460,,,,,F105904.jpg
E12461,,,,,F105905.jpg
E12462,,,,,F105906.jpg
E12463,,,,,F105907.jpg
E12464,,,,,F105908.jpg
E12465,,,,,F105909.jpg
E12466,,,,,F105910.jpg
E12467,,,,,F105911.jpg
E12468,,,,,F105912.jpg
E12469,,,,,F105913.jpg
E12470,,,,,F105914.jpg
E12471,,,,,F105915.jpg
E12472,,,,,F105916.jpg
E12473,,,,,F105917.jpg
E12474,,,,,F105918.jpg
E12475,,,,,F105919.jpg
E12476,,,,,F105920.jpg
E12477,,,,,F105921.jpg
E12478,,,,,F105922.jpg
E12479,,,,,F105923.jpg
E12480,,,,,F105924.jpg
E12481,,,,,F105925.jpg
E12482,,,,,F105926.jpg
E12483,,,,,F105927.jpg
E12484,,,,,F105928.jpg
E12485,,,,,F105929.jpg
E12486,,,,,F105930.jpg
E12487,,,,,F105931.jpg
E12488,,,,,F105932.jpg
E12489,,,,,F105933.jpg
E12490,,,,,F105934.jpg
E12491,,,,,F105935.jpg
E12492,,,,,F105936.jpg
E12493,,,,,F105937.jpg
E12494,,,,,F105938.jpg
E12495,,,,,F105939.jpg
E12496,,,,,F105940.jpg
E12497,,,,,F105941.jpg
E12498,,,,,F105942.jpg
E12499,,,,,F105943.jpg
E12500,,,,,F105944.jpg
E12501,,,,,F105945.jpg
E12502,,,,,F105946.jpg
E12503,,,,,F105947.jpg
E12504,,,,,F105948.jpg
E12505,,,,,F105949.jpg
E12506,,,,,F105950.jpg
E12507,,,,,F105951.jpg
E12508,,,,,F105952.jpg
E12509,,,,,F105953.jpg
E12510,,,,,F105954.jpg
E12511,,,,,F105955.jpg
E12512,,,,,F105956.jpg
E12513,,,,,F105957.jpg
E12514,,,,,F105958.jpg
E12515,,,,,F105959.jpg
E12516,,,,,F105960.jpg
E12517,,,,,F105961.jpg
E12518,,,,,F105962.jpg
E12519,,,,,F105963.jpg
E12520,,,,,F105964.jpg
E12521,,,,,F105965.jpg
E12522,,,,,F105966.jpg
E12523,,,,,F105967.jpg
E12524,,,,,F105968.jpg
E12525,,,,,F105969.jpg
E12526,,,,,F105970.jpg
E12527,,,,,F105971.jpg
E12528,,,,,F105972.jpg
E12529,,,,,F105973.jpg
E12530,,,,,F105974.jpg
E12531,,,,,F105975.jpg
E12532,,,,,F105976.jpg
E12533,,,,,F105977.jpg
E12534,,,,,F105978.jpg
E12535,,,,,F105979.jpg
E12536,,,,,F105980.jpg
E12537,,,,,F105981.jpg
E12538,,,,,F105982.jpg
E12539,,,,,F105983.jpg
E12540,,,,,F105984.jpg
E12541,,,,,F105985.jpg
E12542,,,,,F105986.jpg
E12543,,,,,F105987.jpg
E12544,,,,,F105988.jpg
E12545,,,,,F105989.jpg
E12546,,,,,F105990.jpg
E12547,,,,,F105991.jpg
E12548,,,,,F105992.jpg
E12549,,,,,F105993.jpg
E12550,,,,,F105994.jpg
E12551,,,,,F105995.jpg
E12552,,,,,F105996.jpg
E12553,,,,,F105997.jpg
E12554,,,,,F105998.jpg
E12555,,,,,F105999.jpg
E12556,,,,,F106000.jpg
E12557,,,,,F106001.jpg
E12558,,,,,F106002.jpg
E12559,,,,,F106003.jpg
E12560,,,,,F106004.jpg
E12561,,,,,F106005.jpg
E12562,,,,,F106006.jpg
E12563,,,,,F106007.jpg
E12564,,,,,F106008.jpg
E12565,,,,,F106009.jpg
E12566,,,,,F106010.jpg
E12567,,,,,F106011.jpg
E12568,,,,,F106012.jpg
E12569,,,,,F106013.jpg
E12570,,,,,F106014.jpg
E12571,,,,,F106015.jpg
E12572,,,,,F106016.jpg
E12573,,,,,F106017.jpg
E12574,,,,,F106018.jpg
E12575,,,,,F106019.jpg
E12576,,,,,F106020.jpg
E12577,,,,,F106021.jpg
E12578,,,,,F106022.jpg
E12579,,,,,F106023.jpg
E12580,,,,,F106024.jpg
E12581,,,,,F106025.jpg
E12582,,,,,F106026.jpg
E12583,,,,,F106027.jpg
E12584,,,,,F106028.jpg
E12585,,,,,F106029.jpg
E12586,,,,,F106030.jpg
E12587,,,,,F106031.jpg
E12588,,,,,F106032.jpg
E12589,,,,,F106033.jpg
E12590,,,,,F106034.jpg
E12591,,,,,F106035.jpg
E12592,,,,,F106036.jpg
E12593,,,,,F106037.jpg
E12594,,,,,F106038.jpg
E12595,,,,,F106039.jpg
E12596,,,,,F106040.jpg
E12597,,,,,F106041.jpg
E12598,,,,,F106042.jpg
E12599,,,,,F106043.jpg
E12600,,,,,F106044.jpg
E12601,,,,,F106045.jpg
E12602,,,,,F106046.jpg
E12603,,,,,F106047.jpg
E12604,,,,,F106048.jpg
E12605,,,,,F106049.jpg
E12606,,,,,F106050.jpg
E12607,,,,,F106051.jpg
E12608,,,,,F106052.jpg
E12609,,,,,F106053.jpg
E12610,,,,,F106054.jpg
E12611,,,,,F106055.jpg
E12612,,,,,F106056.jpg
E12613,,,,,F106057.jpg
E12614,,,,,F106058.jpg
E12615,,,,,F106059.jpg
E12616,,,,,F106060.jpg
E12617,,,,,F106061.jpg
E12618,,,,,F106062.jpg
E12619,,,,,F106063.jpg
E12620,,,,,F106064.jpg
E12621,,,,,F106065.jpg
E12622,,,,,F106066.jpg
E12623,,,,,F106067.jpg
E12624,,,,,F106068.jpg
E12625,,,,,F106069.jpg
E12626,,,,,F106070.jpg
E12627,,,,,F106071.jpg
E12628,,,,,F106072.jpg
E12629,,,,,F106073.jpg
E12630,,,,,F106074.jpg
E12631,,,,,F106075.jpg
E12632,,,,,F106076.jpg
E12633,,,,,F106077.jpg
E12634,,,,,F106078.jpg
E12635,,,,,F106079.jpg
E12636,,,,,F106080.jpg
E12637,,,,,F106081.jpg
E12638,,,,,F106082.jpg
E12639,,,,,F106083.jpg
E12640,,,,,F106084.jpg
E12641,,,,,F106085.jpg
E12642,,,,,F106086.jpg
E12643,,,,,F106087.jpg
E12644,,,,,F106088.jpg
E12645,,,,,F106089.jpg
E12646,,,,,F106090.jpg
E12647,,,,,F106091.jpg
E12648,,,,,F106092.jpg
E12649,,,,,F106093.jpg
E12650,,,,,F106094.jpg
E12651,,,,,F106095.jpg
E12652,,,,,F106096.jpg
E12653,,,,,F106097.jpg
E12654,,,,,F106098.jpg
E12655,,,,,F106099.jpg
E12656,,,,,F106100.jpg
E12657,,,,,F106101.jpg
E12658,,,,,F106102.jpg
E12659,,,,,F106103.jpg
E12660,,,,,F106104.jpg
E12661,,,,,F106105.jpg
E12662,,,,,F106106.jpg
E12663,,,,,F106107.jpg
E12664,,,,,F106108.jpg
E12665,,,,,F106109.jpg
E12666,,,,,F106110.jpg
E12667,,,,,F106111.jpg
E12668,,,,,F106112.jpg
E12669,,,,,F106113.jpg
E12670,,,,,F106114.jpg
E12671,,,,,F106115.jpg
E12672,,,,,F106116.jpg
E12673,,,,,F106117.jpg
E12674,,,,,F106118.jpg
E12675,,,,,F106119.jpg
E12676,,,,,F106120.jpg
E12677,,,,,F106121.jpg
E12678,,,,,F106122.jpg
E12679,,,,,F106123.jpg
E12680,,,,,F106124.jpg
E12681,,,,,F106125.jpg
E12682,,,,,F106126.jpg
E12683,,,,,F106127.jpg
E12684,,,,,F106128.jpg
E12685,,,,,F106129.jpg
E12686,,,,,F106130.jpg
E12687,,,,,F106131.jpg
E12688,,,,,F106132.jpg
E12689,,,,,F106133.jpg
E12690,,,,,F106134.jpg
E12691,,,,,F106135.jpg
E12692,,,,,F106136.jpg
E12693,,,,,F106137.jpg
E12694,,,,,F106138.jpg
E12695,,,,,F106139.jpg
E12696,,,,,F106140.jpg
E12697,,,,,F106141.jpg
E12698,,,,,F106142.jpg
E12699,,,,,F106143.jpg
E12700,,,,,F106144.jpg
E12701,,,,,F106145.jpg
E12702,,,,,F106146.jpg
E12703,,,,,F106147.jpg
E12704,,,,,F106148.jpg
E12705,,,,,F106149.jpg
E12706,,,,,F106150.jpg
E12707,,,,,F106151.jpg
E12708,,,,,F106152.jpg
E12709,,,,,F106153.jpg
E12710,,,,,F106154.jpg
E12711,,,,,F106155.jpg
E12712,,,,,F106156.jpg
E12713,,,,,F106157.jpg
E12714,,,,,F106158.jpg
E12715,,,,,F106159.jpg
E12716,,,,,F106160.jpg
E12717,,,,,F106161.jpg
E12718,,,,,F106162.jpg
E12719,,,,,F106163.jpg
E12720,,,,,F106164.jpg
E12721,,,,,F106165.jpg
E12722,,,,,F106166.jpg
E12723,,,,,F106167.jpg
E12724,,,,,F106168.jpg
E12725,,,,,F106169.jpg
E12726,,,,,F106170.jpg
E12727,,,,,F106171.jpg
E12728,,,,,F106172.jpg
E12729,,,,,F106173.jpg
E12730,,,,,F106174.jpg
E12731,,,,,F106175.jpg
E12732,,,,,F106176.jpg
E12733,,,,,F106177.jpg
E12734,,,,,F106178.jpg
E12735,,,,,F106179.jpg
E12736,,,,,F106180.jpg
E12737,,,,,F106181.jpg
E12738,,,,,F106182.jpg
E12739,,,,,F106183.jpg
E12740,,,,,F106184.jpg
E12741,,,,,F106185.jpg
E12742,,,,,F106186.jpg
E12743,,,,,F106187.jpg
E12744,,,,,F106188.jpg
E12745,,,,,F106189.jpg
E12746,,,,,F106190.jpg
E12747,,,,,F106191.jpg
E12748,,,,,F106192.jpg
E12749,,,,,F106193.jpg
E12750,,,,,F106194.jpg
E12751,,,,,F106195.jpg
E12752,,,,,F106196.jpg
E12753,,,,,F106197.jpg
E12754,,,,,F106198.jpg
E12755,,,,,F106199.jpg
E12756,,,,,F106200.jpg
E12757,,,,,F106201.jpg
E12758,,,,,F106202.jpg
E12759,,,,,F106203.jpg
E12760,,,,,F106204.jpg
E12761,,,,,F106205.jpg
E12762,,,,,F106206.jpg
E12763,,,,,F106207.jpg
E12764,,,,,F106208.jpg
E12765,,,,,F106209.jpg
E12766,,,,,F106210.jpg
E12767,,,,,F106211.jpg
E12768,,,,,F106212.jpg
E12769,,,,,F106213.jpg
E12770,,,,,F106214.jpg
E12771,,,,,F106215.jpg
E12772,,,,,F106216.jpg
E12773,,,,,F106217.jpg
E12774,,,,,F106218.jpg
E12775,,,,,F106219.jpg
E12776,,,,,F106220.jpg
E12777,,,,,F106221.jpg
E12778,,,,,F106222.jpg
E12779,,,,,F106223.jpg
E12780,,,,,F106224.jpg
E12781,,,,,F106225.jpg
E12782,,,,,F106226.jpg
E12783,,,,,F106227.jpg
E12784,,,,,F106228.jpg
E12785,,,,,F106229.jpg
E12786,,,,,F106230.jpg
E12787,,,,,F106231.jpg
E12788,,,,,F106232.jpg
E12789,,,,,F106233.jpg
E12790,,,,,F106234.jpg
E12791,,,,,F106235.jpg
E12792,,,,,F106236.jpg
E12793,,,,,F106237.jpg
E12794,,,,,F106238.jpg
E12795,,,,,F106239.jpg
E12796,,,,,F106240.jpg
E12797,,,,,F106241.jpg
E12798,,,,,F106242.jpg
E12799,,,,,F106243.jpg
E12800,,,,,F106244.jpg
E12801,,,,,F106245.jpg
E12802,,,,,F106246.jpg
E12803,,,,,F106247.jpg
E12804,,,,,F106248.jpg
E12805,,,,,F106249.jpg
E12806,,,,,F106250.jpg
E12807,,,,,F106251.jpg
E12808,,,,,F106252.jpg
E12809,,,,,F106253.jpg
E12810,,,,,F106254.jpg
E12811,,,,,F106255.jpg
E12812,,,,,F106256.jpg
E12813,,,,,F106257.jpg
E12814,,,,,F106258.jpg
E12815,,,,,F106259.jpg
E12816,,,,,F106260.jpg
E12817,,,,,F106261.jpg
E12818,,,,,F106262.jpg
E12819,,,,,F106263.jpg
E12820,,,,,F106264.jpg
E12821,,,,,F106265.jpg
E12822,,,,,F106266.jpg
E12823,,,,,F106267.jpg
E12824,,,,,F106268.jpg
E12825,,,,,F106269.jpg
E12826,,,,,F106270.jpg
E12827,,,,,F106271.jpg
E12828,,,,,F106272.jpg
E12829,,,,,F106273.jpg
E12830,,,,,F106274.jpg
E12831,,,,,F106275.jpg
E12832,,,,,F106276.jpg
E12833,,,,,F106277.jpg
E12834,,,,,F106278.jpg
E12835,,,,,F106279.jpg
E12836,,,,,F106280.jpg
E12837,,,,,F106281.jpg
E12838,,,,,F106282.jpg
E12839,,,,,F106283.jpg
E12840,,,,,F106284.jpg
E12841,,,,,F106285.jpg
E12842,,,,,F106286.jpg
E12843,,,,,F106287.jpg
E12844,,,,,F106288.jpg
E12845,,,,,F106289.jpg
E12846,,,,,F106290.jpg
E12847,,,,,F106291.jpg
E12848,,,,,F106292.jpg
E12849,,,,,F106293.jpg
E12850,,,,,F106294.jpg
E12851,,,,,F106295.jpg
E12852,,,,,F106296.jpg
E12853,,,,,F106297.jpg
E12854,,,,,F106298.jpg
E12855,,,,,F106299.jpg
E12856,,,,,F106300.jpg
E12857,,,,,F106301.jpg
E12858,,,,,F106302.jpg
E12859,,,,,F106303.jpg
E12860,,,,,F106304.jpg
E12861,,,,,F106305.jpg
E12862,,,,,F106306.jpg
E12863,,,,,F106307.jpg
E12864,,,,,F106308.jpg
E12865,,,,,F106309.jpg
E12866,,,,,F106310.jpg
E12867,,,,,F106311.jpg
E12868,,,,,F106312.jpg
E12869,,,,,F106313.jpg
E12870,,,,,F106314.jpg
E12871,,,,,F106315.jpg
E12872,,,,,F106316.jpg
E12873,,,,,F106317.jpg
E12874,,,,,F106318.jpg
E12875,,,,,F106319.jpg
E12876,,,,,F106320.jpg
E12877,,,,,F106321.jpg
E12878,,,,,F106322.jpg
E12879,,,,,F106323.jpg
E12880,,,,,F106324.jpg
E12881,,,,,F106325.jpg
E12882,,,,,F106326.jpg
E12883,,,,,F106327.jpg
E12884,,,,,F106328.jpg
E12885,,,,,F106329.jpg
E12886,,,,,F106330.jpg
E12887,,,,,F106331.jpg
E12888,,,,,F106332.jpg
E12889,,,,,F106333.jpg
E12890,,,,,F106334.jpg
E12891,,,,,F106335.jpg
E12892,,,,,F106336.jpg
E12893,,,,,F106337.jpg
E12894,,,,,F106338.jpg
E12895,,,,,F106339.jpg
E12896,,,,,F106340.jpg
E12897,,,,,F106341.jpg
E12898,,,,,F106342.jpg
E12899,,,,,F106343.jpg
E12900,,,,,F106344.jpg
E12901,,,,,F106345.jpg
E12902,,,,,F106346.jpg
E12903,,,,,F106347.jpg
E12904,,,,,F106348.jpg
E12905,,,,,F106349.jpg
E12906,,,,,F106350.jpg
E12907,,,,,F106351.jpg
E12908,,,,,F106352.jpg
E12909,,,,,F106353.jpg
E12910,,,,,F106354.jpg
E12911,,,,,F106355.jpg
E12912,,,,,F106356.jpg
E12913,,,,,F106357.jpg
E12914,,,,,F106358.jpg
E12915,,,,,F106359.jpg
E12916,,,,,F106360.jpg
E12917,,,,,F106361.jpg
E12918,,,,,F106362.jpg
E12919,,,,,F106363.jpg
E12920,,,,,F106364.jpg
E12921,,,,,F106365.jpg
E12922,,,,,F106366.jpg
E12923,,,,,F106367.jpg
E12924,,,,,F106368.jpg
E12925,,,,,F106369.jpg
E12926,,,,,F106370.jpg
E12927,,,,,F106371.jpg
E12928,,,,,F106372.jpg
E12929,,,,,F106373.jpg
E12930,,,,,F106374.jpg
E12931,,,,,F106375.jpg
E12932,,,,,F106376.jpg
E12933,,,,,F106377.jpg
E12934,,,,,F106378.jpg
E12935,,,,,F106379.jpg
E12936,,,,,F106380.jpg
E12937,,,,,F106381.jpg
E12938,,,,,F106382.jpg
E12939,,,,,F106383.jpg
E12940,,,,,F106384.jpg
E12941,,,,,F106385.jpg
E12942,,,,,F106386.jpg
E12943,,,,,F106387.jpg
E12944,,,,,F106388.jpg
E12945,,,,,F106389.jpg
E12946,,,,,F106390.jpg
E12947,,,,,F106391.jpg
E12948,,,,,F106392.jpg
E12949,,,,,F106393.jpg
E12950,,,,,F106394.jpg
E12951,,,,,F106395.jpg
E12952,,,,,F106396.jpg
E12953,,,,,F106397.jpg
E12954,,,,,F106398.jpg
E12955,,,,,F106399.jpg
E12956,,,,,F106400.jpg
E12957,,,,,F106401.jpg
E12958,,,,,F106402.jpg
E12959,,,,,F106403.jpg
E12960,,,,,F106404.jpg
E12961,,,,,F106405.jpg
E12962,,,,,F106406.jpg
E12963,,,,,F106407.jpg
E12964,,,,,F106408.jpg
E12965,,,,,F106409.jpg
E12966,,,,,F106410.jpg
E12967,,,,,F106411.jpg
E12968,,,,,F106412.jpg
E12969,,,,,F106413.jpg
E12970,,,,,F106414.jpg
E12971,,,,,F106415.jpg
E12972,,,,,F106416.jpg
E12973,,,,,F106417.jpg
E12974,,,,,F106418.jpg
E12975,,,,,F106419.jpg
E12976,,,,,F106420.jpg
E12977,,,,,F106421.jpg
E12978,,,,,F106422.jpg
E12979,,,,,F106423.jpg
E12980,,,,,F106424.jpg
E12981,,,,,F106425.jpg
E12982,,,,,F106426.jpg
E12983,,,,,F106427.jpg
E12984,,,,,F106428.jpg
E12985,,,,,F106429.jpg
E12986,,,,,F106430.jpg
E12987,,,,,F106431.jpg
E12988,,,,,F106432.jpg
E12989,,,,,F106433.jpg
E12990,,,,,F106434.jpg
E12991,,,,,F106435.jpg
E12992,,,,,F106436.jpg
E12993,,,,,F106437.jpg
E12994,,,,,F106438.jpg
E12995,,,,,F106439.jpg
E12996,,,,,F106440.jpg
E12997,,,,,F106441.jpg
E12998,,,,,F106442.jpg
E12999,,,,,F106443.jpg
E13000,,,,,F106444.jpg
E13001,,,,,F106445.jpg
E13002,,,,,F106446.jpg
E13003,,,,,F106447.jpg
E13004,,,,,F106448.jpg
E13005,,,,,F106449.jpg
E13006,,,,,F106450.jpg
E13007,,,,,F106451.jpg
E13008,,,,,F106452.jpg
E13009,,,,,F106453.jpg
E13010,,,,,F106454.jpg
E13011,,,,,F106455.jpg
E13012,,,,,F106456.jpg
E13013,,,,,F106457.jpg
E13014,,,,,F106458.jpg
E13015,,,,,F106459.jpg
E13016,,,,,F106460.jpg
E13017,,,,,F106461.jpg
E13018,,,,,F106462.jpg
E13019,,,,,F106463.jpg
E13020,,,,,F106464.jpg
E13021,,,,,F106465.jpg
E13022,,,,,F106466.jpg
E13023,,,,,F106467.jpg
E13024,,,,,F106468.jpg
E13025,,,,,F106469.jpg
E13026,,,,,F106470.jpg
E13027,,,,,F106471.jpg
E13028,,,,,F106472.jpg
E13029,,,,,F106473.jpg
E13030,,,,,F106474.jpg
E13031,,,,,F106475.jpg
E13032,,,,,F106476.jpg
E13033,,,,,F106477.jpg
E13034,,,,,F106478.jpg
E13035,,,,,F106479.jpg
E13036,,,,,F106480.jpg
E13037,,,,,F106481.jpg
E13038,,,,,F106482.jpg
E13039,,,,,F106483.jpg
E13040,,,,,F106484.jpg
E13041,,,,,F106485.jpg
E13042,,,,,F106486.jpg
E13043,,,,,F106487.jpg
E13044,,,,,F106488.jpg
E13045,,,,,F106489.jpg
E13046,,,,,F106490.jpg
E13047,,,,,F106491.jpg
E13048,,,,,F106492.jpg
E13049,,,,,F106493.jpg
E13050,,,,,F106494.jpg
E13051,,,,,F106495.jpg
E13052,,,,,F106496.jpg
E13053,,,,,F106497.jpg
E13054,,,,,F106498.jpg
E13055,,,,,F106499.jpg
E13056,,,,,F106500.jpg
E13057,,,,,F106501.jpg
E13058,,,,,F106502.jpg
E13059,,,,,F106503.jpg
E13060,,,,,F106504.jpg
E13061,,,,,F106505.jpg
E13062,,,,,F106506.jpg
E13063,,,,,F106507.jpg
E13064,,,,,F106508.jpg
E13065,,,,,F106509.jpg
E13066,,,,,F106510.jpg
E13067,,,,,F106511.jpg
E13068,,,,,F106512.jpg
E13069,,,,,F106513.jpg
E13070,,,,,F106514.jpg
E13071,,,,,F106515.jpg
E13072,,,,,F106516.jpg
E13073,,,,,F106517.jpg
E13074,,,,,F106518.jpg
E13075,,,,,F106519.jpg
E13076,,,,,F106520.jpg
E13077,,,,,F106521.jpg
E13078,,,,,F106522.jpg
E13079,,,,,F106523.jpg
E13080,,,,,F106524.jpg
E13081,,,,,F106525.jpg
E13082,,,,,F106526.jpg
E13083,,,,,F106527.jpg
E13084,,,,,F106528.jpg
E13085,,,,,F106529.jpg
E13086,,,,,F106530.jpg
E13087,,,,,F106531.jpg
E13088,,,,,F106532.jpg
E13089,,,,,F106533.jpg
E13090,,,,,F106534.jpg
E13091,,,,,F106535.jpg
E13092,,,,,F106536.jpg
E13093,,,,,F106537.jpg
E13094,,,,,F106538.jpg
E13095,,,,,F106539.jpg
E13096,,,,,F106540.jpg
E13097,,,,,F106541.jpg
E13098,,,,,F106542.jpg
E13099,,,,,F106543.jpg
E13100,,,,,F106544.jpg
E13101,,,,,F106545.jpg
E13102,,,,,F106546.jpg
E13103,,,,,F106547.jpg
E13104,,,,,F106548.jpg
E13105,,,,,F106549.jpg
E13106,,,,,F106550.jpg
E13107,,,,,F106551.jpg
E13108,,,,,F106552.jpg
E13109,,,,,F106553.jpg
E13110,,,,,F106554.jpg
E13111,,,,,F106555.jpg
E13112,,,,,F106556.jpg
E13113,,,,,F106557.jpg
E13114,,,,,F106558.jpg
E13115,,,,,F106559.jpg
E13116,,,,,F106560.jpg
E13117,,,,,F106561.jpg
E13118,,,,,F106562.jpg
E13119,,,,,F106563.jpg
E13120,,,,,F106564.jpg
E13121,,,,,F106565.jpg
E13122,,,,,F106566.jpg
E13123,,,,,F106567.jpg
E13124,,,,,F106568.jpg
E13125,,,,,F106569.jpg
E13126,,,,,F106570.jpg
E13127,,,,,F106571.jpg
E13128,,,,,F106572.jpg
E13129,,,,,F106573.jpg
E13130,,,,,F106574.jpg
E13131,,,,,F106575.jpg
E13132,,,,,F106576.jpg
E13133,,,,,F106577.jpg
E13134,,,,,F106578.jpg
E13135,,,,,F106579.jpg
E13136,,,,,F106580.jpg
E13137,,,,,F106581.jpg
E13138,,,,,F106582.jpg
E13139,,,,,F106583.jpg
E13140,,,,,F106584.jpg
E13141,,,,,F106585.jpg
E13142,,,,,F106586.jpg
E13143,,,,,F106587.jpg
E13144,,,,,F106588.jpg
E13145,,,,,F106589.jpg
E13146,,,,,F106590.jpg
E13147,,,,,F106591.jpg
E13148,,,,,F106592.jpg
E13149,,,,,F106593.jpg
E13150,,,,,F106594.jpg
E13151,,,,,F106595.jpg
E13152,,,,,F106596.jpg
E13153,,,,,F106597.jpg
E13154,,,,,F106598.jpg
E13155,,,,,F106599.jpg
E13156,,,,,F106600.jpg
E13157,,,,,F106601.jpg
E13158,,,,,F106602.jpg
E13159,,,,,F106603.jpg
E13160,,,,,F106604.jpg
E13161,,,,,F106605.jpg
E13162,,,,,F106606.jpg
E13163,,,,,F106607.jpg
E13164,,,,,F106608.jpg
E13165,,,,,F106609.jpg
E13166,,,,,F106610.jpg
E13167,,,,,F106611.jpg
E13168,,,,,F106612.jpg
E13169,,,,,F106613.jpg
E13170,,,,,F106614.jpg
E13171,,,,,F106615.jpg
E13172,,,,,F106616.jpg
E13173,,,,,F106617.jpg
E13174,,,,,F106618.jpg
E13175,,,,,F106619.jpg
E13176,,,,,F106620.jpg
E13177,,,,,F106621.jpg
E13178,,,,,F106622.jpg
E13179,,,,,F106623.jpg
E13180,,,,,F106624.jpg
E13181,,,,,F106625.jpg
E13182,,,,,F106626.jpg
E13183,,,,,F106627.jpg
E13184,,,,,F106628.jpg
E13185,,,,,F106629.jpg
E13186,,,,,F106630.jpg
E13187,,,,,F106631.jpg
E13188,,,,,F106632.jpg
E13189,,,,,F106633.jpg
E13190,,,,,F106634.jpg
E13191,,,,,F106635.jpg
E13192,,,,,F106636.jpg
E13193,,,,,F106637.jpg
E13194,,,,,F106638.jpg
E13195,,,,,F106639.jpg
E13196,,,,,F106640.jpg
E13197,,,,,F106641.jpg
E13198,,,,,F106642.jpg
E13199,,,,,F106643.jpg
E13200,,,,,F106644.jpg
E13201,,,,,F106645.jpg
E13202,,,,,F106646.jpg
E13203,,,,,F106647.jpg
E13204,,,,,F106648.jpg
E13205,,,,,F106649.jpg
E13206,,,,,F106650.jpg
E13207,,,,,F106651.jpg
E13208,,,,,F106652.jpg
E13209,,,,,F106653.jpg
E13210,,,,,F106654.jpg
E13211,,,,,F106655.jpg
E13212,,,,,F106656.jpg
E13213,,,,,F106657.jpg
E13214,,,,,F106658.jpg
E13215,,,,,F106659.jpg
E13216,,,,,F106660.jpg
E13217,,,,,F106661.jpg
E13218,,,,,F106662.jpg
E13219,,,,,F106663.jpg
E13220,,,,,F106664.jpg
E13221,,,,,F106665.jpg
E13222,,,,,F106666.jpg
E13223,,,,,F106667.jpg
E13224,,,,,F106668.jpg
E13225,,,,,F106669.jpg
E13226,,,,,F106670.jpg
E13227,,,,,F106671.jpg
E13228,,,,,F106672.jpg
E13229,,,,,F106673.jpg
E13230,,,,,F106674.jpg
E13231,,,,,F106675.jpg
E13232,,,,,F106676.jpg
E13233,,,,,F106677.jpg
E13234,,,,,F106678.jpg
E13235,,,,,F106679.jpg
E13236,,,,,F106680.jpg
E13237,,,,,F106681.jpg
E13238,,,,,F106682.jpg
E13239,,,,,F106683.jpg
E13240,,,,,F106684.jpg
E13241,,,,,F106685.jpg
E13242,,,,,F106686.jpg
E13243,,,,,F106687.jpg
E13244,,,,,F106688.jpg
E13245,,,,,F106689.jpg
E13246,,,,,F106690.jpg
E13247,,,,,F106691.jpg
E13248,,,,,F106692.jpg
E13249,,,,,F106693.jpg
E13250,,,,,F106694.jpg
E13251,,,,,F106695.jpg
E13252,,,,,F106696.jpg
E13253,,,,,F106697.jpg
E13254,,,,,F106698.jpg
E13255,,,,,F106699.jpg
E13256,,,,,F106700.jpg
E13257,,,,,F106701.jpg
E13258,,,,,F106702.jpg
E13259,,,,,F106703.jpg
E13260,,,,,F106704.jpg
E13261,,,,,F106705.jpg
E13262,,,,,F106706.jpg
E13263,,,,,F106707.jpg
E13264,,,,,F106708.jpg
E13265,,,,,F106709.jpg
E13266,,,,,F106710.jpg
E13267,,,,,F106711.jpg
E13268,,,,,F106712.jpg
E13269,,,,,F106713.jpg
E13270,,,,,F106714.jpg
E13271,,,,,F106715.jpg
E13272,,,,,F106716.jpg
E13273,,,,,F106717.jpg
E13274,,,,,F106718.jpg
E13275,,,,,F106719.jpg
E13276,,,,,F106720.jpg
E13277,,,,,F106721.jpg
E13278,,,,,F106722.jpg
E13279,,,,,F106723.jpg
E13280,,,,,F106724.jpg
E13281,,,,,F106725.jpg
E13282,,,,,F106726.jpg
E13283,,,,,F106727.jpg
E13284,,,,,F106728.jpg
E13285,,,,,F106729.jpg
E13286,,,,,F106730.jpg
E13287,,,,,F106731.jpg
E13288,,,,,F106732.jpg
E13289,,,,,F106733.jpg
E13290,,,,,F106734.jpg
E13291,,,,,F106735.jpg
E13292,,,,,F106736.jpg
E13293,,,,,F106737.jpg
E13294,,,,,F106738.jpg
E13295,,,,,F106739.jpg
E13296,,,,,F106740.jpg
E13297,,,,,F106741.jpg
E13298,,,,,F106742.jpg
E13299,,,,,F106743.jpg
E13300,,,,,F106744.jpg
E13301,,,,,F106745.jpg
E13302,,,,,F106746.jpg
E13303,,,,,F106747.jpg
E13304,,,,,F106748.jpg
E13305,,,,,F106749.jpg
E13306,,,,,F106750.jpg
E13307,,,,,F106751.jpg
E13308,,,,,F106752.jpg
E13309,,,,,F106753.jpg
E13310,,,,,F106754.jpg
E13311,,,,,F106755.jpg
E13312,,,,,F106756.jpg
E13313,,,,,F106757.jpg
E13314,,,,,F106758.jpg
E13315,,,,,F106759.jpg
E13316,,,,,F106760.jpg
E13317,,,,,F106761.jpg
E13318,,,,,F106762.jpg
E13319,,,,,F106763.jpg
E13320,,,,,F106764.jpg
E13321,,,,,F106765.jpg
E13322,,,,,F106766.jpg
E13323,,,,,F106767.jpg
E13324,,,,,F106768.jpg
E13325,,,,,F106769.jpg
E13326,,,,,F106770.jpg
E13327,,,,,F106771.jpg
E13328,,,,,F106772.jpg
E13329,,,,,F106773.jpg
E13330,,,,,F106774.jpg
E13331,,,,,F106775.jpg
E13332,,,,,F106776.jpg
E13333,,,,,F106777.jpg
E13334,,,,,F106778.jpg
E13335,,,,,F106779.jpg
E13336,,,,,F106780.jpg
E13337,,,,,F106781.jpg
E13338,,,,,F106782.jpg
E13339,,,,,F106783.jpg
E13340,,,,,F106784.jpg
E13341,,,,,F106785.jpg
E13342,,,,,F106786.jpg
E13343,,,,,F106787.jpg
E13344,,,,,F106788.jpg
E13345,,,,,F106789.jpg
E13346,,,,,F106790.jpg
E13347,,,,,F106791.jpg
E13348,,,,,F106792.jpg
E13349,,,,,F106793.jpg
E13350,,,,,F106794.jpg
E13351,,,,,F106795.jpg
E13352,,,,,F106796.jpg
E13353,,,,,F106797.jpg
E13354,,,,,F106798.jpg
E13355,,,,,F106799.jpg
E13356,,,,,F106800.jpg
E13357,,,,,F106801.jpg
E13358,,,,,F106802.jpg
E13359,,,,,F106803.jpg
E13360,,,,,F106804.jpg
E13361,,,,,F106805.jpg
E13362,,,,,F106806.jpg
E13363,,,,,F106807.jpg
E13364,,,,,F106808.jpg
E13365,,,,,F106809.jpg
E13366,,,,,F106810.jpg
E13367,,,,,F106811.jpg
E13368,,,,,F106812.jpg
E13369,,,,,F106813.jpg
E13370,,,,,F106814.jpg
E13371,,,,,F106815.jpg
E13372,,,,,F106816.jpg
E13373,,,,,F106817.jpg
E13374,,,,,F106818.jpg
E13375,,,,,F106819.jpg
E13376,,,,,F106820.jpg
E13377,,,,,F106821.jpg
E13378,,,,,F106822.jpg
E13379,,,,,F106823.jpg
E13380,,,,,F106824.jpg
E13381,,,,,F106825.jpg
E13382,,,,,F106826.jpg
E13383,,,,,F106827.jpg
E13384,,,,,F106828.jpg
E13385,,,,,F106829.jpg
E13386,,,,,F106830.jpg
E13387,,,,,F106831.jpg
E13388,,,,,F106832.jpg
E13389,,,,,F106833.jpg
E13390,,,,,F106834.jpg
E13391,,,,,F106835.jpg
E13392,,,,,F106836.jpg
E13393,,,,,F106837.jpg
E13394,,,,,F106838.jpg
E13395,,,,,F106839.jpg
E13396,,,,,F106840.jpg
E13397,,,,,F106841.jpg
E13398,,,,,F106842.jpg
E13399,,,,,F106843.jpg
E13400,,,,,F106844.jpg
E13401,,,,,F106845.jpg
E13402,,,,,F106846.jpg
E13403,,,,,F106847.jpg
E13404,,,,,F106848.jpg
E13405,,,,,F106849.jpg
E13406,,,,,F106850.jpg
E13407,,,,,F106851.jpg
E13408,,,,,F106852.jpg
E13409,,,,,F106853.jpg
E13410,,,,,F106854.jpg
E13411,,,,,F106855.jpg
E13412,,,,,F106856.jpg
E13413,,,,,F106857.jpg
E13414,,,,,F106858.jpg
E13415,,,,,F106859.jpg
E13416,,,,,F106860.jpg
E13417,,,,,F106861.jpg
E13418,,,,,F106862.jpg
E13419,,,,,F106863.jpg
E13420,,,,,F106864.jpg
E13421,,,,,F106865.jpg
E13422,,,,,F106866.jpg
E13423,,,,,F106867.jpg
E13424,,,,,F106868.jpg
E13425,,,,,F106869.jpg
E13426,,,,,F106870.jpg
E13427,,,,,F106871.jpg
E13428,,,,,F106872.jpg
E13429,,,,,F106873.jpg
E13430,,,,,F106874.jpg
E13431,,,,,F106875.jpg
E13432,,,,,F106876.jpg
E13433,,,,,F106877.jpg
E13434,,,,,F106878.jpg
E13435,,,,,F106879.jpg
E13436,,,,,F106880.jpg
E13437,,,,,F106881.jpg
E13438,,,,,F106882.jpg
E13439,,,,,F106883.jpg
E13440,,,,,F106884.jpg
E13441,,,,,F106885.jpg
E13442,,,,,F106886.jpg
E13443,,,,,F106887.jpg
E13444,,,,,F106888.jpg
E13445,,,,,F106889.jpg
E13446,,,,,F106890.jpg
E13447,,,,,F106891.jpg
E13448,,,,,F106892.jpg
E13449,,,,,F106893.jpg
E13450,,,,,F106894.jpg
E13451,,,,,F106895.jpg
E13452,,,,,F106896.jpg
E13453,,,,,F106897.jpg
E13454,,,,,F106898.jpg
E13455,,,,,F106899.jpg
E13456,,,,,F106900.jpg
E13457,,,,,F106901.jpg
E13458,,,,,F106902.jpg
E13459,,,,,F106903.jpg
E13460,,,,,F106904.jpg
E13461,,,,,F106905.jpg
E13462,,,,,F106906.jpg
E13463,,,,,F106907.jpg
E13464,,,,,F106908.jpg
E13465,,,,,F106909.jpg
E13466,,,,,F106910.jpg
E13467,,,,,F106911.jpg
E13468,,,,,F106912.jpg
E13469,,,,,F106913.jpg
E13470,,,,,F106914.jpg
E13471,,,,,F106915.jpg
E13472,,,,,F106916.jpg
E13473,,,,,F106917.jpg
E13474,,,,,F106918.jpg
E13475,,,,,F106919.jpg
E13476,,,,,F106920.jpg
E13477,,,,,F106921.jpg
E13478,,,,,F106922.jpg
E13479,,,,,F106923.jpg
E13480,,,,,F106924.jpg
E13481,,,,,F106925.jpg
E13482,,,,,F106926.jpg
E13483,,,,,F106927.jpg
E13484,,,,,F106928.jpg
E13485,,,,,F106929.jpg
E13486,,,,,F106930.jpg
E13487,,,,,F106931.jpg
E13488,,,,,F106932.jpg
E13489,,,,,F106933.jpg
E13490,,,,,F106934.jpg
E13491,,,,,F106935.jpg
E13492,,,,,F106936.jpg
E13493,,,,,F106937.jpg
E13494,,,,,F106938.jpg
E13495,,,,,F106939.jpg
E13496,,,,,F106940.jpg
E13497,,,,,F106941.jpg
E13498,,,,,F106942.jpg
E13499,,,,,F106943.jpg
E13500,,,,,F106944.jpg
E13501,,,,,F106945.jpg
E13502,,,,,F106946.jpg
E13503,,,,,F106947.jpg
E13504,,,,,F106948.jpg
E13505,,,,,F106949.jpg
E13506,,,,,F106950.jpg
E13507,,,,,F106951.jpg
E13508,,,,,F106952.jpg
E13509,,,,,F106953.jpg
E13510,,,,,F106954.jpg
E13511,,,,,F106955.jpg
E13512,,,,,F106956.jpg
E13513,,,,,F106957.jpg
E13514,,,,,F106958.jpg
E13515,,,,,F106959.jpg
E13516,,,,,F106960.jpg
E13517,,,,,F106961.jpg
E13518,,,,,F106962.jpg
E13519,,,,,F106963.jpg
E13520,,,,,F106964.jpg
E13521,,,,,F106965.jpg
E13522,,,,,F106966.jpg
E13523,,,,,F106967.jpg
E13524,,,,,F106968.jpg
E13525,,,,,F106969.jpg
E13526,,,,,F106970.jpg
E13527,,,,,F106971.jpg
E13528,,,,,F106972.jpg
E13529,S39256,user0@campus.edu,C3286,DH6d0bd80c8f8e,F100000
E13530,S14165,user1@campus.edu,C1488,DH75af13047587,F100001
E13531,S13478,user2@campus.edu,C4257,DH7a5f80cb6e8d,F100002
E13532,S46463,user3@campus.edu,C1106,DH3f7f51a6e78d,F100003
E13533,S38221,user4@campus.edu,C6514,DH64dfe3d9327e,F100004
E13534,S55082,user5@campus.edu,C5333,DH266f0f611264,F100005
E13535,S20328,user6@campus.edu,C5803,DHd4bf8d375d84,F100006
E13536,S16006,user7@campus.edu,C4733,DH3600590b4e1e,F100007
E13537,,user8@campus.edu,C8428,DH49719e8080dc,F100008
E13538,S97841,user9@campus.edu,C5374,DH6ce40c9822a2,F100009
E13539,S42087,user10@campus.edu,C3677,DHae1a6027ce25,F100010
E13540,S38785,user11@campus.edu,C6313,DH24b365443a6e,F100011
E13541,,user12@campus.edu,C2084,DHe013ac02b796,F100012
E13542,,user13@campus.edu,C9179,DH9fd3cfad0b8a,F100013
E13543,S42325,user14@campus.edu,C9830,DHaea23858a63f,F100014
E13544,S62350,user15@campus.edu,C6930,DH38d598aac360,F100015
E13545,S16175,user16@campus.edu,C2796,DHa6d65605cca7,F100016
E13546,S88172,user17@campus.edu,C2040,DHd7101dcdf7dd,F100017
E13547,S79352,user18@campus.edu,C5119,DH12a7e034e09e,F100018
E13548,S99353,user19@campus.edu,C9797,DHdf783c4395ff,F100019
E13549,S30730,user20@campus.edu,C8433,DHc5a667f9f811,F100020
E13550,,user21@campus.edu,C2743,DH147fb94be941,F100021
E13551,S59009,user22@campus.edu,C3646,DH3384ceae5090,F100022
E13552,,user23@campus.edu,C2832,DHbae1ac790664,F100023
E13553,S84364,user24@campus.edu,C2290,DH757c134f30f8,F100024
E13554,,user25@campus.edu,C8787,DH1b956db41369,F100025
E13555,S65461,user26@campus.edu,C4470,DH1df16398b389,F100026
E13556,S98039,user27@campus.edu,C7118,DH4c06c755a985,F100027
E13557,S39451,user28@campus.edu,C2049,DH4de1a6f77d84,F100028
E13558,S87128,user29@campus.edu,C4608,DHef009725162f,F100029
E13559,S40007,user30@campus.edu,C2104,DHe357952440b3,F100030
E13560,S46500,user31@campus.edu,C8953,DHf0d8c7345f35,F100031
E13561,S85525,user32@campus.edu,C8744,DH39d6cae6c921,F100032
E13562,,user33@campus.edu,C8062,DHe14449513486,F100033
E13563,S98259,user34@campus.edu,C2612,DHcaf8a20377b8,F100034
E13564,S42591,user35@campus.edu,C4139,DHa12fbd7e9a12,F100035
E13565,S34050,user36@campus.edu,C5563,DHf40842405cd6,F100036
E13566,,user37@campus.edu,C2604,DH41411839cd02,F100037
E13567,,user38@campus.edu,C7658,DH5f8cc34b03f2,F100038
E13568,S17685,user39@campus.edu,C3697,DH55f8a3af7866,F100039
E13569,,user40@campus.edu,C7930,DH6e288c9f7c03,F100040
E13570,S38534,user41@campus.edu,C1958,DH3d95bc2797c0,F100041
E13571,S17492,user42@campus.edu,C1821,DHee0ebbf83f92,F100042
E13572,S30635,user43@campus.edu,C1931,DH04e834eae58c,F100043
E13573,,user44@campus.edu,C4853,DH3273679bdaaa,F100044
E13574,,user45@campus.edu,C1651,DH75fafe839c0a,F100045
E13575,S84085,user46@campus.edu,C9565,DHa9e5a20cb6f6,F100046
E13576,S41285,user47@campus.edu,C5351,DH338c006262eb,F100047
E13577,S69929,user48@campus.edu,C6180,DHed693b320d41,F100048
E13578,S23104,user49@campus.edu,C2200,DH12c1fb9b9405,F100049
E13579,S55745,user50@campus.edu,C2127,DH22d59841966d,F100050
E13580,S81200,user51@campus.edu,C5956,DHdc3370efc44f,F100051
E13581,S49240,user52@campus.edu,C2697,DH86fb97f25629,F100052
E13582,S82512,user53@campus.edu,C3546,DH247b7d2dceee,F100053
E13583,S36685,user54@campus.edu,C5325,DH6589b49104d6,F100054
E13584,S22097,user55@campus.edu,C7939,DH75b30b6b7bae,F100055
E13585,S93507,user56@campus.edu,C5291,DH6b6451d0e84a,F100056
E13586,S83519,user57@campus.edu,C1158,DHa2e1bf98c36e,F100057
E13587,,user58@campus.edu,C7049,DHc99a421c2d51,F100058
E13588,S15482,user59@campus.edu,C6050,DHf773254a2d62,F100059
E13589,,user60@campus.edu,C2684,DH6722fc04a0dc,F100060
E13590,,user61@campus.edu,C3532,DH4b864a456ca7,F100061
E13591,,user62@campus.edu,C3938,DHabedf54322f4,F100062
E13592,,user63@campus.edu,C2771,DHfe1698b05ba4,F100063
E13593,,user64@campus.edu,C8541,DHcb2ab43812b8,F100064
E13594,,user65@campus.edu,C4164,DH133819a8fc92,F100065
E13595,S46585,user66@campus.edu,C6753,DH44d6984ca098,F100066
E13596,S53404,user67@campus.edu,C1452,DHef7611408301,F100067
E13597,S15014,user68@campus.edu,C2776,DHbd02f8a3d4aa,F100068
E13598,S67199,user69@campus.edu,C9379,DH12daad48c447,F100069
E13599,,user70@campus.edu,C8144,DHbc893962a992,F100070
E13600,,user71@campus.edu,C2146,DH1e34bd4626d5,F100071
E13601,S49363,user72@campus.edu,C9308,DHca4b7455ea3c,F100072
E13602,S82667,user73@campus.edu,C3085,DH82fcfa63eaca,F100073
E13603,S98777,user74@campus.edu,C3851,DH32d2a743df08,F100074
E13604,S10053,user75@campus.edu,C5978,DH77fa7346fc37,F100075
E13605,S89516,user76@campus.edu,C6279,DH106acda76e70,F100076
E13606,S77000,user77@campus.edu,C8752,DH880bfa8ec11e,F100077
E13607,S53933,user78@campus.edu,C2530,DH266ea279a845,F100078
E13608,S29313,user79@campus.edu,C1400,DH4e8ae319abde,F100079
E13609,,user80@campus.edu,C4185,DHcbad73e0b803,F100080
E13610,S95990,user81@campus.edu,C1090,DH4282e63be58b,F100081
E13611,S70889,user82@campus.edu,C1822,DHcdc46b9d296f,F100082
E13612,,user83@campus.edu,C8612,DHd655dbc069f7,F100083
E13613,S90301,user84@campus.edu,C9270,DH3f02f613e3a0,F100084
E13614,S72216,user85@campus.edu,C8373,DH761229435613,F100085
E13615,,user86@campus.edu,C4919,DH22679fd82529,F100086
E13616,S40735,user87@campus.edu,C5451,DHa6bd9759a097,F100087
E13617,,user88@campus.edu,C4788,DHa28c6eee4b4e,F100088
E13618,S64377,user89@campus.edu,C7678,DHd77f0dbcfb60,F100089
E13619,S37110,user90@campus.edu,C7883,DH6c2c2395aed8,F100090
E13620,,user91@campus.edu,C8814,DH34a1a6d6012d,F100091
E13621,S64921,user92@campus.edu,C9818,DHba706ee2bf01,F100092
E13622,,user93@campus.edu,C8140,DHd797ee451be8,F100093
E13623,S31632,user94@campus.edu,C8657,DH12492075cffd,F100094
E13624,S87580,user95@campus.edu,C1444,DH0557f6de4ca6,F100095
E13625,S33819,user96@campus.edu,C1823,DH8ffee33227fd,F100096
E13626,S52840,user97@campus.edu,C6529,DHfd7097024c18,F100097
E13627,S43065,user98@campus.edu,C2341,DHfa5015db4a6a,F100098
E13628,S55870,user99@campus.edu,C4673,DH3897ac8bb54c,F100099
E13629,S36130,user100@campus.edu,C1333,DHfd384e8fe280,F100100
E13630,S97747,user101@campus.edu,C2874,DHe6bee6dcaff1,F100101
E13631,S58351,user102@campus.edu,C3749,DH330437512e9f,F100102
E13632,,user103@campus.edu,C6096,DHf26a691e8d6d,F100103
E13633,S85470,user104@campus.edu,C7149,DH9ea6f15fe710,F100104
E13634,S23356,user105@campus.edu,C5941,DHc75f3af6b2f7,F100105
E13635,S15383,user106@campus.edu,C6688,DH7cd588e89718,F100106
E13636,S76317,user107@campus.edu,C6590,DHdc0405374784,F100107
E13637,,user108@campus.edu,C6934,DHf0f9372c5c56,F100108
E13638,S95256,user109@campus.edu,C5425,DH7b8b5baf698d,F100109
E13639,S67091,user110@campus.edu,C5397,DH44b16fce1250,F100110
E13640,,user111@campus.edu,C8385,DH479a7906b539,F100111
E13641,S54092,user112@campus.edu,C1470,DHa6c6c9a33020,F100112
E13642,S56507,user113@campus.edu,C5232,DH54277d27fd99,F100113
E13643,,user114@campus.edu,C9464,DHa0bd0a9c51ce,F100114
E13644,S74038,user115@campus.edu,C4937,DH18d5554b511a,F100115
E13645,S22196,user116@campus.edu,C5820,DH635de1acf5ce,F100116
E13646,S97026,user117@campus.edu,C7046,DHae9f8a35f485,F100117
E13647,S82140,user118@campus.edu,C6419,DH4254cf20f5dc,F100118
E13648,S40217,user119@campus.edu,C2976,DH55e013de7f67,F100119
E13649,S34267,user120@campus.edu,C4138,DH578471186601,F100120
E13650,S78765,user121@campus.edu,C5636,DH63f7b0801689,F100121
E13651,S33519,user122@campus.edu,C5952,DHa29087414e99,F100122
E13652,S17146,user123@campus.edu,C5786,DHf866c15c2d2a,F100123
E13653,S85243,user124@campus.edu,C5658,DHb0b6950f0297,F100124
E13654,S16734,user125@campus.edu,C5136,DHd0bb1c1dab84,F100125
E13655,,user126@campus.edu,C1878,DH9e629bf95a99,F100126
E13656,,user127@campus.edu,C2940,DH3b003484d5eb,F100127
E13657,S39581,user128@campus.edu,C9561,DH9a07887dd08d,F100128
E13658,,user129@campus.edu,C6003,DH3ea74d02ab46,F100129
E13659,S37235,user130@campus.edu,C4457,DH2c132e540c7d,F100130
E13660,S82350,user131@campus.edu,C2229,DHc36a34e686e1,F100131
E13661,S71592,user132@campus.edu,C5771,DH15c0ff5ed41d,F100132
E13662,S69510,user133@campus.edu,C2166,DHac35177e661c,F100133
E13663,S96662,user134@campus.edu,C4241,DH051cc3051d2c,F100134
E13664,S44816,user135@campus.edu,C3330,DH25bdc0016728,F100135
E13665,S87993,user136@campus.edu,C5728,DH3130f59f50d6,F100136
E13666,S62757,user137@campus.edu,C5460,DH38db5dd45d58,F100137
E13667,S88385,user138@campus.edu,C1653,DH6373b8749918,F100138
E13668,S21970,user139@campus.edu,C4750,DH9a1fdd09798b,F100139
E13669,,user140@campus.edu,C3870,DHf67333d58fe9,F100140
E13670,S33788,user141@campus.edu,C8141,DH7ffd170729ae,F100141
E13671,S53687,user142@campus.edu,C6260,DH42658d886c62,F100142
E13672,S47777,user143@campus.edu,C7561,DH8f9ba4b24053,F100143
E13673,S43082,user144@campus.edu,C6296,DH5e105436e06b,F100144
E13674,,user145@campus.edu,C7770,DH41ce7301540b,F100145
E13675,S75338,user146@campus.edu,C8242,DHd172ac338c1a,F100146
E13676,S47752,user147@campus.edu,C8178,DHf1f801479a35,F100147
E13677,S41365,user148@campus.edu,C3594,DH239a381146d3,F100148
E13678,S22217,user149@campus.edu,C4681,DHa9c64c2d5448,F100149
E13679,,user150@campus.edu,C5781,DHc716df002afe,F100150
E13680,S71894,user151@campus.edu,C4993,DH19a72e47d0c4,F100151
E13681,S88561,user152@campus.edu,C9327,DH8051699d82e3,F100152
E13682,S54548,user153@campus.edu,C9318,DH42a1a0f7b7d4,F100153
E13683,S86931,user154@campus.edu,C9022,DHed1bc954574c,F100154
E13684,S53573,user155@campus.edu,C9903,DH8f4d4a41f7be,F100155
E13685,,user156@campus.edu,C7274,DHe28bb0f5b345,F100156
E13686,S59968,user157@campus.edu,C7325,DH9103004630d7,F100157
E13687,,user158@campus.edu,C6439,DH58be8626f299,F100158
E13688,S12011,user159@campus.edu,C3361,DH220e5fb26b67,F100159
E13689,S54375,user160@campus.edu,C7512,DH9eb02b56f3f3,F100160
E13690,,user161@campus.edu,C8994,DH14edf6674603,F100161
E13691,S92727,user162@campus.edu,C5708,DH10ec66417451,F100162
E13692,S93066,user163@campus.edu,C2646,DH8d4fd2f725a5,F100163
E13693,S16028,user164@campus.edu,C6314,DH1249121b1bad,F100164
E13694,S29080,user165@campus.edu,C5000,DH2c1466e7188d,F100165
E13695,S32280,user166@campus.edu,C3868,DH994977e71949,F100166
E13696,,user167@campus.edu,C3344,DH9a069e3359b3,F100167
E13697,S43466,user168@campus.edu,C1153,DHe79dedfc52dc,F100168
E13698,S19681,user169@campus.edu,C8237,DHaca624f0f96b,F100169
E13699,S42780,user170@campus.edu,C8484,DHff7f43358777,F100170
E13700,,user171@campus.edu,C7248,DH36e4a94fc42d,F100171
E13701,S12875,user172@campus.edu,C7484,DHd221878d15ee,F100172
E13702,S89482,user173@campus.edu,C9138,DH57ce0fcd7ffb,F100173
E13703,S38705,user174@campus.edu,C4115,DH75d3b1d3107c,F100174
E13704,S92345,user175@campus.edu,C2591,DH28c50f05a236,F100175
E13705,S85965,user176@campus.edu,C6977,DH594039fa33c8,F100176
E13706,,user177@campus.edu,C4289,DH9eb8295fdbea,F100177
E13707,,user178@campus.edu,C5465,DH554387b1e4be,F100178
E13708,,user179@campus.edu,C6549,DHb8fbbb47adb1,F100179
E13709,,user180@campus.edu,C7511,DH6c175677dd36,F100180
E13710,S11824,user181@campus.edu,C5332,DH7ce756e02221,F100181
E13711,S86619,user182@campus.edu,C7242,DHd789cfa5a21a,F100182
E13712,S13280,user183@campus.edu,C6374,DHdfb6d95ff649,F100183
E13713,S49608,user184@campus.edu,C7689,DHac302a8daa72,F100184
E13714,S49893,user185@campus.edu,C9071,DHb7d875ac9a1a,F100185
E13715,S27781,user186@campus.edu,C7367,DH21fa4f5a6954,F100186
E13716,S64935,user187@campus.edu,C3531,DHfa6e2a81c623,F100187
E13717,,user188@campus.edu,C7070,DHd614e512bafc,F100188
E13718,S57537,user189@campus.edu,C2627,DHa918844403b0,F100189
E13719,,user190@campus.edu,C5520,DHba6515d75e00,F100190
E13720,,user191@campus.edu,C4475,DHfa8711a65d0c,F100191
E13721,S41925,user192@campus.edu,C3063,DH2d8ce01d9e3e,F100192
E13722,S37152,user193@campus.edu,C4538,DHcf779209bbef,F100193
E13723,S10371,user194@campus.edu,C5542,DHeaf80b90fe47,F100194
E13724,S24408,user195@campus.edu,C1422,DH3570320d5fd5,F100195
E13725,S87182,user196@campus.edu,C6304,DH98c2bf5639bd,F100196
E13726,S65176,user197@campus.edu,C9619,DHc0dc4e421e66,F100197
E13727,S77271,user198@campus.edu,C2786,DH100b42cd0990,F100198
E13728,S15683,user199@campus.edu,C9543,DH69e51d432dc1,F100199
E13729,S17972,user200@campus.edu,C8847,DH3552512354d2,F100200
E13730,S68138,user201@campus.edu,C2204,DH76783f57288f,F100201
E13731,S26540,user202@campus.edu,C5505,DH7cf4e5e6193d,F100202
E13732,S59925,user203@campus.edu,C9692,DHe01a5a155d34,F100203
E13733,S22999,user204@campus.edu,C2874,DH4e6b61bea091,F100204
E13734,S64239,user205@campus.edu,C6553,DH47281e854a90,F100205
E13735,S50966,user206@campus.edu,C7992,DH75811f1db685,F100206
E13736,S72163,user207@campus.edu,C2099,DHdaef115897b7,F100207
E13737,S58843,user208@campus.edu,C3131,DH496c51e751b9,F100208
E13738,S83620,user209@campus.edu,C6400,DH8e99a177d55a,F100209
E13739,S16743,user210@campus.edu,C5712,DH733761041fd7,F100210
E13740,S76507,user211@campus.edu,C4485,DHe51427e94186,F100211
E13741,S55890,user212@campus.edu,C7022,DHcb4d256a3519,F100212
E13742,S83526,user213@campus.edu,C1430,DH9ce2fff1d778,F100213
E13743,S50499,user214@campus.edu,C6567,DH9d5cf92df9f8,F100214
E13744,S84228,user215@campus.edu,C7566,DH1c5a18f94719,F100215
E13745,S22026,user216@campus.edu,C9691,DH1d0ec14b34b8,F100216
E13746,S30631,user217@campus.edu,C7062,DH3627de4fce3b,F100217
E13747,S88148,user218@campus.edu,C2391,DHc11741a65374,F100218
E13748,S16522,user219@campus.edu,C2336,DH5ec57e704f99,F100219
E13749,S89570,user220@campus.edu,C8242,DHf8d3541211c2,F100220
E13750,S24918,user221@campus.edu,C6655,DH2f11b7f8e525,F100221
E13751,S73783,user222@campus.edu,C9633,DH21cff9eb2394,F100222
E13752,S17180,user223@campus.edu,C1125,DH426b8fda9cd8,F100223
E13753,,user224@campus.edu,C6375,DH3f2c00f1fd4d,F100224
E13754,S33028,user225@campus.edu,C3116,DH85ecc6a104e8,F100225
E13755,S83233,user226@campus.edu,C6802,DH81a1e1db0b66,F100226
E13756,,user227@campus.edu,C8532,DH2c29d9e19a34,F100227
E13757,S63008,user228@campus.edu,C7843,DHdff15b56f8e3,F100228
E13758,S32527,user229@campus.edu,C8538,DH303a46a2db89,F100229
E13759,S41891,user230@campus.edu,C8138,DH724933e2b7a1,F100230
E13760,S50668,user231@campus.edu,C6562,DHb083be89d58d,F100231
E13761,S76910,user232@campus.edu,C2868,DHc7897590a9b5,F100232
E13762,S56019,user233@campus.edu,C3419,DH8e0f9295bf58,F100233
E13763,S32740,user234@campus.edu,C3504,DH87432d3d58e6,F100234
E13764,,user235@campus.edu,C8354,DH9ce6a9d965a5,F100235
E13765,S29786,user236@campus.edu,C8205,DH3ca193889ea0,F100236
E13766,S46002,user237@campus.edu,C1920,DHda547eb35943,F100237
E13767,S69233,user238@campus.edu,C1616,DH8078d40f88ae,F100238
E13768,,user239@campus.edu,C9307,DH6b89d2f03279,F100239
E13769,S68947,user240@campus.edu,C4084,DH553e6a33834d,F100240
E13770,S18109,user241@campus.edu,C8381,DH2488d3cf7b5c,F100241
E13771,,user242@campus.edu,C3827,DH6869c2dc49b0,F100242
E13772,S78690,user243@campus.edu,C9564,DH31a1a3f53644,F100243
E13773,S60779,user244@campus.edu,C7697,DH5973c392633b,F100244
E13774,S18639,user245@campus.edu,C6401,DH18fc26c6573a,F100245
E13775,S43029,user246@campus.edu,C3463,DH74f3dc2315a2,F100246
E13776,S55851,user247@campus.edu,C6082,DH21dd7aa4b87a,F100247
E13777,S50577,user248@campus.edu,C7171,DH8c8f0f6ba20f,F100248
E13778,S22249,user249@campus.edu,C7937,DHaa8892500d7b,F100249
E13779,S33627,user250@campus.edu,C4509,DHd8e6a2fd6e88,F100250
E13780,S30308,user251@campus.edu,C2264,DHca55890d5f87,F100251
E13781,S79013,user252@campus.edu,C1618,DH34b05d638d87,F100252
E13782,S30218,user253@campus.edu,C3658,DHa61ab7600b99,F100253
E13783,,user254@campus.edu,C7731,DH4ac13a544adc,F100254
E13784,,user255@campus.edu,C9749,DH237669ec14f0,F100255
E13785,,user256@campus.edu,C8218,DH525b015e6ac9,F100256
E13786,S79135,user257@campus.edu,C7859,DHeefa9e27bd94,F100257
E13787,,user258@campus.edu,C8873,DHca43286d4c95,F100258
E13788,,user259@campus.edu,C3626,DHdcdd8768e5dd,F100259
E13789,,user260@campus.edu,C4637,DHb3911b03c4b3,F100260
E13790,,user261@campus.edu,C9224,DH9814b5dba0d0,F100261
E13791,S59140,user262@campus.edu,C4678,DH023c43fc996e,F100262
E13792,,user263@campus.edu,C1627,DHab00acf398bd,F100263
E13793,S71487,user264@campus.edu,C8349,DH8e451c9d749b,F100264
E13794,,user265@campus.edu,C3449,DHd95005b7325d,F100265
E13795,S47762,user266@campus.edu,C4893,DH8776fdf06158,F100266
E13796,S93748,user267@campus.edu,C8489,DHbcc29c471da2,F100267
E13797,,user268@campus.edu,C1269,DHf01630009c7e,F100268
E13798,S48177,user269@campus.edu,C8032,DHf49fe58566ce,F100269
E13799,S64600,user270@campus.edu,C4068,DH6259750cb7dd,F100270
E13800,,user271@campus.edu,C9312,DH7137218a5d19,F100271
E13801,S15706,user272@campus.edu,C7338,DH41168bf3bce0,F100272
E13802,S18855,user273@campus.edu,C6649,DH94e857121f6e,F100273
E13803,S27486,user274@campus.edu,C1726,DH7e3c0239726e,F100274
E13804,S99742,user275@campus.edu,C8612,DH2b04f3deab37,F100275
E13805,,user276@campus.edu,C5807,DH59a52ce7f91b,F100276
E13806,S51365,user277@campus.edu,C6080,DHe9811a7ec2ef,F100277
E13807,,user278@campus.edu,C4131,DH5c6d97868979,F100278
E13808,,user279@campus.edu,C3039,DH10f9cf36ae73,F100279
E13809,,user280@campus.edu,C4060,DHbda783adb452,F100280
E13810,S44959,user281@campus.edu,C2353,DHd5030221fdc0,F100281
E13811,S81496,user282@campus.edu,C5813,DH7ed97a55e45b,F100282
E13812,S50173,user283@campus.edu,C8305,DH8237deb3fe8f,F100283
E13813,S56077,user284@campus.edu,C8325,DHb1cbf9dcf8a1,F100284
E13814,S45986,user285@campus.edu,C1939,DH1dd4da498708,F100285
E13815,S14081,user286@campus.edu,C3339,DH28cdb5453018,F100286
E13816,S40932,user287@campus.edu,C7001,DHd04a2b2bb31e,F100287
E13817,,user288@campus.edu,C8371,DHbd69f807f836,F100288
E13818,S85225,user289@campus.edu,C3255,DH0d72b554a93c,F100289
E13819,S42717,user290@campus.edu,C2858,DH8f65c5da0846,F100290
E13820,S83619,user291@campus.edu,C2929,DH3a8964df6db1,F100291
E13821,S90199,user292@campus.edu,C5678,DH9252998b4613,F100292
E13822,S69250,user293@campus.edu,C3828,DH428d18263d9b,F100293
E13823,,user294@campus.edu,C2063,DHd5a7c1cf9371,F100294
E13824,S30644,user295@campus.edu,C3852,DHadfc832e7e83,F100295
E13825,S28202,user296@campus.edu,C4878,DH74fa1929e4e2,F100296
E13826,S58353,user297@campus.edu,C8657,DH4be1459ee13f,F100297
E13827,S18617,user298@campus.edu,C6067,DH5f6638ff383b,F100298
E13828,S85353,user299@campus.edu,C2208,DHc46affe296b9,F100299
E13829,S71057,user300@campus.edu,C9476,DHad40bd54079e,F100300
E13830,,user301@campus.edu,C9238,DH62cfd66f3238,F100301
E13831,S31581,user302@campus.edu,C3653,DH3ccb4e86e416,F100302
E13832,S47230,user303@campus.edu,C2292,DH2701798c2d43,F100303
E13833,S45972,user304@campus.edu,C3050,DHfe461482d3c8,F100304
E13834,S94015,user305@campus.edu,C3762,DHe7ec585332d2,F100305
E13835,S89316,user306@campus.edu,C6531,DHb5f5274941cd,F100306
E13836,,user307@campus.edu,C5336,DH4d6787ef842d,F100307
E13837,S75278,user308@campus.edu,C9938,DH86a36681cfcd,F100308
E13838,S48985,user309@campus.edu,C8430,DH4be84e18bf85,F100309
E13839,S73471,user310@campus.edu,C8609,DH06922aaeb78f,F100310
E13840,S51853,user311@campus.edu,C6658,DH428c9ad24c8f,F100311
E13841,S83616,user312@campus.edu,C2739,DHcf67ef617c94,F100312
E13842,S68929,user313@campus.edu,C5061,DH157994e001a0,F100313
E13843,S90658,user314@campus.edu,C7850,DH1735aa9f5d04,F100314
E13844,,user315@campus.edu,C3610,DHe7bfd9217d35,F100315
E13845,S75191,user316@campus.edu,C1379,DHfa417ebb730a,F100316
E13846,S38199,user317@campus.edu,C6781,DH2b7772f87525,F100317
E13847,S95755,user318@campus.edu,C8710,DH3d48d31b1f28,F100318
E13848,S66482,user319@campus.edu,C3194,DH201797ac3a5e,F100319
E13849,S15930,user320@campus.edu,C7563,DH5109a6829d75,F100320
E13850,S82512,user321@campus.edu,C5728,DH88e6f4715610,F100321
E13851,S46663,user322@campus.edu,C2946,DHbda5e1ec3814,F100322
E13852,S83116,user323@campus.edu,C6990,DH8c2b6564d371,F100323
E13853,S75546,user324@campus.edu,C1659,DH309a584913b6,F100324
E13854,S72094,user325@campus.edu,C9508,DH9e64aaaf95b9,F100325
E13855,S28321,user326@campus.edu,C6373,DHa7d7db7c10ac,F100326
E13856,S49221,user327@campus.edu,C6511,DH0c026cc5a9e9,F100327
E13857,S49294,user328@campus.edu,C8780,DHcc996494207b,F100328
E13858,S64596,user329@campus.edu,C6040,DH1ed76ee2bb05,F100329
E13859,S85711,user330@campus.edu,C4728,DHdaa674055b26,F100330
E13860,S92447,user331@campus.edu,C7229,DH9843aa84444a,F100331
E13861,S35006,user332@campus.edu,C1310,DH9be67620fedf,F100332
E13862,S36724,user333@campus.edu,C7723,DHe63be56b564c,F100333
E13863,,user334@campus.edu,C4397,DH8035834db897,F100334
E13864,,user335@campus.edu,C6140,DH9b24e87bbeee,F100335
E13865,,user336@campus.edu,C5331,DH66541a3c606c,F100336
E13866,S46569,user337@campus.edu,C5890,DHebcd5770f6b2,F100337
E13867,S74094,user338@campus.edu,C6194,DH2e524aa94adb,F100338
E13868,S47721,user339@campus.edu,C2996,DHdde2d00b29cd,F100339
E13869,S55237,user340@campus.edu,C3399,DH425ad482a3f9,F100340
E13870,S55398,user341@campus.edu,C8247,DHfe4741470f7a,F100341
E13871,S45537,user342@campus.edu,C5450,DH58f3b124abbe,F100342
E13872,S41363,user343@campus.edu,C4972,DH492f20588a6f,F100343
E13873,S16880,user344@campus.edu,C2641,DH80321ae5adfe,F100344
E13874,S99285,user345@campus.edu,C3252,DH83ae02ad3d51,F100345
E13875,,user346@campus.edu,C8793,DHdac8d1651d31,F100346
E13876,S52096,user347@campus.edu,C5676,DHec30d0a1fae6,F100347
E13877,S80143,user348@campus.edu,C1611,DH2e6d64276675,F100348
E13878,,user349@campus.edu,C7504,DH40bf6b0efc44,F100349
E13879,,user350@campus.edu,C5888,DH687fa274ed6b,F100350
E13880,S47298,user351@campus.edu,C8444,DHc1ffc99517de,F100351
E13881,S76088,user352@campus.edu,C8668,DH12fca8a8e5ac,F100352
E13882,,user353@campus.edu,C8518,DH5912b5f32927,F100353
E13883,S48669,user354@campus.edu,C4164,DH32c090bf4f94,F100354
E13884,,user355@campus.edu,C6372,DHd2e4e81152a4,F100355
E13885,S28430,user356@campus.edu,C8822,DHba0463e30879,F100356
E13886,S40870,user357@campus.edu,C8319,DHe40757477d12,F100357
E13887,S11498,user358@campus.edu,C5285,DH69fceb2d8208,F100358
E13888,S71000,user359@campus.edu,C6026,DHf18b9987a56d,F100359
E13889,S25389,user360@campus.edu,C5833,DH0c9c21342704,F100360
E13890,S72676,user361@campus.edu,C3509,DH60191511eefd,F100361
E13891,S71712,user362@campus.edu,C9806,DH429a69f32aad,F100362
E13892,S20730,user363@campus.edu,C9609,DH72bb0487cc0e,F100363
E13893,S83946,user364@campus.edu,C2838,DH8da0fb4e6019,F100364
E13894,,user365@campus.edu,C3455,DHcd4a137bd167,F100365
E13895,,user366@campus.edu,C4365,DHdce773ad0a33,F100366
E13896,S68390,user367@campus.edu,C1911,DH07ee2057925f,F100367
E13897,S83912,user368@campus.edu,C1945,DHc13712306dc5,F100368
E13898,S12853,user369@campus.edu,C7487,DH4a348a8644b1,F100369
E13899,S19572,user370@campus.edu,C1742,DHdcfc33fc4831,F100370
E13900,S17897,user371@campus.edu,C2130,DH7cb18a79a47b,F100371
E13901,S27750,user372@campus.edu,C7887,DH85434d9a4697,F100372
E13902,S59236,user373@campus.edu,C2314,DH9223a03a5d28,F100373
E13903,S25549,user374@campus.edu,C3924,DH2937f86f20fe,F100374
E13904,S10455,user375@campus.edu,C1372,DH5ad438b2ae0a,F100375
E13905,S65591,user376@campus.edu,C9715,DH4f4b03440ea9,F100376
E13906,S30332,user377@campus.edu,C5516,DH1b3083c94f75,F100377
E13907,S90599,user378@campus.edu,C1256,DH1b48bc67a35f,F100378
E13908,S14400,user379@campus.edu,C8314,DH1d63324203c0,F100379
E13909,S62725,user380@campus.edu,C8191,DH01ea735c1e9b,F100380
E13910,S28367,user381@campus.edu,C9255,DH8c8faf6d01cc,F100381
E13911,,user382@campus.edu,C6253,DH8144f6d99645,F100382
E13912,,user383@campus.edu,C5508,DH36007f2f1b3d,F100383
E13913,,user384@campus.edu,C9120,DHc16b0ce768dc,F100384
E13914,,user385@campus.edu,C7821,DH10b6d07ef9a9,F100385
E13915,S80507,user386@campus.edu,C8758,DHd65c785ae40f,F100386
E13916,S70689,user387@campus.edu,C1944,DHeb97f873dd57,F100387
E13917,,user388@campus.edu,C5177,DHeb7505011bb0,F100388
E13918,S58637,user389@campus.edu,C2514,DHc1d8783305b5,F100389
E13919,S98299,user390@campus.edu,C1647,DH53ea79036d09,F100390
E13920,,user391@campus.edu,C6455,DH92bb182522e3,F100391
E13921,S25376,user392@campus.edu,C8846,DH432b0c2aba51,F100392
E13922,S41369,user393@campus.edu,C6269,DH27549a5f903b,F100393
E13923,S50425,user394@campus.edu,C5285,DHe9602b565475,F100394
E13924,,user395@campus.edu,C8692,DH08cac52025cb,F100395
E13925,S15992,user396@campus.edu,C4625,DHa2ed3ad4319a,F100396
E13926,S85909,user397@campus.edu,C7841,DH9f26ff9fa348,F100397
E13927,S59786,user398@campus.edu,C5026,DHace33b779cf3,F100398
E13928,S43728,user399@campus.edu,C9005,DH3dae225f16e7,F100399
E13929,S32185,user400@campus.edu,C3293,DH604351f41059,F100400
E13930,S94123,user401@campus.edu,C1962,DHe357dfd576e7,F100401
E13931,,user402@campus.edu,C1104,DHf3135878298e,F100402
E13932,,user403@campus.edu,C3474,DHfec863558101,F100403
E13933,S17923,user404@campus.edu,C8916,DH5e4aa73e20f9,F100404
E13934,S63914,user405@campus.edu,C1194,DHf9d26a5b8d14,F100405
E13935,S47576,user406@campus.edu,C1280,DHba3ca6023a1d,F100406
E13936,,user407@campus.edu,C2578,DH8a7f1125bc7d,F100407
E13937,S79003,user408@campus.edu,C5135,DH2ab5224bf894,F100408
E13938,S58896,user409@campus.edu,C7652,DH9310a4a52351,F100409
E13939,S49318,user410@campus.edu,C2320,DH80cd864b3a4a,F100410
E13940,S82443,user411@campus.edu,C8798,DHc5e36454c7ff,F100411
E13941,S75517,user412@campus.edu,C8109,DH0f0f4ed6fed9,F100412
E13942,,user413@campus.edu,C1697,DHc6e8ffb96c29,F100413
E13943,,user414@campus.edu,C2218,DHfe2c93153ef4,F100414
E13944,S33508,user415@campus.edu,C6152,DH8eb69505f517,F100415
E13945,S20084,user416@campus.edu,C5903,DHdbfbdcc53329,F100416
E13946,S98740,user417@campus.edu,C9856,DHab45494ba15b,F100417
E13947,S20279,user418@campus.edu,C9204,DH997f323baef9,F100418
E13948,S19963,user419@campus.edu,C6580,DH4824c12c5be2,F100419
E13949,,user420@campus.edu,C5478,DH22fef149310b,F100420
E13950,S59207,user421@campus.edu,C8075,DH10ff03eff3cd,F100421
E13951,S91083,user422@campus.edu,C5839,DH61707320a17b,F100422
E13952,S59807,user423@campus.edu,C3527,DH708eb88f4161,F100423
E13953,S10680,user424@campus.edu,C6050,DH4e39e47a5658,F100424
E13954,S27367,user425@campus.edu,C2430,DH7a486c0ad5ff,F100425
E13955,S77166,user426@campus.edu,C7685,DH2c11bfd4078d,F100426
E13956,S22198,user427@campus.edu,C6315,DH241164fd7fa3,F100427
E13957,S21101,user428@campus.edu,C4977,DHa475f497a75c,F100428
E13958,S32216,user429@campus.edu,C3274,DH27a2f334a7fa,F100429
E13959,S18292,user430@campus.edu,C3739,DHb7faf36a23fd,F100430
E13960,S20082,user431@campus.edu,C6916,DHa3109cad8d34,F100431
E13961,S87831,user432@campus.edu,C4203,DH2ccf54e42b5e,F100432
E13962,S61864,user433@campus.edu,C6443,DH426ca4778388,F100433
E13963,,user434@campus.edu,C8055,DHb9456729449a,F100434
E13964,S36326,user435@campus.edu,C8848,DHd5623a2bd375,F100435
E13965,,user436@campus.edu,C9044,DH376f3868e26a,F100436
E13966,S61502,user437@campus.edu,C6980,DHe618e81997cb,F100437
E13967,S33583,user438@campus.edu,C1440,DH4b39aed3bc31,F100438
E13968,S19064,user439@campus.edu,C7703,DH0de6f9c16d11,F100439
E13969,S43119,user440@campus.edu,C3525,DHb7dfaa9b981a,F100440
E13970,S72814,user441@campus.edu,C7566,DHa0479ef89ae0,F100441
E13971,,user442@campus.edu,C6890,DH78523bf6d884,F100442
E13972,S24335,user443@campus.edu,C5067,DHf9856b29f5f1,F100443
E13973,S83822,user444@campus.edu,C7547,DHd031fc02e5d6,F100444
E13974,S43913,user445@campus.edu,C4637,DH755864d9e596,F100445
E13975,S38971,user446@campus.edu,C8303,DHc0ab0748b66d,F100446
E13976,S75597,user447@campus.edu,C3469,DHe59ac896f14c,F100447
E13977,S64522,user448@campus.edu,C2406,DHd958dd6632a0,F100448
E13978,S69681,user449@campus.edu,C4389,DHc9695784f223,F100449
E13979,S67431,user450@campus.edu,C8412,DHcd401b9b8aa9,F100450
E13980,S12960,user451@campus.edu,C6620,DHdf30cd333677,F100451
E13981,,user452@campus.edu,C3623,DHf26869aa61aa,F100452
E13982,S40389,user453@campus.edu,C7636,DHa2db30a3255a,F100453
E13983,S61849,user454@campus.edu,C1478,DH7476d15e868b,F100454
E13984,S60965,user455@campus.edu,C1072,DHa32dae208ad7,F100455
E13985,S85674,user456@campus.edu,C2667,DHc7e3d3790d1d,F100456
E13986,S69972,user457@campus.edu,C2867,DH57264d55313e,F100457
E13987,S88246,user458@campus.edu,C7367,DHd751dbc4eb30,F100458
E13988,S56135,user459@campus.edu,C8501,DH775fb44933d0,F100459
E13989,,user460@campus.edu,C2388,DH303617cf6493,F100460
E13990,S25328,user461@campus.edu,C3999,DH719dd33fc8e2,F100461
E13991,S88174,user462@campus.edu,C3258,DH7c573f28ce31,F100462
E13992,S93296,user463@campus.edu,C9804,DH2c6302cfdac6,F100463
E13993,S28388,user464@campus.edu,C4065,DH0cb49139e40f,F100464
E13994,S11256,user465@campus.edu,C8939,DH46345f23ec6b,F100465
E13995,,user466@campus.edu,C9056,DH8ecbcd92abe4,F100466
E13996,S84107,user467@campus.edu,C1505,DHbe692cd21fcc,F100467
E13997,S80465,user468@campus.edu,C5729,DHa1ceba28c963,F100468
E13998,S82053,user469@campus.edu,C9369,DH907e7cb4e09a,F100469
E13999,S58085,user470@campus.edu,C9880,DHe8f4acd94e6c,F100470
E14000,S23423,user471@campus.edu,C5055,DH74ec975634b7,F100471
E14001,S21401,user472@campus.edu,C8193,DH8fa6433d5d49,F100472
E14002,S55957,user473@campus.edu,C8015,DHb4b79af284b1,F100473
E14003,S37124,user474@campus.edu,C1972,DH6a8e54e0aefd,F100474
E14004,S80617,user475@campus.edu,C3758,DH872e259a158e,F100475
E14005,S77425,user476@campus.edu,C2560,DHd4e688eaa407,F100476
E14006,,user477@campus.edu,C3174,DHdbb50cad77e0,F100477
E14007,S98635,user478@campus.edu,C7434,DH38334250e264,F100478
E14008,S92288,user479@campus.edu,C7786,DH05b6ceb69c37,F100479
E14009,S62802,user480@campus.edu,C9447,DH88e7b796961f,F100480
E14010,S52898,user481@campus.edu,C1040,DH0c8bcf95d789,F100481
E14011,S18300,user482@campus.edu,C9756,DH9710a98a72bf,F100482
E14012,,user483@campus.edu,C6289,DH6c1317069315,F100483
E14013,S84205,user484@campus.edu,C8951,DH751b0629f512,F100484
E14014,S12134,user485@campus.edu,C3035,DH364356a07cfe,F100485
E14015,S36518,user486@campus.edu,C3161,DH9abae776df67,F100486
E14016,,user487@campus.edu,C6905,DH90ef062f2b14,F100487
E14017,S16787,user488@campus.edu,C7493,DH9c6cf8eada0c,F100488
E14018,S22475,user489@campus.edu,C1017,DHc086e5302c58,F100489
E14019,S39647,user490@campus.edu,C9510,DH621320b442a5,F100490
E14020,S25806,user491@campus.edu,C7919,DH54b5010e28ec,F100491
E14021,S21708,user492@campus.edu,C2678,DH5da79f2e1a2d,F100492
E14022,S27973,user493@campus.edu,C7270,DH9855c49f5457,F100493
E14023,S11110,user494@campus.edu,C3688,DH509c5dcd5dd7,F100494
E14024,S63963,user495@campus.edu,C8248,DH2b35d59dfb6d,F100495
E14025,,user496@campus.edu,C7291,DH6a8cd0ab143f,F100496
E14026,S42477,user497@campus.edu,C5537,DH03d5fbf9f9df,F100497
E14027,S89638,user498@campus.edu,C5668,DHeb4ad5773676,F100498
E14028,S76784,user499@campus.edu,C4090,DH2d93bc433d67,F100499
E14029,S74865,user500@campus.edu,C7322,DHf304c787212b,F100500
E14030,S19307,user501@campus.edu,C9655,DH324aa93e0876,F100501
E14031,,user502@campus.edu,C7895,DH69a2321eafc6,F100502
E14032,S19567,user503@campus.edu,C1273,DH31114aed5e3b,F100503
E14033,S15220,user504@campus.edu,C1990,DH9ef6c82319cb,F100504
E14034,S64451,user505@campus.edu,C7939,DH9c95db39123d,F100505
E14035,S90746,user506@campus.edu,C3501,DH38d645050ea4,F100506
E14036,S36633,user507@campus.edu,C3545,DH9f31087ad93f,F100507
E14037,S50654,user508@campus.edu,C8167,DH32b6dd449249,F100508
E14038,S25202,user509@campus.edu,C8428,DHd21c18b366f8,F100509
E14039,S25655,user510@campus.edu,C1207,DHac3f7de696d8,F100510
E14040,S78551,user511@campus.edu,C9474,DH6dfa5dfb8a5d,F100511
E14041,S25473,user512@campus.edu,C1480,DH7b13818b3358,F100512
E14042,S44465,user513@campus.edu,C2262,DH4bd86418fccf,F100513
E14043,S75484,user514@campus.edu,C3734,DHeaa548c55a46,F100514
E14044,S85223,user515@campus.edu,C2889,DH8d8e19f04b8b,F100515
E14045,S42053,user516@campus.edu,C1753,DH9dea714679d9,F100516
E14046,S33456,user517@campus.edu,C1579,DH1de3f4285c47,F100517
E14047,S64559,user518@campus.edu,C6241,DH1f916a23510e,F100518
E14048,S75803,user519@campus.edu,C1862,DH8dd3b4230266,F100519
E14049,,user520@campus.edu,C8620,DH91d335322b5e,F100520
E14050,S69866,user521@campus.edu,C1130,DH6e29e74b9c28,F100521
E14051,S91620,user522@campus.edu,C4974,DH118e4cadfd57,F100522
E14052,S35614,user523@campus.edu,C9954,DHdf44b71742b8,F100523
E14053,S13133,user524@campus.edu,C4817,DHc35facddc0a4,F100524
E14054,S53911,user525@campus.edu,C1023,DHe3c775adf524,F100525
E14055,S41217,user526@campus.edu,C7878,DH59136c9c4fec,F100526
E14056,,user527@campus.edu,C1719,DHc764216dbc83,F100527
E14057,S70091,user528@campus.edu,C2391,DHc62ffc72f4f9,F100528
E14058,S19808,user529@campus.edu,C2020,DH3e3542490a8f,F100529
E14059,S51288,user530@campus.edu,C7438,DH4045b480a734,F100530
E14060,S19789,user531@campus.edu,C4321,DHe03f174e54ed,F100531
E14061,S31544,user532@campus.edu,C8365,DH5e21ed34751e,F100532
E14062,S56961,user533@campus.edu,C4401,DHa592a9bc0279,F100533
E14063,S21851,user534@campus.edu,C3582,DHfde9097135e7,F100534
E14064,S29441,user535@campus.edu,C2494,DH6444f4b79e85,F100535
E14065,S98759,user536@campus.edu,C5896,DHbfb2e804d74e,F100536
E14066,S69270,user537@campus.edu,C5093,DH141a87380746,F100537
E14067,S25919,user538@campus.edu,C1195,DHfb9db607d537,F100538
E14068,S58790,user539@campus.edu,C2376,DH08b16d088201,F100539
E14069,S12857,user540@campus.edu,C2056,DH9368e672c81f,F100540
E14070,,user541@campus.edu,C1699,DH723f216d2fd4,F100541
E14071,S66774,user542@campus.edu,C7471,DH1e53c37ec729,F100542
E14072,S32650,user543@campus.edu,C6799,DH766b1b3964fb,F100543
E14073,S29481,user544@campus.edu,C1567,DHe2d9699fb946,F100544
E14074,S75390,user545@campus.edu,C7750,DH8532ed2f7931,F100545
E14075,S60202,user546@campus.edu,C3248,DHe4ca287d018a,F100546
E14076,S42656,user547@campus.edu,C9907,DH64f499a60470,F100547
E14077,S72873,user548@campus.edu,C9921,DH00dacb08a330,F100548
E14078,,user549@campus.edu,C3946,DH66c6b683f316,F100549
E14079,S46822,user550@campus.edu,C1959,DH391b79e582aa,F100550
E14080,S40508,user551@campus.edu,C3615,DHad5592c1c9a5,F100551
E14081,S79951,user552@campus.edu,C1916,DH8f93c5597bf4,F100552
E14082,,user553@campus.edu,C3846,DH8544332018b0,F100553
E14083,S87537,user554@campus.edu,C1462,DH276a25e24403,F100554
E14084,S34672,user555@campus.edu,C9064,DH20495d5d3347,F100555
E14085,S21830,user556@campus.edu,C1920,DH46d6b0b3826c,F100556
E14086,S72650,user557@campus.edu,C1011,DH97525d30c39e,F100557
E14087,S54663,user558@campus.edu,C3907,DH97cde5d7b705,F100558
E14088,S28566,user559@campus.edu,C2817,DHdd9a377265d7,F100559
E14089,,user560@campus.edu,C2655,DHfd3fdbadad7a,F100560
E14090,S67261,user561@campus.edu,C8982,DH1cc9ef9d96f5,F100561
E14091,S90440,user562@campus.edu,C6846,DH60a4e730f3f9,F100562
E14092,,user563@campus.edu,C5825,DHcd1742d1c051,F100563
E14093,S61327,user564@campus.edu,C1530,DH662f4221a571,F100564
E14094,S38953,user565@campus.edu,C2705,DH0d7c1a75daf0,F100565
E14095,S41194,user566@campus.edu,C6682,DH98759b4ad31f,F100566
E14096,S97821,user567@campus.edu,C6500,DH83c6021b49ff,F100567
E14097,S18885,user568@campus.edu,C6742,DH52c092417144,F100568
E14098,S60585,user569@campus.edu,C8179,DH51514e013db0,F100569
E14099,,user570@campus.edu,C9946,DHf8318c6d9114,F100570
E14100,,user571@campus.edu,C2207,DH2f9c684c1ff6,F100571
E14101,S23726,user572@campus.edu,C2215,DH1e92fcdeb4d9,F100572
E14102,,user573@campus.edu,C2525,DHca400eba4c14,F100573
E14103,,user574@campus.edu,C3703,DH178466eccae4,F100574
E14104,S53397,user575@campus.edu,C4367,DHf87649d47526,F100575
E14105,S44768,user576@campus.edu,C5612,DHfe424b3411ec,F100576
E14106,S84943,user577@campus.edu,C9043,DH2f2a89d33c38,F100577
E14107,S21485,user578@campus.edu,C5825,DHeac58323e431,F100578
E14108,S37125,user579@campus.edu,C3798,DHb52c62a5072f,F100579
E14109,S50416,user580@campus.edu,C7512,DH30b91455c488,F100580
E14110,,user581@campus.edu,C9914,DHd63569990007,F100581
E14111,S58418,user582@campus.edu,C4056,DHc430e3886c84,F100582
E14112,S44524,user583@campus.edu,C4706,DHb3e9dbc885f5,F100583
E14113,S21233,user584@campus.edu,C6632,DHca0ebab21892,F100584
E14114,,user585@campus.edu,C7342,DH4b5548e1bbcd,F100585
E14115,,user586@campus.edu,C4860,DHcead4f99c5fb,F100586
E14116,S75811,user587@campus.edu,C9467,DH28702be0742f,F100587
E14117,S32659,user588@campus.edu,C3738,DHb4dbd91a7040,F100588
E14118,S20271,user589@campus.edu,C8133,DH1e316c7441cc,F100589
E14119,,user590@campus.edu,C2097,DHcf8f470ccf0a,F100590
E14120,S52746,user591@campus.edu,C5525,DHdb9ae5e815a5,F100591
E14121,,user592@campus.edu,C9561,DH5d8b5d28ffb8,F100592
E14122,S84264,user593@campus.edu,C2641,DH5ce3cf0d0678,F100593
E14123,S80206,user594@campus.edu,C6633,DH32b1f435a0f8,F100594
E14124,S84976,user595@campus.edu,C8750,DHf2f72917a524,F100595
E14125,S91034,user596@campus.edu,C7581,DHc4537265b5dd,F100596
E14126,,user597@campus.edu,C8785,DH1b0c6c717d82,F100597
E14127,S50756,user598@campus.edu,C5593,DH7d421979d5dd,F100598
E14128,,user599@campus.edu,C8259,DH22e5f3cd8089,F100599
E14129,S94614,user600@campus.edu,C2462,DHd25a23895a5d,F100600
E14130,S73499,user601@campus.edu,C9462,DH8265a157ec46,F100601
E14131,S18600,user602@campus.edu,C6097,DH5cb8f11083cc,F100602
E14132,S84537,user603@campus.edu,C1474,DHaa27f50f8628,F100603
E14133,,user604@campus.edu,C1541,DH61ea9e930ad1,F100604
E14134,,user605@campus.edu,C8605,DH3f024ab5a98a,F100605
E14135,S99282,user606@campus.edu,C1500,DH88bac69f5d3f,F100606
E14136,S33276,user607@campus.edu,C8775,DH2405df3582c0,F100607
E14137,S43903,user608@campus.edu,C2480,DH4a2c16cc4d49,F100608
E14138,S85007,user609@campus.edu,C4511,DH2b769d809da8,F100609
E14139,S95404,user610@campus.edu,C7709,DHcf659a83f081,F100610
E14140,,user611@campus.edu,C3167,DH36cb078a1297,F100611
E14141,,user612@campus.edu,C6004,DHff954c802206,F100612
E14142,,user613@campus.edu,C4575,DH6b9954d5bccb,F100613
E14143,S62055,user614@campus.edu,C2676,DH4f94af7a2e41,F100614
E14144,,user615@campus.edu,C5631,DHb73eabaa0166,F100615
E14145,S46239,user616@campus.edu,C6327,DH55275f67ce8f,F100616
E14146,S34688,user617@campus.edu,C3456,DH75313ec8ef28,F100617
E14147,,user618@campus.edu,C3292,DH9f06cfbb4f73,F100618
E14148,,user619@campus.edu,C7361,DH06c56315d16d,F100619
E14149,S34892,user620@campus.edu,C6622,DHd491a6cbbe16,F100620
E14150,S98063,user621@campus.edu,C6873,DH97f1e16f2e00,F100621
E14151,,user622@campus.edu,C8713,DHfa81c29abbce,F100622
E14152,S33995,user623@campus.edu,C6499,DHef768b0a5291,F100623
E14153,S65112,user624@campus.edu,C6428,DHbf84b7d33eb1,F100624
E14154,S25437,user625@campus.edu,C8709,DHb988c90863de,F100625
E14155,S19334,user626@campus.edu,C8736,DHb909b3e974dc,F100626
E14156,S79446,user627@campus.edu,C5888,DHf52a5865c4f2,F100627
E14157,,user628@campus.edu,C6614,DHbab5b08c6c27,F100628
E14158,,user629@campus.edu,C3954,DH1c0998a2a1ee,F100629
E14159,S51079,user630@campus.edu,C1950,DH50897c0b2768,F100630
E14160,S85534,user631@campus.edu,C3595,DHa2448d431710,F100631
E14161,S93032,user632@campus.edu,C8035,DHa353d4cb094e,F100632
E14162,,user633@campus.edu,C9745,DHc2514c61655f,F100633
E14163,,user634@campus.edu,C1293,DH9bc6b1bbfc3c,F100634
E14164,S50906,user635@campus.edu,C3112,DHb1047fc7f3e8,F100635
E14165,S31891,user636@campus.edu,C2069,DH0854037f5ed1,F100636
E14166,,user637@campus.edu,C9587,DHe922ad401d60,F100637
E14167,,user638@campus.edu,C9031,DH818cf2604d8b,F100638
E14168,S12506,user639@campus.edu,C4742,DHaf451b436839,F100639
E14169,S87292,user640@campus.edu,C9267,DHcc7b488c851e,F100640
E14170,S59177,user641@campus.edu,C5190,DH28e32403976d,F100641
E14171,S96765,user642@campus.edu,C2771,DH8c38e7be68f1,F100642
E14172,S68237,user643@campus.edu,C7230,DH3ca10098d4fc,F100643
E14173,S36934,user644@campus.edu,C1152,DH88384fe87dc6,F100644
E14174,S45386,user645@campus.edu,C3247,DHf9132b78940a,F100645
E14175,S25431,user646@campus.edu,C5631,DHd35855a02996,F100646
E14176,S36181,user647@campus.edu,C5308,DH7b4ddfb1b934,F100647
E14177,S48712,user648@campus.edu,C3627,DHf0e5bdaec2dd,F100648
E14178,S73001,user649@campus.edu,C6416,DH8ef3c5b74d7a,F100649
E14179,S24474,user650@campus.edu,C9095,DH27f03cd85e7d,F100650
E14180,S23276,user651@campus.edu,C5192,DHb55b42354443,F100651
E14181,,user652@campus.edu,C1820,DH49db82bff276,F100652
E14182,,user653@campus.edu,C6123,DHbaf323a00cab,F100653
E14183,S11267,user654@campus.edu,C3267,DHf42828149597,F100654
E14184,S91501,user655@campus.edu,C5395,DHb4e7fa867dfc,F100655
E14185,,user656@campus.edu,C7557,DH2c935527ec92,F100656
E14186,,user657@campus.edu,C3732,DHe26e2b596b86,F100657
E14187,S30892,user658@campus.edu,C2699,DH68ee836a03ea,F100658
E14188,S98918,user659@campus.edu,C8178,DHdbe57d8908f1,F100659
E14189,S90131,user660@campus.edu,C1472,DHb1aaa336ca74,F100660
E14190,,user661@campus.edu,C1753,DHb91b0495f7ad,F100661
E14191,S98857,user662@campus.edu,C9598,DHdf4d71077e6d,F100662
E14192,S78039,user663@campus.edu,C9570,DHe34b5511ffa6,F100663
E14193,S73167,user664@campus.edu,C6664,DHc97d56d98f9d,F100664
E14194,,user665@campus.edu,C3571,DHe0172711dbf1,F100665
E14195,,user666@campus.edu,C9055,DH58b726287790,F100666
E14196,S16599,user667@campus.edu,C9305,DH30cf8c552d16,F100667
E14197,S40801,user668@campus.edu,C2291,DHb3c42860c4e5,F100668
E14198,,user669@campus.edu,C9166,DH1fc9f104db5a,F100669
E14199,S95638,user670@campus.edu,C1291,DH6332f263fb61,F100670
E14200,S81971,user671@campus.edu,C1002,DHc06031b7f337,F100671
E14201,,user672@campus.edu,C4389,DHfd53abd02308,F100672
E14202,S39218,user673@campus.edu,C8445,DH78c91e2eab95,F100673
E14203,S72014,user674@campus.edu,C6952,DH87108d091e7b,F100674
E14204,S10287,user675@campus.edu,C6592,DH38ad2527da3a,F100675
E14205,S23935,user676@campus.edu,C1750,DH94b09229079a,F100676
E14206,S24019,user677@campus.edu,C5166,DHe1255d5fe597,F100677
E14207,S38257,user678@campus.edu,C8488,DH863c0c9cb664,F100678
E14208,S16094,user679@campus.edu,C3018,DH08bcbed346dd,F100679
E14209,S27647,user680@campus.edu,C9172,DH6236ebc41d55,F100680
E14210,S66729,user681@campus.edu,C8912,DH35c249cb1aed,F100681
E14211,S26827,user682@campus.edu,C2696,DH2855e58d2e46,F100682
E14212,S76074,user683@campus.edu,C7302,DH6d9b425722e7,F100683
E14213,,user684@campus.edu,C6617,DH84f1849f9e65,F100684
E14214,,user685@campus.edu,C9393,DH75560a3b0d84,F100685
E14215,,user686@campus.edu,C5760,DH8e9f12894156,F100686
E14216,,user687@campus.edu,C6281,DH0e48b4d94d1c,F100687
E14217,S84794,user688@campus.edu,C7839,DH7c5c573b25f2,F100688
E14218,,user689@campus.edu,C2744,DH94c30110d3fd,F100689
E14219,S36201,user690@campus.edu,C5374,DH1e6d8d8a5d66,F100690
E14220,S18130,user691@campus.edu,C5835,DH2e80446e2951,F100691
E14221,S23432,user692@campus.edu,C4675,DH50cc4d0d0b3e,F100692
E14222,S97096,user693@campus.edu,C1769,DH71acc9d84070,F100693
E14223,S82368,user694@campus.edu,C1881,DH4ab98fbdd14c,F100694
E14224,S39563,user695@campus.edu,C7025,DHbece6debf65f,F100695
E14225,S35362,user696@campus.edu,C5819,DH449d1dd0aac3,F100696
E14226,,user697@campus.edu,C3847,DH09e6a7ac204c,F100697
E14227,S46583,user698@campus.edu,C5329,DHe06dc6384483,F100698
E14228,S10739,user699@campus.edu,C6415,DHa89f9200df82,F100699
E14229,S88234,user700@campus.edu,C1833,DH55ca13c9c67c,F100700
E14230,S82110,user701@campus.edu,C6866,DH9e786f8dffcf,F100701
E14231,S78236,user702@campus.edu,C2117,DH3d88ef73d390,F100702
E14232,S62876,user703@campus.edu,C2506,DH3882af89826b,F100703
E14233,,user704@campus.edu,C5809,DH03bde6d3a36a,F100704
E14234,S95105,user705@campus.edu,C1144,DH8e2897c14a80,F100705
E14235,S91412,user706@campus.edu,C4994,DHbe17ba018ae4,F100706
E14236,S60577,user707@campus.edu,C5203,DH9869612d9b3d,F100707
E14237,S59146,user708@campus.edu,C9426,DH4576731efcdd,F100708
E14238,S95397,user709@campus.edu,C4154,DHee1130bcc4df,F100709
E14239,S31940,user710@campus.edu,C9814,DH462620b49755,F100710
E14240,S97862,user711@campus.edu,C4492,DHb9949a0a326a,F100711
E14241,S94746,user712@campus.edu,C2181,DH7240f46f3871,F100712
E14242,S14965,user713@campus.edu,C2433,DH32dd1f8173ca,F100713
E14243,S83149,user714@campus.edu,C2154,DH4268674bace1,F100714
E14244,,user715@campus.edu,C7626,DH489cf09cb616,F100715
E14245,S80101,user716@campus.edu,C1096,DH174efaf1834d,F100716
E14246,S15965,user717@campus.edu,C2189,DH5f240055691c,F100717
E14247,S89503,user718@campus.edu,C2417,DH23a9e98761a2,F100718
E14248,S72126,user719@campus.edu,C3561,DH08fc55a91c5c,F100719
E14249,S81529,user720@campus.edu,C5832,DH6138a3384a53,F100720
E14250,S11461,user721@campus.edu,C3316,DHd5a452cf9086,F100721
E14251,S61653,user722@campus.edu,C9800,DH056a72ca2a92,F100722
E14252,S37752,user723@campus.edu,C7760,DH20ed95150aea,F100723
E14253,S90856,user724@campus.edu,C5140,DH8bacc6fbde77,F100724
E14254,S17128,user725@campus.edu,C9992,DH5661705555de,F100725
E14255,S42858,user726@campus.edu,C2608,DH126a177601c9,F100726
E14256,S56810,user727@campus.edu,C3100,DH4f5454698639,F100727
E14257,S35362,user728@campus.edu,C6206,DHcf901f7ee19a,F100728
E14258,S86568,user729@campus.edu,C3496,DHdd2e983682a9,F100729
E14259,S66139,user730@campus.edu,C3762,DH54a6ac9ccc84,F100730
E14260,S93995,user731@campus.edu,C8145,DH4032212cbaf0,F100731
E14261,S72908,user732@campus.edu,C8583,DH9c7c5869e51a,F100732
E14262,S82308,user733@campus.edu,C2783,DH1d0475908d98,F100733
E14263,S28350,user734@campus.edu,C9824,DH4902317afa70,F100734
E14264,S19882,user735@campus.edu,C1305,DH6ce5bb48c5d8,F100735
E14265,,user736@campus.edu,C1600,DHd3f82836f79e,F100736
E14266,S71879,user737@campus.edu,C3435,DH98fb5bb62e1c,F100737
E14267,S48141,user738@campus.edu,C3193,DHe07d39f2d579,F100738
E14268,S57692,user739@campus.edu,C9227,DH2e5e64f29e84,F100739
E14269,,user740@campus.edu,C8310,DH4fb401a0d719,F100740
E14270,S96430,user741@campus.edu,C3395,DHd891a5db8c03,F100741
E14271,S40375,user742@campus.edu,C2029,DHaf767b6e3ba8,F100742
E14272,S77880,user743@campus.edu,C6918,DH1a4249b12c91,F100743
E14273,,user744@campus.edu,C6309,DH6fbb7c6b4e9b,F100744
E14274,S44513,user745@campus.edu,C9918,DH7cdb528104c1,F100745
E14275,S57880,user746@campus.edu,C2275,DH5ac44b3730d4,F100746
E14276,S77681,user747@campus.edu,C7649,DH5b26dda25972,F100747
E14277,S89195,user748@campus.edu,C1108,DH4395aae80ebf,F100748
E14278,S20104,user749@campus.edu,C9430,DH012c43881a11,F100749
E14279,S57477,user750@campus.edu,C2938,DHbd5efa84d5e8,F100750
E14280,,user751@campus.edu,C8844,DHf4c19ffc2e06,F100751
E14281,S12942,user752@campus.edu,C4992,DHf93f49757bbf,F100752
E14282,S27658,user753@campus.edu,C9399,DH9185764bcaa0,F100753
E14283,S43850,user754@campus.edu,C3949,DH7198ca39328f,F100754
E14284,S93574,user755@campus.edu,C1305,DHbca0186d49e1,F100755
E14285,S71789,user756@campus.edu,C8891,DH3ea778dc758c,F100756
E14286,,user757@campus.edu,C3979,DHc862d45ddcb6,F100757
E14287,S69437,user758@campus.edu,C2127,DH0b62afcaf826,F100758
E14288,S12170,user759@campus.edu,C4315,DH85e0e95ad6f3,F100759
E14289,S89365,user760@campus.edu,C2577,DHe103424976b8,F100760
E14290,,user761@campus.edu,C2925,DHc0832e81aea6,F100761
E14291,S80685,user762@campus.edu,C1019,DHa2c5a2ab065d,F100762
E14292,S79444,user763@campus.edu,C8028,DHc4c6fd3d4d49,F100763
E14293,S55943,user764@campus.edu,C2600,DH041845e25858,F100764
E14294,S20986,user765@campus.edu,C5641,DHbdaf3372103d,F100765
E14295,S10716,user766@campus.edu,C1116,DHee0cef4ef188,F100766
E14296,S59155,user767@campus.edu,C4365,DH3e40b7c6a92a,F100767
E14297,S65846,user768@campus.edu,C5155,DH166ff6ca1ec1,F100768
E14298,S90200,user769@campus.edu,C5514,DHdd86ce3bf871,F100769
E14299,S73238,user770@campus.edu,C3928,DHa8ebdab80de1,F100770
E14300,S50193,user771@campus.edu,C6641,DH7c8cff2a5ebd,F100771
E14301,,user772@campus.edu,C3650,DHb8c543117d95,F100772
E14302,S82165,user773@campus.edu,C1852,DHaf4be1bbef64,F100773
E14303,,user774@campus.edu,C3381,DHb34f99de5d82,F100774
E14304,S44483,user775@campus.edu,C4633,DHc5349bcc30df,F100775
E14305,S62513,user776@campus.edu,C9536,DH40e2a6812448,F100776
E14306,S93924,user777@campus.edu,C9099,DH57b9c7d8798d,F100777
E14307,S47487,user778@campus.edu,C4190,DH2a7313cea45a,F100778
E14308,S90634,user779@campus.edu,C3776,DH0ed6fd611e28,F100779
E14309,S30636,user780@campus.edu,C2422,DH8f81b95f3fa1,F100780
E14310,S63143,user781@campus.edu,C4281,DHd350c236b3ba,F100781
E14311,S21818,user782@campus.edu,C5661,DH7fd6089eafed,F100782
E14312,S39661,user783@campus.edu,C4187,DHd9627a991537,F100783
E14313,S32942,user784@campus.edu,C7670,DHbba92ced3fb2,F100784
E14314,S48568,user785@campus.edu,C6570,DH5cc80c091ad0,F100785
E14315,,user786@campus.edu,C7178,DHa33814874a9e,F100786
E14316,S70142,user787@campus.edu,C8548,DH310c99d7dc25,F100787
E14317,S18854,user788@campus.edu,C7269,DH1f1b74e0f5d6,F100788
E14318,,user789@campus.edu,C9776,DH8d86b355cef8,F100789
E14319,S62288,user790@campus.edu,C6603,DHd3acfbde6068,F100790
E14320,,user791@campus.edu,C4580,DHad845e252863,F100791
E14321,S75404,user792@campus.edu,C4271,DH1a63a43f4861,F100792
E14322,,user793@campus.edu,C5091,DH5561ae355585,F100793
E14323,S25712,user794@campus.edu,C2285,DH6affb5a505c1,F100794
E14324,S15539,user795@campus.edu,C8901,DH883a5d19177e,F100795
E14325,S46009,user796@campus.edu,C9041,DHb910b0591a36,F100796
E14326,S85584,user797@campus.edu,C3101,DH5e138b11fdda,F100797
E14327,S80879,user798@campus.edu,C1533,DH005cf5519b19,F100798
E14328,S69925,user799@campus.edu,C2972,DH07c08f834cd3,F100799
E14329,S11549,user800@campus.edu,C4452,DHf363a11ba84a,F100800
E14330,S90318,user801@campus.edu,C5254,DHa88a9be67114,F100801
E14331,S71780,user802@campus.edu,C6621,DH25ffd6f1a4c8,F100802
E14332,S64931,user803@campus.edu,C7099,DH91e6876069cd,F100803
E14333,S84895,user804@campus.edu,C3148,DH403c83a8178b,F100804
E14334,,user805@campus.edu,C8081,DH3bd48c7e53b8,F100805
E14335,S71995,user806@campus.edu,C1159,DHa92910cd99d2,F100806
E14336,S79990,user807@campus.edu,C6172,DH1ba45d5d8797,F100807
E14337,S16253,user808@campus.edu,C7527,DH8ea4b3e10a18,F100808
E14338,S72460,user809@campus.edu,C2577,DHd879a26fdc8a,F100809
E14339,S83446,user810@campus.edu,C5222,DH0b289e12ed35,F100810
E14340,S99074,user811@campus.edu,C4259,DH970fa57c4406,F100811
E14341,S32877,user812@campus.edu,C5663,DHbd46f9c353eb,F100812
E14342,S68580,user813@campus.edu,C2284,DH6ad17064278d,F100813
E14343,S31964,user814@campus.edu,C6527,DH240ac2c03314,F100814
E14344,S20369,user815@campus.edu,C3654,DHc8cf4eb18bc9,F100815
E14345,S45058,user816@campus.edu,C7479,DH46c4baf82731,F100816
E14346,S86928,user817@campus.edu,C9535,DH047c6d8399a6,F100817
E14347,S26389,user818@campus.edu,C4844,DH0e8cf934e417,F100818
E14348,S23501,user819@campus.edu,C2565,DH70573ed2f969,F100819
E14349,S62037,user820@campus.edu,C9584,DHb6270f4683a2,F100820
E14350,S21050,user821@campus.edu,C7387,DH15971c19639d,F100821
E14351,S68085,user822@campus.edu,C3071,DHa13a01f2796c,F100822
E14352,,user823@campus.edu,C6846,DHa8b65653d212,F100823
E14353,S45705,user824@campus.edu,C9987,DH8faa918f7779,F100824
E14354,,user825@campus.edu,C8480,DHf8c39fb707b3,F100825
E14355,S50587,user826@campus.edu,C6688,DH42b300dd5d97,F100826
E14356,S67915,user827@campus.edu,C6044,DH92297382cb94,F100827
E14357,S11383,user828@campus.edu,C1001,DH3b9013f9d713,F100828
E14358,S80136,user829@campus.edu,C1136,DH4aec9cd55ff5,F100829
E14359,S48393,user830@campus.edu,C4788,DH8978e48899e4,F100830
E14360,S83472,user831@campus.edu,C8161,DHfe21ba6e82c1,F100831
E14361,S59592,user832@campus.edu,C4614,DH0a7c6c53c277,F100832
E14362,S77713,user833@campus.edu,C5454,DH5dd81cfefe57,F100833
E14363,,user834@campus.edu,C2121,DHc7a527447f52,F100834
E14364,S90967,user835@campus.edu,C8418,DH23c881cc6349,F100835
E14365,S12542,user836@campus.edu,C3492,DHc401b7e7b9be,F100836
E14366,S46977,user837@campus.edu,C5410,DH69b9da8fdd4c,F100837
E14367,S21822,user838@campus.edu,C3468,DH4b841121b94a,F100838
E14368,S50838,user839@campus.edu,C9165,DH62c091765568,F100839
E14369,S53286,user840@campus.edu,C2314,DHa6640c76a0db,F100840
E14370,S19356,user841@campus.edu,C9899,DH21a224d826f8,F100841
E14371,S60014,user842@campus.edu,C1206,DHe2366af45dcb,F100842
E14372,S42396,user843@campus.edu,C1549,DHc110b122884d,F100843
E14373,S78306,user844@campus.edu,C4415,DHe66e4659b82c,F100844
E14374,S52344,user845@campus.edu,C3598,DH3318807f3550,F100845
E14375,S73075,user846@campus.edu,C5895,DHacaf9a71d9a0,F100846
E14376,,user847@campus.edu,C8113,DH4d502cd1d6a3,F100847
E14377,S86637,user848@campus.edu,C2960,DHd985a5e5c94c,F100848
E14378,S86162,user849@campus.edu,C8786,DHe6db0260d756,F100849
E14379,S42600,user850@campus.edu,C3583,DH7f2b8b6a3905,F100850
E14380,S91937,user851@campus.edu,C1983,DHee50bd4eecf1,F100851
E14381,S24076,user852@campus.edu,C3061,DHf454af1ac31a,F100852
E14382,S94495,user853@campus.edu,C6690,DH5bc2c2e9cb88,F100853
E14383,S56945,user854@campus.edu,C3207,DHfcb9bd2d1d44,F100854
E14384,S83272,user855@campus.edu,C5828,DH07f1b90ae8a8,F100855
E14385,S81253,user856@campus.edu,C6696,DH43f45c196fcc,F100856
E14386,S82682,user857@campus.edu,C3627,DH269ba3d9c179,F100857
E14387,S44517,user858@campus.edu,C9873,DH6b61425da449,F100858
E14388,S59681,user859@campus.edu,C4039,DH57ac6eaccc23,F100859
E14389,,user860@campus.edu,C2037,DHdceb503d8b28,F100860
E14390,S82281,user861@campus.edu,C3525,DHffa2e7a11b21,F100861
E14391,S24478,user862@campus.edu,C2577,DHd91b1a3789fa,F100862
E14392,S33414,user863@campus.edu,C1512,DH152dd81d8798,F100863
E14393,S14170,user864@campus.edu,C7366,DH27171eab73f7,F100864
E14394,S43546,user865@campus.edu,C1804,DH767efb5f1914,F100865
E14395,S11715,user866@campus.edu,C4419,DH9c6bd5494e47,F100866
E14396,S57307,user867@campus.edu,C7814,DH8b677d284fd0,F100867
E14397,,user868@campus.edu,C2153,DHa583065ee877,F100868
E14398,,user869@campus.edu,C4784,DH7c426bf5ab68,F100869
E14399,S96098,user870@campus.edu,C5075,DH729144e45a49,F100870
E14400,S64419,user871@campus.edu,C2728,DH85d6fcc5d542,F100871
E14401,S23644,user872@campus.edu,C3733,DH2517778d239b,F100872
E14402,S96184,user873@campus.edu,C3591,DH957c5e097552,F100873
E14403,S51307,user874@campus.edu,C6319,DHffdb4f26505e,F100874
E14404,S52395,user875@campus.edu,C4943,DH7bf1d2330925,F100875
E14405,S43303,user876@campus.edu,C6898,DHb7700918e5e2,F100876
E14406,,user877@campus.edu,C1267,DHcec31df9006c,F100877
E14407,,user878@campus.edu,C4635,DHa234134b74ab,F100878
E14408,S82569,user879@campus.edu,C9376,DH77dd9d910c76,F100879
E14409,,user880@campus.edu,C8542,DHb5d8768cf617,F100880
E14410,S86304,user881@campus.edu,C5093,DHb76be540ad27,F100881
E14411,,user882@campus.edu,C4562,DHca960d137356,F100882
E14412,S73999,user883@campus.edu,C2562,DH5ba1c5ac1976,F100883
E14413,S60010,user884@campus.edu,C2285,DHf265314a8276,F100884
E14414,S64594,user885@campus.edu,C2974,DHf26aaff6423d,F100885
E14415,,user886@campus.edu,C9591,DH95900688b9f7,F100886
E14416,S52838,user887@campus.edu,C9231,DHa8565317dfab,F100887
E14417,S68407,user888@campus.edu,C9269,DH93d8f7bae16b,F100888
E14418,S29400,user889@campus.edu,C3165,DH2965890a6c63,F100889
E14419,S81847,user890@campus.edu,C7540,DH8b2ae5710eb3,F100890
E14420,S27088,user891@campus.edu,C3209,DH33058e99011b,F100891
E14421,S95491,user892@campus.edu,C4212,DHcfccf81f0080,F100892
E14422,,user893@campus.edu,C5362,DH946194b6c7fe,F100893
E14423,S21743,user894@campus.edu,C2843,DHafe9ab46addd,F100894
E14424,S52039,user895@campus.edu,C6644,DH349e159c6242,F100895
E14425,S55838,user896@campus.edu,C8245,DHa6b01f4b14f5,F100896
E14426,S36173,user897@campus.edu,C7124,DH23ab2927b807,F100897
E14427,S41856,user898@campus.edu,C3419,DHa34e3b33b29f,F100898
E14428,S49992,user899@campus.edu,C8373,DHe1623d8363f8,F100899
E14429,S37770,user900@campus.edu,C4339,DH93aea443ece1,F100900
E14430,S73311,user901@campus.edu,C3315,DHeb817ada65dd,F100901
E14431,S15699,user902@campus.edu,C5185,DHc5e0ea897d38,F100902
E14432,S45557,user903@campus.edu,C1869,DH6b4fbc64fa94,F100903
E14433,S96898,user904@campus.edu,C6901,DHda670588e021,F100904
E14434,S40299,user905@campus.edu,C7237,DHe41d8fe5ce1a,F100905
E14435,,user906@campus.edu,C2442,DHb4dd709b08da,F100906
E14436,S83490,user907@campus.edu,C1352,DH5023716bc726,F100907
E14437,,user908@campus.edu,C7445,DH33b6e90f24fb,F100908
E14438,S56580,user909@campus.edu,C5953,DHf2702de8cdc1,F100909
E14439,S92023,user910@campus.edu,C5221,DH14e42c4479cd,F100910
E14440,,user911@campus.edu,C6599,DH59c1e8e016ba,F100911
E14441,S78251,user912@campus.edu,C4726,DHb1e7d85bcab2,F100912
E14442,S50944,user913@campus.edu,C6395,DHa1ba9b2c2241,F100913
E14443,S86156,user914@campus.edu,C9869,DH456fd6c668e1,F100914
E14444,S27727,user915@campus.edu,C8046,DH7b2b2dab2279,F100915
E14445,,user916@campus.edu,C9732,DHf7b8d4815e6e,F100916
E14446,S13864,user917@campus.edu,C6221,DHb9c557087bd7,F100917
E14447,S29917,user918@campus.edu,C4079,DH0be006f7cca9,F100918
E14448,S90864,user919@campus.edu,C5372,DH793c7afa4869,F100919
E14449,S40432,user920@campus.edu,C4783,DH26371c1c0fd4,F100920
E14450,S27575,user921@campus.edu,C9230,DH0297d42ac741,F100921
E14451,S34114,user922@campus.edu,C7348,DH71f8a91049a1,F100922
E14452,S39658,user923@campus.edu,C1528,DHd3a6e3a32cee,F100923
E14453,,user924@campus.edu,C4323,DH56197df17528,F100924
E14454,S90879,user925@campus.edu,C9027,DH6369e8eb8ba7,F100925
E14455,,user926@campus.edu,C1685,DH2e43d24b8ddc,F100926
E14456,S90151,user927@campus.edu,C9784,DHcaefbd8d02fb,F100927
E14457,S69886,user928@campus.edu,C1694,DH3485176f5efb,F100928
E14458,S83098,user929@campus.edu,C7347,DH11f0ba362235,F100929
E14459,S62171,user930@campus.edu,C5989,DH0c61c491ae72,F100930
E14460,S90364,user931@campus.edu,C1893,DH261716a25bb5,F100931
E14461,S21854,user932@campus.edu,C9202,DH1691d190c58b,F100932
E14462,S27734,user933@campus.edu,C7440,DHecff428636fe,F100933
E14463,S69464,user934@campus.edu,C4308,DH67f9a62c4856,F100934
E14464,S26193,user935@campus.edu,C2494,DH99c22577218c,F100935
E14465,S78657,user936@campus.edu,C7292,DH660dd8243f37,F100936
E14466,,user937@campus.edu,C1719,DH9f81912d9fbd,F100937
E14467,S31249,user938@campus.edu,C3369,DHe9fd7bed3cf0,F100938
E14468,S68491,user939@campus.edu,C5731,DHf30589b80177,F100939
E14469,,user940@campus.edu,C5146,DHe990278026c4,F100940
E14470,S81237,user941@campus.edu,C1094,DH2f7f45d9ea5e,F100941
E14471,S96438,user942@campus.edu,C8794,DH00403012fc91,F100942
E14472,S88656,user943@campus.edu,C1107,DH9eed9f670e7f,F100943
E14473,S37215,user944@campus.edu,C1801,DH14d8899c9f05,F100944
E14474,S14813,user945@campus.edu,C3381,DHc86caa5d5a7a,F100945
E14475,,user946@campus.edu,C2436,DH54143766f033,F100946
E14476,S31146,user947@campus.edu,C5659,DH8d33b9da941a,F100947
E14477,S33254,user948@campus.edu,C8460,DHfe468d254269,F100948
E14478,,user949@campus.edu,C7038,DH9faf2562223a,F100949
E14479,S18509,user950@campus.edu,C5797,DHd5eec742b3e7,F100950
E14480,S53150,user951@campus.edu,C9635,DHe5945a9e6f84,F100951
E14481,S90223,user952@campus.edu,C1953,DH0d75aefa2f3c,F100952
E14482,S21491,user953@campus.edu,C8924,DHbd8f89a151d8,F100953
E14483,S44034,user954@campus.edu,C9608,DH76a120dce899,F100954
E14484,S90516,user955@campus.edu,C9132,DH55c34ba31765,F100955
E14485,S89876,user956@campus.edu,C4812,DHe3a10d7ebc57,F100956
E14486,S70933,user957@campus.edu,C2932,DHa20e9ef7c6ab,F100957
E14487,,user958@campus.edu,C6728,DH4bb260a9482e,F100958
E14488,S46913,user959@campus.edu,C5168,DH50a3123d7c67,F100959
E14489,S52457,user960@campus.edu,C1100,DH9103a9a7f6ac,F100960
E14490,S90739,user961@campus.edu,C1477,DH75dc5623c78c,F100961
E14491,S98142,user962@campus.edu,C8849,DH5e0f0f4a2cfa,F100962
E14492,S30366,user963@campus.edu,C8546,DH9eb72fa78d09,F100963
E14493,S17342,user964@campus.edu,C9537,DH0aa2a0339610,F100964
E14494,S82768,user965@campus.edu,C9779,DH542b0e6e3192,F100965
E14495,S56346,user966@campus.edu,C2084,DH3bb1abc14faf,F100966
E14496,,user967@campus.edu,C9753,DH7730b41408a7,F100967
E14497,S88012,user968@campus.edu,C2914,DH557a757f945e,F100968
E14498,S64246,user969@campus.edu,C2422,DH54bd98923d84,F100969
E14499,S38329,user970@campus.edu,C9603,DHb617c1172a7c,F100970
E14500,S36489,user971@campus.edu,C2517,DH69160260c6b5,F100971
E14501,S75543,user972@campus.edu,C3524,DH29d686a938f2,F100972
E14502,,user973@campus.edu,C2609,DH7f9f2a231af3,F100973
E14503,S70210,user974@campus.edu,C7350,DH405e0c943079,F100974
E14504,S87894,user975@campus.edu,C2426,DHa00530030895,F100975
E14505,,user976@campus.edu,C6119,DH8c448e756c2d,F100976
E14506,S52058,user977@campus.edu,C4285,DH5c15e2ff625c,F100977
E14507,S67817,user978@campus.edu,C2927,DHcb7efc87c0cf,F100978
E14508,S11999,user979@campus.edu,C9422,DH238034ec63d2,F100979
E14509,S51744,user980@campus.edu,C5440,DHd4d861e0ee70,F100980
E14510,S19337,user981@campus.edu,C6101,DHd4536d2201fc,F100981
E14511,S27049,user982@campus.edu,C1475,DH034e478e4066,F100982
E14512,S21287,user983@campus.edu,C7987,DH276d724ae8df,F100983
E14513,S92505,user984@campus.edu,C8304,DHa3fd8ef91b7b,F100984
E14514,S97932,user985@campus.edu,C9740,DH92b8e50ddcfa,F100985
E14515,S71377,user986@campus.edu,C2593,DH07a4e1c7371d,F100986
E14516,S71675,user987@campus.edu,C4796,DH7d6d861c6985,F100987
E14517,,user988@campus.edu,C4004,DH1f3b3f13712c,F100988
E14518,S18567,user989@campus.edu,C8787,DH044f3fdc3dae,F100989
E14519,S46996,user990@campus.edu,C6711,DHada3e41d6f5e,F100990
E14520,S63174,user991@campus.edu,C2752,DH3138f4347420,F100991
E14521,S79828,user992@campus.edu,C8552,DHe86e63e34252,F100992
E14522,S41941,user993@campus.edu,C9977,DH5a6f753d6b4c,F100993
E14523,S37294,user994@campus.edu,C8063,DH6cb72860afa3,F100994
E14524,S40953,user995@campus.edu,C3835,DHb467c04a2f97,F100995
E14525,,user996@campus.edu,C8584,DHbc9757e32f12,F100996
E14526,S33091,user997@campus.edu,C6046,DHd17b3dc2e2e7,F100997
E14527,S59664,user998@campus.edu,C6364,DHd6f7849bb8a3,F100998
E14528,S86122,user999@campus.edu,C1003,DHb07f88ca7e15,F100999
E14529,S61115,user1000@campus.edu,C8326,DHaad35d176505,F101000
E14530,S49286,user1001@campus.edu,C5989,DH6ece4d2e83b8,F101001
E14531,,user1002@campus.edu,C7622,DH517f86aeb363,F101002
E14532,S16963,user1003@campus.edu,C1013,DH2538c7166511,F101003
E14533,S14087,user1004@campus.edu,C4854,DH36a2a4a65f51,F101004
E14534,S60173,user1005@campus.edu,C7652,DHfd04c7a11bba,F101005
E14535,S72242,user1006@campus.edu,C3278,DH189bc49a1317,F101006
E14536,S64687,user1007@campus.edu,C3527,DH06478b81b4be,F101007
E14537,S94985,user1008@campus.edu,C1257,DHeee37ef56987,F101008
E14538,S21097,user1009@campus.edu,C3248,DH9ce3294b7022,F101009
E14539,,user1010@campus.edu,C8444,DHde43c648f7dd,F101010
E14540,S60425,user1011@campus.edu,C6821,DH985fa1615198,F101011
E14541,S85751,user1012@campus.edu,C9161,DH00ad1a41346b,F101012
E14542,S85543,user1013@campus.edu,C7012,DH80db3098ba77,F101013
E14543,S24832,user1014@campus.edu,C8889,DH7f64414ffb66,F101014
E14544,S46624,user1015@campus.edu,C8617,DH99411eae3d4f,F101015
E14545,S21592,user1016@campus.edu,C5017,DHa60c4047cc26,F101016
E14546,S85973,user1017@campus.edu,C6119,DHed055db61fdc,F101017
E14547,,user1018@campus.edu,C9399,DHc2fb8183cc03,F101018
E14548,S56257,user1019@campus.edu,C5827,DH91d2d1c7d891,F101019
E14549,S49855,user1020@campus.edu,C5267,DHe48882cd0975,F101020
E14550,S16765,user1021@campus.edu,C5780,DH88ed5ec9a6de,F101021
E14551,S26622,user1022@campus.edu,C9283,DH940f653cd121,F101022
E14552,S46827,user1023@campus.edu,C5509,DH8263191fc4ce,F101023
E14553,S32886,user1024@campus.edu,C3476,DHa2e8c0e793d4,F101024
E14554,,user1025@campus.edu,C3962,DH28b08766ad25,F101025
E14555,S29014,user1026@campus.edu,C3525,DHcb9a34e7010c,F101026
E14556,S96594,user1027@campus.edu,C8211,DHbf26baeac118,F101027
E14557,S17120,user1028@campus.edu,C5331,DH43939c65353c,F101028
E14558,S72420,user1029@campus.edu,C5937,DH591a0a094689,F101029
E14559,S72205,user1030@campus.edu,C5302,DH2b136c92d25d,F101030
E14560,,user1031@campus.edu,C8353,DHc1c6e3c475c9,F101031
E14561,,user1032@campus.edu,C9704,DH0e55d26690e4,F101032
E14562,S53904,user1033@campus.edu,C5429,DHffbfdb78b2f5,F101033
E14563,S61269,user1034@campus.edu,C8554,DHcefefacd7692,F101034
E14564,S54224,user1035@campus.edu,C3947,DH7dd85324761a,F101035
E14565,S18906,user1036@campus.edu,C1195,DH3a6fbf4a074e,F101036
E14566,S56073,user1037@campus.edu,C4594,DHce294cfd9a66,F101037
E14567,S91185,user1038@campus.edu,C2506,DHa0e31b55a3fd,F101038
E14568,S88562,user1039@campus.edu,C2995,DH8a40a6c2531c,F101039
E14569,,user1040@campus.edu,C4027,DH492dd0168d25,F101040
E14570,S96570,user1041@campus.edu,C2240,DH8fe79a8da75b,F101041
E14571,S43729,user1042@campus.edu,C3653,DHd124aa3ba525,F101042
E14572,S60933,user1043@campus.edu,C6450,DHdc3d0b439483,F101043
E14573,,user1044@campus.edu,C2137,DH3833d7279d6b,F101044
E14574,S94604,user1045@campus.edu,C9061,DHe67bab5b0fda,F101045
E14575,S38624,user1046@campus.edu,C2740,DH3a6d69b1b1c9,F101046
E14576,S19229,user1047@campus.edu,C5105,DH0d7fa743052a,F101047
E14577,,user1048@campus.edu,C1619,DH208389fadae3,F101048
E14578,S61292,user1049@campus.edu,C1060,DHd3388fe6f99e,F101049
E14579,S19188,user1050@campus.edu,C9849,DH3fb5e6f4f66d,F101050
E14580,S25886,user1051@campus.edu,C9770,DHa36b41de6ae6,F101051
E14581,S17234,user1052@campus.edu,C2485,DH22d4423f773d,F101052
E14582,,user1053@campus.edu,C8530,DHcfafeadb9c8e,F101053
E14583,S60353,user1054@campus.edu,C4129,DHd49a3036ec35,F101054
E14584,,user1055@campus.edu,C8175,DHbc31139da418,F101055
E14585,S87718,user1056@campus.edu,C4907,DH1ece7b2842f2,F101056
E14586,S94332,user1057@campus.edu,C6041,DHf2cef740def5,F101057
E14587,,user1058@campus.edu,C6558,DH838de94319be,F101058
E14588,S63150,user1059@campus.edu,C2936,DH4b73e3e10bef,F101059
E14589,S29523,user1060@campus.edu,C4817,DH7304d3ac92cf,F101060
E14590,S95699,user1061@campus.edu,C1312,DH482f41b280ce,F101061
E14591,S11882,user1062@campus.edu,C3822,DHc2902533929a,F101062
E14592,,user1063@campus.edu,C3796,DHcc82e114d89e,F101063
E14593,,user1064@campus.edu,C4613,DH4135305b3643,F101064
E14594,S52498,user1065@campus.edu,C2979,DHb15afbb324db,F101065
E14595,S15975,user1066@campus.edu,C3841,DH765832263918,F101066
E14596,S64415,user1067@campus.edu,C3753,DH117e25749267,F101067
E14597,S86282,user1068@campus.edu,C1666,DHa40086c5f258,F101068
E14598,S59300,user1069@campus.edu,C3584,DH60b46b9de430,F101069
E14599,S33516,user1070@campus.edu,C2460,DH400ca7a9bd8b,F101070
E14600,S26632,user1071@campus.edu,C4377,DH21c6e90e56e8,F101071
E14601,S41359,user1072@campus.edu,C3859,DHb521121e88a1,F101072
E14602,S90222,user1073@campus.edu,C2442,DH41d10804a98f,F101073
E14603,S40885,user1074@campus.edu,C4144,DHbb91d5494f65,F101074
E14604,,user1075@campus.edu,C4592,DH0d5896b45e6a,F101075
E14605,S24769,user1076@campus.edu,C3444,DHebed0ca51817,F101076
E14606,S17081,user1077@campus.edu,C6966,DH5399528416b3,F101077
E14607,S90847,user1078@campus.edu,C8424,DH7a7a0061126a,F101078
E14608,S33053,user1079@campus.edu,C3589,DH906d7a61c026,F101079
E14609,S40841,user1080@campus.edu,C8287,DHd8bbe86bf9d1,F101080
E14610,S98716,user1081@campus.edu,C6336,DH95ef3e54c5e5,F101081
E14611,S41079,user1082@campus.edu,C7759,DH0724128363a1,F101082
E14612,,user1083@campus.edu,C8936,DHb6b4c8ba61e7,F101083
E14613,S69636,user1084@campus.edu,C3917,DH672d7b0b235f,F101084
E14614,S92840,user1085@campus.edu,C6875,DHc3f15a3f56e3,F101085
E14615,S84536,user1086@campus.edu,C1977,DHfd049db7e386,F101086
E14616,S70106,user1087@campus.edu,C7852,DH9c89add3c938,F101087
E14617,S89119,user1088@campus.edu,C3568,DH232a74f19a7c,F101088
E14618,S40107,user1089@campus.edu,C2416,DHbb0694722131,F101089
E14619,S87539,user1090@campus.edu,C8757,DHd2e4eef27e63,F101090
E14620,S42329,user1091@campus.edu,C5060,DH3e637e2cf3ba,F101091
E14621,S29525,user1092@campus.edu,C1083,DHfe17d8a77a48,F101092
E14622,S76088,user1093@campus.edu,C1550,DH6e44de631178,F101093
E14623,S69302,user1094@campus.edu,C9114,DHd89064abd301,F101094
E14624,S63296,user1095@campus.edu,C4571,DH8d1cdd01da7e,F101095
E14625,S12087,user1096@campus.edu,C8860,DH2102fe7b3c82,F101096
E14626,S86501,user1097@campus.edu,C1399,DH770392451f78,F101097
E14627,S34241,user1098@campus.edu,C7068,DH3b8cb214fca7,F101098
E14628,,user1099@campus.edu,C6454,DH541dcc99859d,F101099
E14629,S90281,user1100@campus.edu,C9887,DH156a023b4352,F101100
E14630,S91324,user1101@campus.edu,C6500,DH911bc39dce20,F101101
E14631,,user1102@campus.edu,C7274,DHdfb45c22247d,F101102
E14632,S58029,user1103@campus.edu,C3871,DH6075c2a43d50,F101103
E14633,S28141,user1104@campus.edu,C6487,DH2285294d0cc4,F101104
E14634,S86037,user1105@campus.edu,C4437,DH691cea702b9a,F101105
E14635,S76003,user1106@campus.edu,C7929,DHc81aff55aa7d,F101106
E14636,S69298,user1107@campus.edu,C8966,DH1eef7185d83e,F101107
E14637,,user1108@campus.edu,C9730,DH4fbb8673d39f,F101108
E14638,S34687,user1109@campus.edu,C8501,DHb3b1af44e248,F101109
E14639,S47797,user1110@campus.edu,C2260,DH3b702fc91640,F101110
E14640,S75054,user1111@campus.edu,C3465,DH63c45c8307e7,F101111
E14641,,user1112@campus.edu,C9870,DH14d9e96d4f0f,F101112
E14642,S94500,user1113@campus.edu,C1351,DHc86a21582334,F101113
E14643,S78107,user1114@campus.edu,C6503,DH843c66600997,F101114
E14644,S73720,user1115@campus.edu,C9686,DHbaffa3c3120e,F101115
E14645,S27295,user1116@campus.edu,C6021,DH92c6dd13efec,F101116
E14646,S47767,user1117@campus.edu,C1775,DH15b32e08056c,F101117
E14647,S91085,user1118@campus.edu,C3634,DHdf0c8b0bf978,F101118
E14648,S97340,user1119@campus.edu,C3514,DH395a530a081b,F101119
E14649,S85304,user1120@campus.edu,C3072,DH951912cf784e,F101120
E14650,S83726,user1121@campus.edu,C1568,DH3de5bf48bf5e,F101121
E14651,S80761,user1122@campus.edu,C3663,DH955a32f9e05c,F101122
E14652,S63026,user1123@campus.edu,C9182,DH870558b861f7,F101123
E14653,,user1124@campus.edu,C9948,DH82c46e0d7283,F101124
E14654,S72116,user1125@campus.edu,C5748,DHe14220c75732,F101125
E14655,S54392,user1126@campus.edu,C2840,DH883b746da211,F101126
E14656,S25319,user1127@campus.edu,C6047,DHe2620eea8137,F101127
E14657,S68454,user1128@campus.edu,C6855,DH2d022a1de079,F101128
E14658,S86471,user1129@campus.edu,C9625,DHd3833a30a93c,F101129
E14659,S80570,user1130@campus.edu,C8298,DHab2044db08e6,F101130
E14660,S51649,user1131@campus.edu,C9381,DH4ee9b5a13f7e,F101131
E14661,S58448,user1132@campus.edu,C7326,DH80d133983959,F101132
E14662,S50381,user1133@campus.edu,C8300,DHdf5d5d36f041,F101133
E14663,S64474,user1134@campus.edu,C8249,DH07298051394e,F101134
E14664,,user1135@campus.edu,C2410,DH543f7efa85d1,F101135
E14665,S53963,user1136@campus.edu,C2083,DHd2da0edc3f0a,F101136
E14666,S93729,user1137@campus.edu,C5478,DH762ad63f1aaf,F101137
E14667,S27947,user1138@campus.edu,C4264,DH4d047abddc68,F101138
E14668,S15535,user1139@campus.edu,C5947,DH358c7aca4914,F101139
E14669,S39428,user1140@campus.edu,C1439,DHddd1f3bc1097,F101140
E14670,S26276,user1141@campus.edu,C5713,DHbf9c3f448161,F101141
E14671,S13728,user1142@campus.edu,C2955,DHd6e0fd74c662,F101142
E14672,,user1143@campus.edu,C6927,DHf0f6aa086000,F101143
E14673,S92312,user1144@campus.edu,C8799,DHc9d2969636fc,F101144
E14674,S12299,user1145@campus.edu,C5252,DH8eb58f79afa6,F101145
E14675,S70429,user1146@campus.edu,C3219,DHec2f5c1cbb95,F101146
E14676,S64986,user1147@campus.edu,C6832,DH7b401de46629,F101147
E14677,S77353,user1148@campus.edu,C4175,DHc79c62dd523c,F101148
E14678,S81265,user1149@campus.edu,C6285,DHe870369586e5,F101149
E14679,S22561,user1150@campus.edu,C9755,DH6da3b36ebb1f,F101150
E14680,,user1151@campus.edu,C5610,DH091b6ab7a9a3,F101151
E14681,S23424,user1152@campus.edu,C4569,DH3c2896c3d31f,F101152
E14682,S83224,user1153@campus.edu,C9612,DHab333c9bb76f,F101153
E14683,S64702,user1154@campus.edu,C8544,DHe4a80277981f,F101154
E14684,,user1155@campus.edu,C6104,DHe6b4dca4bad9,F101155
E14685,,user1156@campus.edu,C5991,DH03cf35462121,F101156
E14686,S39697,user1157@campus.edu,C6036,DH17a4efbf547d,F101157
E14687,S65680,user1158@campus.edu,C2830,DHea72ec599e0d,F101158
E14688,S15572,user1159@campus.edu,C4217,DH9267a8a85597,F101159
E14689,S87748,user1160@campus.edu,C1971,DHe381be1ee895,F101160
E14690,,user1161@campus.edu,C1168,DHe18ef28915ac,F101161
E14691,,user1162@campus.edu,C4277,DH342f166a5646,F101162
E14692,S46356,user1163@campus.edu,C6698,DH0f44895de29e,F101163
E14693,,user1164@campus.edu,C2119,DHcfd4c126d84e,F101164
E14694,S38442,user1165@campus.edu,C4138,DH06747190f88a,F101165
E14695,,user1166@campus.edu,C4506,DH30997d0e4f21,F101166
E14696,S34264,user1167@campus.edu,C8203,DH644211d5c456,F101167
E14697,,user1168@campus.edu,C9425,DH290e59d5e620,F101168
E14698,S26202,user1169@campus.edu,C8633,DH9e6470846a0b,F101169
E14699,S47784,user1170@campus.edu,C1665,DHb91bd431aa20,F101170
E14700,S47173,user1171@campus.edu,C8486,DH5dd5474c9674,F101171
E14701,S39605,user1172@campus.edu,C7672,DHf75b6d381aa5,F101172
E14702,S72347,user1173@campus.edu,C7020,DH593e6f7eefb8,F101173
E14703,,user1174@campus.edu,C8177,DHaf3d969549e5,F101174
E14704,S62510,user1175@campus.edu,C2666,DH4acc97239b43,F101175
E14705,S54385,user1176@campus.edu,C4281,DH4c5752cf06c0,F101176
E14706,S75419,user1177@campus.edu,C5563,DHb92a4342c450,F101177
E14707,S56674,user1178@campus.edu,C8795,DHa77064967804,F101178
E14708,,user1179@campus.edu,C8448,DH208c3937d6d5,F101179
E14709,S40254,user1180@campus.edu,C3205,DHd32756e61678,F101180
E14710,S75291,user1181@campus.edu,C1438,DHfd95db27e842,F101181
E14711,S30019,user1182@campus.edu,C5960,DH38c6ab701bb5,F101182
E14712,S96649,user1183@campus.edu,C9518,DH83b602280756,F101183
E14713,S74258,user1184@campus.edu,C9270,DH3a2e4ff7f6a3,F101184
E14714,S81646,user1185@campus.edu,C1289,DH29db8ee4e742,F101185
E14715,,user1186@campus.edu,C6153,DH3ec601d6f3ca,F101186
E14716,S33182,user1187@campus.edu,C5965,DH397c05a42a2b,F101187
E14717,S60997,user1188@campus.edu,C8986,DH31666b03fedb,F101188
E14718,S99833,user1189@campus.edu,C9837,DH557b5d4f86db,F101189
E14719,S76412,user1190@campus.edu,C1913,DHbdd33279075d,F101190
E14720,S90863,user1191@campus.edu,C6779,DH3960fed93328,F101191
E14721,S15913,user1192@campus.edu,C3100,DH7e4cc63474dc,F101192
E14722,,user1193@campus.edu,C2594,DHbf3a3cd92d04,F101193
E14723,,user1194@campus.edu,C5001,DHafec452f1408,F101194
E14724,S21133,user1195@campus.edu,C2073,DH2e0366f1a113,F101195
E14725,S80571,user1196@campus.edu,C6343,DHcd7485f6a96e,F101196
E14726,S84455,user1197@campus.edu,C9433,DHde06b51f3902,F101197
E14727,S87068,user1198@campus.edu,C1364,DH82edb57efdeb,F101198
E14728,S85043,user1199@campus.edu,C2601,DHd358d085fab7,F101199
E14729,S54035,user1200@campus.edu,C9138,DH0fba20b6f3c7,F101200
E14730,S57622,user1201@campus.edu,C8143,DHfa512082024f,F101201
E14731,S80232,user1202@campus.edu,C4507,DHe5c30d3ee77a,F101202
E14732,S62694,user1203@campus.edu,C4700,DH0609117d754e,F101203
E14733,S22416,user1204@campus.edu,C6518,DH71a2b225fe7d,F101204
E14734,S72294,user1205@campus.edu,C7997,DH195e48cb3510,F101205
E14735,S76144,user1206@campus.edu,C5913,DH0edd6d80c16f,F101206
E14736,S62730,user1207@campus.edu,C5116,DH5084a370575f,F101207
E14737,S33671,user1208@campus.edu,C1304,DH625edcc426ba,F101208
E14738,S96613,user1209@campus.edu,C8656,DH8c10b7c27627,F101209
E14739,,user1210@campus.edu,C1981,DH6fc16806424a,F101210
E14740,S41506,user1211@campus.edu,C3465,DH278d6a8982fa,F101211
E14741,S93090,user1212@campus.edu,C4335,DHa55367a736f2,F101212
E14742,,user1213@campus.edu,C4868,DH5fdfed6c1f0d,F101213
E14743,S13631,user1214@campus.edu,C5023,DH7960ceaf50c6,F101214
E14744,S65314,user1215@campus.edu,C1606,DH28fc38587291,F101215
E14745,S43868,user1216@campus.edu,C5551,DH8c9992dd1388,F101216
E14746,S73680,user1217@campus.edu,C1326,DH454f76310054,F101217
E14747,S18333,user1218@campus.edu,C7668,DH79fcacadc84c,F101218
E14748,S40938,user1219@campus.edu,C2833,DH7e3d86073275,F101219
E14749,,user1220@campus.edu,C2478,DHb03fbc5fdb34,F101220
E14750,S53160,user1221@campus.edu,C7388,DHecf2c9fb3239,F101221
E14751,S32957,user1222@campus.edu,C4507,DH5bd554d8f512,F101222
E14752,S17330,user1223@campus.edu,C9034,DH1f31198b8ff4,F101223
E14753,S51482,user1224@campus.edu,C9941,DH5c07b5682da4,F101224
E14754,S28993,user1225@campus.edu,C6947,DH960a73fa8149,F101225
E14755,,user1226@campus.edu,C1895,DHaff5d5d47389,F101226
E14756,S93748,user1227@campus.edu,C6945,DHb679f098bee0,F101227
E14757,,user1228@campus.edu,C7438,DHcac6b1d9ef1e,F101228
E14758,S48983,user1229@campus.edu,C4446,DH041e5ad886ce,F101229
E14759,S14440,user1230@campus.edu,C5489,DHc7c05156b5e3,F101230
E14760,S53610,user1231@campus.edu,C7920,DH3fd8161b831e,F101231
E14761,S18698,user1232@campus.edu,C6764,DHdc7fd514cf6c,F101232
E14762,S52830,user1233@campus.edu,C8426,DH8c1238d3dcb1,F101233
E14763,S92595,user1234@campus.edu,C8264,DHbe2ba8274aa0,F101234
E14764,S51120,user1235@campus.edu,C2347,DH0538c60e7784,F101235
E14765,S87858,user1236@campus.edu,C7722,DH06974eb7dbae,F101236
E14766,S44167,user1237@campus.edu,C3842,DH88732d516aa0,F101237
E14767,S21062,user1238@campus.edu,C7791,DH978775519dae,F101238
E14768,S84762,user1239@campus.edu,C4677,DH1012c8fc0873,F101239
E14769,,user1240@campus.edu,C8576,DHe673dd21e80b,F101240
E14770,S16525,user1241@campus.edu,C7570,DH51427d80cb77,F101241
E14771,S21673,user1242@campus.edu,C7028,DH054d85fa94ac,F101242
E14772,S67037,user1243@campus.edu,C8433,DH93713580449b,F101243
E14773,S34975,user1244@campus.edu,C5361,DHc06cd24063b4,F101244
E14774,S37080,user1245@campus.edu,C4531,DH99c11fd89593,F101245
E14775,S29129,user1246@campus.edu,C1471,DHc16078311a10,F101246
E14776,S42547,user1247@campus.edu,C7056,DHf89af461df97,F101247
E14777,S27459,user1248@campus.edu,C6296,DHc071a42d5ecf,F101248
E14778,S88275,user1249@campus.edu,C5198,DHf00045e9ff02,F101249
E14779,S53628,user1250@campus.edu,C4847,DH60fed379e634,F101250
E14780,,user1251@campus.edu,C9266,DHf07cfab59270,F101251
E14781,S97983,user1252@campus.edu,C7076,DH957decd1a96d,F101252
E14782,S44116,user1253@campus.edu,C3783,DH1a6c0ec2f057,F101253
E14783,,user1254@campus.edu,C6198,DHbc0f01e95353,F101254
E14784,S51060,user1255@campus.edu,C1723,DH7c48a8c6ef34,F101255
E14785,,user1256@campus.edu,C8046,DH3e71e9fe0cc4,F101256
E14786,S77760,user1257@campus.edu,C6128,DH55db487e5b85,F101257
E14787,S29826,user1258@campus.edu,C8208,DH869929852e70,F101258
E14788,S34004,user1259@campus.edu,C1587,DH503a2289b7e2,F101259
E14789,S67203,user1260@campus.edu,C2900,DH927550e46080,F101260
E14790,S73596,user1261@campus.edu,C8499,DHa609b643ec12,F101261
E14791,,user1262@campus.edu,C2533,DH4735f88f223e,F101262
E14792,S76681,user1263@campus.edu,C5469,DH6e91ecc78a88,F101263
E14793,S78945,user1264@campus.edu,C3958,DHdb932750ba2c,F101264
E14794,S98723,user1265@campus.edu,C2545,DH9de73637f077,F101265
E14795,S61664,user1266@campus.edu,C7120,DH2167c07c8050,F101266
E14796,,user1267@campus.edu,C8540,DH90a933dd3e6d,F101267
E14797,S87883,user1268@campus.edu,C1095,DH6c9cfe8ff8a7,F101268
E14798,S52587,user1269@campus.edu,C3118,DHb9da7cf63beb,F101269
E14799,,user1270@campus.edu,C1909,DHab1d5e76909e,F101270
E14800,,user1271@campus.edu,C5180,DH4c189b8781ee,F101271
E14801,,user1272@campus.edu,C4411,DH2c34cf1ff053,F101272
E14802,S94825,user1273@campus.edu,C3525,DHdd5548c8fb85,F101273
E14803,S50645,user1274@campus.edu,C3151,DH3db237bd3270,F101274
E14804,,user1275@campus.edu,C7358,DH950805033aca,F101275
E14805,S21825,user1276@campus.edu,C7922,DH706e3db996dc,F101276
E14806,S22182,user1277@campus.edu,C1662,DHaacde2ff6fb4,F101277
E14807,,user1278@campus.edu,C9115,DHbdcb9abdf4ae,F101278
E14808,S67325,user1279@campus.edu,C2297,DH52a0c3d7a78d,F101279
E14809,S99694,user1280@campus.edu,C5921,DH633a9b56b353,F101280
E14810,S16255,user1281@campus.edu,C2253,DHa702b7269314,F101281
E14811,S64135,user1282@campus.edu,C2548,DH43d84624272b,F101282
E14812,,user1283@campus.edu,C2339,DH48944878dd02,F101283
E14813,S33534,user1284@campus.edu,C3985,DH5f3fd47a4f7a,F101284
E14814,S51149,user1285@campus.edu,C8454,DHd5e19f566069,F101285
E14815,,user1286@campus.edu,C4032,DHbf6ae73b7d6c,F101286
E14816,S66858,user1287@campus.edu,C9755,DH2278cd1e52c1,F101287
E14817,S32509,user1288@campus.edu,C8817,DH3f5624efb3b5,F101288
E14818,,user1289@campus.edu,C6910,DH21c5bb1cb6b4,F101289
E14819,S11818,user1290@campus.edu,C4126,DHe96177f9f50e,F101290
E14820,S13514,user1291@campus.edu,C4428,DH74ee63e366be,F101291
E14821,S92058,user1292@campus.edu,C9824,DHe79db7a7b00f,F101292
E14822,S29420,user1293@campus.edu,C8765,DHdfe5dec50902,F101293
E14823,S68361,user1294@campus.edu,C8947,DH20f849d17b93,F101294
E14824,,user1295@campus.edu,C7418,DH0fe5488f2fe6,F101295
E14825,S64484,user1296@campus.edu,C9121,DH0c4343d2fa86,F101296
E14826,S14851,user1297@campus.edu,C8987,DHf10607684caa,F101297
E14827,S98954,user1298@campus.edu,C8993,DHbfc3b927098c,F101298
E14828,S85550,user1299@campus.edu,C6174,DH9fc8a135c319,F101299
E14829,S72041,user1300@campus.edu,C2915,DHc798de0faf0a,F101300
E14830,,user1301@campus.edu,C8147,DHf3e893c8f3cc,F101301
E14831,S71504,user1302@campus.edu,C6633,DH4bdd700712c8,F101302
E14832,S99780,user1303@campus.edu,C6556,DH0420507aa6cb,F101303
E14833,S61166,user1304@campus.edu,C7829,DH42661628027a,F101304
E14834,S91506,user1305@campus.edu,C4394,DH489bee7b0d2b,F101305
E14835,S32713,user1306@campus.edu,C4268,DHc3060a6a4dda,F101306
E14836,S74713,user1307@campus.edu,C5975,DH5b0afbd786d1,F101307
E14837,S57026,user1308@campus.edu,C5273,DHe875d08a5f8c,F101308
E14838,S14190,user1309@campus.edu,C2043,DHef25b7110c18,F101309
E14839,S25818,user1310@campus.edu,C4671,DH4cf4e54e0643,F101310
E14840,,user1311@campus.edu,C5382,DH429ce07f93f3,F101311
E14841,S16608,user1312@campus.edu,C8173,DH804d399bed72,F101312
E14842,,user1313@campus.edu,C9311,DH153a94f01a13,F101313
E14843,S57400,user1314@campus.edu,C3572,DHed0994a7cc35,F101314
E14844,S23014,user1315@campus.edu,C3527,DH8315a793648d,F101315
E14845,,user1316@campus.edu,C7811,DHfef3f3e9ec2e,F101316
E14846,,user1317@campus.edu,C9274,DHa54cc2d50e2e,F101317
E14847,S57270,user1318@campus.edu,C5021,DH021503b5db3e,F101318
E14848,S28087,user1319@campus.edu,C8025,DHcc922a32cc06,F101319
E14849,,user1320@campus.edu,C3385,DH0f5abedee0e7,F101320
E14850,,user1321@campus.edu,C7580,DHd05a4baf0c52,F101321
E14851,S96530,user1322@campus.edu,C3473,DH2e295e7c7d38,F101322
E14852,,user1323@campus.edu,C5986,DH0f30d47dda80,F101323
E14853,S79178,user1324@campus.edu,C3406,DH8c2723b9a45c,F101324
E14854,S91836,user1325@campus.edu,C8244,DH884f2da92fda,F101325
E14855,S21046,user1326@campus.edu,C1605,DH1b3b368ae69b,F101326
E14856,S78219,user1327@campus.edu,C9860,DH8fa25308e1a9,F101327
E14857,S50927,user1328@campus.edu,C9541,DH35c3805ad74b,F101328
E14858,S87660,user1329@campus.edu,C5238,DH5a4cf0f12291,F101329
E14859,S24475,user1330@campus.edu,C1982,DH5c734ece4358,F101330
E14860,S26228,user1331@campus.edu,C1782,DH3f91f6abca82,F101331
E14861,S69394,user1332@campus.edu,C6553,DH6c53d3036583,F101332
E14862,S88059,user1333@campus.edu,C4831,DH0513308ccee5,F101333
E14863,S98137,user1334@campus.edu,C3293,DHceea870ffe6b,F101334
E14864,S52971,user1335@campus.edu,C9461,DHa9a437fd5e5e,F101335
E14865,,user1336@campus.edu,C3401,DH024e57618a0d,F101336
E14866,S65690,user1337@campus.edu,C3130,DH07ea34baa56a,F101337
E14867,S98712,user1338@campus.edu,C9622,DH94134a3e35a0,F101338
E14868,S44562,user1339@campus.edu,C9172,DH62cad8940011,F101339
E14869,S64646,user1340@campus.edu,C3668,DH58eca92ba602,F101340
E14870,S26958,user1341@campus.edu,C9408,DHa458a5c72633,F101341
E14871,S72043,user1342@campus.edu,C1534,DHf31279dabb7c,F101342
E14872,S88852,user1343@campus.edu,C7694,DH952a0e621f49,F101343
E14873,S15279,user1344@campus.edu,C9565,DH1b98d1728e83,F101344
E14874,S49748,user1345@campus.edu,C5816,DH0a51017e4320,F101345
E14875,S87283,user1346@campus.edu,C7910,DHc319988bc055,F101346
E14876,,user1347@campus.edu,C9008,DH2afb4a8ef432,F101347
E14877,S15856,user1348@campus.edu,C7841,DH0a45471245d1,F101348
E14878,S54279,user1349@campus.edu,C7181,DH7d39973b3ee0,F101349
E14879,S76160,user1350@campus.edu,C8551,DHdf3da498514a,F101350
E14880,S21706,user1351@campus.edu,C7711,DH9ffa6a3ebb41,F101351
E14881,,user1352@campus.edu,C8259,DH11e934b5664a,F101352
E14882,,user1353@campus.edu,C6060,DH81ae2a4cb3ec,F101353
E14883,S35221,user1354@campus.edu,C9877,DHc14b652a2957,F101354
E14884,,user1355@campus.edu,C1305,DHf057ab89a2a8,F101355
E14885,S46039,user1356@campus.edu,C4371,DH40754e9ac2f6,F101356
E14886,S89541,user1357@campus.edu,C6249,DH0e8f0b5e5dc9,F101357
E14887,S54558,user1358@campus.edu,C8160,DH40e23d481e4f,F101358
E14888,S51599,user1359@campus.edu,C7258,DH17cbc5733728,F101359
E14889,S81012,user1360@campus.edu,C3755,DH8077cdc2ae75,F101360
E14890,S30214,user1361@campus.edu,C6026,DH2beca5b4f389,F101361
E14891,S33784,user1362@campus.edu,C1445,DH7a8a397fa7a0,F101362
E14892,S28672,user1363@campus.edu,C7763,DH259e1347cf81,F101363
E14893,S16799,user1364@campus.edu,C4318,DH28bc0ac6923c,F101364
E14894,S76666,user1365@campus.edu,C9264,DH83a282e08d9d,F101365
E14895,S70925,user1366@campus.edu,C7669,DH9ae3ada04cdb,F101366
E14896,S12440,user1367@campus.edu,C5409,DH1b3bcaf43ec5,F101367
E14897,S82706,user1368@campus.edu,C3057,DH166fa9156203,F101368
E14898,S93335,user1369@campus.edu,C9199,DH2a175909f83f,F101369
E14899,S42133,user1370@campus.edu,C9806,DHa1a34cb82ce3,F101370
E14900,S70902,user1371@campus.edu,C5739,DHd92b7b29f40a,F101371
E14901,S45822,user1372@campus.edu,C5110,DHd5005bc0e797,F101372
E14902,,user1373@campus.edu,C9361,DH539f27d0f718,F101373
E14903,S83804,user1374@campus.edu,C2145,DH8064ba89d8df,F101374
E14904,S28304,user1375@campus.edu,C5578,DH034a793dee35,F101375
E14905,S99404,user1376@campus.edu,C6613,DHdf675f1c0dc3,F101376
E14906,S54778,user1377@campus.edu,C4450,DH188401421f76,F101377
E14907,S94730,user1378@campus.edu,C1033,DH6e3ff41d2678,F101378
E14908,S98172,user1379@campus.edu,C3843,DH02c65da3e8b0,F101379
E14909,,user1380@campus.edu,C2329,DH13824ad25ea2,F101380
E14910,S98112,user1381@campus.edu,C3022,DHeefde6c74435,F101381
E14911,,user1382@campus.edu,C1138,DH2762a4326ba7,F101382
E14912,S68271,user1383@campus.edu,C1153,DHb6e52bca7176,F101383
E14913,S35101,user1384@campus.edu,C2474,DH9bc0b5c61bc9,F101384
E14914,,user1385@campus.edu,C6947,DH906b7c9c37b8,F101385
E14915,S37405,user1386@campus.edu,C1116,DH88858acfb2ab,F101386
E14916,S84593,user1387@campus.edu,C9197,DHaf381375df8f,F101387
E14917,S98103,user1388@campus.edu,C3875,DHb62b9156cb78,F101388
E14918,S26702,user1389@campus.edu,C5253,DHcda9c612e2b7,F101389
E14919,,user1390@campus.edu,C1378,DHa10afaf4f89d,F101390
E14920,S69497,user1391@campus.edu,C1032,DH203b49a657e0,F101391
E14921,,user1392@campus.edu,C7666,DHdd4b57107a24,F101392
E14922,S74955,user1393@campus.edu,C6922,DH67ce09a7723b,F101393
E14923,,user1394@campus.edu,C7882,DH7e151ce10c86,F101394
E14924,S35507,user1395@campus.edu,C6483,DHb7f2defa9762,F101395
E14925,,user1396@campus.edu,C2219,DH24709a068f69,F101396
E14926,S18237,user1397@campus.edu,C2584,DH5f2fc0eadd20,F101397
E14927,S87664,user1398@campus.edu,C6477,DH57c2ba9fe7e8,F101398
E14928,S54669,user1399@campus.edu,C1891,DH4c7e279f7638,F101399
E14929,S88638,user1400@campus.edu,C8184,DH9b8b1070d1b0,F101400
E14930,S17954,user1401@campus.edu,C1546,DH189c4acfc3b4,F101401
E14931,,user1402@campus.edu,C8240,DH8bbde190968b,F101402
E14932,S18623,user1403@campus.edu,C2668,DHbf4d8a4ba43d,F101403
E14933,S62649,user1404@campus.edu,C2570,DH217445158df9,F101404
E14934,S96471,user1405@campus.edu,C1173,DH93fedfe2c3b6,F101405
E14935,S91292,user1406@campus.edu,C2659,DH0037fdc7fcda,F101406
E14936,S87045,user1407@campus.edu,C4153,DH9257d5c31bb0,F101407
E14937,S87710,user1408@campus.edu,C4172,DH8352143faf31,F101408
E14938,S56581,user1409@campus.edu,C7897,DH4e8f15fe6398,F101409
E14939,S28045,user1410@campus.edu,C1722,DHc50c1beaf057,F101410
E14940,S77256,user1411@campus.edu,C6861,DHd7ed5f006a10,F101411
E14941,,user1412@campus.edu,C6057,DH0cfbfc9de6a1,F101412
E14942,S77853,user1413@campus.edu,C3369,DHa3e266708c5b,F101413
E14943,S17157,user1414@campus.edu,C7915,DHf3699d462a06,F101414
E14944,,user1415@campus.edu,C4102,DH44101a2bc884,F101415
E14945,S85813,user1416@campus.edu,C6499,DH6808a42d4bda,F101416
E14946,S23742,user1417@campus.edu,C8443,DH879a825a5334,F101417
E14947,S93724,user1418@campus.edu,C4654,DH6bcd6a817fa2,F101418
E14948,S73012,user1419@campus.edu,C6431,DH26a71e7cf648,F101419
E14949,S57555,user1420@campus.edu,C1162,DH0c78934d996b,F101420
E14950,S28664,user1421@campus.edu,C5760,DH2f22f24a7a0b,F101421
E14951,S15754,user1422@campus.edu,C1486,DHd0413e87b29f,F101422
E14952,S44340,user1423@campus.edu,C3855,DHe842048e24fd,F101423
E14953,S12817,user1424@campus.edu,C3884,DHf6d73c962a72,F101424
E14954,S59666,user1425@campus.edu,C2818,DH5489393025d1,F101425
E14955,S58449,user1426@campus.edu,C7100,DHd9f577d5c7c4,F101426
E14956,,user1427@campus.edu,C3366,DHaf112e0ca80c,F101427
E14957,S59054,user1428@campus.edu,C6209,DH5d73ab298293,F101428
E14958,,user1429@campus.edu,C4098,DH639994d4f729,F101429
E14959,S42397,user1430@campus.edu,C1872,DH85336fd90a82,F101430
E14960,,user1431@campus.edu,C2333,DHdc8368dfa9f3,F101431
E14961,S60871,user1432@campus.edu,C9342,DHc4b689100a9c,F101432
E14962,S52182,user1433@campus.edu,C7125,DHdf7e5a5c0b44,F101433
E14963,S72096,user1434@campus.edu,C5396,DHf4805949247f,F101434
E14964,S95162,user1435@campus.edu,C1599,DH411b42e545b3,F101435
E14965,,user1436@campus.edu,C4581,DH5a1dff6ed1f2,F101436
E14966,,user1437@campus.edu,C2388,DHb457790b20ba,F101437
E14967,S56081,user1438@campus.edu,C4771,DHdc6be19f9abb,F101438
E14968,S54089,user1439@campus.edu,C7981,DHffbde56b3857,F101439
E14969,S75213,user1440@campus.edu,C6194,DH3d02d965a433,F101440
E14970,S40643,user1441@campus.edu,C5351,DH32912da4a2ca,F101441
E14971,,user1442@campus.edu,C9956,DHb6c59c26c89f,F101442
E14972,,user1443@campus.edu,C6902,DH9741e14285fe,F101443
E14973,S98487,user1444@campus.edu,C6394,DHf284348f7f3c,F101444
E14974,S34987,user1445@campus.edu,C3258,DH78c0a27bc4a4,F101445
E14975,S46942,user1446@campus.edu,C6679,DH2efad3aefb4d,F101446
E14976,,user1447@campus.edu,C9399,DHc89883fe466a,F101447
E14977,S72185,user1448@campus.edu,C4829,DHabe6f44899bc,F101448
E14978,S70476,user1449@campus.edu,C6581,DHb69b480d7d9d,F101449
E14979,,user1450@campus.edu,C8187,DH788c3d94cbd6,F101450
E14980,S85695,user1451@campus.edu,C3102,DHa88412981b37,F101451
E14981,S54541,user1452@campus.edu,C4694,DH066034504f3a,F101452
E14982,S80464,user1453@campus.edu,C5909,DH6d544a3957ef,F101453
E14983,S28236,user1454@campus.edu,C3518,DH64c11c813fbf,F101454
E14984,S89670,user1455@campus.edu,C7404,DHffa9f43b5cc6,F101455
E14985,,user1456@campus.edu,C4085,DH0af825e2d3d2,F101456
E14986,S93755,user1457@campus.edu,C5991,DH0214d1e9d9c5,F101457
E14987,S33283,user1458@campus.edu,C1525,DH646f90d18ba4,F101458
E14988,S19108,user1459@campus.edu,C7322,DHbb6ba8c45cd0,F101459
E14989,S19172,user1460@campus.edu,C8449,DH2734461bfe63,F101460
E14990,S52830,user1461@campus.edu,C7731,DHece94a1199ea,F101461
E14991,,user1462@campus.edu,C8835,DH06b05d644c8c,F101462
E14992,,user1463@campus.edu,C4369,DHaa3e9e176acc,F101463
E14993,,user1464@campus.edu,C6084,DHb37ee17521a2,F101464
E14994,S46102,user1465@campus.edu,C4304,DHc1f8fd59b7da,F101465
E14995,S89278,user1466@campus.edu,C5044,DH757f807bcf92,F101466
E14996,,user1467@campus.edu,C1640,DH7a6094aa338a,F101467
E14997,S55453,user1468@campus.edu,C5873,DHa43d4c64fb34,F101468
E14998,,user1469@campus.edu,C3942,DH3f34c1a60ebb,F101469
E14999,S84529,user1470@campus.edu,C2565,DH15993090279f,F101470
E15000,S45884,user1471@campus.edu,C9810,DH17b8ba65cd54,F101471
E15001,S74682,user1472@campus.edu,C7738,DHea2320d0e8ae,F101472
E15002,,user1473@campus.edu,C6341,DHace927939548,F101473
E15003,S76330,user1474@campus.edu,C1731,DHf36c8d6206de,F101474
E15004,S59958,user1475@campus.edu,C6630,DH9f2f99f91be9,F101475
E15005,S42847,user1476@campus.edu,C2878,DH9c7faf464ee3,F101476
E15006,S73538,user1477@campus.edu,C8558,DH432983ddbf10,F101477
E15007,S67373,user1478@campus.edu,C3297,DH566f20bb5e10,F101478
E15008,,user1479@campus.edu,C2646,DH44cf412bf3eb,F101479
E15009,S32079,user1480@campus.edu,C2271,DHe95865f68600,F101480
E15010,S33322,user1481@campus.edu,C4549,DH0309f85c884c,F101481
E15011,S93203,user1482@campus.edu,C9566,DH4778c879285e,F101482
E15012,S16870,user1483@campus.edu,C1076,DHdb6d3c2f3d4b,F101483
E15013,S59105,user1484@campus.edu,C4908,DH66e628fae735,F101484
E15014,S11908,user1485@campus.edu,C6523,DHcf64d7da0240,F101485
E15015,S97046,user1486@campus.edu,C3750,DHfdc02fd619d0,F101486
E15016,S52879,user1487@campus.edu,C6286,DH7269a1aca05a,F101487
E15017,S61781,user1488@campus.edu,C8010,DH6216f5372324,F101488
E15018,S52384,user1489@campus.edu,C3844,DH8a3882b3be3d,F101489
E15019,S61011,user1490@campus.edu,C4485,DHef6222fc83ec,F101490
E15020,S95189,user1491@campus.edu,C7045,DH8856b4ad0ba7,F101491
E15021,,user1492@campus.edu,C9185,DH21680a860131,F101492
E15022,S32473,user1493@campus.edu,C5127,DHf852d15cebb0,F101493
E15023,S98853,user1494@campus.edu,C3177,DHd4c1134e184b,F101494
E15024,S97342,user1495@campus.edu,C8899,DHb90141913103,F101495
E15025,S68839,user1496@campus.edu,C7264,DH83acab5f310f,F101496
E15026,S40488,user1497@campus.edu,C1347,DH98e4804282ca,F101497
E15027,S41922,user1498@campus.edu,C2300,DH5fc4e38e1d4b,F101498
E15028,S36478,user1499@campus.edu,C3484,DHe7b1ea76f468,F101499
E15029,S88390,user1500@campus.edu,C8270,DH1228855a5321,F101500
E15030,S78271,user1501@campus.edu,C7797,DHea1d0036515c,F101501
E15031,S54922,user1502@campus.edu,C4969,DH0245425d6c2d,F101502
E15032,S39156,user1503@campus.edu,C7250,DHfdc0f95b0404,F101503
E15033,S18469,user1504@campus.edu,C9055,DH9b23df4624d7,F101504
E15034,S36767,user1505@campus.edu,C3057,DH6fcc31d8c2b4,F101505
E15035,S40973,user1506@campus.edu,C9313,DH74d7b473b729,F101506
E15036,S31516,user1507@campus.edu,C4236,DHfd6e52939206,F101507
E15037,S49728,user1508@campus.edu,C5675,DHd5a3c334296b,F101508
E15038,,user1509@campus.edu,C8883,DHbe6fb2af70b1,F101509
E15039,S71697,user1510@campus.edu,C8231,DH9549f830ee63,F101510
E15040,S30431,user1511@campus.edu,C8897,DH95b57fc8bdfc,F101511
E15041,S49351,user1512@campus.edu,C9801,DH941893c94c68,F101512
E15042,S59866,user1513@campus.edu,C8596,DH527c3d79a09c,F101513
E15043,S89432,user1514@campus.edu,C8878,DH07a0a1e68182,F101514
E15044,S35652,user1515@campus.edu,C3535,DH8871712e8a35,F101515
E15045,S59054,user1516@campus.edu,C9051,DHce4456594ac2,F101516
E15046,,user1517@campus.edu,C6043,DHf489c549974f,F101517
E15047,S26315,user1518@campus.edu,C7304,DH00abdd6030da,F101518
E15048,S43457,user1519@campus.edu,C6711,DH6d765714d8b4,F101519
E15049,S17563,user1520@campus.edu,C7313,DH85427c0923e8,F101520
E15050,S57371,user1521@campus.edu,C1462,DH07f8872b4490,F101521
E15051,S43330,user1522@campus.edu,C5053,DH5509719009f3,F101522
E15052,,user1523@campus.edu,C2512,DHb3093c0be318,F101523
E15053,S77965,user1524@campus.edu,C4093,DHbe1635ba86be,F101524
E15054,,user1525@campus.edu,C9735,DH77e4e2b2f114,F101525
E15055,S21648,user1526@campus.edu,C2790,DH36fcfc975dbb,F101526
E15056,,user1527@campus.edu,C7520,DH415f3d072fba,F101527
E15057,,user1528@campus.edu,C2144,DHd01e91472aa0,F101528
E15058,S66485,user1529@campus.edu,C3795,DH3d287279a084,F101529
E15059,S35954,user1530@campus.edu,C8970,DH4d967c5fbacb,F101530
E15060,,user1531@campus.edu,C4482,DH15c4177aeea9,F101531
E15061,S35150,user1532@campus.edu,C5249,DH529b5d06af27,F101532
E15062,S24312,user1533@campus.edu,C3721,DH9c5fe4a5c01b,F101533
E15063,S46275,user1534@campus.edu,C2052,DH3a04006c54f2,F101534
E15064,S73595,user1535@campus.edu,C2651,DHbf417c93a799,F101535
E15065,S97205,user1536@campus.edu,C1685,DHc8b52a096ab9,F101536
E15066,S59239,user1537@campus.edu,C9520,DH486cf043e28e,F101537
E15067,S89216,user1538@campus.edu,C8036,DHd917d21a6f18,F101538
E15068,S51317,user1539@campus.edu,C4925,DH2d5519f97c14,F101539
E15069,S56665,user1540@campus.edu,C6410,DHfd4dc13020e6,F101540
E15070,S28201,user1541@campus.edu,C1420,DHcbea786d73de,F101541
E15071,,user1542@campus.edu,C8404,DHd43e5a80c85c,F101542
E15072,S10410,user1543@campus.edu,C6278,DH656935bcbe71,F101543
E15073,,user1544@campus.edu,C8938,DH6cbdf30c4740,F101544
E15074,S66087,user1545@campus.edu,C8800,DHdedfb6ade884,F101545
E15075,S28764,user1546@campus.edu,C9520,DHdd1514573973,F101546
E15076,S21415,user1547@campus.edu,C5937,DHac89bfb16385,F101547
E15077,S25162,user1548@campus.edu,C8899,DHc0c530c9194a,F101548
E15078,S96474,user1549@campus.edu,C2465,DHd8307838e0cf,F101549
E15079,,user1550@campus.edu,C6349,DH09755a116c6e,F101550
E15080,S97285,user1551@campus.edu,C8803,DH9d4fa5e6b4ed,F101551
E15081,,user1552@campus.edu,C6452,DHea01144fd585,F101552
E15082,S18476,user1553@campus.edu,C6623,DH7fee5c987e5d,F101553
E15083,S67273,user1554@campus.edu,C4823,DH538cd534b753,F101554
E15084,S24599,user1555@campus.edu,C2460,DH172babad1b13,F101555
E15085,,user1556@campus.edu,C3087,DH4595c6aba3bb,F101556
E15086,S50737,user1557@campus.edu,C2013,DHe862f0856856,F101557
E15087,S65535,user1558@campus.edu,C6237,DH0f02b6aa20f8,F101558
E15088,S87434,user1559@campus.edu,C4639,DH9e610f8b5837,F101559
E15089,S51409,user1560@campus.edu,C3370,DHdfb3057ff82e,F101560
E15090,S29323,user1561@campus.edu,C5643,DHc2da14d09284,F101561
E15091,S75847,user1562@campus.edu,C3022,DH53f698eed4c3,F101562
E15092,S74883,user1563@campus.edu,C5775,DH613e897b37de,F101563
E15093,,user1564@campus.edu,C4450,DH2c6f3713571e,F101564
E15094,,user1565@campus.edu,C7419,DHba9180765bb8,F101565
E15095,,user1566@campus.edu,C8756,DH7d81bd66bdba,F101566
E15096,S47098,user1567@campus.edu,C5626,DHbf7d9ec85fef,F101567
E15097,S52391,user1568@campus.edu,C1886,DH770edaf5d347,F101568
E15098,S28030,user1569@campus.edu,C8239,DH83ab01b4f883,F101569
E15099,,user1570@campus.edu,C4205,DH2f6798d9f738,F101570
E15100,S23362,user1571@campus.edu,C3418,DH341e8b2b80ea,F101571
E15101,S17383,user1572@campus.edu,C2573,DH949fe81d56b5,F101572
E15102,S25380,user1573@campus.edu,C9444,DH0555c93f6f31,F101573
E15103,S92178,user1574@campus.edu,C7619,DHa39d98790a84,F101574
E15104,S74045,user1575@campus.edu,C5959,DHbb7d08046716,F101575
E15105,S97914,user1576@campus.edu,C2468,DH668ca4f6b8cc,F101576
E15106,S58145,user1577@campus.edu,C1190,DH980416257ccf,F101577
E15107,S94070,user1578@campus.edu,C9351,DHe69e3b9b5838,F101578
E15108,S72848,user1579@campus.edu,C5484,DH410aa2461859,F101579
E15109,S94488,user1580@campus.edu,C8105,DH95e314cc011d,F101580
E15110,S18322,user1581@campus.edu,C9806,DH6780c026107a,F101581
E15111,,user1582@campus.edu,C9788,DHb1f752e9ce19,F101582
E15112,S80645,user1583@campus.edu,C3033,DH95e70bb612e6,F101583
E15113,S33584,user1584@campus.edu,C1087,DH3b08462a0372,F101584
E15114,,user1585@campus.edu,C4378,DHb25f5613791d,F101585
E15115,S21090,user1586@campus.edu,C3043,DH9153ef19ab85,F101586
E15116,S32492,user1587@campus.edu,C7931,DH4a20538a70b9,F101587
E15117,S48456,user1588@campus.edu,C9750,DH753f8859a8bf,F101588
E15118,S78506,user1589@campus.edu,C6769,DH4c9df9863318,F101589
E15119,S96850,user1590@campus.edu,C1732,DH70d18261a1b3,F101590
E15120,S38208,user1591@campus.edu,C3198,DH764378a37640,F101591
E15121,S46358,user1592@campus.edu,C3105,DH2543c1786c95,F101592
E15122,S44167,user1593@campus.edu,C7255,DHfce5d4889855,F101593
E15123,S98673,user1594@campus.edu,C7968,DHc701034dead0,F101594
E15124,S92984,user1595@campus.edu,C4156,DHa7820b6ad1cc,F101595
E15125,S89291,user1596@campus.edu,C3687,DHffc62b5af0d3,F101596
E15126,S59668,user1597@campus.edu,C1424,DH3c245d19789b,F101597
E15127,S79660,user1598@campus.edu,C2802,DH5d8454e09e44,F101598
E15128,S57555,user1599@campus.edu,C6464,DHf9764ee73905,F101599
E15129,,user1600@campus.edu,C2604,DHdd3c70c53db3,F101600
E15130,S26187,user1601@campus.edu,C3879,DH8097f43d5690,F101601
E15131,S22522,user1602@campus.edu,C9666,DHf4929911109b,F101602
E15132,,user1603@campus.edu,C1785,DH2aadbde1ad60,F101603
E15133,,user1604@campus.edu,C9711,DH29f1e4be1af8,F101604
E15134,,user1605@campus.edu,C3090,DH4b993a8802d1,F101605
E15135,S96188,user1606@campus.edu,C3070,DH8b6c3a64ba13,F101606
E15136,S16929,user1607@campus.edu,C7064,DHdf4499882d95,F101607
E15137,S33999,user1608@campus.edu,C8191,DH7de8d8537af5,F101608
E15138,S66068,user1609@campus.edu,C9529,DHb9f9dce2ca0c,F101609
E15139,S50063,user1610@campus.edu,C7660,DH162445f8238f,F101610
E15140,S41462,user1611@campus.edu,C2534,DH8c8ea0f907d2,F101611
E15141,S82634,user1612@campus.edu,C9074,DH366b514658aa,F101612
E15142,S72869,user1613@campus.edu,C9156,DH4a6799c4ede4,F101613
E15143,S11821,user1614@campus.edu,C4115,DH7aca425d543a,F101614
E15144,S42011,user1615@campus.edu,C9652,DH7aa2fb0210df,F101615
E15145,S98410,user1616@campus.edu,C9577,DH766d56594069,F101616
E15146,S77329,user1617@campus.edu,C6788,DH0a587ddf077c,F101617
E15147,S58927,user1618@campus.edu,C2855,DH4dec2d3f4117,F101618
E15148,,user1619@campus.edu,C8915,DH7b239583a5b4,F101619
E15149,S61592,user1620@campus.edu,C4562,DH637fdd42333b,F101620
E15150,,user1621@campus.edu,C8999,DH44b416a3ef36,F101621
E15151,S53063,user1622@campus.edu,C5888,DH12327ee4ce74,F101622
E15152,S62699,user1623@campus.edu,C6808,DH4170cee5db96,F101623
E15153,S21107,user1624@campus.edu,C9668,DH7ddfc4120b55,F101624
E15154,S10905,user1625@campus.edu,C3549,DH8dc7fcf26a98,F101625
E15155,S49227,user1626@campus.edu,C6971,DH78340290558a,F101626
E15156,S24246,user1627@campus.edu,C8185,DHc0df85264510,F101627
E15157,S10761,user1628@campus.edu,C6885,DHa71a0b32d698,F101628
E15158,S27521,user1629@campus.edu,C7464,DHb06b351829c0,F101629
E15159,,user1630@campus.edu,C8852,DH776a68bc18b6,F101630
E15160,S74955,user1631@campus.edu,C3087,DH6dbd54eda465,F101631
E15161,S27225,user1632@campus.edu,C2797,DH19eeb8d20bf9,F101632
E15162,S75536,user1633@campus.edu,C1223,DHfcb75c34ede0,F101633
E15163,S66317,user1634@campus.edu,C1131,DHc074c74a33d1,F101634
E15164,S20828,user1635@campus.edu,C8027,DH000de88e0255,F101635
E15165,S34492,user1636@campus.edu,C5087,DH6246baea4d5f,F101636
E15166,,user1637@campus.edu,C8764,DH19babb55cc1f,F101637
E15167,S87489,user1638@campus.edu,C3436,DHf2aba695d0c0,F101638
E15168,S45895,user1639@campus.edu,C4148,DH6f69bcb86ee0,F101639
E15169,S21919,user1640@campus.edu,C1834,DH23a1fb264bf0,F101640
E15170,S39068,user1641@campus.edu,C6507,DH101553868856,F101641
E15171,S94393,user1642@campus.edu,C1846,DHecc920411a59,F101642
E15172,S56009,user1643@campus.edu,C7849,DHe091b75b919c,F101643
E15173,,user1644@campus.edu,C1854,DH6bdc1d8ad591,F101644
E15174,S89498,user1645@campus.edu,C2650,DHba78d3cdfe22,F101645
E15175,S57655,user1646@campus.edu,C6476,DHfe311c9c01a4,F101646
E15176,S99517,user1647@campus.edu,C3134,DHbbd1a41d0183,F101647
E15177,S87189,user1648@campus.edu,C9664,DH4c119969d88a,F101648
E15178,S37529,user1649@campus.edu,C7292,DH359d61ffaa9b,F101649
E15179,S25775,user1650@campus.edu,C1672,DH191ef2320042,F101650
E15180,S22928,user1651@campus.edu,C2226,DH720e0031d1ca,F101651
E15181,S36476,user1652@campus.edu,C9741,DHa2b4bdf00742,F101652
E15182,S82154,user1653@campus.edu,C5137,DHf3cc83d15719,F101653
E15183,,user1654@campus.edu,C8145,DHa561349c5f00,F101654
E15184,S12867,user1655@campus.edu,C3735,DH91c9a35632b7,F101655
E15185,S47965,user1656@campus.edu,C1744,DH31421f508e17,F101656
E15186,S62100,user1657@campus.edu,C9110,DHd1190716c9f7,F101657
E15187,,user1658@campus.edu,C9344,DH9879997010ec,F101658
E15188,S89589,user1659@campus.edu,C5448,DH5f997997fff1,F101659
E15189,S38548,user1660@campus.edu,C1145,DH76b35c8e892a,F101660
E15190,S43925,user1661@campus.edu,C5971,DHafe2d51b57a1,F101661
E15191,S25611,user1662@campus.edu,C3803,DHdd4fd786cc14,F101662
E15192,S15123,user1663@campus.edu,C3427,DH2885d0b7e3f4,F101663
E15193,S94202,user1664@campus.edu,C5079,DH0ea579200a29,F101664
E15194,S92927,user1665@campus.edu,C7047,DH673f2eeb4a3c,F101665
E15195,,user1666@campus.edu,C5831,DHed652b0329d0,F101666
E15196,S56593,user1667@campus.edu,C4592,DHbd6f8d8a59e3,F101667
E15197,S80436,user1668@campus.edu,C2743,DH32c24803d646,F101668
E15198,,user1669@campus.edu,C6312,DH6221f6095fdc,F101669
E15199,S30400,user1670@campus.edu,C8308,DH3df6a87fa0f6,F101670
E15200,S22280,user1671@campus.edu,C9125,DH1aea5e5722b0,F101671
E15201,S34754,user1672@campus.edu,C9036,DH800a6509b348,F101672
E15202,S33295,user1673@campus.edu,C7458,DH4b1c635b1597,F101673
E15203,S65888,user1674@campus.edu,C5018,DH0996fcb95793,F101674
E15204,S27995,user1675@campus.edu,C1193,DH815d9f40c430,F101675
E15205,S24422,user1676@campus.edu,C1222,DHefa8569e0e4f,F101676
E15206,S45082,user1677@campus.edu,C3336,DH48ed593b072e,F101677
E15207,S23938,user1678@campus.edu,C9886,DH5cf5fd8d0377,F101678
E15208,S83774,user1679@campus.edu,C8279,DH7c7836c88a5a,F101679
E15209,S41956,user1680@campus.edu,C1915,DH7e67fbfa57d7,F101680
E15210,S12779,user1681@campus.edu,C1729,DH00d89ef08b5e,F101681
E15211,S64432,user1682@campus.edu,C3323,DHc7a8235cadd3,F101682
E15212,S60512,user1683@campus.edu,C3414,DH064c8590311b,F101683
E15213,S24733,user1684@campus.edu,C9057,DH99becbb1b3c1,F101684
E15214,S56833,user1685@campus.edu,C2249,DHcf5dfe2af9a2,F101685
E15215,S15681,user1686@campus.edu,C3475,DH1fa445a4dc61,F101686
E15216,S33771,user1687@campus.edu,C7967,DHc1bab7047f4c,F101687
E15217,S55663,user1688@campus.edu,C2702,DHbdd679677beb,F101688
E15218,S20009,user1689@campus.edu,C1035,DH4f0addfdf57e,F101689
E15219,S68549,user1690@campus.edu,C8838,DH6063be334a42,F101690
E15220,S28961,user1691@campus.edu,C2481,DH199d0de8cfc4,F101691
E15221,S56217,user1692@campus.edu,C6231,DH6e7b808bc472,F101692
E15222,S88871,user1693@campus.edu,C6463,DH23c4a2a4625f,F101693
E15223,S75156,user1694@campus.edu,C9826,DHd8c601c54746,F101694
E15224,S60413,user1695@campus.edu,C2369,DH1319f0e11f10,F101695
E15225,S21436,user1696@campus.edu,C4853,DHc9994ac6071f,F101696
E15226,S57500,user1697@campus.edu,C8764,DH0265ad898519,F101697
E15227,S57298,user1698@campus.edu,C3283,DH555a319c212e,F101698
E15228,S65191,user1699@campus.edu,C4973,DHe918eaf6162c,F101699
E15229,S25366,user1700@campus.edu,C3344,DHe120171c2ed6,F101700
E15230,S58717,user1701@campus.edu,C1886,DH5cbd5586a3fc,F101701
E15231,S30732,user1702@campus.edu,C1494,DH0a4376a1e33e,F101702
E15232,S20101,user1703@campus.edu,C1204,DHd9d7158cbdd7,F101703
E15233,S71573,user1704@campus.edu,C3295,DHa189de933956,F101704
E15234,S68192,user1705@campus.edu,C1216,DH7f22939349ff,F101705
E15235,S89190,user1706@campus.edu,C3843,DH90dc8be4c909,F101706
E15236,S99116,user1707@campus.edu,C8443,DH4510e3dad439,F101707
E15237,,user1708@campus.edu,C3569,DHd2dc67f34b88,F101708
E15238,S37769,user1709@campus.edu,C7560,DH101af970e5a6,F101709
E15239,S83307,user1710@campus.edu,C2264,DHc08f467add34,F101710
E15240,S59868,user1711@campus.edu,C3700,DHfbedcf2ab408,F101711
E15241,S45378,user1712@campus.edu,C2776,DH132821ba2b12,F101712
E15242,S13676,user1713@campus.edu,C4924,DH9ee5e447495e,F101713
E15243,S37775,user1714@campus.edu,C1179,DH150def1653f1,F101714
E15244,S41501,user1715@campus.edu,C5410,DHde7357f0e2db,F101715
E15245,S73413,user1716@campus.edu,C1748,DH6196380eeecb,F101716
E15246,S11111,user1717@campus.edu,C6843,DH24ef2488473d,F101717
E15247,S61202,user1718@campus.edu,C6830,DHc0ff4c2a0884,F101718
E15248,S23238,user1719@campus.edu,C9227,DHe9473b479701,F101719
E15249,S72515,user1720@campus.edu,C1612,DHfc374e519aa6,F101720
E15250,S20322,user1721@campus.edu,C2528,DH8f6cfc70c70e,F101721
E15251,,user1722@campus.edu,C9218,DH840f2b8d169e,F101722
E15252,S68652,user1723@campus.edu,C3149,DH34ee4ae73734,F101723
E15253,S15244,user1724@campus.edu,C7350,DHa246dc21cfa3,F101724
E15254,,user1725@campus.edu,C9151,DHd1b2ae0e046b,F101725
E15255,S81714,user1726@campus.edu,C2428,DHa29e21fd6a44,F101726
E15256,S48745,user1727@campus.edu,C3645,DH217dcdf52820,F101727
E15257,S21695,user1728@campus.edu,C2165,DH220c0586619b,F101728
E15258,S43557,user1729@campus.edu,C8242,DH86c5b2fc35e4,F101729
E15259,,user1730@campus.edu,C5696,DH95c92ceca9a9,F101730
E15260,,user1731@campus.edu,C9396,DH2a95bbdcf294,F101731
E15261,S76314,user1732@campus.edu,C8374,DHb0119550d039,F101732
E15262,S42088,user1733@campus.edu,C1130,DH293f3de9eaf1,F101733
E15263,S84728,user1734@campus.edu,C7541,DH45a413d9457d,F101734
E15264,S97706,user1735@campus.edu,C2531,DH4e52869be25d,F101735
E15265,S70929,user1736@campus.edu,C2787,DH5a5e247705be,F101736
E15266,S66769,user1737@campus.edu,C4268,DHe4edd04c4928,F101737
E15267,S89215,user1738@campus.edu,C8967,DH8b2597cae823,F101738
E15268,S15017,user1739@campus.edu,C9930,DH1f32b536ee9a,F101739
E15269,S51967,user1740@campus.edu,C1513,DHb990ee353147,F101740
E15270,S66375,user1741@campus.edu,C8756,DH821f7a48f317,F101741
E15271,S99610,user1742@campus.edu,C7929,DHbeb6207f6a78,F101742
E15272,S28577,user1743@campus.edu,C2134,DH7e731c5c3eee,F101743
E15273,S65013,user1744@campus.edu,C9597,DH9417084f27da,F101744
E15274,S22116,user1745@campus.edu,C8021,DH90c06de0769b,F101745
E15275,S64932,user1746@campus.edu,C8890,DHe3b7219b2edb,F101746
E15276,S67250,user1747@campus.edu,C6811,DH437c8d0a088d,F101747
E15277,,user1748@campus.edu,C3369,DH586178df596d,F101748
E15278,S29331,user1749@campus.edu,C9182,DH89c4aa6299e8,F101749
E15279,S44446,user1750@campus.edu,C9531,DH2dc30d93779c,F101750
E15280,,user1751@campus.edu,C2596,DHc639743d754e,F101751
E15281,S65073,user1752@campus.edu,C9947,DH56b409cda12a,F101752
E15282,S37494,user1753@campus.edu,C4131,DHf45e14129460,F101753
E15283,S12122,user1754@campus.edu,C5947,DH08cba8c6d03b,F101754
E15284,,user1755@campus.edu,C8471,DHbcedbc8ccc8d,F101755
E15285,S65816,user1756@campus.edu,C9571,DH7302dc498835,F101756
E15286,,user1757@campus.edu,C3898,DHda877c7752ce,F101757
E15287,S60012,user1758@campus.edu,C5669,DHb05bd57c6a0e,F101758
E15288,S21484,user1759@campus.edu,C2700,DH6b2c826a794e,F101759
E15289,S23588,user1760@campus.edu,C9133,DH4a06bb4586af,F101760
E15290,S75976,user1761@campus.edu,C1534,DHdc1ad0c5e3cf,F101761
E15291,S82297,user1762@campus.edu,C7243,DH56db70cf4354,F101762
E15292,,user1763@campus.edu,C8601,DH6ace95f4e0c6,F101763
E15293,S39351,user1764@campus.edu,C9315,DH3b17c8aabd7a,F101764
E15294,,user1765@campus.edu,C7794,DH9936eb879043,F101765
E15295,,user1766@campus.edu,C1430,DHe1ea29410684,F101766
E15296,,user1767@campus.edu,C8045,DHbe7664d3299f,F101767
E15297,,user1768@campus.edu,C7444,DH4a01009bddc5,F101768
E15298,S32769,user1769@campus.edu,C7604,DH4a6912a10b37,F101769
E15299,S23051,user1770@campus.edu,C3069,DH71fab24c02a0,F101770
E15300,S92223,user1771@campus.edu,C5263,DH9fa7084beacd,F101771
E15301,,user1772@campus.edu,C1420,DHe5b0a514e5ae,F101772
E15302,S30060,user1773@campus.edu,C1455,DH45e75f2097fb,F101773
E15303,,user1774@campus.edu,C1414,DHec4284240c66,F101774
E15304,S34452,user1775@campus.edu,C4927,DH39ebc93a3d53,F101775
E15305,S59559,user1776@campus.edu,C5267,DH716ecc5abc5c,F101776
E15306,S92239,user1777@campus.edu,C1379,DH7d3fe47fdb77,F101777
E15307,S26080,user1778@campus.edu,C2754,DH3fecaff6f81c,F101778
E15308,S22160,user1779@campus.edu,C2267,DH2601ec9f9c07,F101779
E15309,,user1780@campus.edu,C9045,DH7b2960a9f1ed,F101780
E15310,S37563,user1781@campus.edu,C7879,DH3ff93bba6eb0,F101781
E15311,S31116,user1782@campus.edu,C3945,DH3bb69f70b786,F101782
E15312,,user1783@campus.edu,C6616,DHc6ba8999e9b6,F101783
E15313,,user1784@campus.edu,C5169,DH9902b4dc2c08,F101784
E15314,S13019,user1785@campus.edu,C9486,DH1e3f850634eb,F101785
E15315,S25045,user1786@campus.edu,C4554,DH7439117b8c13,F101786
E15316,S26591,user1787@campus.edu,C5384,DH9a7c507fb7a6,F101787
E15317,S55685,user1788@campus.edu,C5822,DH1c3bc1592063,F101788
E15318,S35304,user1789@campus.edu,C5097,DH092a9b205674,F101789
E15319,S61488,user1790@campus.edu,C2685,DH88a6229c6db0,F101790
E15320,S73941,user1791@campus.edu,C8101,DH2705fbe0ad60,F101791
E15321,S51779,user1792@campus.edu,C2762,DH33e7046f17a0,F101792
E15322,S56257,user1793@campus.edu,C7126,DHcd89a918ff03,F101793
E15323,S77024,user1794@campus.edu,C5146,DHf2be360d2345,F101794
E15324,S56170,user1795@campus.edu,C7525,DHbc9214f60665,F101795
E15325,S66280,user1796@campus.edu,C4046,DH3b661ffbe510,F101796
E15326,S58754,user1797@campus.edu,C3376,DH11bbfde989d9,F101797
E15327,S53105,user1798@campus.edu,C4502,DHbcdbca90d631,F101798
E15328,S83615,user1799@campus.edu,C2085,DH7ae0b09e14ab,F101799
E15329,S38503,user1800@campus.edu,C2686,DH2487b28ec02c,F101800
E15330,S85228,user1801@campus.edu,C7909,DHbf9a13fae6d6,F101801
E15331,,user1802@campus.edu,C9092,DH4e23798edd2d,F101802
E15332,,user1803@campus.edu,C8418,DHecc445b250bc,F101803
E15333,S40988,user1804@campus.edu,C1348,DH6c323e4d6e76,F101804
E15334,S10609,user1805@campus.edu,C8565,DH1423c593e460,F101805
E15335,,user1806@campus.edu,C9740,DHd0f768eb3701,F101806
E15336,S19103,user1807@campus.edu,C8698,DH3aca3db6b11e,F101807
E15337,S51574,user1808@campus.edu,C6665,DHb5abb33ac444,F101808
E15338,S74725,user1809@campus.edu,C1771,DH466a94c726f7,F101809
E15339,S74662,user1810@campus.edu,C2989,DHa9d0b11fd18a,F101810
E15340,S16269,user1811@campus.edu,C1170,DH3046d60f62d6,F101811
E15341,,user1812@campus.edu,C2442,DH5e0aa32a559a,F101812
E15342,,user1813@campus.edu,C1705,DH8e57b3225d9c,F101813
E15343,,user1814@campus.edu,C7218,DH009fbfdd4b46,F101814
E15344,,user1815@campus.edu,C6231,DHfda9243a227b,F101815
E15345,,user1816@campus.edu,C3004,DH357924be4054,F101816
E15346,S96673,user1817@campus.edu,C9029,DHeb8cd29ec413,F101817
E15347,S39600,user1818@campus.edu,C2504,DHaddc33c64b01,F101818
E15348,S83205,user1819@campus.edu,C4971,DH285b5025cf7b,F101819
E15349,S17899,user1820@campus.edu,C4481,DHb4ae616d8353,F101820
E15350,S34630,user1821@campus.edu,C8989,DH657e78e3c48b,F101821
E15351,S79159,user1822@campus.edu,C9420,DHe1b78048a8bc,F101822
E15352,S76127,user1823@campus.edu,C2731,DH88760676a2b6,F101823
E15353,,user1824@campus.edu,C9412,DH69aef3703977,F101824
E15354,S65455,user1825@campus.edu,C3690,DH80e5497a2f24,F101825
E15355,S70418,user1826@campus.edu,C2755,DH1c938b9ee537,F101826
E15356,S34514,user1827@campus.edu,C5370,DH8f5f690061d2,F101827
E15357,S56131,user1828@campus.edu,C5351,DH3fbcb6c6bb64,F101828
E15358,S37795,user1829@campus.edu,C3467,DHd2c3125a1440,F101829
E15359,S16967,user1830@campus.edu,C8230,DH49b096ab9bc9,F101830
E15360,S65389,user1831@campus.edu,C4177,DH2fce193ee286,F101831
E15361,S46166,user1832@campus.edu,C9676,DHd8848f86146d,F101832
E15362,S99281,user1833@campus.edu,C1817,DH1664d8205f01,F101833
E15363,S14677,user1834@campus.edu,C5361,DHb2a455c206c3,F101834
E15364,S39683,user1835@campus.edu,C7628,DH9f3578137710,F101835
E15365,S74903,user1836@campus.edu,C4370,DHf436c2afdfb2,F101836
E15366,S88159,user1837@campus.edu,C5718,DH3b87e47d5656,F101837
E15367,S72489,user1838@campus.edu,C6002,DHe928b948f962,F101838
E15368,S31842,user1839@campus.edu,C4069,DHb62b65c6ec01,F101839
E15369,S97298,user1840@campus.edu,C8775,DH80189a223ed0,F101840
E15370,S20089,user1841@campus.edu,C3797,DHf0d1a2ea66d1,F101841
E15371,S86435,user1842@campus.edu,C1016,DH87a84a1ac7c3,F101842
E15372,S12279,user1843@campus.edu,C5762,DH6019f5a5125c,F101843
E15373,S22308,user1844@campus.edu,C2638,DHb937f639cd1a,F101844
E15374,S81527,user1845@campus.edu,C5216,DH2a2a990806ff,F101845
E15375,S56219,user1846@campus.edu,C5933,DH1b707b34ccd3,F101846
E15376,S73485,user1847@campus.edu,C2847,DHce566e5e0c33,F101847
E15377,S29385,user1848@campus.edu,C7722,DHa2fc6c7946bc,F101848
E15378,S42029,user1849@campus.edu,C8056,DH4321c58ab40e,F101849
E15379,S59516,user1850@campus.edu,C2768,DHb4316b3551cc,F101850
E15380,,user1851@campus.edu,C5346,DHb78b59f01e33,F101851
E15381,S46208,user1852@campus.edu,C6067,DHfc3572f871a8,F101852
E15382,S90264,user1853@campus.edu,C3014,DH051ef64589ad,F101853
E15383,S47802,user1854@campus.edu,C2805,DHf1a131941e85,F101854
E15384,,user1855@campus.edu,C3461,DH87cce48934ce,F101855
E15385,S49799,user1856@campus.edu,C8976,DH1a5d97c8cf32,F101856
E15386,S69488,user1857@campus.edu,C1670,DH4f2c65b1163d,F101857
E15387,,user1858@campus.edu,C6010,DH524ab12040a0,F101858
E15388,S16540,user1859@campus.edu,C5119,DHf4633548e7a6,F101859
E15389,,user1860@campus.edu,C5434,DH3813ce4e2f07,F101860
E15390,S48116,user1861@campus.edu,C4585,DHc03dfac45e55,F101861
E15391,,user1862@campus.edu,C7539,DH0868976c0b3d,F101862
E15392,,user1863@campus.edu,C8140,DH07eabfc0f100,F101863
E15393,S42770,user1864@campus.edu,C3223,DH267d28a49582,F101864
E15394,S21219,user1865@campus.edu,C5871,DHa3f8f94a97cb,F101865
E15395,S67264,user1866@campus.edu,C2573,DH4f3e0e31557c,F101866
E15396,S76036,user1867@campus.edu,C6858,DHb88b96ee343d,F101867
E15397,S63773,user1868@campus.edu,C8557,DH8cd244cbc3b6,F101868
E15398,S21590,user1869@campus.edu,C3303,DHcb50f705f527,F101869
E15399,S77135,user1870@campus.edu,C7113,DH6bac7256642d,F101870
E15400,S48449,user1871@campus.edu,C1877,DHb605673a2829,F101871
E15401,S70661,user1872@campus.edu,C9487,DH30fbffd34efc,F101872
E15402,S95181,user1873@campus.edu,C2753,DHa50dee25645e,F101873
E15403,S84113,user1874@campus.edu,C8888,DH3437d2097fee,F101874
E15404,S98396,user1875@campus.edu,C9369,DH2aea1184446c,F101875
E15405,S74920,user1876@campus.edu,C3234,DH5472c7b6209a,F101876
E15406,S10845,user1877@campus.edu,C8945,DH892a932146ba,F101877
E15407,S30056,user1878@campus.edu,C2983,DH48859ff23c23,F101878
E15408,S72094,user1879@campus.edu,C1403,DH35596edf78ec,F101879
E15409,S49311,user1880@campus.edu,C7628,DH04e597f6ab93,F101880
E15410,,user1881@campus.edu,C8194,DH30b61ef1f886,F101881
E15411,S34223,user1882@campus.edu,C3321,DH92c862c5ab7e,F101882
E15412,S36260,user1883@campus.edu,C8801,DHbaf4ec984d96,F101883
E15413,S87170,user1884@campus.edu,C9076,DH5ff099529cf4,F101884
E15414,S70812,user1885@campus.edu,C7830,DHb0494e022a8c,F101885
E15415,S25745,user1886@campus.edu,C7380,DH8da6614e62df,F101886
E15416,S68258,user1887@campus.edu,C1698,DH4e38e2beb4ac,F101887
E15417,S46294,user1888@campus.edu,C1149,DH314fb8456332,F101888
E15418,S37627,user1889@campus.edu,C6715,DH5d959e74203e,F101889
E15419,S95972,user1890@campus.edu,C3480,DHe88151db5dac,F101890
E15420,S46482,user1891@campus.edu,C5963,DH7b3f20937a2c,F101891
E15421,,user1892@campus.edu,C8729,DH89609087ea89,F101892
E15422,S96364,user1893@campus.edu,C9608,DH5a7417a56e0a,F101893
E15423,S86116,user1894@campus.edu,C6703,DH118272193077,F101894
E15424,,user1895@campus.edu,C3607,DH5abe2610f39c,F101895
E15425,S99040,user1896@campus.edu,C8805,DH5a8e8bfcf513,F101896
E15426,,user1897@campus.edu,C3850,DHa0f663be360f,F101897
E15427,,user1898@campus.edu,C2875,DH9821bc5ed6a0,F101898
E15428,S89499,user1899@campus.edu,C1482,DH72d95bc94690,F101899
E15429,S59496,user1900@campus.edu,C3182,DHc072a67c9ac7,F101900
E15430,S74369,user1901@campus.edu,C8168,DH899d0ece02bb,F101901
E15431,S66893,user1902@campus.edu,C9659,DHa7efdc662d5c,F101902
E15432,S36678,user1903@campus.edu,C1544,DHa425e410d318,F101903
E15433,S84487,user1904@campus.edu,C9955,DH15ce19422bc0,F101904
E15434,S75034,user1905@campus.edu,C4115,DHa2065eda0e2e,F101905
E15435,,user1906@campus.edu,C3258,DHad71610ea543,F101906
E15436,S19288,user1907@campus.edu,C2280,DHbc9f4bd242f0,F101907
E15437,S75367,user1908@campus.edu,C4777,DH7ac4acadd83c,F101908
E15438,S39362,user1909@campus.edu,C5749,DHe377224c074d,F101909
E15439,S30691,user1910@campus.edu,C5719,DHb9780aa8f8ac,F101910
E15440,S90117,user1911@campus.edu,C9192,DH6f0c4add9fd2,F101911
E15441,S24532,user1912@campus.edu,C8716,DH8be56f87acf9,F101912
E15442,S44194,user1913@campus.edu,C4285,DH5c99e7bfc70f,F101913
E15443,S53202,user1914@campus.edu,C2021,DH6378b0b861d7,F101914
E15444,S89954,user1915@campus.edu,C1579,DHbcbaae14929c,F101915
E15445,,user1916@campus.edu,C3121,DHc828bfb855e3,F101916
E15446,S76532,user1917@campus.edu,C4690,DH697e824987f1,F101917
E15447,S12810,user1918@campus.edu,C1906,DHd85b969bd741,F101918
E15448,S99383,user1919@campus.edu,C1296,DHd1515e6bb6cf,F101919
E15449,S26415,user1920@campus.edu,C8040,DH9b849cae5e42,F101920
E15450,S25465,user1921@campus.edu,C7024,DH4f009b38813c,F101921
E15451,S41217,user1922@campus.edu,C4801,DHda9fa49d098f,F101922
E15452,S80283,user1923@campus.edu,C1750,DHf8ae07ed77da,F101923
E15453,,user1924@campus.edu,C8185,DH1ae87851b93d,F101924
E15454,S88959,user1925@campus.edu,C5001,DHb6ce9e270c7e,F101925
E15455,S96190,user1926@campus.edu,C3005,DH0ca0b202bce9,F101926
E15456,S36982,user1927@campus.edu,C9108,DH15312bb6dd73,F101927
E15457,S58094,user1928@campus.edu,C5795,DH0059289163ae,F101928
E15458,,user1929@campus.edu,C2710,DH2c305cc56770,F101929
E15459,,user1930@campus.edu,C4335,DHdf93779e0569,F101930
E15460,S37625,user1931@campus.edu,C3011,DH89e09df228c3,F101931
E15461,S67708,user1932@campus.edu,C8434,DHf60f04240c52,F101932
E15462,S45428,user1933@campus.edu,C5554,DHfc058540ea5e,F101933
E15463,S17827,user1934@campus.edu,C5572,DHc0a1091c79ce,F101934
E15464,S60418,user1935@campus.edu,C8274,DH2c630deaa0fd,F101935
E15465,S96497,user1936@campus.edu,C8062,DH5ff2bc020742,F101936
E15466,S80981,user1937@campus.edu,C6698,DH21d51bbe8b35,F101937
E15467,S44410,user1938@campus.edu,C4547,DH63ddd8d7770c,F101938
E15468,S66895,user1939@campus.edu,C8004,DH76bfdc8b3ef0,F101939
E15469,S80092,user1940@campus.edu,C8594,DH5cfeb5b927d9,F101940
E15470,S44091,user1941@campus.edu,C3663,DHe94d3d643e06,F101941
E15471,S27284,user1942@campus.edu,C1248,DH5bcac7cd42b0,F101942
E15472,S81146,user1943@campus.edu,C5846,DH0b2aab4b6a64,F101943
E15473,S45949,user1944@campus.edu,C6926,DH22f8ae5ce343,F101944
E15474,S11617,user1945@campus.edu,C3036,DH0b42e58f5c0f,F101945
E15475,S33433,user1946@campus.edu,C8271,DHca5bb381c085,F101946
E15476,S14850,user1947@campus.edu,C6877,DHe3bfc03a849b,F101947
E15477,S85965,user1948@campus.edu,C2303,DHfbd7661dc985,F101948
E15478,S67729,user1949@campus.edu,C3945,DH45fdbdc6c8ed,F101949
E15479,S26675,user1950@campus.edu,C4726,DH410a37916fd7,F101950
E15480,,user1951@campus.edu,C1630,DHbd18789d2ec2,F101951
E15481,,user1952@campus.edu,C4734,DH86ee9b874ea0,F101952
E15482,,user1953@campus.edu,C1732,DH69acd08c47fd,F101953
E15483,S76445,user1954@campus.edu,C8271,DHcd0677d38906,F101954
E15484,S52701,user1955@campus.edu,C7084,DHbaa8eb72ac55,F101955
E15485,S28753,user1956@campus.edu,C1404,DH28f98866e48a,F101956
E15486,S63495,user1957@campus.edu,C7139,DHa9982ed9688d,F101957
E15487,S58274,user1958@campus.edu,C1730,DHdd462c10a027,F101958
E15488,,user1959@campus.edu,C4464,DH19270239fd72,F101959
E15489,S86216,user1960@campus.edu,C6636,DH4379b20a621c,F101960
E15490,,user1961@campus.edu,C2285,DH9542e46e1160,F101961
E15491,S92617,user1962@campus.edu,C9982,DHa8ef08d9d13b,F101962
E15492,S16741,user1963@campus.edu,C8738,DH921106057db8,F101963
E15493,S35562,user1964@campus.edu,C5801,DHacd9a2c7259a,F101964
E15494,S40263,user1965@campus.edu,C8468,DH7b77349bc966,F101965
E15495,S63729,user1966@campus.edu,C6929,DH95b218836875,F101966
E15496,S57486,user1967@campus.edu,C8932,DH29701cf073f1,F101967
E15497,S40115,user1968@campus.edu,C3052,DHf29aa813fd8f,F101968
E15498,S98356,user1969@campus.edu,C3263,DHc701f9f01791,F101969
E15499,S51136,user1970@campus.edu,C2932,DH980b0aac8a80,F101970
E15500,S85499,user1971@campus.edu,C9096,DHb145d4c1ae48,F101971
E15501,,user1972@campus.edu,C7858,DH354180f504f0,F101972
E15502,S23237,user1973@campus.edu,C3070,DH7d348eb50271,F101973
E15503,S19570,user1974@campus.edu,C3168,DHad5915cd768a,F101974
E15504,,user1975@campus.edu,C7591,DHf76b97876be3,F101975
E15505,S54146,user1976@campus.edu,C6515,DH63c7a310c71c,F101976
E15506,S19666,user1977@campus.edu,C6815,DH97fac9f0eb67,F101977
E15507,S47917,user1978@campus.edu,C8816,DHe6daf31f0c4e,F101978
E15508,S76764,user1979@campus.edu,C2372,DH9de8cce273d5,F101979
E15509,S98330,user1980@campus.edu,C8430,DH3b99f879584a,F101980
E15510,S87080,user1981@campus.edu,C5576,DH6c9e0529976a,F101981
E15511,S16329,user1982@campus.edu,C9481,DHa573e5f9c5e8,F101982
E15512,S47389,user1983@campus.edu,C6288,DH43606acc352d,F101983
E15513,S15496,user1984@campus.edu,C4451,DHbdc264c7c445,F101984
E15514,S51204,user1985@campus.edu,C2629,DH451e292d6ef1,F101985
E15515,S45893,user1986@campus.edu,C8973,DHc4e4f876dbf6,F101986
E15516,,user1987@campus.edu,C2738,DHbc74afe4afae,F101987
E15517,S82373,user1988@campus.edu,C9334,DHc0f1da2883b3,F101988
E15518,S80756,user1989@campus.edu,C9813,DHcb20323753c5,F101989
E15519,S58436,user1990@campus.edu,C4328,DHc1f8a46bfe10,F101990
E15520,S78274,user1991@campus.edu,C3067,DH362cc1810049,F101991
E15521,,user1992@campus.edu,C8082,DHd7a439e6466f,F101992
E15522,S46497,user1993@campus.edu,C2908,DHffcb6b05067a,F101993
E15523,S19745,user1994@campus.edu,C6359,DHc110d3f3bd15,F101994
E15524,S92657,user1995@campus.edu,C9402,DH866bbfdecbdd,F101995
E15525,,user1996@campus.edu,C9540,DH8e75471b367a,F101996
E15526,,user1997@campus.edu,C3242,DH28bd8412eb9c,F101997
E15527,,user1998@campus.edu,C8702,DH01cac6067ea6,F101998
E15528,,user1999@campus.edu,C4253,DHc3fbe79f1701,F101999
E15529,,user2000@campus.edu,C2102,DH00e191d54497,F102000
E15530,S15087,user2001@campus.edu,C7851,DH6a3a08cd96f3,F102001
E15531,S40764,user2002@campus.edu,C6713,DH259b7f18e390,F102002
E15532,S49334,user2003@campus.edu,C4799,DH31a2a33f1fc3,F102003
E15533,S88360,user2004@campus.edu,C6851,DHc82890b29ffe,F102004
E15534,S24728,user2005@campus.edu,C5706,DH40aaa5faa7c6,F102005
E15535,S25180,user2006@campus.edu,C3886,DHb03cabe5171a,F102006
E15536,S62178,user2007@campus.edu,C3098,DH7b84e9eca54c,F102007
E15537,S13796,user2008@campus.edu,C5766,DH95d3c57dd4fc,F102008
E15538,S17969,user2009@campus.edu,C6295,DH5211be0fad9a,F102009
E15539,S65731,user2010@campus.edu,C7531,DH4564d463e07f,F102010
E15540,S54543,user2011@campus.edu,C1747,DH06e994a1bb27,F102011
E15541,S31828,user2012@campus.edu,C9782,DH24b8324001e3,F102012
E15542,,user2013@campus.edu,C9843,DH789beaad932f,F102013
E15543,,user2014@campus.edu,C6778,DH173a7af43974,F102014
E15544,S37585,user2015@campus.edu,C6932,DH4d485260ff13,F102015
E15545,,user2016@campus.edu,C3644,DH4e238856dd80,F102016
E15546,S42598,user2017@campus.edu,C1223,DH4293bfb861bd,F102017
E15547,S23437,user2018@campus.edu,C9216,DHca2250a62ab2,F102018
E15548,S49513,user2019@campus.edu,C1397,DH885b57e52c4c,F102019
E15549,S59526,user2020@campus.edu,C7565,DH6b21304c5c98,F102020
E15550,,user2021@campus.edu,C7805,DHd095c317aa68,F102021
E15551,S89281,user2022@campus.edu,C3487,DH327340954135,F102022
E15552,S89389,user2023@campus.edu,C6114,DH26f7d63fa019,F102023
E15553,S49603,user2024@campus.edu,C5490,DH960a1c3dea60,F102024
E15554,S71787,user2025@campus.edu,C7169,DH854e41783d0c,F102025
E15555,S83530,user2026@campus.edu,C5563,DHb83ce3b9bbad,F102026
E15556,,user2027@campus.edu,C9143,DH996e4404208b,F102027
E15557,S69279,user2028@campus.edu,C4671,DH9839f9e6ba41,F102028
E15558,S68600,user2029@campus.edu,C7059,DH1a5940c050e2,F102029
E15559,S53572,user2030@campus.edu,C3355,DH7b8c61853df8,F102030
E15560,S74200,user2031@campus.edu,C5095,DHa3e1865485bf,F102031
E15561,S78603,user2032@campus.edu,C4808,DHe99111675925,F102032
E15562,S54285,user2033@campus.edu,C3467,DHb180d6456232,F102033
E15563,S63285,user2034@campus.edu,C1091,DH7f7d32bcb187,F102034
E15564,S81511,user2035@campus.edu,C9188,DHd608b6554d51,F102035
E15565,S77427,user2036@campus.edu,C2334,DH774ace14c07b,F102036
E15566,S26683,user2037@campus.edu,C1223,DHadde313e9bab,F102037
E15567,S35869,user2038@campus.edu,C8169,DHa6098d080496,F102038
E15568,,user2039@campus.edu,C9594,DH6d709a34e859,F102039
E15569,S64807,user2040@campus.edu,C7543,DH14b0b75ddfc0,F102040
E15570,S98694,user2041@campus.edu,C5441,DH6e573098bf4e,F102041
E15571,S83899,user2042@campus.edu,C3718,DH925415738655,F102042
E15572,S90478,user2043@campus.edu,C7082,DHd371b2d5abf2,F102043
E15573,S37606,user2044@campus.edu,C6409,DH1e497577b2fe,F102044
E15574,S11287,user2045@campus.edu,C6205,DHb000803dc2ab,F102045
E15575,S10734,user2046@campus.edu,C6109,DH607672e562d1,F102046
E15576,S70108,user2047@campus.edu,C6423,DH30c1e6b0120e,F102047
E15577,S30506,user2048@campus.edu,C2093,DHb631d36c8600,F102048
E15578,,user2049@campus.edu,C4156,DH14247fc34d79,F102049
E15579,,user2050@campus.edu,C6009,DHfcd3f2ca0b9d,F102050
E15580,S83546,user2051@campus.edu,C9864,DH750441f33ab8,F102051
E15581,S38369,user2052@campus.edu,C5587,DH2e001ddff115,F102052
E15582,S78461,user2053@campus.edu,C7274,DH22eec73dfcd0,F102053
E15583,S89269,user2054@campus.edu,C5542,DH832b4fa98321,F102054
E15584,S40386,user2055@campus.edu,C4546,DH2375cac6d1ef,F102055
E15585,S72320,user2056@campus.edu,C1004,DHcd7852c031d9,F102056
E15586,,user2057@campus.edu,C8203,DH67ebe57be9e1,F102057
E15587,S25374,user2058@campus.edu,C4944,DHdc0432cc2422,F102058
E15588,S72190,user2059@campus.edu,C6816,DH65802987689e,F102059
E15589,S89348,user2060@campus.edu,C4504,DHb2ec8a434d17,F102060
E15590,S83464,user2061@campus.edu,C8235,DH3bc8f7ac26ac,F102061
E15591,S67070,user2062@campus.edu,C6704,DH7e0eb2453072,F102062
E15592,,user2063@campus.edu,C7948,DH9a751e67c61e,F102063
E15593,S60129,user2064@campus.edu,C7130,DH094a1f90c6b9,F102064
E15594,S78944,user2065@campus.edu,C4193,DHe850a5f92d58,F102065
E15595,S58348,user2066@campus.edu,C5157,DH9975ee33aae8,F102066
E15596,S94832,user2067@campus.edu,C5504,DH43c19afa7bcd,F102067
E15597,S45936,user2068@campus.edu,C1937,DH6d2e773d217b,F102068
E15598,,user2069@campus.edu,C8446,DHed9b2ca223a8,F102069
E15599,S23616,user2070@campus.edu,C1625,DHc494585c48a3,F102070
E15600,S33187,user2071@campus.edu,C3156,DHa72e7e8567d9,F102071
E15601,,user2072@campus.edu,C2021,DHffe0163b2399,F102072
E15602,,user2073@campus.edu,C1273,DH656fde5c6e5d,F102073
E15603,,user2074@campus.edu,C7000,DHbc88eedb4b7a,F102074
E15604,,user2075@campus.edu,C2007,DHf736425f3056,F102075
E15605,,user2076@campus.edu,C3827,DHe94a724f3414,F102076
E15606,S76252,user2077@campus.edu,C7705,DHebf65f3a4504,F102077
E15607,S55964,user2078@campus.edu,C2928,DHe08c721feade,F102078
E15608,S84211,user2079@campus.edu,C8585,DH104fa29dd2f8,F102079
E15609,,user2080@campus.edu,C6201,DHbd63ce921d90,F102080
E15610,S38511,user2081@campus.edu,C7136,DH28409419559e,F102081
E15611,,user2082@campus.edu,C4130,DHc40b0d093ff7,F102082
E15612,S33331,user2083@campus.edu,C5570,DH2934a9321788,F102083
E15613,S34673,user2084@campus.edu,C5469,DH29b2cd0e15e7,F102084
E15614,,user2085@campus.edu,C2514,DH9d823ce339fe,F102085
E15615,S94125,user2086@campus.edu,C9569,DH97c42140457f,F102086
E15616,S60551,user2087@campus.edu,C3551,DH0ce0343a01f1,F102087
E15617,S55471,user2088@campus.edu,C5729,DH0f293b0558cd,F102088
E15618,S82300,user2089@campus.edu,C5406,DHe8f82825ed70,F102089
E15619,S38607,user2090@campus.edu,C8662,DH268914d3f88e,F102090
E15620,,user2091@campus.edu,C8655,DHa3f470c91bd0,F102091
E15621,S96285,user2092@campus.edu,C1554,DHfecb88f9c097,F102092
E15622,S30807,user2093@campus.edu,C7904,DHc2228f51d2f1,F102093
E15623,S34525,user2094@campus.edu,C6865,DH5d8114d86dbb,F102094
E15624,S12850,user2095@campus.edu,C8192,DHf4bf6eef7141,F102095
E15625,S62341,user2096@campus.edu,C8759,DH00d5ebe40f95,F102096
E15626,S54286,user2097@campus.edu,C8906,DH8462f6473aa3,F102097
E15627,S76448,user2098@campus.edu,C2767,DHa9ecdf3ac068,F102098
E15628,S62527,user2099@campus.edu,C1467,DHc04bbd0427ee,F102099
E15629,S88230,user2100@campus.edu,C9586,DH4882397aaeb0,F102100
E15630,S96954,user2101@campus.edu,C6458,DHd7bbe9139460,F102101
E15631,S55364,user2102@campus.edu,C8515,DH9e6f2c7530ca,F102102
E15632,S36267,user2103@campus.edu,C3819,DH8e0ebf206f53,F102103
E15633,S36649,user2104@campus.edu,C8152,DHab4abb3ca825,F102104
E15634,S59054,user2105@campus.edu,C1081,DH7044ccc67c60,F102105
E15635,S82067,user2106@campus.edu,C7456,DH201ca2c23b74,F102106
E15636,S41816,user2107@campus.edu,C2569,DH79d0247f685a,F102107
E15637,S62413,user2108@campus.edu,C6359,DH611df712ca13,F102108
E15638,S19392,user2109@campus.edu,C6683,DH6e71d23a0086,F102109
E15639,S33351,user2110@campus.edu,C4852,DHcde652795fa5,F102110
E15640,S90028,user2111@campus.edu,C7523,DH5bcd48e6b780,F102111
E15641,S15799,user2112@campus.edu,C4460,DH4a0f28f8070c,F102112
E15642,S95726,user2113@campus.edu,C3947,DH83b1fce22f1f,F102113
E15643,S98509,user2114@campus.edu,C8875,DH8c4bc1e7c7cd,F102114
E15644,,user2115@campus.edu,C7524,DH58ba5e3249c6,F102115
E15645,S55388,user2116@campus.edu,C2661,DH5fa58fa0b23b,F102116
E15646,S85324,user2117@campus.edu,C9306,DH0ed36646f795,F102117
E15647,S65372,user2118@campus.edu,C1893,DHddf27f99ba30,F102118
E15648,S89119,user2119@campus.edu,C8377,DH14a4b5798e49,F102119
E15649,S80126,user2120@campus.edu,C6977,DHc5bffa2774e2,F102120
E15650,,user2121@campus.edu,C1113,DH4ab0d4befeb7,F102121
E15651,S90546,user2122@campus.edu,C8454,DH291ba5637d9a,F102122
E15652,S25931,user2123@campus.edu,C9021,DH8d46c4ca58b9,F102123
E15653,S99966,user2124@campus.edu,C7050,DH557d06746e0c,F102124
E15654,S13084,user2125@campus.edu,C9892,DH76849c66e554,F102125
E15655,S12296,user2126@campus.edu,C8319,DH8cda1d86e4de,F102126
E15656,S24638,user2127@campus.edu,C6853,DH09663ea591d4,F102127
E15657,S32968,user2128@campus.edu,C2377,DHcc128fd15af4,F102128
E15658,S92958,user2129@campus.edu,C9084,DH537b3419eef3,F102129
E15659,S90903,user2130@campus.edu,C4999,DHa440dc27193f,F102130
E15660,S52806,user2131@campus.edu,C7107,DH6bf27832df0b,F102131
E15661,S60058,user2132@campus.edu,C9398,DHf4b23b06eb32,F102132
E15662,,user2133@campus.edu,C1366,DH4337e8c873a8,F102133
E15663,S66811,user2134@campus.edu,C2907,DHe477eb145fc7,F102134
E15664,S90685,user2135@campus.edu,C9422,DH1990432559ee,F102135
E15665,S59051,user2136@campus.edu,C8748,DH7356af6ca62d,F102136
E15666,S46287,user2137@campus.edu,C9217,DH4068c6d92357,F102137
E15667,S98894,user2138@campus.edu,C5668,DH236e6be8b528,F102138
E15668,S64306,user2139@campus.edu,C3126,DH825791aa7c84,F102139
E15669,S22733,user2140@campus.edu,C4626,DHf8833c02461a,F102140
E15670,S18352,user2141@campus.edu,C5715,DHa57dafdb2d58,F102141
E15671,S53090,user2142@campus.edu,C9871,DHe5e5dd0b121e,F102142
E15672,,user2143@campus.edu,C6237,DHe1994486793c,F102143
E15673,S37608,user2144@campus.edu,C9720,DH954a4008b594,F102144
E15674,S96599,user2145@campus.edu,C2287,DH1e538c09b1ea,F102145
E15675,,user2146@campus.edu,C9676,DHa8a4c47de2c2,F102146
E15676,S69178,user2147@campus.edu,C8657,DH43a8f407b56d,F102147
E15677,S91823,user2148@campus.edu,C6761,DH9d7ff1751565,F102148
E15678,S47209,user2149@campus.edu,C9040,DH9282510adf64,F102149
E15679,,user2150@campus.edu,C3023,DH9fea5ee6d73c,F102150
E15680,S84808,user2151@campus.edu,C5740,DHe52312c7d77c,F102151
E15681,S82098,user2152@campus.edu,C7693,DH65c7d87e1308,F102152
E15682,S46553,user2153@campus.edu,C6233,DHad41c2b1fc80,F102153
E15683,S75838,user2154@campus.edu,C9775,DH263305d3aa89,F102154
E15684,S74858,user2155@campus.edu,C8600,DHbb5afe268927,F102155
E15685,S62435,user2156@campus.edu,C5725,DH4f633ce5068c,F102156
E15686,,user2157@campus.edu,C2610,DHca909e311558,F102157
E15687,S63778,user2158@campus.edu,C4094,DH46936a06756d,F102158
E15688,S91254,user2159@campus.edu,C9247,DHbd348054d798,F102159
E15689,S12992,user2160@campus.edu,C6325,DH9a4a4eb20506,F102160
E15690,S99700,user2161@campus.edu,C2490,DHf40e99748690,F102161
E15691,S82359,user2162@campus.edu,C9377,DHb9c43c126ea0,F102162
E15692,S32965,user2163@campus.edu,C8736,DH5c66910466b1,F102163
E15693,S14048,user2164@campus.edu,C4391,DHf1a01b7c7609,F102164
E15694,S68150,user2165@campus.edu,C4963,DH9c9a63d1ba3c,F102165
E15695,S89168,user2166@campus.edu,C6427,DH20a48f50456c,F102166
E15696,S10902,user2167@campus.edu,C1529,DH101caa67b506,F102167
E15697,,user2168@campus.edu,C7833,DH0929a46d9cbe,F102168
E15698,S94815,user2169@campus.edu,C9751,DHf3a84a99d584,F102169
E15699,S48399,user2170@campus.edu,C7527,DH4f9d9a34c131,F102170
E15700,S92479,user2171@campus.edu,C8209,DH84fb7bd06333,F102171
E15701,S85997,user2172@campus.edu,C2831,DH20928a69025e,F102172
E15702,S28605,user2173@campus.edu,C4982,DH7a0b4835c1a4,F102173
E15703,S94152,user2174@campus.edu,C2213,DHa5789bb9a327,F102174
E15704,S54884,user2175@campus.edu,C5838,DH32c5f675132b,F102175
E15705,S84479,user2176@campus.edu,C5510,DH46f5f51acd04,F102176
E15706,S78390,user2177@campus.edu,C5725,DH794f35b656c2,F102177
E15707,,user2178@campus.edu,C3593,DHf7b8f45502bc,F102178
E15708,S98247,user2179@campus.edu,C5831,DHc2b4e0876d1d,F102179
E15709,S60361,user2180@campus.edu,C5215,DH7f23a406b409,F102180
E15710,,user2181@campus.edu,C1197,DHc86c89310921,F102181
E15711,S63194,user2182@campus.edu,C8814,DH56cd607d66ab,F102182
E15712,,user2183@campus.edu,C9209,DH041cd24a2c39,F102183
E15713,S94984,user2184@campus.edu,C3770,DHcf4c4555abcc,F102184
E15714,S11865,user2185@campus.edu,C2060,DHd5185c22a9bc,F102185
E15715,S29672,user2186@campus.edu,C5559,DH97bf69a3e711,F102186
E15716,S75377,user2187@campus.edu,C8525,DH103efa51302c,F102187
E15717,,user2188@campus.edu,C1538,DHb45328238b79,F102188
E15718,,user2189@campus.edu,C9761,DHd7c96a68f8ad,F102189
E15719,,user2190@campus.edu,C9567,DHb7826b45e6ee,F102190
E15720,S95302,user2191@campus.edu,C5015,DH28d07ea86c54,F102191
E15721,S44834,user2192@campus.edu,C5546,DH1f650f8183c4,F102192
E15722,S27373,user2193@campus.edu,C9561,DHae9d5fdd7de5,F102193
E15723,S86765,user2194@campus.edu,C8819,DH572c16c20f84,F102194
E15724,S51793,user2195@campus.edu,C2196,DH5dcf3eac60cb,F102195
E15725,S72394,user2196@campus.edu,C4234,DH7b90b2296c8a,F102196
E15726,S73862,user2197@campus.edu,C5914,DHf6378baf4310,F102197
E15727,S68017,user2198@campus.edu,C4191,DHc3cb5aff0bd2,F102198
E15728,S42997,user2199@campus.edu,C7671,DH9bdb61bb45b3,F102199
E15729,S53075,user2200@campus.edu,C9311,DH7bc04b1c883b,F102200
E15730,S44629,user2201@campus.edu,C9719,DHead6516ce7c1,F102201
E15731,S75937,user2202@campus.edu,C6059,DH9dd279867884,F102202
E15732,,user2203@campus.edu,C6229,DH0d5971a20757,F102203
E15733,S18593,user2204@campus.edu,C8078,DH5e187edf91af,F102204
E15734,,user2205@campus.edu,C9824,DHc27ed1eaea0d,F102205
E15735,S37946,user2206@campus.edu,C6033,DH35f0d4ed9373,F102206
E15736,S71849,user2207@campus.edu,C2686,DH8b817b5d9f90,F102207
E15737,S52436,user2208@campus.edu,C3562,DHebd14ec57ed7,F102208
E15738,S89970,user2209@campus.edu,C3574,DHc181a9b133b3,F102209
E15739,,user2210@campus.edu,C5306,DHb94f60e3f952,F102210
E15740,S53741,user2211@campus.edu,C6798,DH2ad101cc23f1,F102211
E15741,S61582,user2212@campus.edu,C7834,DH5eb89e0b1cc8,F102212
E15742,S56348,user2213@campus.edu,C3292,DHa1264f05f3b0,F102213
E15743,S37342,user2214@campus.edu,C5193,DHec2fa4ee025c,F102214
E15744,S60122,user2215@campus.edu,C6336,DHc74b9d03dc9a,F102215
E15745,S90944,user2216@campus.edu,C9240,DH13cb9061b904,F102216
E15746,S31026,user2217@campus.edu,C6332,DHa108c49e7b19,F102217
E15747,S96431,user2218@campus.edu,C7390,DHc3ac5fb2de56,F102218
E15748,S86823,user2219@campus.edu,C7144,DHc7a106e04b61,F102219
E15749,S46181,user2220@campus.edu,C9812,DHfe0f5af4d05f,F102220
E15750,,user2221@campus.edu,C2212,DH93bba6ff63b1,F102221
E15751,,user2222@campus.edu,C4276,DHbf15237a63f0,F102222
E15752,S85069,user2223@campus.edu,C9955,DHda4fa531a685,F102223
E15753,S12864,user2224@campus.edu,C3301,DH57fa6f59a487,F102224
E15754,,user2225@campus.edu,C4519,DHe0b6bddf0b3a,F102225
E15755,S57474,user2226@campus.edu,C6456,DH7e19465b4c83,F102226
E15756,S28385,user2227@campus.edu,C2952,DHe3d82285b473,F102227
E15757,S16295,user2228@campus.edu,C9657,DHd8e1723a40c8,F102228
E15758,S67305,user2229@campus.edu,C1525,DH665e28278fa1,F102229
E15759,S47047,user2230@campus.edu,C6468,DH26fde7b3b8a3,F102230
E15760,S24723,user2231@campus.edu,C9712,DHebe25af9e8aa,F102231
E15761,,user2232@campus.edu,C8675,DHc36c574847a1,F102232
E15762,S46289,user2233@campus.edu,C8630,DHc0b50a32a401,F102233
E15763,S33812,user2234@campus.edu,C6567,DH26b339ce9dac,F102234
E15764,S12815,user2235@campus.edu,C7577,DH14cb5314a781,F102235
E15765,S12473,user2236@campus.edu,C1139,DH4f5f8d24cb5c,F102236
E15766,S39214,user2237@campus.edu,C6351,DHcba130303a2f,F102237
E15767,S85292,user2238@campus.edu,C6810,DH0db54e52dbaf,F102238
E15768,S37019,user2239@campus.edu,C6054,DH456189c47f65,F102239
E15769,S15171,user2240@campus.edu,C3086,DHf25c91af6fbd,F102240
E15770,,user2241@campus.edu,C4770,DHdaa53bdf9631,F102241
E15771,S45530,user2242@campus.edu,C4817,DHb2ef0e853ba5,F102242
E15772,S26136,user2243@campus.edu,C7145,DHc54b2bb1c1d6,F102243
E15773,,user2244@campus.edu,C8320,DH25d436e7119f,F102244
E15774,S87360,user2245@campus.edu,C3042,DH39abd56c2eaa,F102245
E15775,S77698,user2246@campus.edu,C2993,DHed2252f00b7a,F102246
E15776,S89278,user2247@campus.edu,C6871,DH398704a7c533,F102247
E15777,S76441,user2248@campus.edu,C6895,DH86f1a2861b87,F102248
E15778,S12116,user2249@campus.edu,C1118,DHb8e1c42122f5,F102249
E15779,S56488,user2250@campus.edu,C6904,DH13aed0890aaa,F102250
E15780,S40062,user2251@campus.edu,C2383,DHbf9b8a25ee82,F102251
E15781,S94850,user2252@campus.edu,C6296,DH99d5b0a9259e,F102252
E15782,,user2253@campus.edu,C3096,DH4ae02f859902,F102253
E15783,S15110,user2254@campus.edu,C2002,DH54083d538087,F102254
E15784,,user2255@campus.edu,C7797,DH3f4937435e29,F102255
E15785,S29841,user2256@campus.edu,C3975,DHa14108221261,F102256
E15786,S75215,user2257@campus.edu,C4343,DH1d4fbed358da,F102257
E15787,S91515,user2258@campus.edu,C6260,DHde51faac5a7e,F102258
E15788,S14485,user2259@campus.edu,C3364,DHa5d9709a6ea5,F102259
E15789,S78839,user2260@campus.edu,C3781,DH21c14cb4eb90,F102260
E15790,S22074,user2261@campus.edu,C7879,DHd76cee13bd6e,F102261
E15791,,user2262@campus.edu,C9793,DH7188add50501,F102262
E15792,,user2263@campus.edu,C8692,DH91a4d26e1c4b,F102263
E15793,S57917,user2264@campus.edu,C2579,DH3604d0272800,F102264
E15794,S35727,user2265@campus.edu,C3061,DHa4c88d09fd3c,F102265
E15795,S39563,user2266@campus.edu,C2346,DHb1c78f42b4c5,F102266
E15796,S23792,user2267@campus.edu,C5092,DH5ff005527807,F102267
E15797,S53073,user2268@campus.edu,C8571,DH32708d264b6e,F102268
E15798,S27263,user2269@campus.edu,C6373,DH3aa481a79e6f,F102269
E15799,S14485,user2270@campus.edu,C7308,DH9304eab45330,F102270
E15800,,user2271@campus.edu,C1558,DH7280ca42380a,F102271
E15801,S84984,user2272@campus.edu,C8877,DH814919f69f12,F102272
E15802,S63170,user2273@campus.edu,C8407,DH6974bd07bbcf,F102273
E15803,S67653,user2274@campus.edu,C2930,DH3a083df5e627,F102274
E15804,,user2275@campus.edu,C6586,DH7c76dd979082,F102275
E15805,S97557,user2276@campus.edu,C6609,DH241c3c8ab945,F102276
E15806,S65904,user2277@campus.edu,C1416,DH3b3c5a397fab,F102277
E15807,S24566,user2278@campus.edu,C2970,DH1e021d4011bd,F102278
E15808,S50243,user2279@campus.edu,C8414,DH2131a0aa025f,F102279
E15809,,user2280@campus.edu,C7513,DHc7546191c2c2,F102280
E15810,S12191,user2281@campus.edu,C4255,DH9321f38f830f,F102281
E15811,S83778,user2282@campus.edu,C9692,DH5fc7baaf72b5,F102282
E15812,,user2283@campus.edu,C9697,DH7fa14fa69bf9,F102283
E15813,S93218,user2284@campus.edu,C4707,DH6e161ac95236,F102284
E15814,,user2285@campus.edu,C1801,DH1d159b6cdb35,F102285
E15815,S65215,user2286@campus.edu,C8807,DH2b8d4c1617c3,F102286
E15816,S10046,user2287@campus.edu,C2226,DH564c259b4c85,F102287
E15817,S90362,user2288@campus.edu,C2094,DH85de0681ee9b,F102288
E15818,S31004,user2289@campus.edu,C4972,DH621e1e621e9c,F102289
E15819,S87518,user2290@campus.edu,C4168,DH3ac80de95120,F102290
E15820,S28407,user2291@campus.edu,C7577,DHc128549faee6,F102291
E15821,,user2292@campus.edu,C3333,DH6cc971657dd2,F102292
E15822,S78238,user2293@campus.edu,C6098,DHa44efbdb6a40,F102293
E15823,S71749,user2294@campus.edu,C4804,DH3af1968317fd,F102294
E15824,,user2295@campus.edu,C6593,DH5fc92c263a5c,F102295
E15825,S24789,user2296@campus.edu,C8643,DH47e0632203ca,F102296
E15826,S48155,user2297@campus.edu,C4680,DHbca032d9b4a9,F102297
E15827,S88518,user2298@campus.edu,C6940,DHef3a3e8a7389,F102298
E15828,,user2299@campus.edu,C2723,DH6c68eb1427dd,F102299
E15829,,user2300@campus.edu,C5116,DH3eed8a55a71b,F102300
E15830,S41816,user2301@campus.edu,C9109,DH0d9cd15fa7d8,F102301
E15831,S23626,user2302@campus.edu,C8993,DHc5875a7c26e7,F102302
E15832,,user2303@campus.edu,C7268,DH451986f61a2a,F102303
E15833,S85448,user2304@campus.edu,C2555,DH13f9f80ab22d,F102304
E15834,S65290,user2305@campus.edu,C7451,DH5fe46d3c548f,F102305
E15835,S70390,user2306@campus.edu,C9564,DHfa48539a6300,F102306
E15836,,user2307@campus.edu,C3961,DH0663782f1faa,F102307
E15837,S13719,user2308@campus.edu,C8481,DH4ca4681174e2,F102308
E15838,,user2309@campus.edu,C5074,DH894b2fa2f3e6,F102309
E15839,S70057,user2310@campus.edu,C5311,DH6ee5961be763,F102310
E15840,S94972,user2311@campus.edu,C6273,DH6b5df4a473ba,F102311
E15841,S75514,user2312@campus.edu,C2456,DHc94f95b4f23a,F102312
E15842,S51488,user2313@campus.edu,C6010,DH3335c985fcfa,F102313
E15843,S91500,user2314@campus.edu,C9146,DH1453d30f046f,F102314
E15844,S55953,user2315@campus.edu,C6521,DH00468d8c0d44,F102315
E15845,S52304,user2316@campus.edu,C1260,DH2d627d782e79,F102316
E15846,S94188,user2317@campus.edu,C5853,DH937106e1ee28,F102317
E15847,S19952,user2318@campus.edu,C4254,DHf0dc1c93883b,F102318
E15848,S44520,user2319@campus.edu,C3388,DH850a6233fe9b,F102319
E15849,S60494,user2320@campus.edu,C2697,DHfe0f57f69758,F102320
E15850,S52445,user2321@campus.edu,C4683,DH2ed53a91bb10,F102321
E15851,S97493,user2322@campus.edu,C5485,DH21106017bf1f,F102322
E15852,S42158,user2323@campus.edu,C4700,DHfde8543c6b4e,F102323
E15853,S41939,user2324@campus.edu,C1340,DHd69eb7a9ade4,F102324
E15854,,user2325@campus.edu,C4149,DH60ce62eceeae,F102325
E15855,,user2326@campus.edu,C7342,DH57fff15bc404,F102326
E15856,,user2327@campus.edu,C6972,DHadd7116d2e1e,F102327
E15857,S27628,user2328@campus.edu,C6270,DH0caac6fe0994,F102328
E15858,S76512,user2329@campus.edu,C8794,DH133130d76330,F102329
E15859,S39861,user2330@campus.edu,C6707,DH0af40ff91fc5,F102330
E15860,S16973,user2331@campus.edu,C8540,DH82ae96b93173,F102331
E15861,S18474,user2332@campus.edu,C3807,DHe812a9db8ad0,F102332
E15862,S55561,user2333@campus.edu,C8809,DH7d30555db729,F102333
E15863,S46187,user2334@campus.edu,C5128,DH554f38d66c45,F102334
E15864,S61936,user2335@campus.edu,C4525,DH72068564936e,F102335
E15865,S53323,user2336@campus.edu,C4810,DHcc1bbaacd86e,F102336
E15866,,user2337@campus.edu,C6152,DHcc9cc6d79adf,F102337
E15867,S86997,user2338@campus.edu,C2960,DHca21fbf67c36,F102338
E15868,S31129,user2339@campus.edu,C4188,DH56d078b98e2f,F102339
E15869,S33755,user2340@campus.edu,C1483,DH9c336f66fe2a,F102340
E15870,S62894,user2341@campus.edu,C7347,DH83a7af16963e,F102341
E15871,S54996,user2342@campus.edu,C3998,DH8a034584e412,F102342
E15872,S43031,user2343@campus.edu,C9186,DHe02a7d6c4c26,F102343
E15873,S39706,user2344@campus.edu,C6754,DH5fff4530d005,F102344
E15874,S78664,user2345@campus.edu,C5223,DHeeac523a19a3,F102345
E15875,S17752,user2346@campus.edu,C7113,DH90d863be22bf,F102346
E15876,S11648,user2347@campus.edu,C1076,DH68d26dbd388b,F102347
E15877,S83841,user2348@campus.edu,C7141,DH3f06f6242ada,F102348
E15878,S75300,user2349@campus.edu,C3978,DHcdfdeb20a4f1,F102349
E15879,,user2350@campus.edu,C7130,DHf0474db2b0a0,F102350
E15880,,user2351@campus.edu,C8292,DH372e3d8eab3e,F102351
E15881,S25765,user2352@campus.edu,C6106,DH75aa8bcc5beb,F102352
E15882,S87346,user2353@campus.edu,C9494,DH39c7a26a1971,F102353
E15883,S30349,user2354@campus.edu,C6527,DH2f042e796db7,F102354
E15884,,user2355@campus.edu,C2072,DH8095dd9882c3,F102355
E15885,S74325,user2356@campus.edu,C4085,DH3a6eab41a029,F102356
E15886,S96462,user2357@campus.edu,C2618,DHf83c6068b114,F102357
E15887,S79119,user2358@campus.edu,C9715,DHcc86fcf88c2c,F102358
E15888,S47035,user2359@campus.edu,C6248,DHfe7d91b24d45,F102359
E15889,S92095,user2360@campus.edu,C7984,DHe8467f548606,F102360
E15890,S13123,user2361@campus.edu,C9048,DH8fb63db5cbfc,F102361
E15891,S60961,user2362@campus.edu,C6011,DH6ef54bc6e667,F102362
E15892,S79147,user2363@campus.edu,C1682,DHa27dde932913,F102363
E15893,S84878,user2364@campus.edu,C9893,DHda6c1940ab68,F102364
E15894,S13665,user2365@campus.edu,C1773,DHf0a113bf4b8e,F102365
E15895,S16872,user2366@campus.edu,C8107,DH317d8191bf77,F102366
E15896,,user2367@campus.edu,C4514,DHa9ad43024687,F102367
E15897,,user2368@campus.edu,C4335,DHde279657a62c,F102368
E15898,S12043,user2369@campus.edu,C1741,DH778a44d584b9,F102369
E15899,,user2370@campus.edu,C4938,DH45a901ab59c0,F102370
E15900,,user2371@campus.edu,C7585,DHe3b6ab018c9b,F102371
E15901,S91495,user2372@campus.edu,C5230,DHf4c4baffd56f,F102372
E15902,S36853,user2373@campus.edu,C5466,DH695ad2566eb2,F102373
E15903,S59431,user2374@campus.edu,C5556,DHcb169d20f5a0,F102374
E15904,S92121,user2375@campus.edu,C7479,DH86f792c0872b,F102375
E15905,S19243,user2376@campus.edu,C2874,DH78576c012dc8,F102376
E15906,,user2377@campus.edu,C9797,DH69b6f84ae8c8,F102377
E15907,,user2378@campus.edu,C9786,DH1c72a2c705dc,F102378
E15908,,user2379@campus.edu,C2956,DH207c3c22126a,F102379
E15909,,user2380@campus.edu,C9490,DH7953e7cf18d7,F102380
E15910,S39968,user2381@campus.edu,C1623,DH97554c85f291,F102381
E15911,S41686,user2382@campus.edu,C8142,DH7e561133a30f,F102382
E15912,S67936,user2383@campus.edu,C1672,DHcc6d7b89354a,F102383
E15913,S15735,user2384@campus.edu,C1232,DHb16fc1ee2a99,F102384
E15914,,user2385@campus.edu,C8569,DH99bc2cbc637d,F102385
E15915,S48247,user2386@campus.edu,C9283,DHb7e002775033,F102386
E15916,S54025,user2387@campus.edu,C8190,DH4d7c661bf7fd,F102387
E15917,S88860,user2388@campus.edu,C9659,DHd1f3fddca80b,F102388
E15918,S51622,user2389@campus.edu,C1929,DH489008d2a9ee,F102389
E15919,S12288,user2390@campus.edu,C3783,DHf1c74f73014f,F102390
E15920,S99694,user2391@campus.edu,C4828,DH06a692fd15ef,F102391
E15921,S60793,user2392@campus.edu,C2960,DHceab40c7a45f,F102392
E15922,S12594,user2393@campus.edu,C8805,DH5ead76a2c088,F102393
E15923,S60694,user2394@campus.edu,C8367,DHaeb0bf069ecd,F102394
E15924,S93453,user2395@campus.edu,C8454,DHd1ba33319808,F102395
E15925,S39339,user2396@campus.edu,C3365,DH12b5fbdc1807,F102396
E15926,,user2397@campus.edu,C3626,DH0a157f0dc4c8,F102397
E15927,S28872,user2398@campus.edu,C1697,DH188a9f97253b,F102398
E15928,S39751,user2399@campus.edu,C7590,DH2f1f2000689b,F102399
E15929,S65199,user2400@campus.edu,C7844,DHead816dbcd7b,F102400
E15930,S70754,user2401@campus.edu,C6956,DHb40283f1d2a5,F102401
E15931,S79459,user2402@campus.edu,C4373,DHe85c32ea772c,F102402
E15932,S35506,user2403@campus.edu,C6954,DH8c6ed49146e6,F102403
E15933,,user2404@campus.edu,C6028,DH6f807c70379a,F102404
E15934,S81149,user2405@campus.edu,C8410,DH83cc7e99b956,F102405
E15935,S38465,user2406@campus.edu,C6532,DHbe74c8f076cb,F102406
E15936,S66594,user2407@campus.edu,C3954,DH03858152434b,F102407
E15937,S84369,user2408@campus.edu,C3823,DH9acb5145c8d5,F102408
E15938,S85375,user2409@campus.edu,C4240,DH904a52334934,F102409
E15939,S27112,user2410@campus.edu,C8973,DHeff37c16b356,F102410
E15940,,user2411@campus.edu,C2070,DH18676e02550b,F102411
E15941,S53451,user2412@campus.edu,C2473,DH2941c68b4d4f,F102412
E15942,S37919,user2413@campus.edu,C6039,DHcd47a7ed8e9d,F102413
E15943,S86473,user2414@campus.edu,C8317,DH0040bb84b9a6,F102414
E15944,S49746,user2415@campus.edu,C2662,DHc8de80414882,F102415
E15945,,user2416@campus.edu,C2940,DHc4e3e233b57b,F102416
E15946,S82393,user2417@campus.edu,C8693,DH7e9d3736060c,F102417
E15947,,user2418@campus.edu,C1645,DHa31641b31873,F102418
E15948,S32342,user2419@campus.edu,C1326,DHb1b904fd34eb,F102419
E15949,,user2420@campus.edu,C1325,DH58a6b7004787,F102420
E15950,S21142,user2421@campus.edu,C7061,DH63ee90981584,F102421
E15951,S98784,user2422@campus.edu,C7449,DH476ea4eddcb6,F102422
E15952,,user2423@campus.edu,C2361,DH60229df12ab6,F102423
E15953,,user2424@campus.edu,C7844,DH49c1dc2c9e2f,F102424
E15954,,user2425@campus.edu,C9526,DH0fe9595f37ed,F102425
E15955,S16817,user2426@campus.edu,C4912,DH361653677d22,F102426
E15956,S54239,user2427@campus.edu,C1662,DH8fa7b11ab987,F102427
E15957,S82256,user2428@campus.edu,C1514,DH468fb0b38c0b,F102428
E15958,S12518,user2429@campus.edu,C5959,DHfff68c4993da,F102429
E15959,,user2430@campus.edu,C5428,DH972017e94281,F102430
E15960,S65641,user2431@campus.edu,C7671,DH457593a6bbd8,F102431
E15961,,user2432@campus.edu,C9008,DHf87194407a3d,F102432
E15962,S98055,user2433@campus.edu,C2389,DHb5a3746579d4,F102433
E15963,,user2434@campus.edu,C2753,DH5ade84fc36a2,F102434
E15964,S30185,user2435@campus.edu,C4882,DH1f14562bad68,F102435
E15965,S54713,user2436@campus.edu,C2153,DHf9c421f69e13,F102436
E15966,S92706,user2437@campus.edu,C6421,DHb501b4e7811b,F102437
E15967,S36151,user2438@campus.edu,C2329,DH515e6c7595fd,F102438
E15968,S10503,user2439@campus.edu,C8093,DH2eb31fa30244,F102439
E15969,S60711,user2440@campus.edu,C6249,DH7683500ad904,F102440
E15970,S74920,user2441@campus.edu,C4048,DHfd5b49be303c,F102441
E15971,S18030,user2442@campus.edu,C8250,DH66c6c2bf15c0,F102442
E15972,S35915,user2443@campus.edu,C5313,DHf9028cf71051,F102443
E15973,S26254,user2444@campus.edu,C2241,DHfec8bca5c82f,F102444
E15974,,user2445@campus.edu,C5861,DHafc4227c8c85,F102445
E15975,S38607,user2446@campus.edu,C7988,DH70c1d27e1621,F102446
E15976,S10915,user2447@campus.edu,C5123,DHf18850c56582,F102447
E15977,S74739,user2448@campus.edu,C6639,DH42fd1d65c55b,F102448
E15978,S20479,user2449@campus.edu,C8306,DHb29260409d48,F102449
E15979,S99270,user2450@campus.edu,C2079,DHb4f931d98ef4,F102450
E15980,S69085,user2451@campus.edu,C6867,DH28dd7071e355,F102451
E15981,S51087,user2452@campus.edu,C9944,DH0e85fa55f1cb,F102452
E15982,S56254,user2453@campus.edu,C7713,DH332fa76856aa,F102453
E15983,S70768,user2454@campus.edu,C8608,DHc2d995c90eb7,F102454
E15984,S64997,user2455@campus.edu,C1401,DH7b8db970cc43,F102455
E15985,S62352,user2456@campus.edu,C6991,DH29979aa2520b,F102456
E15986,S29796,user2457@campus.edu,C4013,DHccbc77727477,F102457
E15987,S29647,user2458@campus.edu,C5438,DH419403a1dfdf,F102458
E15988,S30750,user2459@campus.edu,C5972,DHa28b4f4dae6d,F102459
E15989,S89537,user2460@campus.edu,C9177,DHc3d56d756762,F102460
E15990,,user2461@campus.edu,C1979,DH3541f81a8dd8,F102461
E15991,S72482,user2462@campus.edu,C5740,DH19e4836c44e2,F102462
E15992,S38364,user2463@campus.edu,C7821,DHa9d8387ced20,F102463
E15993,,user2464@campus.edu,C6089,DH87e481aef164,F102464
E15994,S26964,user2465@campus.edu,C9677,DH46faa97222d1,F102465
E15995,S58439,user2466@campus.edu,C8758,DH4288faea6827,F102466
E15996,S42258,user2467@campus.edu,C4431,DH0562600d24e0,F102467
E15997,,user2468@campus.edu,C5596,DH608d7ee84ff9,F102468
E15998,S35477,user2469@campus.edu,C3082,DH2bc3843cbf72,F102469
E15999,,user2470@campus.edu,C4883,DH145d937c19e3,F102470
E16000,S51085,user2471@campus.edu,C9371,DH23d113e16325,F102471
E16001,S52159,user2472@campus.edu,C2332,DHa752f340c732,F102472
E16002,S18772,user2473@campus.edu,C8364,DH17c71143c76b,F102473
E16003,S28754,user2474@campus.edu,C6960,DH6528c12a6227,F102474
E16004,S52888,user2475@campus.edu,C6835,DH3e8b31f4d9ab,F102475
E16005,S51947,user2476@campus.edu,C8941,DH29b67e1f196f,F102476
E16006,,user2477@campus.edu,C2972,DH1e5c4e55c309,F102477
E16007,S78616,user2478@campus.edu,C9259,DHa0adfcd1cf41,F102478
E16008,S11430,user2479@campus.edu,C5885,DHe5baedd4cda3,F102479
E16009,S13777,user2480@campus.edu,C7904,DHcbbfdc937c16,F102480
E16010,S68547,user2481@campus.edu,C7259,DHf3eb53504991,F102481
E16011,S24122,user2482@campus.edu,C5481,DHf50c71b28aa9,F102482
E16012,S69419,user2483@campus.edu,C5665,DHfa7c7f1674f8,F102483
E16013,S26241,user2484@campus.edu,C1858,DH964bcb39f81e,F102484
E16014,S51322,user2485@campus.edu,C7144,DH9648445d52b0,F102485
E16015,S61843,user2486@campus.edu,C3916,DH6c8740e45984,F102486
E16016,,user2487@campus.edu,C1645,DH0b5d1cdf3e0c,F102487
E16017,S75100,user2488@campus.edu,C2046,DH54fee004b215,F102488
E16018,S31414,user2489@campus.edu,C4850,DHed1f10598b50,F102489
E16019,,user2490@campus.edu,C6629,DH2053f9d0836a,F102490
E16020,S78770,user2491@campus.edu,C7821,DHf8fd94607937,F102491
E16021,S37165,user2492@campus.edu,C8348,DH0f16a7b12220,F102492
E16022,S39805,user2493@campus.edu,C4920,DHe2ccdaa7ce28,F102493
E16023,S72743,user2494@campus.edu,C1694,DH85c531ca5fc5,F102494
E16024,S28045,user2495@campus.edu,C9201,DH1f281a133e11,F102495
E16025,S12523,user2496@campus.edu,C9359,DHfa8c9c8aaaf9,F102496
E16026,S82093,user2497@campus.edu,C2113,DH6ded4ad25139,F102497
E16027,S40081,user2498@campus.edu,C9052,DH36479eeb027e,F102498
E16028,S58249,user2499@campus.edu,C9341,DH725aab1e5f29,F102499
E16029,S10963,user2500@campus.edu,C5610,DH68c85d309ca6,F102500
E16030,S30953,user2501@campus.edu,C4302,DH7eba870a0fd3,F102501
E16031,S44123,user2502@campus.edu,C7432,DHec4040a2777a,F102502
E16032,S89084,user2503@campus.edu,C9385,DH9b7ce6652e76,F102503
E16033,S60784,user2504@campus.edu,C2748,DH7d707fcc6be1,F102504
E16034,S98369,user2505@campus.edu,C4511,DH8778d8cb520e,F102505
E16035,S94912,user2506@campus.edu,C4765,DH4eb2bd7f954e,F102506
E16036,S50619,user2507@campus.edu,C1202,DH57e7c562f550,F102507
E16037,,user2508@campus.edu,C7366,DHe066dcfe3514,F102508
E16038,,user2509@campus.edu,C5675,DHca3d2c1ca772,F102509
E16039,S14089,user2510@campus.edu,C1819,DH14ba390b7a9a,F102510
E16040,,user2511@campus.edu,C3613,DH3f047d0991cb,F102511
E16041,S65465,user2512@campus.edu,C7108,DHff880d2f298c,F102512
E16042,S48989,user2513@campus.edu,C1573,DHab8a590e8fc9,F102513
E16043,S36825,user2514@campus.edu,C2971,DH7ae8024f406c,F102514
E16044,S21284,user2515@campus.edu,C4847,DH473937bfe063,F102515
E16045,S45398,user2516@campus.edu,C1369,DHb5239c8cd929,F102516
E16046,S38242,user2517@campus.edu,C2067,DH1e7fbe9cbab8,F102517
E16047,S66687,user2518@campus.edu,C8630,DHeba22f5e7cf3,F102518
E16048,,user2519@campus.edu,C5601,DH198201ef248b,F102519
E16049,S13199,user2520@campus.edu,C5455,DH62b94b429d0b,F102520
E16050,S95220,user2521@campus.edu,C1722,DH3b1e00a66adc,F102521
E16051,S40345,user2522@campus.edu,C1774,DH323c748275d7,F102522
E16052,S69802,user2523@campus.edu,C8741,DH02700eb89152,F102523
E16053,S82223,user2524@campus.edu,C9859,DH42d558595c14,F102524
E16054,S63346,user2525@campus.edu,C3850,DHab6659568549,F102525
E16055,S48331,user2526@campus.edu,C3418,DHcecb8ae35471,F102526
E16056,S21330,user2527@campus.edu,C5148,DHe71ad38e4dac,F102527
E16057,,user2528@campus.edu,C9834,DH02a176775274,F102528
E16058,S88484,user2529@campus.edu,C6597,DH467b93fef26b,F102529
E16059,,user2530@campus.edu,C7493,DH62d1082d0c81,F102530
E16060,,user2531@campus.edu,C1066,DHcf0983223f76,F102531
E16061,S39724,user2532@campus.edu,C6486,DH62cf22bc6d38,F102532
E16062,S81886,user2533@campus.edu,C7471,DH21000721a7d1,F102533
E16063,S63477,user2534@campus.edu,C2743,DH4465d2ca8a17,F102534
E16064,S10078,user2535@campus.edu,C9265,DH0e581e4690c3,F102535
E16065,S50180,user2536@campus.edu,C4962,DH1289079f86f5,F102536
E16066,,user2537@campus.edu,C1265,DHadd5ea298fce,F102537
E16067,S99192,user2538@campus.edu,C2168,DHc7f4ce49177b,F102538
E16068,S65301,user2539@campus.edu,C6857,DHe4f9c63e30f0,F102539
E16069,S54979,user2540@campus.edu,C7352,DHaba10ab83789,F102540
E16070,S87291,user2541@campus.edu,C8838,DH8d6e62b10776,F102541
E16071,S14131,user2542@campus.edu,C9191,DH3bbb2ba93dd8,F102542
E16072,S60299,user2543@campus.edu,C9831,DHd5d6148e5ea5,F102543
E16073,S56013,user2544@campus.edu,C9033,DH5d9ea4ce3fd8,F102544
E16074,S21380,user2545@campus.edu,C8780,DH17ad8bb14729,F102545
E16075,S92745,user2546@campus.edu,C2540,DH808fe9e241da,F102546
E16076,S89116,user2547@campus.edu,C8688,DH75ed97c7d98e,F102547
E16077,S38384,user2548@campus.edu,C7727,DHdf90279e0afb,F102548
E16078,S98505,user2549@campus.edu,C1462,DH01b08f069a04,F102549
E16079,S70709,user2550@campus.edu,C5501,DH71a4cc50ca31,F102550
E16080,,user2551@campus.edu,C2927,DH6d7f23e9ee4b,F102551
E16081,S48455,user2552@campus.edu,C3666,DH54b30c500184,F102552
E16082,S24375,user2553@campus.edu,C3536,DHd0ddada9d338,F102553
E16083,S10746,user2554@campus.edu,C7345,DH229152da21fe,F102554
E16084,S39284,user2555@campus.edu,C6571,DH47619ac141e5,F102555
E16085,S25216,user2556@campus.edu,C2663,DH8125387c390d,F102556
E16086,S83763,user2557@campus.edu,C1387,DH225cb1441e11,F102557
E16087,S12691,user2558@campus.edu,C9604,DHf70400e0a148,F102558
E16088,S14395,user2559@campus.edu,C5569,DH77b7fe2184e3,F102559
E16089,S18542,user2560@campus.edu,C2429,DH070cafd9a804,F102560
E16090,S41880,user2561@campus.edu,C3253,DHaa341e2a19a3,F102561
E16091,S34483,user2562@campus.edu,C4219,DH63a9adf50051,F102562
E16092,S72636,user2563@campus.edu,C2094,DH6706e1528a30,F102563
E16093,S15210,user2564@campus.edu,C4805,DH3e163ac7fd9f,F102564
E16094,S11467,user2565@campus.edu,C7092,DHec4ad3e741d2,F102565
E16095,S78755,user2566@campus.edu,C5356,DH8aa0331b336f,F102566
E16096,S51881,user2567@campus.edu,C4992,DHbebdb21d28ec,F102567
E16097,S72688,user2568@campus.edu,C8843,DH5beee8d300d5,F102568
E16098,S93020,user2569@campus.edu,C9870,DHd07232a37f97,F102569
E16099,S29058,user2570@campus.edu,C2114,DH3dd9cac86210,F102570
E16100,,user2571@campus.edu,C5047,DHdd5e756d3d33,F102571
E16101,,user2572@campus.edu,C8075,DHb2c4dbed0aa1,F102572
E16102,S35245,user2573@campus.edu,C7122,DH78cdd4200f9c,F102573
E16103,S26688,user2574@campus.edu,C8853,DH7c79554c338b,F102574
E16104,,user2575@campus.edu,C9540,DH1c3e4ce20b33,F102575
E16105,S88619,user2576@campus.edu,C1506,DHea782f4d3a9f,F102576
E16106,S94069,user2577@campus.edu,C1654,DH157bb578e392,F102577
E16107,S95218,user2578@campus.edu,C6594,DHbd13cd00049f,F102578
E16108,S71592,user2579@campus.edu,C9379,DH14cb47975dd7,F102579
E16109,S83424,user2580@campus.edu,C3248,DH39c916fcfeb4,F102580
E16110,S54880,user2581@campus.edu,C9728,DHe83657605d29,F102581
E16111,S92460,user2582@campus.edu,C5394,DH5d39f0a59572,F102582
E16112,S51032,user2583@campus.edu,C6311,DHd2d82d9a6951,F102583
E16113,S35145,user2584@campus.edu,C6488,DHf51fe981e36b,F102584
E16114,S65554,user2585@campus.edu,C4085,DHfb31685d8db2,F102585
E16115,,user2586@campus.edu,C6922,DH04a5bd92f445,F102586
E16116,S86251,user2587@campus.edu,C9521,DH54d073b55f3f,F102587
E16117,S93701,user2588@campus.edu,C5047,DHa0e13d1e0c50,F102588
E16118,S33996,user2589@campus.edu,C9142,DH7098c3998d41,F102589
E16119,S84473,user2590@campus.edu,C8521,DH6f33a3ee3823,F102590
E16120,S19443,user2591@campus.edu,C5137,DH071344abe5a0,F102591
E16121,,user2592@campus.edu,C4095,DHf0f83d461792,F102592
E16122,S86491,user2593@campus.edu,C5539,DH02a167d2769d,F102593
E16123,S16683,user2594@campus.edu,C8007,DH5aa072766398,F102594
E16124,S60709,user2595@campus.edu,C6130,DH3dd4ba0008e3,F102595
E16125,S17143,user2596@campus.edu,C1672,DH35fcc086a3fb,F102596
E16126,S45181,user2597@campus.edu,C3087,DHd53a5dcae069,F102597
E16127,S17848,user2598@campus.edu,C1161,DHa07bd8d949c5,F102598
E16128,,user2599@campus.edu,C4943,DHb56cd1f72c24,F102599
E16129,S44961,user2600@campus.edu,C6792,DHb0ccf1d9fc86,F102600
E16130,S51512,user2601@campus.edu,C4602,DH2cc7cb8d9b5f,F102601
E16131,S12285,user2602@campus.edu,C3627,DHb3a8d1b2e515,F102602
E16132,S73734,user2603@campus.edu,C3040,DH652d06ed0c73,F102603
E16133,,user2604@campus.edu,C3713,DHcff0bb960234,F102604
E16134,S41296,user2605@campus.edu,C6054,DHcaa36a8b6a84,F102605
E16135,,user2606@campus.edu,C4804,DH9d628eacae27,F102606
E16136,S68002,user2607@campus.edu,C3463,DHf66c83b1dd48,F102607
E16137,S80944,user2608@campus.edu,C5451,DH422552b4b094,F102608
E16138,S54864,user2609@campus.edu,C6276,DH22b72c74f3f5,F102609
E16139,S67958,user2610@campus.edu,C4366,DHa30000c4d45e,F102610
E16140,S99558,user2611@campus.edu,C7187,DH4417ca9c00df,F102611
E16141,S56303,user2612@campus.edu,C7637,DH07c6df355898,F102612
E16142,S59734,user2613@campus.edu,C8695,DH115a59a2573f,F102613
E16143,S69276,user2614@campus.edu,C1358,DH49c44394abcb,F102614
E16144,S12686,user2615@campus.edu,C9043,DH3b2338fc9d01,F102615
E16145,,user2616@campus.edu,C6705,DH2e1c7f696b9d,F102616
E16146,S72721,user2617@campus.edu,C3590,DHa3d3d230f397,F102617
E16147,,user2618@campus.edu,C6973,DH11649c36740b,F102618
E16148,S22108,user2619@campus.edu,C1820,DH9575898da6c2,F102619
E16149,S69388,user2620@campus.edu,C3441,DHbff9920612ea,F102620
E16150,,user2621@campus.edu,C7708,DH29023fabb1ef,F102621
E16151,S22094,user2622@campus.edu,C1854,DH7ab10d7f6a72,F102622
E16152,S65478,user2623@campus.edu,C3751,DH66d018ac0fe3,F102623
E16153,,user2624@campus.edu,C2262,DHeaecb01685d8,F102624
E16154,S79986,user2625@campus.edu,C3033,DHfc291708a998,F102625
E16155,S30017,user2626@campus.edu,C9743,DH991213820f65,F102626
E16156,S32517,user2627@campus.edu,C5461,DH1219c101f52b,F102627
E16157,S61616,user2628@campus.edu,C3211,DH4c1609875b4a,F102628
E16158,S41709,user2629@campus.edu,C7016,DH1cd9379fc50c,F102629
E16159,S32956,user2630@campus.edu,C2800,DH3cfa6662163a,F102630
E16160,S18791,user2631@campus.edu,C7183,DHc83aa5f9932e,F102631
E16161,S74219,user2632@campus.edu,C7471,DH605ce2b84b02,F102632
E16162,S71160,user2633@campus.edu,C9514,DHd1e1607ccdc1,F102633
E16163,S42955,user2634@campus.edu,C9576,DH82bc94441d0e,F102634
E16164,S26546,user2635@campus.edu,C1596,DH0f73c7b174ac,F102635
E16165,S49117,user2636@campus.edu,C2892,DHa28f09324f19,F102636
E16166,S58971,user2637@campus.edu,C1391,DH836e16daa803,F102637
E16167,S38255,user2638@campus.edu,C8135,DHf491d1dcb25e,F102638
E16168,,user2639@campus.edu,C5005,DHf292d3cff05b,F102639
E16169,,user2640@campus.edu,C7541,DHbe58b142c10c,F102640
E16170,S70725,user2641@campus.edu,C3136,DH717c5ea1f59d,F102641
E16171,S93889,user2642@campus.edu,C2659,DHfb60b8815791,F102642
E16172,S60666,user2643@campus.edu,C8100,DH54f476b72198,F102643
E16173,S82300,user2644@campus.edu,C8816,DH4eb9d83ffb2e,F102644
E16174,S35359,user2645@campus.edu,C6084,DH323c12175a5d,F102645
E16175,S29128,user2646@campus.edu,C5417,DH173b0e9e21f5,F102646
E16176,S58662,user2647@campus.edu,C1395,DHe4ebee6c1bc9,F102647
E16177,S70331,user2648@campus.edu,C6684,DH99e642e20cd5,F102648
E16178,S77763,user2649@campus.edu,C3020,DH62ac79b851b8,F102649
E16179,S14739,user2650@campus.edu,C9978,DH25454505ba0f,F102650
E16180,S59535,user2651@campus.edu,C6409,DHa2894ae4a5cb,F102651
E16181,S22214,user2652@campus.edu,C7289,DHb0bc53264d76,F102652
E16182,S49703,user2653@campus.edu,C1198,DH1c38203ba3a9,F102653
E16183,S64734,user2654@campus.edu,C3484,DH948d1e4a5531,F102654
E16184,S10074,user2655@campus.edu,C2085,DH650c12b50d4a,F102655
E16185,S18662,user2656@campus.edu,C4589,DH90a2a5c64818,F102656
E16186,,user2657@campus.edu,C8530,DHcae6eecba826,F102657
E16187,S71463,user2658@campus.edu,C5228,DHb674e38e31fc,F102658
E16188,S92775,user2659@campus.edu,C6349,DH71eebd27c935,F102659
E16189,S78163,user2660@campus.edu,C5570,DHb31ce98b61c0,F102660
E16190,S66868,user2661@campus.edu,C8919,DHc5cdf44fc447,F102661
E16191,,user2662@campus.edu,C7630,DH0824c1ea8d16,F102662
E16192,S23958,user2663@campus.edu,C3424,DH8c6c0e438857,F102663
E16193,,user2664@campus.edu,C3510,DH3e66fd14d32d,F102664
E16194,S62409,user2665@campus.edu,C7869,DH38050a33d5b9,F102665
E16195,S31292,user2666@campus.edu,C8883,DHf7e83d65f903,F102666
E16196,,user2667@campus.edu,C8080,DHd4173d2cde78,F102667
E16197,S53749,user2668@campus.edu,C7068,DH7ef1647bb59b,F102668
E16198,S61949,user2669@campus.edu,C4506,DH344e0216c6ef,F102669
E16199,,user2670@campus.edu,C3701,DHb30e8989636d,F102670
E16200,S59394,user2671@campus.edu,C2357,DH7e05faa00161,F102671
E16201,S29666,user2672@campus.edu,C9853,DH05bc921dc0f4,F102672
E16202,,user2673@campus.edu,C8720,DHce48686cbbe3,F102673
E16203,S98963,user2674@campus.edu,C6853,DHd5274e3ec522,F102674
E16204,S53272,user2675@campus.edu,C2637,DH1d3db2ea93d0,F102675
E16205,S90525,user2676@campus.edu,C1003,DH493117ca4259,F102676
E16206,,user2677@campus.edu,C5774,DH55de812e0957,F102677
E16207,S47282,user2678@campus.edu,C3271,DH7aa3c7cedc6f,F102678
E16208,S30629,user2679@campus.edu,C9435,DHf77d599d029d,F102679
E16209,S14198,user2680@campus.edu,C7445,DHd1cf8849484f,F102680
E16210,S57022,user2681@campus.edu,C9337,DH79cb39c10041,F102681
E16211,S64784,user2682@campus.edu,C4852,DH5e0955e9fbd3,F102682
E16212,S29493,user2683@campus.edu,C3543,DHee7b3aeed330,F102683
E16213,S29356,user2684@campus.edu,C2764,DH21829a4df266,F102684
E16214,S47024,user2685@campus.edu,C6451,DH6ba5b81ed15c,F102685
E16215,S67060,user2686@campus.edu,C7715,DH3ca7dcf2dddb,F102686
E16216,S37495,user2687@campus.edu,C8753,DHb8d9cafc586f,F102687
E16217,S55231,user2688@campus.edu,C2082,DHc1ea858c44c7,F102688
E16218,,user2689@campus.edu,C9152,DHfb24a5c44caa,F102689
E16219,S68931,user2690@campus.edu,C3177,DHe2b98170f70d,F102690
E16220,S34112,user2691@campus.edu,C1121,DHcc5812a72a48,F102691
E16221,S53850,user2692@campus.edu,C3427,DH33e61d4a89a3,F102692
E16222,S74927,user2693@campus.edu,C5552,DHbd7771511f74,F102693
E16223,S92776,user2694@campus.edu,C6910,DH4fcc06810fe6,F102694
E16224,S23709,user2695@campus.edu,C8910,DH91699a3c4bdf,F102695
E16225,S99175,user2696@campus.edu,C9273,DH54ff790db62f,F102696
E16226,S87396,user2697@campus.edu,C4222,DHf6875f5511bc,F102697
E16227,S81712,user2698@campus.edu,C5754,DH7923188765df,F102698
E16228,S12348,user2699@campus.edu,C7673,DHa462bac712ec,F102699
E16229,S70757,user2700@campus.edu,C4783,DHd6e187eb1604,F102700
E16230,S49358,user2701@campus.edu,C1634,DHf8967d6b5053,F102701
E16231,S10561,user2702@campus.edu,C9695,DH1e7484da760b,F102702
E16232,S41323,user2703@campus.edu,C7504,DH54e4227905f7,F102703
E16233,S45865,user2704@campus.edu,C9769,DH088c8600d28a,F102704
E16234,S88675,user2705@campus.edu,C1838,DH627995fcd78f,F102705
E16235,S47690,user2706@campus.edu,C2898,DHd1d7c5143b5a,F102706
E16236,S33230,user2707@campus.edu,C9930,DH2c8115514d81,F102707
E16237,S53093,user2708@campus.edu,C5023,DH5c0e170f6b45,F102708
E16238,S32154,user2709@campus.edu,C5789,DH2bbba18e670d,F102709
E16239,S36750,user2710@campus.edu,C3685,DHdd233645d7d9,F102710
E16240,S50565,user2711@campus.edu,C9885,DHbf0a292c07b5,F102711
E16241,S25917,user2712@campus.edu,C1054,DH9100e3f25a2c,F102712
E16242,S33458,user2713@campus.edu,C2857,DHa7c8c3bc2362,F102713
E16243,S70987,user2714@campus.edu,C9368,DH3f77baccc316,F102714
E16244,S20914,user2715@campus.edu,C6836,DH40e1bb82dcda,F102715
E16245,S81474,user2716@campus.edu,C5100,DHcc3b53c97fa2,F102716
E16246,,user2717@campus.edu,C3388,DH60443184d2bb,F102717
E16247,S35450,user2718@campus.edu,C8842,DHc4400f2fd5b0,F102718
E16248,S66675,user2719@campus.edu,C2696,DH5106689964ea,F102719
E16249,S91405,user2720@campus.edu,C8920,DH9c8ac8f0f771,F102720
E16250,,user2721@campus.edu,C8501,DH9ce1a9da0b95,F102721
E16251,S15500,user2722@campus.edu,C1596,DHe4a0113a977f,F102722
E16252,S12244,user2723@campus.edu,C7103,DH50da1e87a43a,F102723
E16253,S51309,user2724@campus.edu,C8593,DH91c91dbca71a,F102724
E16254,,user2725@campus.edu,C8756,DH75e7f3234017,F102725
E16255,,user2726@campus.edu,C1532,DH1233c77f0b10,F102726
E16256,S48463,user2727@campus.edu,C1637,DHe6125350a65b,F102727
E16257,,user2728@campus.edu,C7219,DHdb23d26e7fc9,F102728
E16258,S19751,user2729@campus.edu,C9699,DHeb074a203e5b,F102729
E16259,S63329,user2730@campus.edu,C1372,DHa5321571faa6,F102730
E16260,S28012,user2731@campus.edu,C9600,DH3d08b8b10ddc,F102731
E16261,,user2732@campus.edu,C5328,DH0c0920941563,F102732
E16262,,user2733@campus.edu,C2291,DHad9e8b001081,F102733
E16263,S80950,user2734@campus.edu,C2305,DH78b1c5c29727,F102734
E16264,,user2735@campus.edu,C5874,DHff5f6b4a7214,F102735
E16265,S50880,user2736@campus.edu,C7884,DHcfa9d2af2b6c,F102736
E16266,S27942,user2737@campus.edu,C2126,DH7b8de62c6bd5,F102737
E16267,S15573,user2738@campus.edu,C8687,DH4c40d5b7fcaa,F102738
E16268,S30815,user2739@campus.edu,C5056,DH6881c87c2d1d,F102739
E16269,S23614,user2740@campus.edu,C1275,DH6dd6e93f2df1,F102740
E16270,S32199,user2741@campus.edu,C9350,DH7500f3320a9f,F102741
E16271,S45823,user2742@campus.edu,C4072,DHea1ecb1ed894,F102742
E16272,S37657,user2743@campus.edu,C7364,DHdfd67abd8655,F102743
E16273,S63021,user2744@campus.edu,C7742,DH436fa5431a63,F102744
E16274,S26337,user2745@campus.edu,C7884,DH2d07b22eb94b,F102745
E16275,S63155,user2746@campus.edu,C4132,DHd653919cbd7f,F102746
E16276,S25725,user2747@campus.edu,C5076,DH5e16902df554,F102747
E16277,S16103,user2748@campus.edu,C2182,DHdfa6bb5cb2fe,F102748
E16278,,user2749@campus.edu,C1046,DHe69aa577e8f1,F102749
E16279,,user2750@campus.edu,C6592,DHf111ef6aeffb,F102750
E16280,S58333,user2751@campus.edu,C6326,DH48f6b0ba2acf,F102751
E16281,S68118,user2752@campus.edu,C4302,DHada7b0789b98,F102752
E16282,S97275,user2753@campus.edu,C4977,DH95c67f4d6a48,F102753
E16283,,user2754@campus.edu,C1050,DHc913ab24c56b,F102754
E16284,S70128,user2755@campus.edu,C9589,DHb11a22df1432,F102755
E16285,S28441,user2756@campus.edu,C5643,DHeffc8a33ad8e,F102756
E16286,S72027,user2757@campus.edu,C9676,DHa27693a638da,F102757
E16287,S94443,user2758@campus.edu,C4675,DHdd7a4e793096,F102758
E16288,S72499,user2759@campus.edu,C7399,DH9db9b91e83fc,F102759
E16289,S27496,user2760@campus.edu,C1280,DH9fee9f1a3d8c,F102760
E16290,S76807,user2761@campus.edu,C3370,DH0544b0dc0955,F102761
E16291,S43398,user2762@campus.edu,C2619,DHc00f9f87cc59,F102762
E16292,S12660,user2763@campus.edu,C2031,DH351a11f69225,F102763
E16293,S43043,user2764@campus.edu,C5002,DHb2321501cdb2,F102764
E16294,S33979,user2765@campus.edu,C9143,DHd57b47666522,F102765
E16295,S52909,user2766@campus.edu,C7876,DH08c3f0f42ed8,F102766
E16296,S34559,user2767@campus.edu,C2777,DH344764c12aa3,F102767
E16297,S86833,user2768@campus.edu,C4268,DH25f9130bdd63,F102768
E16298,S22594,user2769@campus.edu,C7224,DH5a60dbe1bdfe,F102769
E16299,S52561,user2770@campus.edu,C1750,DHd29ba50e9db9,F102770
E16300,S79794,user2771@campus.edu,C6462,DH399d2f8e2908,F102771
E16301,S12153,user2772@campus.edu,C2249,DHce5f1ef5b907,F102772
E16302,,user2773@campus.edu,C1718,DH020495e857bb,F102773
E16303,S23449,user2774@campus.edu,C9987,DHb7174622332a,F102774
E16304,S38635,user2775@campus.edu,C7076,DH4ce47085c515,F102775
E16305,S63626,user2776@campus.edu,C2970,DH9b861a735372,F102776
E16306,,user2777@campus.edu,C4878,DH33730f515d8e,F102777
E16307,S88423,user2778@campus.edu,C9796,DH9632de62e824,F102778
E16308,S80919,user2779@campus.edu,C3736,DH4c7241f729fe,F102779
E16309,,user2780@campus.edu,C6418,DHe802b66a793f,F102780
E16310,S85454,user2781@campus.edu,C5549,DH65aadea8c00f,F102781
E16311,S69291,user2782@campus.edu,C3691,DHb8e0901607d5,F102782
E16312,,user2783@campus.edu,C3819,DHfed2a574e354,F102783
E16313,S35671,user2784@campus.edu,C4425,DH66f56d0ca96c,F102784
E16314,S96725,user2785@campus.edu,C8364,DH5feaccd70c0c,F102785
E16315,S36760,user2786@campus.edu,C7007,DH25a6c1702596,F102786
E16316,S30849,user2787@campus.edu,C8761,DHb6c9b32543d8,F102787
E16317,S79865,user2788@campus.edu,C3868,DHe63f5902dabd,F102788
E16318,S37759,user2789@campus.edu,C2199,DH36a02250457a,F102789
E16319,S31782,user2790@campus.edu,C5360,DH0ef6e5300aee,F102790
E16320,,user2791@campus.edu,C9730,DH5702c81c9f93,F102791
E16321,,user2792@campus.edu,C8292,DHd0783208286a,F102792
E16322,S12625,user2793@campus.edu,C4215,DH25cc57da3df5,F102793
E16323,S70931,user2794@campus.edu,C2491,DH0e32a42ddfd7,F102794
E16324,S17050,user2795@campus.edu,C4764,DHedf2f64d8773,F102795
E16325,S95151,user2796@campus.edu,C3215,DH03a67557678d,F102796
E16326,S26571,user2797@campus.edu,C4940,DHa7d3e71039fb,F102797
E16327,,user2798@campus.edu,C2369,DH1912be2397d2,F102798
E16328,S44228,user2799@campus.edu,C6440,DHbd1866455412,F102799
E16329,,user2800@campus.edu,C4363,DHbf84d268405c,F102800
E16330,S77889,user2801@campus.edu,C3421,DH4fcd8f2400e4,F102801
E16331,S20506,user2802@campus.edu,C6273,DH9baa20c8c99d,F102802
E16332,S13926,user2803@campus.edu,C1542,DH8ded4923f69f,F102803
E16333,S13977,user2804@campus.edu,C2370,DH171e559830c0,F102804
E16334,S20625,user2805@campus.edu,C2353,DHd761ac26b8bb,F102805
E16335,,user2806@campus.edu,C9831,DHb7e2cd2051df,F102806
E16336,S13387,user2807@campus.edu,C3453,DHd2b67bfd715b,F102807
E16337,S76062,user2808@campus.edu,C5749,DH81ee3909e39a,F102808
E16338,S29391,user2809@campus.edu,C9847,DHc4955a20a9ef,F102809
E16339,S29736,user2810@campus.edu,C3879,DH60148916f985,F102810
E16340,S51171,user2811@campus.edu,C7216,DHf43c43b34695,F102811
E16341,S13440,user2812@campus.edu,C1723,DH004f1997e00d,F102812
E16342,S42192,user2813@campus.edu,C7191,DHdc5c01786640,F102813
E16343,S46055,user2814@campus.edu,C9684,DHa2c260cfd8a4,F102814
E16344,S40907,user2815@campus.edu,C7766,DH544e85e5f0dd,F102815
E16345,S58439,user2816@campus.edu,C1802,DHdff0c89170bc,F102816
E16346,,user2817@campus.edu,C1645,DHe2d328c78152,F102817
E16347,S63763,user2818@campus.edu,C8537,DHc35bb6f4a67a,F102818
E16348,S91841,user2819@campus.edu,C9615,DH4751d0caf563,F102819
E16349,S16158,user2820@campus.edu,C3005,DH620f4286d69a,F102820
E16350,,user2821@campus.edu,C9671,DH0896258211d6,F102821
E16351,S94381,user2822@campus.edu,C3907,DHaaae430770d5,F102822
E16352,S77589,user2823@campus.edu,C4176,DH8440243af943,F102823
E16353,S62390,user2824@campus.edu,C5387,DH845b4444ee98,F102824
E16354,S62439,user2825@campus.edu,C5835,DH21828da77378,F102825
E16355,S63430,user2826@campus.edu,C5875,DHd19363649c36,F102826
E16356,S27106,user2827@campus.edu,C7033,DHa55fd5280727,F102827
E16357,S43010,user2828@campus.edu,C2346,DH7d24bed1b820,F102828
E16358,,user2829@campus.edu,C6811,DHe1e35752fcf9,F102829
E16359,,user2830@campus.edu,C4753,DH6acdc21df847,F102830
E16360,S48513,user2831@campus.edu,C4140,DH6bbef36b7fcd,F102831
E16361,S63895,user2832@campus.edu,C5584,DH58a9d3cac08f,F102832
E16362,S76219,user2833@campus.edu,C1368,DH844a85199c25,F102833
E16363,S75663,user2834@campus.edu,C9499,DHfb7edd1988f3,F102834
E16364,S71037,user2835@campus.edu,C2008,DH95d718541bb4,F102835
E16365,S48191,user2836@campus.edu,C4912,DHbea3ad0ac615,F102836
E16366,S35471,user2837@campus.edu,C9621,DH06277e6ba05f,F102837
E16367,S61736,user2838@campus.edu,C4635,DHedf6ef43f407,F102838
E16368,S69604,user2839@campus.edu,C9621,DH5b1e964a5168,F102839
E16369,S36033,user2840@campus.edu,C4950,DHeffa9c3deaae,F102840
E16370,S74563,user2841@campus.edu,C4551,DHc65c5dc6e6ef,F102841
E16371,S15139,user2842@campus.edu,C7662,DHfd0c59167394,F102842
E16372,,user2843@campus.edu,C2561,DHa1836cba71c0,F102843
E16373,,user2844@campus.edu,C4028,DH24dddbfb6394,F102844
E16374,,user2845@campus.edu,C6481,DH02ae16c11db6,F102845
E16375,S78664,user2846@campus.edu,C1214,DH080f19f50d0f,F102846
E16376,S44588,user2847@campus.edu,C5647,DH31650f24b2b9,F102847
E16377,,user2848@campus.edu,C4501,DHda37eec3ccde,F102848
E16378,S27553,user2849@campus.edu,C1949,DHe7ad6d2081b0,F102849
E16379,S78938,user2850@campus.edu,C5699,DH157aa06e7e8e,F102850
E16380,S62035,user2851@campus.edu,C9681,DH6399ad608afe,F102851
E16381,,user2852@campus.edu,C3795,DH3c8492986434,F102852
E16382,S29383,user2853@campus.edu,C2204,DH00108c986161,F102853
E16383,S64823,user2854@campus.edu,C2257,DH6ca9fc52ee48,F102854
E16384,,user2855@campus.edu,C9783,DH2ac271217247,F102855
E16385,,user2856@campus.edu,C9067,DHe47133ce68ab,F102856
E16386,S78070,user2857@campus.edu,C2572,DH1411d6a6ef14,F102857
E16387,S15525,user2858@campus.edu,C4161,DHc128fd91eaab,F102858
E16388,,user2859@campus.edu,C2448,DH5975f2d97f24,F102859
E16389,S19526,user2860@campus.edu,C6249,DHf9f07a40dc3d,F102860
E16390,,user2861@campus.edu,C6579,DH1fb5c7befb45,F102861
E16391,,user2862@campus.edu,C2782,DH747ca5a30ff4,F102862
E16392,S94430,user2863@campus.edu,C3336,DH63632157cf9f,F102863
E16393,,user2864@campus.edu,C1660,DH9a1bab548790,F102864
E16394,S10649,user2865@campus.edu,C9647,DHdd61decd216e,F102865
E16395,S72506,user2866@campus.edu,C9660,DH593fde7c0e54,F102866
E16396,S94559,user2867@campus.edu,C7132,DH39bf01e0ffcc,F102867
E16397,S69183,user2868@campus.edu,C1295,DH701882f2da23,F102868
E16398,S86132,user2869@campus.edu,C2062,DH4a717fb4b526,F102869
E16399,S69389,user2870@campus.edu,C5181,DHd7c206f824fe,F102870
E16400,S85076,user2871@campus.edu,C7893,DH529202bc71d1,F102871
E16401,,user2872@campus.edu,C8474,DH25896c6735a5,F102872
E16402,S57996,user2873@campus.edu,C7293,DHeb188f19ac68,F102873
E16403,S23493,user2874@campus.edu,C5823,DH421b323eda27,F102874
E16404,,user2875@campus.edu,C4119,DHc93177b5690d,F102875
E16405,,user2876@campus.edu,C3314,DHbee73784a5e2,F102876
E16406,S63453,user2877@campus.edu,C1376,DHb077e3956ad5,F102877
E16407,S69923,user2878@campus.edu,C7843,DH453eb08f6fb8,F102878
E16408,S50567,user2879@campus.edu,C4737,DH222b94fdcd41,F102879
E16409,S57422,user2880@campus.edu,C4997,DH46da44e5e39f,F102880
E16410,S12293,user2881@campus.edu,C5664,DH645205316e9f,F102881
E16411,,user2882@campus.edu,C8113,DH8c04bb6d4a55,F102882
E16412,S63245,user2883@campus.edu,C6877,DH2ebd572ddfd2,F102883
E16413,S22254,user2884@campus.edu,C7265,DH6acefe8b43ba,F102884
E16414,S38394,user2885@campus.edu,C1244,DHedc111eba23f,F102885
E16415,,user2886@campus.edu,C4117,DH55931100435d,F102886
E16416,S43021,user2887@campus.edu,C4146,DH586e38664a7a,F102887
E16417,S87019,user2888@campus.edu,C6091,DH87f86891a0ce,F102888
E16418,S13860,user2889@campus.edu,C3690,DH315059b4c9e8,F102889
E16419,S66917,user2890@campus.edu,C7400,DH6db8123e89e1,F102890
E16420,,user2891@campus.edu,C4310,DHc140b2a85a33,F102891
E16421,S53888,user2892@campus.edu,C1417,DH7d8bbfce27f6,F102892
E16422,S90224,user2893@campus.edu,C5575,DH9ab1493c5606,F102893
E16423,S52125,user2894@campus.edu,C1890,DH62ab31aa29c4,F102894
E16424,S35676,user2895@campus.edu,C8263,DHfbe8b49c87df,F102895
E16425,S38902,user2896@campus.edu,C5584,DH9b1e1c155d30,F102896
E16426,,user2897@campus.edu,C5612,DHef81424e21d5,F102897
E16427,S28314,user2898@campus.edu,C7606,DH082bf464ab6e,F102898
E16428,S12550,user2899@campus.edu,C2508,DH537a87122f7d,F102899
E16429,,user2900@campus.edu,C2094,DH270c1a57c8b5,F102900
E16430,S98425,user2901@campus.edu,C9741,DH4c0e3f1f68e5,F102901
E16431,,user2902@campus.edu,C4802,DH8e4b5e73767a,F102902
E16432,,user2903@campus.edu,C3805,DHf251e3395e22,F102903
E16433,,user2904@campus.edu,C9924,DHf25ca7089fd2,F102904
E16434,S98871,user2905@campus.edu,C2665,DH0ad8aa2377fa,F102905
E16435,S24761,user2906@campus.edu,C4585,DH629a1230282f,F102906
E16436,,user2907@campus.edu,C9122,DHc0697b6d1a1c,F102907
E16437,,user2908@campus.edu,C4575,DH67171fa0d00c,F102908
E16438,,user2909@campus.edu,C1805,DH4449e661276c,F102909
E16439,S61850,user2910@campus.edu,C5817,DH785894e28a55,F102910
E16440,,user2911@campus.edu,C5665,DH0152e2f35b18,F102911
E16441,S23318,user2912@campus.edu,C7526,DH4786d947d09d,F102912
E16442,S70713,user2913@campus.edu,C9186,DH69f423392f7f,F102913
E16443,,user2914@campus.edu,C3645,DHabd856e43a59,F102914
E16444,,user2915@campus.edu,C4168,DHeb090b2e8efe,F102915
E16445,,user2916@campus.edu,C9947,DH549e15118606,F102916
E16446,S67400,user2917@campus.edu,C4831,DH02bb7f5c55d7,F102917
E16447,,user2918@campus.edu,C9442,DH0d03660933e7,F102918
E16448,S63533,user2919@campus.edu,C1477,DH1e2f48cb11a4,F102919
E16449,S13003,user2920@campus.edu,C9074,DH12601e9c04dc,F102920
E16450,S62793,user2921@campus.edu,C2949,DHc38f9c5698b3,F102921
E16451,S75072,user2922@campus.edu,C4865,DHc36711ef4bff,F102922
E16452,S12026,user2923@campus.edu,C6981,DH01615d731173,F102923
E16453,S96364,user2924@campus.edu,C3800,DH9eda55d19904,F102924
E16454,S98327,user2925@campus.edu,C3608,DH23491911e43f,F102925
E16455,S11944,user2926@campus.edu,C6489,DH5707989f2dc1,F102926
E16456,,user2927@campus.edu,C3463,DHad91564efa86,F102927
E16457,S19535,user2928@campus.edu,C3273,DHc18f92e8eac1,F102928
E16458,S87879,user2929@campus.edu,C1646,DH29f5f3489501,F102929
E16459,S40830,user2930@campus.edu,C8044,DH76da071b9759,F102930
E16460,S12118,user2931@campus.edu,C3594,DH1cfd34c7c7b2,F102931
E16461,,user2932@campus.edu,C4765,DH18884fc0535f,F102932
E16462,,user2933@campus.edu,C5781,DHb353ca84029b,F102933
E16463,,user2934@campus.edu,C2081,DH032453377f88,F102934
E16464,S76523,user2935@campus.edu,C8501,DHae9842274434,F102935
E16465,S40838,user2936@campus.edu,C9912,DH48a2e5551660,F102936
E16466,S80683,user2937@campus.edu,C4059,DHcb5481cf8209,F102937
E16467,S20222,user2938@campus.edu,C2040,DH59c58f0172b9,F102938
E16468,S60393,user2939@campus.edu,C9879,DHc8f688c76b97,F102939
E16469,S76296,user2940@campus.edu,C9146,DH15ac594eceaf,F102940
E16470,S35710,user2941@campus.edu,C9092,DHb6716352877a,F102941
E16471,S10085,user2942@campus.edu,C7530,DH4f60b76435c9,F102942
E16472,S13918,user2943@campus.edu,C6904,DH2416fa856c0d,F102943
E16473,S99864,user2944@campus.edu,C8481,DH1eb84a434d8b,F102944
E16474,S32009,user2945@campus.edu,C5580,DHbde488089933,F102945
E16475,S59090,user2946@campus.edu,C5396,DH003ff3e4ac34,F102946
E16476,,user2947@campus.edu,C7456,DHfc00a50ba802,F102947
E16477,S48556,user2948@campus.edu,C4042,DH63ccf153cd47,F102948
E16478,S45291,user2949@campus.edu,C7412,DH928763d30cc4,F102949
E16479,S23513,user2950@campus.edu,C6573,DH2dc39dc4905e,F102950
E16480,S34458,user2951@campus.edu,C9733,DH7cac94f95a3b,F102951
E16481,S60997,user2952@campus.edu,C3747,DH21cf75c223a9,F102952
E16482,S39052,user2953@campus.edu,C4641,DH978bcaf0b395,F102953
E16483,S23398,user2954@campus.edu,C4662,DH5815c699e7c7,F102954
E16484,S58395,user2955@campus.edu,C6993,DHe810bf6e86f3,F102955
E16485,S83227,user2956@campus.edu,C6314,DH35ba75eacb3c,F102956
E16486,S99142,user2957@campus.edu,C5707,DH9e2dcafaafdd,F102957
E16487,S92329,user2958@campus.edu,C2965,DH5695af230e91,F102958
E16488,S73074,user2959@campus.edu,C8933,DH6ba4e3d9e4fb,F102959
E16489,S86280,user2960@campus.edu,C4866,DH1b24ed21000f,F102960
E16490,S37549,user2961@campus.edu,C7463,DH223cfedd6ed7,F102961
E16491,S24093,user2962@campus.edu,C6353,DH64007378b527,F102962
E16492,S57986,user2963@campus.edu,C4513,DHb3b702002f3f,F102963
E16493,S22763,user2964@campus.edu,C4901,DHadf946d0b6e1,F102964
E16494,,user2965@campus.edu,C5354,DHaeda4d402968,F102965
E16495,S14612,user2966@campus.edu,C6797,DH4fb7763a58d9,F102966
E16496,S25992,user2967@campus.edu,C9580,DH2c27e3ebe5b4,F102967
E16497,S72654,user2968@campus.edu,C1110,DHef2de8fcf907,F102968
E16498,S79046,user2969@campus.edu,C6706,DHf6ef9dd7e72a,F102969
E16499,,user2970@campus.edu,C8014,DHdc97136152c7,F102970
E16500,,user2971@campus.edu,C8245,DH7173f5b2e88a,F102971
E16501,,user2972@campus.edu,C6535,DHe61a9e6aa056,F102972
E16502,,user2973@campus.edu,C6562,DH8ef6af2aed5c,F102973
E16503,,user2974@campus.edu,C3912,DH4f36c3925176,F102974
E16504,S25552,user2975@campus.edu,C2359,DH61e61ccc10f7,F102975
E16505,S15164,user2976@campus.edu,C1702,DH847de51c90ae,F102976
E16506,S86851,user2977@campus.edu,C4802,DH62dfaf952051,F102977
E16507,S52726,user2978@campus.edu,C6199,DHcf117d32cf0c,F102978
E16508,S72983,user2979@campus.edu,C1553,DH790bc1e747fa,F102979
E16509,S82816,user2980@campus.edu,C3984,DH90c900dd81c0,F102980
E16510,S78785,user2981@campus.edu,C7276,DHb6f427b22006,F102981
E16511,S28883,user2982@campus.edu,C9185,DH88bcec4a46c3,F102982
E16512,S48360,user2983@campus.edu,C7771,DHe23a76beec43,F102983
E16513,S31981,user2984@campus.edu,C7042,DHcb33b6387592,F102984
E16514,,user2985@campus.edu,C3832,DH7893e6d88a02,F102985
E16515,S18246,user2986@campus.edu,C3069,DHa5318b0c1f42,F102986
E16516,S92170,user2987@campus.edu,C5994,DH6ec2696a10cc,F102987
E16517,S21776,user2988@campus.edu,C9512,DHa184b8f6c0cc,F102988
E16518,S36733,user2989@campus.edu,C8588,DH4bdf744f3592,F102989
E16519,S62956,user2990@campus.edu,C9498,DHc6b3387b44a6,F102990
E16520,S55886,user2991@campus.edu,C8865,DH10d2ce49058b,F102991
E16521,S83667,user2992@campus.edu,C5352,DH25164d851038,F102992
E16522,S14285,user2993@campus.edu,C6331,DHe8479a05aa46,F102993
E16523,S60123,user2994@campus.edu,C4950,DH475cd71bc75b,F102994
E16524,S67610,user2995@campus.edu,C2981,DHc558e7c5eafb,F102995
E16525,S35994,user2996@campus.edu,C8256,DH92d505a77523,F102996
E16526,S13836,user2997@campus.edu,C6338,DH65ae460a5f4a,F102997
E16527,S90584,user2998@campus.edu,C4507,DHbef29416e8c2,F102998
E16528,,user2999@campus.edu,C2234,DH0e226c26b2eb,F102999
E16529,S40992,user3000@campus.edu,C3728,DH659cc07bd000,F103000
E16530,S85707,user3001@campus.edu,C9850,DH641555acc312,F103001
E16531,S44967,user3002@campus.edu,C7846,DH943c6390065d,F103002
E16532,S74631,user3003@campus.edu,C4585,DHa6dc2c222a6f,F103003
E16533,S84847,user3004@campus.edu,C6449,DHfa656c7ebba9,F103004
E16534,S90112,user3005@campus.edu,C2908,DHd1a993ed662d,F103005
E16535,S67513,user3006@campus.edu,C1044,DH817214147453,F103006
E16536,S31245,user3007@campus.edu,C1908,DH9d248012ec35,F103007
E16537,S71408,user3008@campus.edu,C9634,DH79d1c12bf04c,F103008
E16538,S28124,user3009@campus.edu,C9502,DHe7cc96505bea,F103009
E16539,S27657,user3010@campus.edu,C6968,DH299c8b580ff8,F103010
E16540,S14935,user3011@campus.edu,C1728,DH1a6be4cb92a4,F103011
E16541,S77977,user3012@campus.edu,C9248,DH82ef2a9a343b,F103012
E16542,S58784,user3013@campus.edu,C9426,DHf1a3ce1face9,F103013
E16543,S61687,user3014@campus.edu,C1997,DH5d51e0d2af06,F103014
E16544,S40970,user3015@campus.edu,C7354,DH0703af24f34e,F103015
E16545,,user3016@campus.edu,C2088,DHf9ec6d74a7f2,F103016
E16546,,user3017@campus.edu,C3444,DHe4ccf8524614,F103017
E16547,S55645,user3018@campus.edu,C1393,DHe75c871bc64d,F103018
E16548,S95688,user3019@campus.edu,C9378,DH2c080a32940a,F103019
E16549,S10643,user3020@campus.edu,C7808,DH318f03f8ea59,F103020
E16550,S75518,user3021@campus.edu,C2522,DHe01e8b6476eb,F103021
E16551,S93006,user3022@campus.edu,C3472,DH9232e8332025,F103022
E16552,S70338,user3023@campus.edu,C7719,DH026ecde5e269,F103023
E16553,S98268,user3024@campus.edu,C2462,DHd46e04aa97d3,F103024
E16554,S26974,user3025@campus.edu,C3960,DHd84f344eefcd,F103025
E16555,S68522,user3026@campus.edu,C3228,DHee78be36797b,F103026
E16556,S35945,user3027@campus.edu,C4507,DHd75a763e192f,F103027
E16557,S59844,user3028@campus.edu,C6526,DH9cb95b2e64ef,F103028
E16558,S69682,user3029@campus.edu,C5939,DHe40d3a1da226,F103029
E16559,S33086,user3030@campus.edu,C2645,DHca23ac6cfa75,F103030
E16560,S99527,user3031@campus.edu,C7468,DH780555f35ff8,F103031
E16561,,user3032@campus.edu,C6351,DH460f3b210aba,F103032
E16562,S26883,user3033@campus.edu,C1280,DHb8522dcf6375,F103033
E16563,S55871,user3034@campus.edu,C7234,DH9419d73feb5d,F103034
E16564,,user3035@campus.edu,C6656,DH0e43adcda309,F103035
E16565,S22736,user3036@campus.edu,C4749,DH93bdda23cbf6,F103036
E16566,S65556,user3037@campus.edu,C6882,DHe1393d8096ae,F103037
E16567,S50231,user3038@campus.edu,C3135,DH80a76006e8ee,F103038
E16568,S30469,user3039@campus.edu,C1420,DHa7ed73dcfc43,F103039
E16569,,user3040@campus.edu,C3653,DHc3254d23e840,F103040
E16570,S17904,user3041@campus.edu,C3725,DH6dd16da4a664,F103041
E16571,S66521,user3042@campus.edu,C7982,DHf67c1dedff15,F103042
E16572,S26578,user3043@campus.edu,C5610,DH2b9d9ad48a19,F103043
E16573,S30787,user3044@campus.edu,C1124,DH5da2dcdcb8c3,F103044
E16574,S26343,user3045@campus.edu,C1276,DH529993283ce3,F103045
E16575,,user3046@campus.edu,C8396,DHce2a0be14967,F103046
E16576,,user3047@campus.edu,C7076,DH3c487ea4e62e,F103047
E16577,S58754,user3048@campus.edu,C5670,DHbd54c4e08ffd,F103048
E16578,,user3049@campus.edu,C2743,DHf91691ef1e52,F103049
E16579,S24491,user3050@campus.edu,C1722,DHda9bbb8a6821,F103050
E16580,S26074,user3051@campus.edu,C1634,DH0870ab678d84,F103051
E16581,,user3052@campus.edu,C2644,DH1e33b1625054,F103052
E16582,S74092,user3053@campus.edu,C3652,DH2b0832b144ad,F103053
E16583,S77744,user3054@campus.edu,C2596,DH6c596a00719c,F103054
E16584,S13995,user3055@campus.edu,C2772,DHc91d2decb898,F103055
E16585,S76632,user3056@campus.edu,C1695,DHddfae4e0218d,F103056
E16586,S70548,user3057@campus.edu,C4755,DH2db1b91c949f,F103057
E16587,,user3058@campus.edu,C9694,DH7e6599250985,F103058
E16588,S32935,user3059@campus.edu,C2871,DHe05a2c5d6080,F103059
E16589,S33819,user3060@campus.edu,C6716,DHd056df115222,F103060
E16590,S65824,user3061@campus.edu,C8036,DH475cb92f0bfe,F103061
E16591,S25793,user3062@campus.edu,C1089,DHcb682676e8ee,F103062
E16592,,user3063@campus.edu,C3565,DHfb17e1d0cff0,F103063
E16593,,user3064@campus.edu,C3439,DH132ace3cdaa9,F103064
E16594,S41529,user3065@campus.edu,C3264,DH5738c12ac533,F103065
E16595,S62819,user3066@campus.edu,C7796,DH6ec8ec029748,F103066
E16596,S92160,user3067@campus.edu,C1408,DHe02ad88442d6,F103067
E16597,S73655,user3068@campus.edu,C8657,DHbd4bdafe4ae6,F103068
E16598,S86751,user3069@campus.edu,C4865,DHa552af4dc64f,F103069
E16599,S92716,user3070@campus.edu,C5416,DH186cb59a186d,F103070
E16600,S51506,user3071@campus.edu,C3820,DH43e010b61619,F103071
E16601,S14967,user3072@campus.edu,C5876,DH9186ac1ce9ab,F103072
E16602,,user3073@campus.edu,C9074,DH48a252fb2e60,F103073
E16603,S67542,user3074@campus.edu,C2970,DH939b598bf14b,F103074
E16604,S23376,user3075@campus.edu,C7731,DH0816c08e3239,F103075
E16605,S47572,user3076@campus.edu,C1804,DH5dc8b085341a,F103076
E16606,S40578,user3077@campus.edu,C3854,DH95a4e9cd28dc,F103077
E16607,S97783,user3078@campus.edu,C5736,DHfaf2e2ff5be2,F103078
E16608,,user3079@campus.edu,C5327,DH5fb2425a190d,F103079
E16609,,user3080@campus.edu,C8655,DH059d481785b1,F103080
E16610,S32482,user3081@campus.edu,C2731,DH04725cb844bc,F103081
E16611,S96606,user3082@campus.edu,C1449,DHb5a5779335ba,F103082
E16612,,user3083@campus.edu,C9404,DHc682d4eb5780,F103083
E16613,,user3084@campus.edu,C2834,DH476e9c2e98ef,F103084
E16614,,user3085@campus.edu,C2156,DHf0c06d34b971,F103085
E16615,,user3086@campus.edu,C3633,DH9a0ef4b0d7c4,F103086
E16616,,user3087@campus.edu,C4819,DH02f504c7bbb6,F103087
E16617,,user3088@campus.edu,C1188,DH047569a7546a,F103088
E16618,S44013,user3089@campus.edu,C9848,DHf63ac36412a3,F103089
E16619,S97370,user3090@campus.edu,C2535,DH600612b78f66,F103090
E16620,S49263,user3091@campus.edu,C7606,DHf8965b0ca664,F103091
E16621,,user3092@campus.edu,C3709,DH164ba983c166,F103092
E16622,S29718,user3093@campus.edu,C8591,DH1995fa8bac1e,F103093
E16623,,user3094@campus.edu,C1706,DHee84b99aff8c,F103094
E16624,S43901,user3095@campus.edu,C2448,DHb3529ab6a803,F103095
E16625,S15769,user3096@campus.edu,C9099,DHa00c6a74f6a6,F103096
E16626,S98367,user3097@campus.edu,C4672,DH201afb05de51,F103097
E16627,S86157,user3098@campus.edu,C7523,DH763579fe25e2,F103098
E16628,S65264,user3099@campus.edu,C5637,DH373133507acc,F103099
E16629,S44711,user3100@campus.edu,C8033,DHf46016c5f046,F103100
E16630,S29882,user3101@campus.edu,C2061,DH75573b8b901c,F103101
E16631,S23396,user3102@campus.edu,C7323,DHb1c5c914f34d,F103102
E16632,,user3103@campus.edu,C4983,DH7d15351eb407,F103103
E16633,S10044,user3104@campus.edu,C9233,DH9a4d78fd25ea,F103104
E16634,S79822,user3105@campus.edu,C9221,DHd26ca12f062f,F103105
E16635,S28017,user3106@campus.edu,C5235,DHd1b073067339,F103106
E16636,S68349,user3107@campus.edu,C2116,DH52e07d524e98,F103107
E16637,S21689,user3108@campus.edu,C5913,DHa12bbd0e06eb,F103108
E16638,,user3109@campus.edu,C5067,DHa0fa1d7fc99c,F103109
E16639,S36813,user3110@campus.edu,C7674,DHfe5ee0877fe2,F103110
E16640,S10055,user3111@campus.edu,C6598,DHc33ad711a35a,F103111
E16641,S52102,user3112@campus.edu,C9372,DH61c49b13561e,F103112
E16642,S31702,user3113@campus.edu,C6903,DH367ccb637ed8,F103113
E16643,S26327,user3114@campus.edu,C2595,DHc8e8e59bbcf4,F103114
E16644,S47899,user3115@campus.edu,C5482,DH7d4ec693d740,F103115
E16645,S71609,user3116@campus.edu,C8933,DH992dbcc3630a,F103116
E16646,S87928,user3117@campus.edu,C9818,DH36d79b168c14,F103117
E16647,S80915,user3118@campus.edu,C1046,DH7f20fef3af04,F103118
E16648,,user3119@campus.edu,C2304,DH9a2f818f64bf,F103119
E16649,S39684,user3120@campus.edu,C6348,DH5f2e2f8768ac,F103120
E16650,,user3121@campus.edu,C7917,DH7e8527da38b5,F103121
E16651,S86253,user3122@campus.edu,C7485,DH1600aa845141,F103122
E16652,S59959,user3123@campus.edu,C6117,DHb8e9ce2c7d3b,F103123
E16653,S51098,user3124@campus.edu,C1807,DHd1f6a68e050c,F103124
E16654,S99066,user3125@campus.edu,C3958,DHe8d820f7dafd,F103125
E16655,,user3126@campus.edu,C1728,DH2918031547fe,F103126
E16656,S65375,user3127@campus.edu,C2013,DHfc8767e2ac75,F103127
E16657,S61758,user3128@campus.edu,C4393,DH14233dd98c28,F103128
E16658,S23108,user3129@campus.edu,C9432,DHf253fa8b38a3,F103129
E16659,S17315,user3130@campus.edu,C7209,DHe9d8dadc48b9,F103130
E16660,S95991,user3131@campus.edu,C5933,DHc8584e11b4c0,F103131
E16661,S42796,user3132@campus.edu,C3931,DH1e744cbf0a98,F103132
E16662,,user3133@campus.edu,C8125,DHb42555b2762f,F103133
E16663,S67121,user3134@campus.edu,C5294,DHbce773fd08f8,F103134
E16664,,user3135@campus.edu,C6966,DHceee9ff64ff7,F103135
E16665,S84869,user3136@campus.edu,C8382,DHbc9fb5126ac7,F103136
E16666,,user3137@campus.edu,C1473,DHb4ee58ce5b4e,F103137
E16667,S43828,user3138@campus.edu,C7626,DH45b1e7d30918,F103138
E16668,,user3139@campus.edu,C5738,DH27bd9c507547,F103139
E16669,S89121,user3140@campus.edu,C6685,DHd5d7bc14409a,F103140
E16670,S31006,user3141@campus.edu,C4059,DH3b0071eefbc7,F103141
E16671,S69234,user3142@campus.edu,C8015,DH82b81bd51f25,F103142
E16672,S51419,user3143@campus.edu,C2103,DH9f60af50bdd6,F103143
E16673,S46822,user3144@campus.edu,C2637,DH14b4c1e890dc,F103144
E16674,,user3145@campus.edu,C9471,DHdac829ca23e6,F103145
E16675,S11967,user3146@campus.edu,C2775,DHe17cbfbad6a5,F103146
E16676,S73071,user3147@campus.edu,C9102,DH5f2574b6ea2b,F103147
E16677,S32660,user3148@campus.edu,C6871,DH5daf05afdfe9,F103148
E16678,,user3149@campus.edu,C7693,DHf60ac7663232,F103149
E16679,S19979,user3150@campus.edu,C3412,DHeb99c09c8b4c,F103150
E16680,S42929,user3151@campus.edu,C4748,DH624682f9d342,F103151
E16681,S87167,user3152@campus.edu,C7322,DHdd6e21177d65,F103152
E16682,S93303,user3153@campus.edu,C3765,DH11753835ab0b,F103153
E16683,,user3154@campus.edu,C3021,DH0227fed42354,F103154
E16684,S57451,user3155@campus.edu,C5396,DH619e71b0986b,F103155
E16685,S43353,user3156@campus.edu,C6005,DH891e5873fed6,F103156
E16686,S29089,user3157@campus.edu,C4224,DH3fc43cff5612,F103157
E16687,S30206,user3158@campus.edu,C8331,DHedecee0cbd50,F103158
E16688,S99413,user3159@campus.edu,C2390,DH9dd51afe6a0c,F103159
E16689,,user3160@campus.edu,C5808,DH77eebf425f5b,F103160
E16690,S82756,user3161@campus.edu,C9829,DH3ae4ba6aedfc,F103161
E16691,,user3162@campus.edu,C1206,DH6a3136eabb87,F103162
E16692,,user3163@campus.edu,C7341,DH96df2f1060e5,F103163
E16693,S14351,user3164@campus.edu,C7334,DHb27b95cea172,F103164
E16694,S75934,user3165@campus.edu,C3372,DHf58ff91a73b8,F103165
E16695,,user3166@campus.edu,C6006,DHa48708a25166,F103166
E16696,,user3167@campus.edu,C7493,DHf8600bc433b1,F103167
E16697,S18776,user3168@campus.edu,C7962,DH28de7d08c58a,F103168
E16698,S97821,user3169@campus.edu,C6889,DH36e98023fcbb,F103169
E16699,S37559,user3170@campus.edu,C9766,DH649e1ae85a11,F103170
E16700,S38500,user3171@campus.edu,C8378,DH85725dc76354,F103171
E16701,S41578,user3172@campus.edu,C3020,DH0644b1b3a383,F103172
E16702,S77173,user3173@campus.edu,C5185,DHd1888268798f,F103173
E16703,,user3174@campus.edu,C9429,DH53acf086603c,F103174
E16704,S73077,user3175@campus.edu,C3176,DH2902eea0087e,F103175
E16705,S99263,user3176@campus.edu,C3253,DHf120b60b3261,F103176
E16706,S88409,user3177@campus.edu,C9854,DH41f114159065,F103177
E16707,S36703,user3178@campus.edu,C4709,DHb7b300a93be5,F103178
E16708,S41230,user3179@campus.edu,C2690,DHf31d2da1b4c0,F103179
E16709,,user3180@campus.edu,C3574,DH8e09de01e8ae,F103180
E16710,,user3181@campus.edu,C4474,DH094e699f7cff,F103181
E16711,S11953,user3182@campus.edu,C4032,DHff8649ca6462,F103182
E16712,,user3183@campus.edu,C9552,DHb45bf4e6fdf1,F103183
E16713,S15938,user3184@campus.edu,C1488,DHbeb33301666a,F103184
E16714,S98701,user3185@campus.edu,C8878,DHc66500ec016f,F103185
E16715,S48728,user3186@campus.edu,C4102,DHaf6515e80ce9,F103186
E16716,S18088,user3187@campus.edu,C4854,DH0cacbc21a406,F103187
E16717,,user3188@campus.edu,C9361,DH97b601756f98,F103188
E16718,S94084,user3189@campus.edu,C3265,DH065c1e92b90b,F103189
E16719,S51470,user3190@campus.edu,C2600,DH776c356b958d,F103190
E16720,S69905,user3191@campus.edu,C7623,DHb635778dc364,F103191
E16721,S53178,user3192@campus.edu,C7212,DH3815cfb23a13,F103192
E16722,S67135,user3193@campus.edu,C8091,DH97668c648756,F103193
E16723,S11709,user3194@campus.edu,C7438,DHf4833f5d3ede,F103194
E16724,,user3195@campus.edu,C1025,DHae12fcf13c98,F103195
E16725,S90493,user3196@campus.edu,C5405,DH7b9e85277832,F103196
E16726,S11971,user3197@campus.edu,C7017,DH0e0cff567ef3,F103197
E16727,S36516,user3198@campus.edu,C5820,DH348ccd30aa46,F103198
E16728,S84003,user3199@campus.edu,C7639,DH56c350cefbdf,F103199
E16729,S79200,user3200@campus.edu,C4835,DH5bf64c40f8da,F103200
E16730,S93267,user3201@campus.edu,C2938,DH8a44b03d6f7f,F103201
E16731,,user3202@campus.edu,C6965,DH0a31a4c7f96a,F103202
E16732,,user3203@campus.edu,C8430,DHc7cdda6ddccc,F103203
E16733,S13063,user3204@campus.edu,C4878,DH256e45457d1d,F103204
E16734,,user3205@campus.edu,C6873,DH9ff06c1d6f54,F103205
E16735,S59825,user3206@campus.edu,C1240,DHbdc93cb33f4a,F103206
E16736,S84925,user3207@campus.edu,C7038,DH4fb866d56ece,F103207
E16737,S53989,user3208@campus.edu,C9363,DH8621bc5acc38,F103208
E16738,S48114,user3209@campus.edu,C2478,DH70becdde92ed,F103209
E16739,S34232,user3210@campus.edu,C2222,DH43ec26bccdb3,F103210
E16740,S28960,user3211@campus.edu,C5592,DHd6de4b2e987a,F103211
E16741,S28057,user3212@campus.edu,C8139,DH087ff2a6c252,F103212
E16742,S72590,user3213@campus.edu,C6476,DH0784b693365c,F103213
E16743,S44646,user3214@campus.edu,C7003,DHbad4b5139d62,F103214
E16744,S55431,user3215@campus.edu,C5811,DH7a1fc0ccb0d1,F103215
E16745,,user3216@campus.edu,C9286,DH3d4e0873239c,F103216
E16746,,user3217@campus.edu,C7015,DH249ad1fe0e7b,F103217
E16747,S16524,user3218@campus.edu,C2038,DH31d4b6ac799b,F103218
E16748,,user3219@campus.edu,C1865,DH410cbf48140a,F103219
E16749,S46496,user3220@campus.edu,C8700,DHdb6bdd8e5a7a,F103220
E16750,S90088,user3221@campus.edu,C6375,DHe41603a54457,F103221
E16751,S78179,user3222@campus.edu,C9465,DH4712e69ed588,F103222
E16752,S41505,user3223@campus.edu,C2476,DH5b3a958b2665,F103223
E16753,S58908,user3224@campus.edu,C1102,DH8acec8b7b806,F103224
E16754,S83722,user3225@campus.edu,C1966,DH42b73417a160,F103225
E16755,S90008,user3226@campus.edu,C3916,DHbdb296c710a4,F103226
E16756,,user3227@campus.edu,C8002,DH38e9d987595b,F103227
E16757,S67748,user3228@campus.edu,C1872,DHe71288a0e58d,F103228
E16758,S70604,user3229@campus.edu,C2161,DHde69fa98e895,F103229
E16759,S10603,user3230@campus.edu,C8927,DHc19ab7a89f16,F103230
E16760,,user3231@campus.edu,C6361,DH4eefbe37bd54,F103231
E16761,,user3232@campus.edu,C8673,DH7707b866d942,F103232
E16762,S64018,user3233@campus.edu,C6646,DH43197cf0ee97,F103233
E16763,S25147,user3234@campus.edu,C7773,DH7b2493f93707,F103234
E16764,S28514,user3235@campus.edu,C8768,DH191cad439d86,F103235
E16765,,user3236@campus.edu,C2158,DH344dbf767e2b,F103236
E16766,S56110,user3237@campus.edu,C7607,DHb459afff3692,F103237
E16767,S37962,user3238@campus.edu,C6897,DH4912ed356400,F103238
E16768,S54223,user3239@campus.edu,C3480,DH3eb47abed670,F103239
E16769,S81522,user3240@campus.edu,C8133,DH80a83d1d691f,F103240
E16770,S81821,user3241@campus.edu,C4588,DH340137676b39,F103241
E16771,,user3242@campus.edu,C3897,DH48923c8d7495,F103242
E16772,S63201,user3243@campus.edu,C3259,DHfb1b53d93954,F103243
E16773,S68394,user3244@campus.edu,C8279,DH6c5ff47273cb,F103244
E16774,S91248,user3245@campus.edu,C6497,DHb38435fcb577,F103245
E16775,S30900,user3246@campus.edu,C4374,DH53a487a30f3d,F103246
E16776,S87865,user3247@campus.edu,C1557,DH4642154ea5f1,F103247
E16777,,user3248@campus.edu,C9083,DH903b3aa6b7ef,F103248
E16778,S23332,user3249@campus.edu,C4826,DH0bc03c109f21,F103249
E16779,,user3250@campus.edu,C7355,DH6abf6e73869d,F103250
E16780,,user3251@campus.edu,C5832,DH14dee9c92ecd,F103251
E16781,S32045,user3252@campus.edu,C1389,DHadf92303235e,F103252
E16782,S51304,user3253@campus.edu,C5391,DH946be7c5298b,F103253
E16783,,user3254@campus.edu,C8171,DH4fe348091329,F103254
E16784,S11386,user3255@campus.edu,C3587,DHcd250e49e23b,F103255
E16785,S54205,user3256@campus.edu,C4515,DHe2c9d5e11b93,F103256
E16786,,user3257@campus.edu,C6567,DHb5cfa208db78,F103257
E16787,S23093,user3258@campus.edu,C8257,DHc52a6fbdcbe1,F103258
E16788,S16490,user3259@campus.edu,C6797,DH1e88fb8b2833,F103259
E16789,S97349,user3260@campus.edu,C2077,DH8a1e7482c675,F103260
E16790,,user3261@campus.edu,C5981,DH5a8e5ba804f1,F103261
E16791,S25534,user3262@campus.edu,C1049,DH15d0d0bec2b4,F103262
E16792,S38116,user3263@campus.edu,C8019,DH98c87ee54bb1,F103263
E16793,S18442,user3264@campus.edu,C2179,DHf39b8f75bade,F103264
E16794,S39016,user3265@campus.edu,C6518,DHcc696050f9a3,F103265
E16795,,user3266@campus.edu,C4991,DH95d90133bc0a,F103266
E16796,S57362,user3267@campus.edu,C7355,DH24b3195cd21f,F103267
E16797,S84631,user3268@campus.edu,C1213,DH1b0c7eee91e2,F103268
E16798,S17705,user3269@campus.edu,C2207,DH8a4537c0412d,F103269
E16799,S44441,user3270@campus.edu,C1722,DHdf40554d732c,F103270
E16800,S38548,user3271@campus.edu,C4175,DH6e6b58262e5c,F103271
E16801,S39494,user3272@campus.edu,C1336,DH1c74a3e5b7c0,F103272
E16802,S30601,user3273@campus.edu,C6475,DH0ad8e65702f7,F103273
E16803,S11448,user3274@campus.edu,C2194,DH02f0d5d93dec,F103274
E16804,,user3275@campus.edu,C7408,DHbd3037d5ffe3,F103275
E16805,S43393,user3276@campus.edu,C4010,DH8404bd33fc3f,F103276
E16806,S29588,user3277@campus.edu,C4585,DH507ff703cd0a,F103277
E16807,S19141,user3278@campus.edu,C1249,DHaf9a45380a1e,F103278
E16808,S98705,user3279@campus.edu,C1760,DH3079566afb4b,F103279
E16809,S82847,user3280@campus.edu,C7783,DH8bf38074092c,F103280
E16810,S25289,user3281@campus.edu,C2448,DH6488c0c272d3,F103281
E16811,S90775,user3282@campus.edu,C1106,DH38db7b94692f,F103282
E16812,,user3283@campus.edu,C9897,DH8dcfce47c6f2,F103283
E16813,,user3284@campus.edu,C7938,DH6c487380c31f,F103284
E16814,S41492,user3285@campus.edu,C7866,DH27e3f1d4fcd1,F103285
E16815,,user3286@campus.edu,C6795,DHdd00bbb227ca,F103286
E16816,S70734,user3287@campus.edu,C1404,DHa4a8ee484558,F103287
E16817,S25012,user3288@campus.edu,C2488,DHc9e5bbe2a7d0,F103288
E16818,S10802,user3289@campus.edu,C3964,DHcfc0be5be1d9,F103289
E16819,S22972,user3290@campus.edu,C3800,DH8a4e71187b08,F103290
E16820,,user3291@campus.edu,C9009,DH77eed20b90f5,F103291
E16821,S23948,user3292@campus.edu,C2836,DH1e8c99d8aea8,F103292
E16822,S53557,user3293@campus.edu,C2336,DH93980cfc0469,F103293
E16823,S71662,user3294@campus.edu,C3743,DHd036ce20370b,F103294
E16824,S16598,user3295@campus.edu,C6565,DHf0b7d5785b4f,F103295
E16825,S38304,user3296@campus.edu,C2100,DHab40f2809c1f,F103296
E16826,S76652,user3297@campus.edu,C8857,DH383dbaee32b7,F103297
E16827,S17001,user3298@campus.edu,C2572,DH7c9dcef289f2,F103298
E16828,S31300,user3299@campus.edu,C1019,DH15c188e8175d,F103299
E16829,S48606,user3300@campus.edu,C9792,DH459f5fe5b4a0,F103300
E16830,S17754,user3301@campus.edu,C5128,DHaf683896542c,F103301
E16831,S95830,user3302@campus.edu,C4463,DHd8febcfd97dd,F103302
E16832,S65241,user3303@campus.edu,C6896,DHf824ce4bb089,F103303
E16833,S98228,user3304@campus.edu,C3073,DH632b40ffd16c,F103304
E16834,S16646,user3305@campus.edu,C5538,DH105dcda9c339,F103305
E16835,,user3306@campus.edu,C6884,DH28daa9f3508d,F103306
E16836,S15430,user3307@campus.edu,C3140,DH77366203e4f2,F103307
E16837,S63367,user3308@campus.edu,C5152,DH444a4686e697,F103308
E16838,S55145,user3309@campus.edu,C4781,DH908463964f5b,F103309
E16839,S86619,user3310@campus.edu,C2572,DH0bf91c3372f2,F103310
E16840,S99625,user3311@campus.edu,C1375,DHbecf21a56189,F103311
E16841,S71561,user3312@campus.edu,C5891,DH66f0de7f511e,F103312
E16842,S86289,user3313@campus.edu,C9698,DH283ec08ac4bf,F103313
E16843,,user3314@campus.edu,C9867,DH926d5e383e03,F103314
E16844,S31260,user3315@campus.edu,C3471,DH27ca1b99dce6,F103315
E16845,,user3316@campus.edu,C8976,DH95dd3d1406d7,F103316
E16846,S83030,user3317@campus.edu,C7038,DH265d874bcfc1,F103317
E16847,S60222,user3318@campus.edu,C4831,DH1a85b2ae4807,F103318
E16848,S61605,user3319@campus.edu,C6931,DH3d0c375ca5a4,F103319
E16849,S43388,user3320@campus.edu,C5923,DHad5106553115,F103320
E16850,,user3321@campus.edu,C6016,DH87d4b6ab43ba,F103321
E16851,S64635,user3322@campus.edu,C6632,DH9e6523d2312f,F103322
E16852,S31925,user3323@campus.edu,C8432,DHa4b5b65d1558,F103323
E16853,,user3324@campus.edu,C2924,DHd4952fd88a6f,F103324
E16854,,user3325@campus.edu,C7732,DH4c6e0010a4ec,F103325
E16855,,user3326@campus.edu,C3478,DH1d0f3c0adbae,F103326
E16856,,user3327@campus.edu,C9077,DH89c777c6aa8c,F103327
E16857,S63420,user3328@campus.edu,C3416,DH5616e17d9168,F103328
E16858,,user3329@campus.edu,C7230,DH129f84f374e8,F103329
E16859,S41381,user3330@campus.edu,C3195,DH38195013c430,F103330
E16860,,user3331@campus.edu,C1943,DHdad84882a59e,F103331
E16861,S44175,user3332@campus.edu,C4314,DHf44016e67e34,F103332
E16862,S97616,user3333@campus.edu,C9667,DHad7c85809e16,F103333
E16863,S58469,user3334@campus.edu,C8649,DHe7db4d244b33,F103334
E16864,S53361,user3335@campus.edu,C8430,DH7faea9bf627b,F103335
E16865,S93326,user3336@campus.edu,C6496,DH5afbded4d3ed,F103336
E16866,,user3337@campus.edu,C8736,DHb14bdf945a66,F103337
E16867,S75901,user3338@campus.edu,C7263,DH0a96c61aa691,F103338
E16868,S26577,user3339@campus.edu,C2295,DH0236fa3a1c19,F103339
E16869,S80187,user3340@campus.edu,C1129,DH720b0b206217,F103340
E16870,,user3341@campus.edu,C6598,DH0b34fc34c576,F103341
E16871,S58655,user3342@campus.edu,C7247,DH298d526168cf,F103342
E16872,,user3343@campus.edu,C4924,DHc710ab13b69e,F103343
E16873,,user3344@campus.edu,C7028,DHd143c9f24dab,F103344
E16874,S26061,user3345@campus.edu,C5684,DHf4b54a6b2dcd,F103345
E16875,S35613,user3346@campus.edu,C5060,DH1a3936eabbe3,F103346
E16876,,user3347@campus.edu,C6061,DH3838e567e755,F103347
E16877,S38837,user3348@campus.edu,C8502,DH3542590c0d23,F103348
E16878,,user3349@campus.edu,C2998,DH36d1158e4724,F103349
E16879,,user3350@campus.edu,C2970,DHac16698c6e77,F103350
E16880,S22108,user3351@campus.edu,C5601,DH2cdae6e59e89,F103351
E16881,S33097,user3352@campus.edu,C8093,DH4dbdb357207b,F103352
E16882,S16371,user3353@campus.edu,C2842,DHe698d93b6123,F103353
E16883,S94948,user3354@campus.edu,C1414,DH14938e9bc1f7,F103354
E16884,S39171,user3355@campus.edu,C8286,DH031dd0bf40fc,F103355
E16885,S62468,user3356@campus.edu,C6307,DHf9e87dec833f,F103356
E16886,S24611,user3357@campus.edu,C5565,DH92c2a4e84ca3,F103357
E16887,,user3358@campus.edu,C8197,DH966eda25391b,F103358
E16888,S52661,user3359@campus.edu,C9505,DHb668e6c45b9f,F103359
E16889,S73418,user3360@campus.edu,C3919,DH885ab7b896e0,F103360
E16890,S70701,user3361@campus.edu,C4192,DHc169ab5c6f15,F103361
E16891,S39715,user3362@campus.edu,C3022,DH2b0bcba37ddb,F103362
E16892,S74798,user3363@campus.edu,C3694,DH7d95ae888f46,F103363
E16893,S91583,user3364@campus.edu,C6666,DH99d59b7dd0cf,F103364
E16894,S33070,user3365@campus.edu,C1438,DH4db85857e15b,F103365
E16895,S42260,user3366@campus.edu,C6635,DHc6a0b42eafda,F103366
E16896,,user3367@campus.edu,C4844,DHbc5d59cb1832,F103367
E16897,S39732,user3368@campus.edu,C4114,DH3032bc1eebe7,F103368
E16898,S47660,user3369@campus.edu,C6957,DHd2e942c0665e,F103369
E16899,S26934,user3370@campus.edu,C4713,DHf67d71d8e2d2,F103370
E16900,S14555,user3371@campus.edu,C8692,DH3449743c69ca,F103371
E16901,,user3372@campus.edu,C4070,DH822dac548339,F103372
E16902,S76278,user3373@campus.edu,C3595,DHa1b39b5f60a2,F103373
E16903,S74407,user3374@campus.edu,C3042,DHd6bd6bb157b1,F103374
E16904,S39132,user3375@campus.edu,C3996,DH00c986a81989,F103375
E16905,S44359,user3376@campus.edu,C9751,DHdc0480149e01,F103376
E16906,S68014,user3377@campus.edu,C5303,DHe7b0f1289a7e,F103377
E16907,S30023,user3378@campus.edu,C3320,DH1ddb8e735932,F103378
E16908,S89616,user3379@campus.edu,C5784,DH9a41ff98dd07,F103379
E16909,S30222,user3380@campus.edu,C4016,DH7661c188d9f9,F103380
E16910,S33991,user3381@campus.edu,C6530,DHd7600c85ec61,F103381
E16911,S41751,user3382@campus.edu,C8844,DHc7914449467f,F103382
E16912,,user3383@campus.edu,C5449,DH1bf0d9083342,F103383
E16913,S10827,user3384@campus.edu,C8955,DH86ba6f977a89,F103384
E16914,,user3385@campus.edu,C6307,DHb3018d81f978,F103385
E16915,,user3386@campus.edu,C7313,DH8d90d0625256,F103386
E16916,S47594,user3387@campus.edu,C7542,DH2d0b745b739d,F103387
E16917,,user3388@campus.edu,C2036,DHc5220bc647df,F103388
E16918,S57386,user3389@campus.edu,C6217,DHa558dd412d5f,F103389
E16919,S92078,user3390@campus.edu,C2102,DHb8c05a4204d0,F103390
E16920,S19439,user3391@campus.edu,C2269,DH3c1cc359285e,F103391
E16921,S12216,user3392@campus.edu,C2496,DHe04dece07a11,F103392
E16922,S87454,user3393@campus.edu,C6259,DH814f8f71d0d6,F103393
E16923,S17890,user3394@campus.edu,C8817,DH7022022304b3,F103394
E16924,S66963,user3395@campus.edu,C3593,DH9a35be2953cc,F103395
E16925,S22595,user3396@campus.edu,C3227,DH5bc14139d3c1,F103396
E16926,S84917,user3397@campus.edu,C4991,DH56219af06b95,F103397
E16927,S84256,user3398@campus.edu,C8436,DHe9b82ddfb965,F103398
E16928,S72202,user3399@campus.edu,C4532,DH6e5d6a5e89f9,F103399
E16929,S40320,user3400@campus.edu,C2309,DH6636bcf05698,F103400
E16930,S98467,user3401@campus.edu,C1463,DHd80d7def927a,F103401
E16931,S80092,user3402@campus.edu,C8784,DH767fafb0edd6,F103402
E16932,S92701,user3403@campus.edu,C6058,DH0b73097e329e,F103403
E16933,S53098,user3404@campus.edu,C6058,DH2a22533440b4,F103404
E16934,,user3405@campus.edu,C3042,DH109da49528a4,F103405
E16935,S19077,user3406@campus.edu,C6766,DH8e27e18550b4,F103406
E16936,S45689,user3407@campus.edu,C5633,DHbaa6fa3b3b93,F103407
E16937,S72906,user3408@campus.edu,C1112,DH6064fa0860ba,F103408
E16938,S70852,user3409@campus.edu,C7482,DHc08810bc44f5,F103409
E16939,S75065,user3410@campus.edu,C7568,DHbb3a8ccad22b,F103410
E16940,S50568,user3411@campus.edu,C2458,DHf98342321591,F103411
E16941,S65919,user3412@campus.edu,C1553,DHab6db41be267,F103412
E16942,S42016,user3413@campus.edu,C6783,DHb64c50810f88,F103413
E16943,S87183,user3414@campus.edu,C7326,DH7c46cd557bf6,F103414
E16944,S70870,user3415@campus.edu,C8231,DH8ccfad267026,F103415
E16945,,user3416@campus.edu,C7228,DH93949ef34d3d,F103416
E16946,S87799,user3417@campus.edu,C8634,DHc224d4cf9850,F103417
E16947,S31169,user3418@campus.edu,C9667,DHfef2470faca0,F103418
E16948,S65910,user3419@campus.edu,C5910,DH47ef44616087,F103419
E16949,,user3420@campus.edu,C6495,DHa258429c778e,F103420
E16950,S64256,user3421@campus.edu,C8120,DH8fb520b8859a,F103421
E16951,,user3422@campus.edu,C4627,DH85926921cbca,F103422
E16952,S90214,user3423@campus.edu,C2987,DH576c2336966d,F103423
E16953,,user3424@campus.edu,C5234,DH1e32c3b2d029,F103424
E16954,S85355,user3425@campus.edu,C5417,DH620d2e06ec57,F103425
E16955,S32457,user3426@campus.edu,C3393,DHa8df6a09b734,F103426
E16956,S65067,user3427@campus.edu,C3102,DH5041b832f94a,F103427
E16957,S85447,user3428@campus.edu,C9735,DHa6292042d55c,F103428
E16958,,user3429@campus.edu,C3583,DHf1f4373dd0d9,F103429
E16959,,user3430@campus.edu,C3839,DH80f1aedc7fa7,F103430
E16960,S52837,user3431@campus.edu,C5937,DHda8dca179415,F103431
E16961,S58567,user3432@campus.edu,C6516,DH79f804b9dd8a,F103432
E16962,S14887,user3433@campus.edu,C5004,DH5c39f7ee960a,F103433
E16963,S66732,user3434@campus.edu,C5987,DH13a7a29236da,F103434
E16964,S39287,user3435@campus.edu,C1894,DH775f4ae79c99,F103435
E16965,,user3436@campus.edu,C2880,DH991de354a98e,F103436
E16966,S56692,user3437@campus.edu,C9663,DH03440aa7f641,F103437
E16967,S54221,user3438@campus.edu,C8722,DHfe7b01a42442,F103438
E16968,,user3439@campus.edu,C4578,DHa77dc2417edc,F103439
E16969,S49104,user3440@campus.edu,C4099,DHd81c63c4fe46,F103440
E16970,S21094,user3441@campus.edu,C2187,DHe3d60c7d92dd,F103441
E16971,S36830,user3442@campus.edu,C5859,DHf41d33ad0fb2,F103442
E16972,,user3443@campus.edu,C5074,DH3b90632afa2e,F103443
E16973,S44750,user3444@campus.edu,C7661,DHb957fab22e3a,F103444
E16974,S96938,user3445@campus.edu,C8385,DH3bd7c08b09fc,F103445
E16975,S80814,user3446@campus.edu,C1459,DHc671d593a973,F103446
E16976,S28463,user3447@campus.edu,C5597,DHe10b596b5fa1,F103447
E16977,,user3448@campus.edu,C8983,DH3f1309a9e3ce,F103448
E16978,S34683,user3449@campus.edu,C1615,DHb705b50e2b4f,F103449
E16979,,user3450@campus.edu,C9791,DH3f56aa858671,F103450
E16980,S89888,user3451@campus.edu,C5592,DHa8ccdfe428f1,F103451
E16981,S54141,user3452@campus.edu,C3612,DHb19cdf2b8d7a,F103452
E16982,S91737,user3453@campus.edu,C4830,DH89c780483e55,F103453
E16983,S62595,user3454@campus.edu,C2766,DHed32c58dad20,F103454
E16984,,user3455@campus.edu,C4232,DHd442273f8002,F103455
E16985,S26102,user3456@campus.edu,C8008,DH37502d94442c,F103456
E16986,,user3457@campus.edu,C7993,DH77a243b3b40e,F103457
E16987,S51312,user3458@campus.edu,C5081,DHe2857ed3b435,F103458
E16988,S37604,user3459@campus.edu,C1918,DHe8212b34e6a4,F103459
E16989,,user3460@campus.edu,C4850,DH20e3db7f432c,F103460
E16990,S16116,user3461@campus.edu,C3081,DH2d9158158b1b,F103461
E16991,S12147,user3462@campus.edu,C2488,DHa9665fa82eb0,F103462
E16992,,user3463@campus.edu,C7116,DH0ee5b62f27b2,F103463
E16993,,user3464@campus.edu,C9953,DHfa66bb4e904e,F103464
E16994,,user3465@campus.edu,C5267,DH0a8a48d75c3a,F103465
E16995,S33970,user3466@campus.edu,C5320,DH1e9bb94a1161,F103466
E16996,S39804,user3467@campus.edu,C9795,DH7dc648131821,F103467
E16997,S92434,user3468@campus.edu,C3430,DH31d1fca58ebd,F103468
E16998,,user3469@campus.edu,C6188,DHf322d4e13015,F103469
E16999,,user3470@campus.edu,C9745,DHc61cc114c9e9,F103470
E17000,,user3471@campus.edu,C5081,DH23f4cbd653f9,F103471
E17001,S34419,user3472@campus.edu,C2633,DHcdd81bd58812,F103472
E17002,S25627,user3473@campus.edu,C9698,DH6cd51b33a4ac,F103473
E17003,S82456,user3474@campus.edu,C7814,DHb2c3ea8ffee2,F103474
E17004,S69561,user3475@campus.edu,C1810,DH57de1198acf2,F103475
E17005,S88415,user3476@campus.edu,C3474,DH90d36ce7f8a8,F103476
E17006,S90904,user3477@campus.edu,C5125,DH42f05ef2f638,F103477
E17007,S74748,user3478@campus.edu,C2671,DHdbc265974efd,F103478
E17008,S60831,user3479@campus.edu,C5170,DHcfc7635e8c65,F103479
E17009,S31436,user3480@campus.edu,C1351,DH77ee684c4188,F103480
E17010,S59241,user3481@campus.edu,C3886,DH09288eebc355,F103481
E17011,S87477,user3482@campus.edu,C7266,DH563a64731b59,F103482
E17012,S80723,user3483@campus.edu,C4203,DH7da6d06fb318,F103483
E17013,S12427,user3484@campus.edu,C5992,DHa30c6d977295,F103484
E17014,S86036,user3485@campus.edu,C6416,DHeddaaf8873f5,F103485
E17015,S11353,user3486@campus.edu,C7130,DH9d0bb6670b3d,F103486
E17016,S19354,user3487@campus.edu,C6131,DH81e79b838050,F103487
E17017,S33810,user3488@campus.edu,C7508,DH75a0afe0f55f,F103488
E17018,S51488,user3489@campus.edu,C7784,DH0228013797a8,F103489
E17019,S72149,user3490@campus.edu,C6224,DH78b05e46aa00,F103490
E17020,,user3491@campus.edu,C2319,DHcd8ef9dec264,F103491
E17021,S89244,user3492@campus.edu,C3192,DH1c1880ff60da,F103492
E17022,S29779,user3493@campus.edu,C5683,DH268b35ae5fd3,F103493
E17023,S38621,user3494@campus.edu,C1688,DHa4b25017b95b,F103494
E17024,S62720,user3495@campus.edu,C4810,DHc7c045e82293,F103495
E17025,S94640,user3496@campus.edu,C7694,DHee24801cabc1,F103496
E17026,S15602,user3497@campus.edu,C8069,DH75fca538b56a,F103497
E17027,S91723,user3498@campus.edu,C9427,DHfe7c571285ab,F103498
E17028,S36838,user3499@campus.edu,C2752,DH141e07391ef5,F103499
E17029,S15715,user3500@campus.edu,C5466,DH328165f8e52a,F103500
E17030,,user3501@campus.edu,C2371,DH242ec8664b55,F103501
E17031,S19996,user3502@campus.edu,C7096,DHfea2ed9a598d,F103502
E17032,S58822,user3503@campus.edu,C9819,DH5942c333f2f9,F103503
E17033,S75470,user3504@campus.edu,C7577,DH9478ddb484cb,F103504
E17034,S24383,user3505@campus.edu,C9697,DH84f3bf7d0164,F103505
E17035,S61047,user3506@campus.edu,C6067,DH8cd4b32b583b,F103506
E17036,,user3507@campus.edu,C7361,DHbaec0031c1a4,F103507
E17037,,user3508@campus.edu,C9592,DH9f3043a1de9e,F103508
E17038,,user3509@campus.edu,C7581,DHd7e1bb84b162,F103509
E17039,S88091,user3510@campus.edu,C8132,DHb3b12a3fdb57,F103510
E17040,S24652,user3511@campus.edu,C3308,DH80e52b6e698a,F103511
E17041,S33989,user3512@campus.edu,C1280,DH6eeaa8546a4f,F103512
E17042,S90181,user3513@campus.edu,C5144,DHf04305f3c76e,F103513
E17043,S46884,user3514@campus.edu,C8956,DH4c1e5afd7a7e,F103514
E17044,S21802,user3515@campus.edu,C8717,DHbd624d4d2a0a,F103515
E17045,S87087,user3516@campus.edu,C5549,DHb056fd0ec1b1,F103516
E17046,S77330,user3517@campus.edu,C4263,DH5920040f241a,F103517
E17047,S66621,user3518@campus.edu,C7918,DH8d486c70c488,F103518
E17048,S10279,user3519@campus.edu,C2022,DH62d8ac5ce953,F103519
E17049,,user3520@campus.edu,C4168,DHbd6cbb05a7f0,F103520
E17050,S10504,user3521@campus.edu,C6271,DH77cda68d353f,F103521
E17051,,user3522@campus.edu,C9674,DH9bd9641110ed,F103522
E17052,S82502,user3523@campus.edu,C3651,DHf9f935632550,F103523
E17053,S90145,user3524@campus.edu,C2023,DH5420aa3301e5,F103524
E17054,S31497,user3525@campus.edu,C8493,DH823c174f2306,F103525
E17055,,user3526@campus.edu,C4388,DH6262de85a9d4,F103526
E17056,,user3527@campus.edu,C8924,DH41429c872b1c,F103527
E17057,S92720,user3528@campus.edu,C9885,DH63830413ee9c,F103528
E17058,S42483,user3529@campus.edu,C8111,DH84e7477ed749,F103529
E17059,,user3530@campus.edu,C2218,DHca6be78519f8,F103530
E17060,S36361,user3531@campus.edu,C4696,DH747cb213f71b,F103531
E17061,S76597,user3532@campus.edu,C4666,DH08f8a9994567,F103532
E17062,S18296,user3533@campus.edu,C9656,DH0455948e084a,F103533
E17063,S63223,user3534@campus.edu,C8901,DH297905dba728,F103534
E17064,S65376,user3535@campus.edu,C7065,DH85429df5da4e,F103535
E17065,S78504,user3536@campus.edu,C2645,DHd22c98083fa2,F103536
E17066,S26703,user3537@campus.edu,C8652,DHe386af737760,F103537
E17067,,user3538@campus.edu,C9243,DHb4c6bb4a0f1b,F103538
E17068,,user3539@campus.edu,C9736,DHb4816f04a5ec,F103539
E17069,S96604,user3540@campus.edu,C9150,DHd30fc3bd314e,F103540
E17070,,user3541@campus.edu,C7039,DHa4bf138f0fea,F103541
E17071,S90168,user3542@campus.edu,C6798,DH362adfba71b4,F103542
E17072,S36757,user3543@campus.edu,C6047,DHd496be60e017,F103543
E17073,S55013,user3544@campus.edu,C6343,DH3ae8131e6e67,F103544
E17074,S92349,user3545@campus.edu,C1147,DH8e0353712097,F103545
E17075,,user3546@campus.edu,C8785,DHa341f8bce4b1,F103546
E17076,S49913,user3547@campus.edu,C2031,DH995de4b48c8e,F103547
E17077,S12830,user3548@campus.edu,C1063,DHba102f4511a6,F103548
E17078,S43411,user3549@campus.edu,C6766,DHa87c7df9b5ff,F103549
E17079,S19865,user3550@campus.edu,C9340,DHa571eeabf889,F103550
E17080,,user3551@campus.edu,C8570,DH7fa70efe3b51,F103551
E17081,,user3552@campus.edu,C9788,DHee96d32dfd2f,F103552
E17082,,user3553@campus.edu,C1458,DH9ee60bea8d1b,F103553
E17083,S31845,user3554@campus.edu,C9433,DHfe6238cc2e90,F103554
E17084,S25501,user3555@campus.edu,C1514,DH1a271c5008e0,F103555
E17085,S15122,user3556@campus.edu,C7499,DH2222b1f0b30a,F103556
E17086,S12369,user3557@campus.edu,C9918,DHe95ffc8ee7fb,F103557
E17087,S56998,user3558@campus.edu,C9521,DHa6121e7f8de0,F103558
E17088,S85121,user3559@campus.edu,C4112,DH563b0172cb6e,F103559
E17089,S82229,user3560@campus.edu,C4882,DH99d6cbf86853,F103560
E17090,S23891,user3561@campus.edu,C6695,DH52d565b8480f,F103561
E17091,S58569,user3562@campus.edu,C1208,DH2249904174f8,F103562
E17092,S61167,user3563@campus.edu,C7607,DH1bea699ae460,F103563
E17093,,user3564@campus.edu,C6856,DH80fe9c865d31,F103564
E17094,S84099,user3565@campus.edu,C4138,DH35dd77ca8c40,F103565
E17095,S66622,user3566@campus.edu,C8353,DH538fd0404643,F103566
E17096,S12556,user3567@campus.edu,C2938,DHcdc8decd1036,F103567
E17097,S14093,user3568@campus.edu,C2851,DH872a9921ae6d,F103568
E17098,S16239,user3569@campus.edu,C4783,DH86ced8d79bf4,F103569
E17099,S27239,user3570@campus.edu,C1708,DHf8b51c45b8f9,F103570
E17100,S65304,user3571@campus.edu,C7567,DHe6ee3aedbf75,F103571
E17101,S59522,user3572@campus.edu,C3322,DH3b6fdaac57b8,F103572
E17102,S90121,user3573@campus.edu,C8146,DHa82d2a0614d4,F103573
E17103,S33364,user3574@campus.edu,C4018,DHe8fcae841df5,F103574
E17104,S40921,user3575@campus.edu,C4530,DH161c892be533,F103575
E17105,S75392,user3576@campus.edu,C6034,DHd2b8350f22e8,F103576
E17106,S99749,user3577@campus.edu,C6335,DHa6954da2fb61,F103577
E17107,S52763,user3578@campus.edu,C3797,DHf71fcc6a57a1,F103578
E17108,S10800,user3579@campus.edu,C9013,DH9ae288a81722,F103579
E17109,S38594,user3580@campus.edu,C2665,DH59edc9b79810,F103580
E17110,S61693,user3581@campus.edu,C3092,DHcf3d0b869423,F103581
E17111,,user3582@campus.edu,C3345,DHabc4966afa35,F103582
E17112,S80263,user3583@campus.edu,C9938,DHe866ac32e6cb,F103583
E17113,S98487,user3584@campus.edu,C6263,DH51c9a8e4db09,F103584
E17114,S97633,user3585@campus.edu,C6001,DHe504cc2fcd33,F103585
E17115,S23291,user3586@campus.edu,C7653,DHe1f7db81cc38,F103586
E17116,S90602,user3587@campus.edu,C2376,DH51827d66c590,F103587
E17117,S79349,user3588@campus.edu,C1772,DHc38201dd58ff,F103588
E17118,S68751,user3589@campus.edu,C8440,DHa943445558b4,F103589
E17119,S93706,user3590@campus.edu,C4519,DHd812f0296dea,F103590
E17120,S48770,user3591@campus.edu,C2837,DH4b06e91b6180,F103591
E17121,S84852,user3592@campus.edu,C8527,DH3d4ae4fa722b,F103592
E17122,S36630,user3593@campus.edu,C1600,DH2ee9cd3ca68d,F103593
E17123,S13969,user3594@campus.edu,C4641,DH272eb57f6a67,F103594
E17124,S20898,user3595@campus.edu,C2124,DH92661884efa5,F103595
E17125,,user3596@campus.edu,C1613,DHa30e4646c4cb,F103596
E17126,S82983,user3597@campus.edu,C2119,DH55826418f9fb,F103597
E17127,S35729,user3598@campus.edu,C1157,DH05f8fff39fb1,F103598
E17128,S99688,user3599@campus.edu,C2025,DH756daae51244,F103599
E17129,S63555,user3600@campus.edu,C6352,DHa779ce30492a,F103600
E17130,S77090,user3601@campus.edu,C1819,DHc60816ada36f,F103601
E17131,S56693,user3602@campus.edu,C7960,DH79be9be2d687,F103602
E17132,S75085,user3603@campus.edu,C2435,DHb9f33fb40cbc,F103603
E17133,S87658,user3604@campus.edu,C7512,DH85bc024b1da9,F103604
E17134,,user3605@campus.edu,C7488,DH903957b35b70,F103605
E17135,S59292,user3606@campus.edu,C8045,DH1fdcbf265e79,F103606
E17136,S85381,user3607@campus.edu,C1475,DH25ec2ef4c3b4,F103607
E17137,S82627,user3608@campus.edu,C6575,DH0fa02de37ea2,F103608
E17138,S40664,user3609@campus.edu,C6576,DH1a9723db3f34,F103609
E17139,S87915,user3610@campus.edu,C7710,DH3adc35300e39,F103610
E17140,,user3611@campus.edu,C5537,DHd33fca83ec92,F103611
E17141,S70007,user3612@campus.edu,C7073,DH30fcb4bf659f,F103612
E17142,S74261,user3613@campus.edu,C6383,DH06b97128e299,F103613
E17143,S77936,user3614@campus.edu,C2821,DH620d703f1276,F103614
E17144,S67816,user3615@campus.edu,C8581,DHfd123bb4f4e7,F103615
E17145,S28043,user3616@campus.edu,C5902,DH40089b06392c,F103616
E17146,S69225,user3617@campus.edu,C2342,DH55043f97f815,F103617
E17147,,user3618@campus.edu,C6385,DHd1621b593a3a,F103618
E17148,S65765,user3619@campus.edu,C9132,DH916cd4ffa75b,F103619
E17149,,user3620@campus.edu,C4565,DH68a96b92cf3c,F103620
E17150,S66939,user3621@campus.edu,C9787,DHeea3f8b267e5,F103621
E17151,S74446,user3622@campus.edu,C9827,DHc4dec3bb8da0,F103622
E17152,,user3623@campus.edu,C1371,DH89e321d301e2,F103623
E17153,S23810,user3624@campus.edu,C8295,DH6995916d6f7d,F103624
E17154,S29373,user3625@campus.edu,C7966,DHcdbfea1648a4,F103625
E17155,S21721,user3626@campus.edu,C6129,DHa4eb8a019dca,F103626
E17156,S11558,user3627@campus.edu,C6216,DHce144b708822,F103627
E17157,S25930,user3628@campus.edu,C2996,DH2db5433a0cfa,F103628
E17158,S11367,user3629@campus.edu,C5073,DH6925a65c7830,F103629
E17159,,user3630@campus.edu,C6163,DHcf0f09bc99f5,F103630
E17160,S15539,user3631@campus.edu,C1967,DHbba2d1349407,F103631
E17161,,user3632@campus.edu,C3015,DHa547a1680d64,F103632
E17162,S49234,user3633@campus.edu,C4476,DH758ae2e1662a,F103633
E17163,S79590,user3634@campus.edu,C9129,DHea041351829c,F103634
E17164,S67654,user3635@campus.edu,C2292,DH0cbd02b59db6,F103635
E17165,S62552,user3636@campus.edu,C5019,DH05fce1998720,F103636
E17166,S17910,user3637@campus.edu,C1116,DH5c4d7535a26b,F103637
E17167,S21842,user3638@campus.edu,C7008,DH6e722fb6ed85,F103638
E17168,S95283,user3639@campus.edu,C6477,DH1587d5a15f42,F103639
E17169,S84461,user3640@campus.edu,C4046,DH2271cc41a6e1,F103640
E17170,S23272,user3641@campus.edu,C7223,DH0c40d103bfa2,F103641
E17171,S15582,user3642@campus.edu,C3195,DHd570d1cb5ffa,F103642
E17172,S69891,user3643@campus.edu,C1461,DH716e0c9aa1ff,F103643
E17173,S63721,user3644@campus.edu,C1076,DH2dcb99f074ff,F103644
E17174,S20775,user3645@campus.edu,C7188,DH0919fbc23e6d,F103645
E17175,S20032,user3646@campus.edu,C1572,DH9bd28e4b78bd,F103646
E17176,,user3647@campus.edu,C4354,DH75ba10facfb4,F103647
E17177,,user3648@campus.edu,C5351,DHcbb266ce875b,F103648
E17178,,user3649@campus.edu,C9959,DHb373aad45997,F103649
E17179,S11084,user3650@campus.edu,C5326,DH6201fe1cada2,F103650
E17180,S27605,user3651@campus.edu,C9341,DHd4a1ace4fc73,F103651
E17181,S69413,user3652@campus.edu,C2901,DH50ad19c0198d,F103652
E17182,S37710,user3653@campus.edu,C1354,DH71b840bc21a1,F103653
E17183,S64839,user3654@campus.edu,C9114,DH2cda41200be9,F103654
E17184,S92142,user3655@campus.edu,C1058,DH4799d080875e,F103655
E17185,S46466,user3656@campus.edu,C9341,DHb69444d2e114,F103656
E17186,,user3657@campus.edu,C4885,DHd858c6a5c7eb,F103657
E17187,S27797,user3658@campus.edu,C9043,DHfa91feba7aca,F103658
E17188,S12788,user3659@campus.edu,C7960,DHfa7d7a6529be,F103659
E17189,,user3660@campus.edu,C5439,DH01adfd54032d,F103660
E17190,S87417,user3661@campus.edu,C9255,DH336318e950d9,F103661
E17191,S81876,user3662@campus.edu,C8698,DH3e5004e5376b,F103662
E17192,,user3663@campus.edu,C7630,DH5a3e8316e213,F103663
E17193,S22359,user3664@campus.edu,C4810,DH79c621e6e946,F103664
E17194,S55758,user3665@campus.edu,C4162,DH27c983387126,F103665
E17195,,user3666@campus.edu,C7486,DHcc9c0a3a2741,F103666
E17196,S15179,user3667@campus.edu,C5292,DH6086b5c07da7,F103667
E17197,,user3668@campus.edu,C1570,DH2d55480bac55,F103668
E17198,S45196,user3669@campus.edu,C5579,DHf77cff90e9de,F103669
E17199,S87537,user3670@campus.edu,C5458,DH6fc0dddc64a6,F103670
E17200,S58658,user3671@campus.edu,C4935,DH855c2c7fea17,F103671
E17201,S90756,user3672@campus.edu,C6071,DHe5f46bc3e8d1,F103672
E17202,S81301,user3673@campus.edu,C8628,DH087d814ebb3a,F103673
E17203,S72215,user3674@campus.edu,C3474,DH9cb2979f3e56,F103674
E17204,,user3675@campus.edu,C3907,DH7e13e5231010,F103675
E17205,,user3676@campus.edu,C5745,DHa2bd4cb10b65,F103676
E17206,,user3677@campus.edu,C2633,DH9fae641559df,F103677
E17207,,user3678@campus.edu,C6004,DH74fb2ae068db,F103678
E17208,S38195,user3679@campus.edu,C1823,DH7f1243fc7b3a,F103679
E17209,S68805,user3680@campus.edu,C3782,DH1a22f58efb36,F103680
E17210,S87929,user3681@campus.edu,C6492,DH9a6aaacfc11e,F103681
E17211,,user3682@campus.edu,C6904,DH9692066d568e,F103682
E17212,,user3683@campus.edu,C8616,DHc8d5daaee8ba,F103683
E17213,S22554,user3684@campus.edu,C9108,DH838d2e385248,F103684
E17214,S11615,user3685@campus.edu,C1425,DH355eee347c51,F103685
E17215,S34839,user3686@campus.edu,C1567,DH07c6f7faf7a6,F103686
E17216,S36764,user3687@campus.edu,C9856,DHe6ded8fbb269,F103687
E17217,S71946,user3688@campus.edu,C2238,DHba2d586dc9fd,F103688
E17218,S13270,user3689@campus.edu,C5159,DHdc6766e4e597,F103689
E17219,S75008,user3690@campus.edu,C2817,DH13e100dc567c,F103690
E17220,S72123,user3691@campus.edu,C1103,DHa2c45bcd5179,F103691
E17221,S17050,user3692@campus.edu,C3370,DH5670a51d7721,F103692
E17222,S34073,user3693@campus.edu,C6907,DH02716dbf759c,F103693
E17223,S28883,user3694@campus.edu,C6608,DH9f93f9f1257e,F103694
E17224,,user3695@campus.edu,C1278,DH4ad8a6dc881c,F103695
E17225,S72188,user3696@campus.edu,C3953,DHba061d43f189,F103696
E17226,S65137,user3697@campus.edu,C6785,DH11d4d12e711c,F103697
E17227,S71646,user3698@campus.edu,C7700,DH08a6593374bd,F103698
E17228,S83032,user3699@campus.edu,C1394,DH93853220fa88,F103699
E17229,,user3700@campus.edu,C6746,DH6e5bea49e9da,F103700
E17230,S23933,user3701@campus.edu,C2809,DH610cd68bdf89,F103701
E17231,S32377,user3702@campus.edu,C8042,DH3a69dda09e96,F103702
E17232,,user3703@campus.edu,C9779,DH8d48bdf66266,F103703
E17233,S77331,user3704@campus.edu,C7902,DHf51aacbcbf5d,F103704
E17234,S11267,user3705@campus.edu,C9195,DH72ee5f40fafa,F103705
E17235,S13097,user3706@campus.edu,C9375,DHf1e21f2c004c,F103706
E17236,,user3707@campus.edu,C1532,DH7ed8ce5b4429,F103707
E17237,S27121,user3708@campus.edu,C2404,DH851f957012f5,F103708
E17238,S84878,user3709@campus.edu,C9668,DHc47c27e2e437,F103709
E17239,S35871,user3710@campus.edu,C6341,DH6034d82be28b,F103710
E17240,S67284,user3711@campus.edu,C5430,DH5129d505fe5e,F103711
E17241,S39360,user3712@campus.edu,C9647,DHd92e6ad7f4d9,F103712
E17242,S29403,user3713@campus.edu,C1159,DH9d2b93ce9d0a,F103713
E17243,,user3714@campus.edu,C3431,DHbc5cba05be6e,F103714
E17244,,user3715@campus.edu,C4568,DH0d5c0ec22e3e,F103715
E17245,S78025,user3716@campus.edu,C7175,DH0c67b8a173ac,F103716
E17246,S69432,user3717@campus.edu,C4920,DHb3a9a316a9b9,F103717
E17247,S77653,user3718@campus.edu,C9537,DH4a6ab56a519a,F103718
E17248,,user3719@campus.edu,C7655,DHaf3323c000c4,F103719
E17249,S60394,user3720@campus.edu,C3494,DH693b642e5c3b,F103720
E17250,S69866,user3721@campus.edu,C9715,DH22d8eaf23691,F103721
E17251,S15862,user3722@campus.edu,C7360,DH68866d244d3b,F103722
E17252,S49348,user3723@campus.edu,C9901,DH922fd6206859,F103723
E17253,S60922,user3724@campus.edu,C5013,DH7430e1f0694f,F103724
E17254,S87265,user3725@campus.edu,C9438,DHea016086b82b,F103725
E17255,S22685,user3726@campus.edu,C5002,DHbfc54c6adadf,F103726
E17256,,user3727@campus.edu,C7051,DHec420079276c,F103727
E17257,S50507,user3728@campus.edu,C3458,DH7ff2c9b672b5,F103728
E17258,S18967,user3729@campus.edu,C6947,DH82bdbfa9c44b,F103729
E17259,S64116,user3730@campus.edu,C7735,DH32d11a7e232d,F103730
E17260,S89588,user3731@campus.edu,C5102,DH934277d74a08,F103731
E17261,,user3732@campus.edu,C8235,DH5cca747b80c5,F103732
E17262,S28081,user3733@campus.edu,C5374,DH114ce129c507,F103733
E17263,S22006,user3734@campus.edu,C9306,DH526ab5e95d8b,F103734
E17264,S68554,user3735@campus.edu,C5734,DHe87ddab3b242,F103735
E17265,,user3736@campus.edu,C9697,DH9771746520d2,F103736
E17266,,user3737@campus.edu,C6320,DH8ba911c79506,F103737
E17267,S93515,user3738@campus.edu,C4156,DHdb6985926390,F103738
E17268,S55146,user3739@campus.edu,C8445,DHfa860cf4ff21,F103739
E17269,S91232,user3740@campus.edu,C2551,DH81ca3162f84b,F103740
E17270,S24048,user3741@campus.edu,C9994,DHb835b20469bd,F103741
E17271,,user3742@campus.edu,C1293,DH687e828f02b5,F103742
E17272,S17973,user3743@campus.edu,C8612,DH1a73938b1fd9,F103743
E17273,S65898,user3744@campus.edu,C7691,DH1b64f3eb4185,F103744
E17274,S41759,user3745@campus.edu,C9558,DH9abc05a36d84,F103745
E17275,S33039,user3746@campus.edu,C4285,DH1678d2f0566e,F103746
E17276,S18997,user3747@campus.edu,C6748,DH3bfe2e86b974,F103747
E17277,S79776,user3748@campus.edu,C7131,DHc9bdde7fc011,F103748
E17278,S52611,user3749@campus.edu,C4676,DH0d8f84f995a1,F103749
E17279,S50037,user3750@campus.edu,C3911,DH46f8ee85cce0,F103750
E17280,S93101,user3751@campus.edu,C5912,DHe062ca8d8258,F103751
E17281,S53633,user3752@campus.edu,C4876,DH4c30a17fafe3,F103752
E17282,S50517,user3753@campus.edu,C9057,DHfc12d40c8a2e,F103753
E17283,S65293,user3754@campus.edu,C2361,DH9f0989d9c733,F103754
E17284,S51661,user3755@campus.edu,C2663,DH0eb2b0686e4c,F103755
E17285,S61673,user3756@campus.edu,C8422,DHdf79fa1d08a3,F103756
E17286,S60780,user3757@campus.edu,C6752,DH2a730acc2c28,F103757
E17287,,user3758@campus.edu,C8240,DH5a97b7f2c9fd,F103758
E17288,S91729,user3759@campus.edu,C5807,DHa8cb609ee310,F103759
E17289,,user3760@campus.edu,C4402,DH3dc56cc2883b,F103760
E17290,S76880,user3761@campus.edu,C5969,DHc123cfce0ac1,F103761
E17291,S29080,user3762@campus.edu,C3057,DHfbea5e423109,F103762
E17292,,user3763@campus.edu,C6033,DH20b455709e2a,F103763
E17293,S29767,user3764@campus.edu,C2423,DH399048eed34e,F103764
E17294,,user3765@campus.edu,C5207,DHf4fddfe2fc37,F103765
E17295,S96497,user3766@campus.edu,C5528,DH3140e57a1325,F103766
E17296,S97894,user3767@campus.edu,C9078,DH5f95946c9784,F103767
E17297,S29235,user3768@campus.edu,C8595,DHa25f3a776243,F103768
E17298,,user3769@campus.edu,C4692,DHa221fd0c1645,F103769
E17299,S75888,user3770@campus.edu,C3928,DHb39277d1c3d2,F103770
E17300,S65020,user3771@campus.edu,C9795,DH5af37ed8ed91,F103771
E17301,S55523,user3772@campus.edu,C2611,DH98bacfa8e8b9,F103772
E17302,S58636,user3773@campus.edu,C6095,DH908d2c2a45a8,F103773
E17303,S42392,user3774@campus.edu,C1480,DH48d172c151db,F103774
E17304,S79191,user3775@campus.edu,C7944,DH00d5e29d717c,F103775
E17305,S94129,user3776@campus.edu,C9277,DHb68ebd559fa4,F103776
E17306,,user3777@campus.edu,C4303,DH9bf920e340ca,F103777
E17307,S91644,user3778@campus.edu,C1810,DH0f4ad0d3d718,F103778
E17308,,user3779@campus.edu,C5879,DHa54045c10ed8,F103779
E17309,S22963,user3780@campus.edu,C8645,DH82282977a75b,F103780
E17310,S92620,user3781@campus.edu,C7356,DH585b367ca2f3,F103781
E17311,S16675,user3782@campus.edu,C9312,DH4fc4d7c458f7,F103782
E17312,S93379,user3783@campus.edu,C8645,DH4db604042671,F103783
E17313,,user3784@campus.edu,C4375,DHeb821d7282ca,F103784
E17314,S31711,user3785@campus.edu,C2955,DHb6ebd58a9bf5,F103785
E17315,,user3786@campus.edu,C1056,DHec4f86da51fa,F103786
E17316,S17371,user3787@campus.edu,C4714,DH826297665d57,F103787
E17317,,user3788@campus.edu,C9388,DHa350334d7c23,F103788
E17318,S27010,user3789@campus.edu,C4322,DH1dd3399ccb07,F103789
E17319,S42940,user3790@campus.edu,C8882,DH52b780f5cf32,F103790
E17320,S54413,user3791@campus.edu,C4714,DH53e222c9dde2,F103791
E17321,,user3792@campus.edu,C5698,DHc6d0658ae1b5,F103792
E17322,S58016,user3793@campus.edu,C6765,DHbdf6a7e69baa,F103793
E17323,S95371,user3794@campus.edu,C5208,DHe580a2d752a1,F103794
E17324,S37955,user3795@campus.edu,C7475,DHdfa2e701768d,F103795
E17325,,user3796@campus.edu,C1623,DH447b6f4ae5cb,F103796
E17326,S82284,user3797@campus.edu,C6773,DHb3b62f662638,F103797
E17327,S12611,user3798@campus.edu,C7372,DH82cc9dbe0112,F103798
E17328,S25518,user3799@campus.edu,C5028,DH98bae4bf8b93,F103799
E17329,S21723,user3800@campus.edu,C6273,DHa262d5218900,F103800
E17330,,user3801@campus.edu,C2191,DH404995f67f0c,F103801
E17331,,user3802@campus.edu,C1760,DHa815db5ba634,F103802
E17332,,user3803@campus.edu,C4471,DH58b128496d8e,F103803
E17333,S85744,user3804@campus.edu,C3243,DH84e8cd78e2a3,F103804
E17334,,user3805@campus.edu,C1167,DH66e72ded2bbd,F103805
E17335,S19777,user3806@campus.edu,C1253,DHdbe0cb6d1ebb,F103806
E17336,S58273,user3807@campus.edu,C2167,DH4c20fde9b141,F103807
E17337,S60873,user3808@campus.edu,C5764,DH40da19ef4b8c,F103808
E17338,S53253,user3809@campus.edu,C4812,DH7da04edf2f6f,F103809
E17339,S52710,user3810@campus.edu,C1279,DHb0ff3f341e54,F103810
E17340,,user3811@campus.edu,C3547,DH08b5e0343b72,F103811
E17341,,user3812@campus.edu,C8740,DH17f279890181,F103812
E17342,S27932,user3813@campus.edu,C9945,DH8523e06b5152,F103813
E17343,,user3814@campus.edu,C4837,DH987ac1227362,F103814
E17344,S76412,user3815@campus.edu,C2613,DH8e9d787b71c0,F103815
E17345,S93819,user3816@campus.edu,C1747,DH3324fee023d4,F103816
E17346,S12472,user3817@campus.edu,C3515,DHe9ef5442aaa5,F103817
E17347,S46724,user3818@campus.edu,C7927,DH4187699ccc42,F103818
E17348,S18474,user3819@campus.edu,C8234,DHdcec36cb4251,F103819
E17349,S75541,user3820@campus.edu,C8599,DH46dbd0bb44f0,F103820
E17350,S95503,user3821@campus.edu,C8875,DH00d5481899ee,F103821
E17351,S38378,user3822@campus.edu,C2600,DHc2608fdcdce0,F103822
E17352,S79478,user3823@campus.edu,C1261,DH9924eab6cca4,F103823
E17353,S49546,user3824@campus.edu,C9245,DH399bae76ae6a,F103824
E17354,S16528,user3825@campus.edu,C3654,DH4dbcda12f8be,F103825
E17355,S99817,user3826@campus.edu,C9652,DHa172d9db11ac,F103826
E17356,,user3827@campus.edu,C5919,DHe0a596b0202b,F103827
E17357,S27839,user3828@campus.edu,C1168,DH73d4ac0decd1,F103828
E17358,S72683,user3829@campus.edu,C2107,DHbdc888cc1218,F103829
E17359,S62545,user3830@campus.edu,C8796,DH289bf83969f9,F103830
E17360,S38559,user3831@campus.edu,C9667,DH9ee2b5d1d188,F103831
E17361,,user3832@campus.edu,C1494,DH1f98153d36ec,F103832
E17362,,user3833@campus.edu,C4829,DHb74f26091a1d,F103833
E17363,S40843,user3834@campus.edu,C5255,DH8d2437adaf0f,F103834
E17364,S89165,user3835@campus.edu,C3372,DH48017f115aa9,F103835
E17365,S52909,user3836@campus.edu,C8362,DH9fb2b26f8d79,F103836
E17366,S35146,user3837@campus.edu,C6270,DH9cde9fe4f604,F103837
E17367,S75561,user3838@campus.edu,C8591,DH6053bbe62b74,F103838
E17368,S67191,user3839@campus.edu,C2261,DH4923769a7a70,F103839
E17369,S44035,user3840@campus.edu,C3411,DHb30cc6af8aa3,F103840
E17370,S27070,user3841@campus.edu,C8461,DH00b6382a9846,F103841
E17371,S32995,user3842@campus.edu,C3412,DHfba91ca603de,F103842
E17372,S70920,user3843@campus.edu,C7078,DH8c0f7f5fb521,F103843
E17373,S23973,user3844@campus.edu,C7929,DH396014586cbd,F103844
E17374,S90843,user3845@campus.edu,C9899,DHb4ad627d318f,F103845
E17375,S62972,user3846@campus.edu,C4812,DH0e3dcac63e29,F103846
E17376,S65683,user3847@campus.edu,C1128,DH7f74f2eb24c1,F103847
E17377,,user3848@campus.edu,C3952,DHdb7666ea0078,F103848
E17378,S22537,user3849@campus.edu,C5360,DH42bf3e0b15ed,F103849
E17379,S17936,user3850@campus.edu,C7919,DH0ea785dc5cc9,F103850
E17380,,user3851@campus.edu,C1316,DH803c1e9dbe19,F103851
E17381,S68412,user3852@campus.edu,C1644,DH781ee8d867d0,F103852
E17382,,user3853@campus.edu,C4418,DHada198a4355e,F103853
E17383,,user3854@campus.edu,C5581,DHd4ecfa5d5b2d,F103854
E17384,S67746,user3855@campus.edu,C3619,DH087a83b6f870,F103855
E17385,S41675,user3856@campus.edu,C1087,DHef9c60c68354,F103856
E17386,,user3857@campus.edu,C6326,DH093193a74a58,F103857
E17387,S90711,user3858@campus.edu,C6325,DHaa6324d5af8b,F103858
E17388,S39473,user3859@campus.edu,C3084,DHbedfbf567b14,F103859
E17389,,user3860@campus.edu,C2425,DH62d2e0a36055,F103860
E17390,S39125,user3861@campus.edu,C6702,DHf97ef7ae92d3,F103861
E17391,,user3862@campus.edu,C8052,DH3a48986926e6,F103862
E17392,S32497,user3863@campus.edu,C8432,DH40020bcd27b0,F103863
E17393,S36923,user3864@campus.edu,C9015,DH78488e812dfd,F103864
E17394,S58973,user3865@campus.edu,C1383,DH0ae737e1e1f9,F103865
E17395,S66996,user3866@campus.edu,C5937,DHc863a2f6c87b,F103866
E17396,S64104,user3867@campus.edu,C1355,DHc293f69f07ba,F103867
E17397,S84061,user3868@campus.edu,C3814,DHb5fc5072cbec,F103868
E17398,S58680,user3869@campus.edu,C5903,DHf303d1b30411,F103869
E17399,S81069,user3870@campus.edu,C1566,DHb3e24516ea14,F103870
E17400,S55678,user3871@campus.edu,C4152,DHa6fcdbdeeee8,F103871
E17401,S42070,user3872@campus.edu,C6857,DH5087ffaf2390,F103872
E17402,S95455,user3873@campus.edu,C6429,DH2ad15bf9d35e,F103873
E17403,S54255,user3874@campus.edu,C5647,DH79f76cdc84bb,F103874
E17404,S86139,user3875@campus.edu,C9262,DH609fe2970f38,F103875
E17405,S91760,user3876@campus.edu,C4172,DH7238c41ae580,F103876
E17406,,user3877@campus.edu,C3674,DH27a4f30280da,F103877
E17407,S13493,user3878@campus.edu,C6682,DHf84fa61e3664,F103878
E17408,,user3879@campus.edu,C5414,DHa38063a7c60f,F103879
E17409,S17540,user3880@campus.edu,C8279,DH283682f98f62,F103880
E17410,S88793,user3881@campus.edu,C3193,DHa6be8a715670,F103881
E17411,S62623,user3882@campus.edu,C4245,DH4004e7dd2b25,F103882
E17412,S58718,user3883@campus.edu,C5552,DH612cf435e59f,F103883
E17413,,user3884@campus.edu,C5394,DHb4222008dbb0,F103884
E17414,S54813,user3885@campus.edu,C2602,DH752cfdf2c731,F103885
E17415,S19963,user3886@campus.edu,C4753,DH896bdc350dd0,F103886
E17416,S26791,user3887@campus.edu,C7939,DH2fbe5a9f6364,F103887
E17417,S92517,user3888@campus.edu,C7531,DHeb4b7642452a,F103888
E17418,S13329,user3889@campus.edu,C7975,DHcbd181852b30,F103889
E17419,,user3890@campus.edu,C3594,DH70541ad0ea0c,F103890
E17420,S45452,user3891@campus.edu,C2000,DH1d19c11dfca7,F103891
E17421,S56377,user3892@campus.edu,C4772,DHedc1acc899ac,F103892
E17422,S45508,user3893@campus.edu,C4438,DHae6d871c93d2,F103893
E17423,S49257,user3894@campus.edu,C4895,DH1065d3e2fbbd,F103894
E17424,,user3895@campus.edu,C3288,DHe33017dd18a3,F103895
E17425,S59068,user3896@campus.edu,C5117,DHe403fd98160e,F103896
E17426,,user3897@campus.edu,C6264,DH95bb7188f76f,F103897
E17427,S49650,user3898@campus.edu,C9892,DH5a3eaaae815a,F103898
E17428,S93105,user3899@campus.edu,C7262,DHbacda34e6e30,F103899
E17429,,user3900@campus.edu,C8045,DHb18443496145,F103900
E17430,S17492,user3901@campus.edu,C3718,DHdeea4fcf517a,F103901
E17431,S66792,user3902@campus.edu,C5504,DHd1da5ce2c703,F103902
E17432,S57091,user3903@campus.edu,C9639,DH019824bce03a,F103903
E17433,,user3904@campus.edu,C8163,DHee5541503e99,F103904
E17434,S12357,user3905@campus.edu,C9321,DHd29ec63bfb1c,F103905
E17435,S32057,user3906@campus.edu,C6937,DH77526cce490c,F103906
E17436,,user3907@campus.edu,C7419,DH5c6de89b56d3,F103907
E17437,S55922,user3908@campus.edu,C1141,DH8cb4e6cbfa88,F103908
E17438,S32020,user3909@campus.edu,C5913,DHbcc7eb8a5284,F103909
E17439,S87199,user3910@campus.edu,C5127,DHdafb349e860a,F103910
E17440,S31302,user3911@campus.edu,C5025,DHd7bdf4b5f57a,F103911
E17441,S32938,user3912@campus.edu,C1187,DH9d4ccdbfd705,F103912
E17442,S61697,user3913@campus.edu,C3789,DHbc8d19c2e89a,F103913
E17443,S10032,user3914@campus.edu,C5297,DH9e2c64d0e2c6,F103914
E17444,,user3915@campus.edu,C4032,DH198a7349d624,F103915
E17445,,user3916@campus.edu,C4794,DH1ed3fd108a1c,F103916
E17446,S85356,user3917@campus.edu,C4598,DH536328913648,F103917
E17447,S91158,user3918@campus.edu,C3910,DH5018a4924d59,F103918
E17448,S22274,user3919@campus.edu,C2422,DH897ef7b20622,F103919
E17449,S16131,user3920@campus.edu,C7879,DH10017b91d1c5,F103920
E17450,S96386,user3921@campus.edu,C1610,DH8a04590d9d65,F103921
E17451,S99795,user3922@campus.edu,C7848,DH76e625238417,F103922
E17452,,user3923@campus.edu,C4578,DH1b69fcdf773b,F103923
E17453,S52672,user3924@campus.edu,C4739,DH5f77f3e3fd32,F103924
E17454,S21813,user3925@campus.edu,C8285,DHb215dc5d08ca,F103925
E17455,,user3926@campus.edu,C4247,DH5696fdc3ef2b,F103926
E17456,S43944,user3927@campus.edu,C5638,DHdcf62ab67991,F103927
E17457,S22994,user3928@campus.edu,C7374,DH3a114a6f00a1,F103928
E17458,,user3929@campus.edu,C4221,DH9293d5f4cf57,F103929
E17459,S78597,user3930@campus.edu,C6931,DH715aecfd8854,F103930
E17460,,user3931@campus.edu,C4414,DHdce80d97f284,F103931
E17461,S15898,user3932@campus.edu,C5545,DHec12ec8eed0c,F103932
E17462,S23118,user3933@campus.edu,C9382,DH6fedcb3a1f93,F103933
E17463,S74803,user3934@campus.edu,C4093,DHe9f3bee093ef,F103934
E17464,S32111,user3935@campus.edu,C5702,DH4d9041d521cd,F103935
E17465,S45038,user3936@campus.edu,C2274,DH281e023486be,F103936
E17466,S66151,user3937@campus.edu,C6492,DHf10286f37ba9,F103937
E17467,,user3938@campus.edu,C1176,DHa6d8beff2208,F103938
E17468,,user3939@campus.edu,C3241,DH94a641994c98,F103939
E17469,S71290,user3940@campus.edu,C3833,DH8cb3d888eac0,F103940
E17470,S18286,user3941@campus.edu,C1198,DH4941fe20467a,F103941
E17471,S54199,user3942@campus.edu,C6127,DH2c207ac6facf,F103942
E17472,S46507,user3943@campus.edu,C4841,DHc314c0c1f82e,F103943
E17473,S86225,user3944@campus.edu,C4610,DHc06ee42afafd,F103944
E17474,S16541,user3945@campus.edu,C5992,DHed8990f4ff9a,F103945
E17475,S39114,user3946@campus.edu,C8464,DH88a0e6f668c3,F103946
E17476,S69904,user3947@campus.edu,C1839,DHee596394218d,F103947
E17477,S95436,user3948@campus.edu,C6757,DHd8e2454f1d12,F103948
E17478,,user3949@campus.edu,C7352,DH629ead137cc5,F103949
E17479,S58200,user3950@campus.edu,C5864,DHd8e8f31e1ec2,F103950
E17480,S89813,user3951@campus.edu,C1549,DH117adf0236e3,F103951
E17481,S85610,user3952@campus.edu,C2802,DH2b8a683f3a6f,F103952
E17482,S69562,user3953@campus.edu,C7308,DHc71e981b09bb,F103953
E17483,,user3954@campus.edu,C8018,DHe5ca171653ee,F103954
E17484,,user3955@campus.edu,C5374,DH119beaf441b4,F103955
E17485,S13545,user3956@campus.edu,C7493,DHd0432c91b3f4,F103956
E17486,S63025,user3957@campus.edu,C8716,DH07788b64a2e5,F103957
E17487,,user3958@campus.edu,C7722,DH0221b83bf8f9,F103958
E17488,S90518,user3959@campus.edu,C1264,DH7c7955a0d195,F103959
E17489,S66479,user3960@campus.edu,C6391,DH6e9cb60b61e3,F103960
E17490,S16119,user3961@campus.edu,C7344,DHdc99f184fbb4,F103961
E17491,S49935,user3962@campus.edu,C3771,DH056d1cbb2de7,F103962
E17492,,user3963@campus.edu,C6159,DHd7fd4ed247e2,F103963
E17493,,user3964@campus.edu,C3277,DH15a64b5307c9,F103964
E17494,S65389,user3965@campus.edu,C2273,DH8a27ac4f01c6,F103965
E17495,S13898,user3966@campus.edu,C7670,DHf4173b418140,F103966
E17496,S19139,user3967@campus.edu,C7589,DH6030c5a1f99b,F103967
E17497,,user3968@campus.edu,C3905,DH5bc5c9bba9dd,F103968
E17498,S80321,user3969@campus.edu,C3617,DH5e690fd95524,F103969
E17499,S52317,user3970@campus.edu,C4343,DH07808c2d67db,F103970
E17500,S79978,user3971@campus.edu,C7928,DHd37301e4a6c1,F103971
E17501,S86980,user3972@campus.edu,C5783,DH892d552d4e6d,F103972
E17502,S80197,user3973@campus.edu,C4840,DH8b3cb176b30b,F103973
E17503,,user3974@campus.edu,C1315,DH3493d95f6b52,F103974
E17504,S90018,user3975@campus.edu,C7857,DHef9b3ff44e7d,F103975
E17505,,user3976@campus.edu,C6570,DHe257a27f7dad,F103976
E17506,S43877,user3977@campus.edu,C9691,DH2a7c8eaa4707,F103977
E17507,S46429,user3978@campus.edu,C5019,DHda071121eb62,F103978
E17508,S71067,user3979@campus.edu,C9827,DHb16668ee7ba7,F103979
E17509,S60641,user3980@campus.edu,C7175,DH31b0bc62686b,F103980
E17510,S94567,user3981@campus.edu,C9645,DHf96fba2efc48,F103981
E17511,S86142,user3982@campus.edu,C3325,DHd4a2c58ad4e6,F103982
E17512,S68820,user3983@campus.edu,C1759,DH7f4bdad52f64,F103983
E17513,S30457,user3984@campus.edu,C7754,DHe54910016b34,F103984
E17514,S36684,user3985@campus.edu,C1509,DH2c8c62869354,F103985
E17515,S69540,user3986@campus.edu,C3610,DH42c456950a3d,F103986
E17516,S64344,user3987@campus.edu,C3848,DH51f4ee2136d1,F103987
E17517,,user3988@campus.edu,C1315,DH12eef9df42e5,F103988
E17518,S54417,user3989@campus.edu,C4012,DH7001e3bcdda2,F103989
E17519,S80757,user3990@campus.edu,C1035,DH813fe9981b1a,F103990
E17520,S60446,user3991@campus.edu,C2805,DHad8a62864fdb,F103991
E17521,S12038,user3992@campus.edu,C1542,DH405f57d65048,F103992
E17522,,user3993@campus.edu,C8475,DHa54298bcbe32,F103993
E17523,,user3994@campus.edu,C5334,DH7396b524b952,F103994
E17524,S60002,user3995@campus.edu,C4012,DH65997b1ea03e,F103995
E17525,,user3996@campus.edu,C3926,DH893977349f42,F103996
E17526,,user3997@campus.edu,C7126,DHbe9f67c9d2b7,F103997
E17527,S21799,user3998@campus.edu,C3559,DH4c588cf2b9e9,F103998
E17528,S33938,user3999@campus.edu,C5362,DH8f124f0b48a4,F103999
E17529,S42758,user4000@campus.edu,C7172,DH5189f0cead45,F104000
E17530,S41756,user4001@campus.edu,C7151,DH685e31db8349,F104001
E17531,,user4002@campus.edu,C6814,DH25f13a417832,F104002
E17532,S79833,user4003@campus.edu,C8202,DH828af15dafba,F104003
E17533,S62442,user4004@campus.edu,C5456,DH72e49735b98c,F104004
E17534,S84705,user4005@campus.edu,C8401,DHcbf426983f75,F104005
E17535,S62437,user4006@campus.edu,C7735,DHb6660344c442,F104006
E17536,,user4007@campus.edu,C7244,DH86f4928b84e8,F104007
E17537,S79329,user4008@campus.edu,C7680,DHab106e0f396d,F104008
E17538,S86215,user4009@campus.edu,C6085,DH3c9c2bdb2a91,F104009
E17539,,user4010@campus.edu,C1827,DHadc3798ad1e5,F104010
E17540,S34185,user4011@campus.edu,C3716,DH44343d0eba69,F104011
E17541,S60309,user4012@campus.edu,C7831,DH099ceeabc3f7,F104012
E17542,,user4013@campus.edu,C6648,DHeb48fbafd897,F104013
E17543,,user4014@campus.edu,C9981,DHef48e52206d2,F104014
E17544,S72581,user4015@campus.edu,C7550,DH5578bef04309,F104015
E17545,S69105,user4016@campus.edu,C4068,DHa893639fb7c8,F104016
E17546,S42382,user4017@campus.edu,C5174,DHef960e2685e9,F104017
E17547,S89692,user4018@campus.edu,C5047,DHf8c6de262765,F104018
E17548,S34851,user4019@campus.edu,C2386,DH9060f4443640,F104019
E17549,S10579,user4020@campus.edu,C2089,DH36f1df79ebc4,F104020
E17550,S62284,user4021@campus.edu,C3405,DH4bca8a369b18,F104021
E17551,,user4022@campus.edu,C1553,DHa39d37f0d687,F104022
E17552,S25493,user4023@campus.edu,C1273,DH90480fca34fd,F104023
E17553,,user4024@campus.edu,C9905,DH227cfb2f6565,F104024
E17554,S80798,user4025@campus.edu,C8123,DH39c374dd8e09,F104025
E17555,S48908,user4026@campus.edu,C1186,DHeabb9524bd2a,F104026
E17556,,user4027@campus.edu,C3992,DHecb233ef282c,F104027
E17557,,user4028@campus.edu,C8937,DH84801f125d68,F104028
E17558,S91577,user4029@campus.edu,C5276,DH716e513d4aad,F104029
E17559,S81460,user4030@campus.edu,C1556,DHf3377ba7c633,F104030
E17560,S21164,user4031@campus.edu,C8763,DHcf2bde90e95c,F104031
E17561,S68794,user4032@campus.edu,C7692,DH5e0ff93242e3,F104032
E17562,,user4033@campus.edu,C8869,DH6c5f2ebf7951,F104033
E17563,,user4034@campus.edu,C6035,DHe11cf147d778,F104034
E17564,S51679,user4035@campus.edu,C4695,DH9f9cdd53503e,F104035
E17565,S51385,user4036@campus.edu,C7630,DHa3ccbde9efa6,F104036
E17566,S74994,user4037@campus.edu,C4218,DHf6c6e08d7ef1,F104037
E17567,S18140,user4038@campus.edu,C4698,DH64f321bc1934,F104038
E17568,S15896,user4039@campus.edu,C3402,DHa329b427321e,F104039
E17569,S88331,user4040@campus.edu,C2162,DH463fc2dbfb03,F104040
E17570,S37520,user4041@campus.edu,C8530,DH14b7eb696d31,F104041
E17571,S48525,user4042@campus.edu,C6087,DHd990a490df91,F104042
E17572,S10011,user4043@campus.edu,C5438,DH2ca41a73a0aa,F104043
E17573,S64523,user4044@campus.edu,C3108,DHfcab57d81371,F104044
E17574,,user4045@campus.edu,C6265,DH5c6737c75d48,F104045
E17575,S92558,user4046@campus.edu,C1558,DHb82c223f40f1,F104046
E17576,S96168,user4047@campus.edu,C3727,DH0dabc87b6e3d,F104047
E17577,S56094,user4048@campus.edu,C7283,DH7f2fc10cb3e5,F104048
E17578,S83183,user4049@campus.edu,C6800,DH51939bb0c8e8,F104049
E17579,S20361,user4050@campus.edu,C2563,DH79248f94b780,F104050
E17580,S61432,user4051@campus.edu,C6992,DH5a66a42c494a,F104051
E17581,S16146,user4052@campus.edu,C9059,DH9d15e7591fa8,F104052
E17582,S87048,user4053@campus.edu,C5027,DHe0c2695158be,F104053
E17583,S25365,user4054@campus.edu,C9840,DHda55d187150e,F104054
E17584,,user4055@campus.edu,C9944,DH8e7738962970,F104055
E17585,S13163,user4056@campus.edu,C4424,DH94e2d43386e6,F104056
E17586,S15230,user4057@campus.edu,C4908,DH5a3c31dbc3a2,F104057
E17587,,user4058@campus.edu,C1344,DH7a40015f6feb,F104058
E17588,S61346,user4059@campus.edu,C6270,DH85fcce3ab07a,F104059
E17589,S60087,user4060@campus.edu,C5628,DH40356b86e2be,F104060
E17590,S41028,user4061@campus.edu,C6612,DH5528251da085,F104061
E17591,S89285,user4062@campus.edu,C8674,DH7d5c2c29442e,F104062
E17592,,user4063@campus.edu,C1697,DH12ac8e17d215,F104063
E17593,S88195,user4064@campus.edu,C3755,DH3704b004b27f,F104064
E17594,S22144,user4065@campus.edu,C9861,DHc2b1d269f863,F104065
E17595,S99227,user4066@campus.edu,C3379,DHe48a5d3eae7e,F104066
E17596,S80400,user4067@campus.edu,C5516,DHd6157a6979dd,F104067
E17597,S31365,user4068@campus.edu,C7542,DHea73bf70894b,F104068
E17598,S87856,user4069@campus.edu,C7607,DHb3cf3b9c93ff,F104069
E17599,,user4070@campus.edu,C6137,DH42981159a753,F104070
E17600,,user4071@campus.edu,C5466,DH97b4dbd12092,F104071
E17601,S79707,user4072@campus.edu,C3254,DH68003871f643,F104072
E17602,S47915,user4073@campus.edu,C7396,DH1772bab5f574,F104073
E17603,S85573,user4074@campus.edu,C5461,DH5d204e0b1d02,F104074
E17604,,user4075@campus.edu,C7675,DH765155dd9531,F104075
E17605,S59273,user4076@campus.edu,C1045,DHbbe74dbb86ad,F104076
E17606,,user4077@campus.edu,C9759,DH49f1e26be98a,F104077
E17607,S82813,user4078@campus.edu,C8346,DH10bb4ce37a9b,F104078
E17608,,user4079@campus.edu,C1849,DH14b8a96154be,F104079
E17609,S41287,user4080@campus.edu,C8110,DHd3cfb80b7012,F104080
E17610,S94026,user4081@campus.edu,C2437,DHe0fa913dc98f,F104081
E17611,,user4082@campus.edu,C4544,DH9b44fe409834,F104082
E17612,S17694,user4083@campus.edu,C4887,DH593659fd562a,F104083
E17613,S89732,user4084@campus.edu,C5297,DH7be9be0fb1f5,F104084
E17614,S58631,user4085@campus.edu,C8659,DHa003e6b3426d,F104085
E17615,S85297,user4086@campus.edu,C4058,DHc8fedcf23247,F104086
E17616,S66411,user4087@campus.edu,C1704,DH02bc81cb0547,F104087
E17617,S48702,user4088@campus.edu,C6270,DHa30f6cc61e2f,F104088
E17618,,user4089@campus.edu,C5683,DH58ab24e88e1e,F104089
E17619,S53172,user4090@campus.edu,C4688,DHae5e1fec36f5,F104090
E17620,S92656,user4091@campus.edu,C2978,DH1fa1b8526962,F104091
E17621,S79388,user4092@campus.edu,C4462,DHa781750aa15b,F104092
E17622,S63234,user4093@campus.edu,C3570,DH15b070c2e5eb,F104093
E17623,S29583,user4094@campus.edu,C3020,DHf043e0ad2ca7,F104094
E17624,S63398,user4095@campus.edu,C7224,DHee76a45e0bda,F104095
E17625,,user4096@campus.edu,C7881,DHe4ec9f35571f,F104096
E17626,S68673,user4097@campus.edu,C1171,DHac77487de7d7,F104097
E17627,,user4098@campus.edu,C7653,DHa762aaeb2fa4,F104098
E17628,S57968,user4099@campus.edu,C9257,DHec8e1834219e,F104099
E17629,S99246,user4100@campus.edu,C1071,DH15bf5f5e059a,F104100
E17630,S65464,user4101@campus.edu,C9143,DH829a12625fe1,F104101
E17631,S79017,user4102@campus.edu,C8209,DH4495cc86512d,F104102
E17632,S43509,user4103@campus.edu,C5951,DH08e5cc627519,F104103
E17633,S50316,user4104@campus.edu,C8247,DH35c16d7ec5a4,F104104
E17634,S44631,user4105@campus.edu,C6986,DHc9c927541351,F104105
E17635,S71281,user4106@campus.edu,C1891,DHf01f773a141d,F104106
E17636,S94277,user4107@campus.edu,C9596,DHc30a007eb58b,F104107
E17637,S63033,user4108@campus.edu,C4519,DH1f05a5327d46,F104108
E17638,S82578,user4109@campus.edu,C4851,DH7dabf072ab9c,F104109
E17639,S44582,user4110@campus.edu,C8536,DH9571b8db1d60,F104110
E17640,,user4111@campus.edu,C4043,DHd4ccc0aec093,F104111
E17641,,user4112@campus.edu,C5003,DH137c6fc7592b,F104112
E17642,S13346,user4113@campus.edu,C6896,DH10340b50ca54,F104113
E17643,S28829,user4114@campus.edu,C8848,DHf68d55ee01cf,F104114
E17644,S47892,user4115@campus.edu,C5244,DH03e680a796b1,F104115
E17645,,user4116@campus.edu,C3684,DH1db2bf1eea04,F104116
E17646,S95556,user4117@campus.edu,C4061,DH1d2dc5e27ffc,F104117
E17647,S91520,user4118@campus.edu,C3612,DHb6e80d625cfa,F104118
E17648,,user4119@campus.edu,C4904,DH66da89fbfff5,F104119
E17649,S10017,user4120@campus.edu,C2069,DHf22a7c0ede21,F104120
E17650,S77667,user4121@campus.edu,C5569,DH35228d9c20af,F104121
E17651,S74833,user4122@campus.edu,C2156,DH03bbc0e80938,F104122
E17652,S11191,user4123@campus.edu,C8917,DHbda9e33efa1f,F104123
E17653,,user4124@campus.edu,C6604,DH093f8cfda815,F104124
E17654,S52415,user4125@campus.edu,C8150,DH0d7bda303456,F104125
E17655,S82235,user4126@campus.edu,C4623,DHc26f05cc947f,F104126
E17656,S47269,user4127@campus.edu,C5028,DH42fb9dfa155c,F104127
E17657,S91974,user4128@campus.edu,C3466,DHbbfa071a0d74,F104128
E17658,S38618,user4129@campus.edu,C4338,DHb23c444c7ee1,F104129
E17659,,user4130@campus.edu,C5894,DH976676187060,F104130
E17660,,user4131@campus.edu,C6922,DHfed2af653b43,F104131
E17661,S53916,user4132@campus.edu,C6131,DH3d56840215e2,F104132
E17662,S27730,user4133@campus.edu,C5713,DH4d0a871c5899,F104133
E17663,S17031,user4134@campus.edu,C3167,DHac55bd3d411f,F104134
E17664,S72028,user4135@campus.edu,C7010,DH94fe0bfabcea,F104135
E17665,S28051,user4136@campus.edu,C7082,DHec38211176d2,F104136
E17666,,user4137@campus.edu,C1655,DH1b11d3b2a82a,F104137
E17667,S96816,user4138@campus.edu,C6846,DH2a44d795e2e7,F104138
E17668,,user4139@campus.edu,C8337,DH3c772589d358,F104139
E17669,S37376,user4140@campus.edu,C2711,DHd92883e5487d,F104140
E17670,,user4141@campus.edu,C9874,DH1eb6e4bca42c,F104141
E17671,S88478,user4142@campus.edu,C9291,DH74b4fcb6db5e,F104142
E17672,S51286,user4143@campus.edu,C6137,DH0a576a1956d9,F104143
E17673,S28733,user4144@campus.edu,C7831,DH15f67789ceda,F104144
E17674,S39154,user4145@campus.edu,C5214,DH56758140cafa,F104145
E17675,S81834,user4146@campus.edu,C9743,DH0c556ce38fb3,F104146
E17676,S83712,user4147@campus.edu,C6561,DH683fbafbd273,F104147
E17677,S33914,user4148@campus.edu,C8379,DH1556f972eebb,F104148
E17678,S87539,user4149@campus.edu,C9700,DHb929dbc40b89,F104149
E17679,S54696,user4150@campus.edu,C7515,DH9c5092c37d1b,F104150
E17680,S77291,user4151@campus.edu,C9211,DH43c6f7ee17cb,F104151
E17681,,user4152@campus.edu,C9615,DHfb8564070a8d,F104152
E17682,S48027,user4153@campus.edu,C2104,DHb038d2733151,F104153
E17683,S36205,user4154@campus.edu,C5184,DH29ce88204416,F104154
E17684,S85360,user4155@campus.edu,C9789,DH1bb1aa38bdc6,F104155
E17685,S77543,user4156@campus.edu,C8018,DHa7b052fb31f7,F104156
E17686,S35270,user4157@campus.edu,C9873,DH6b2cb7c33114,F104157
E17687,,user4158@campus.edu,C7471,DH9778d213c0ae,F104158
E17688,,user4159@campus.edu,C3305,DH55e905c6d710,F104159
E17689,S10971,user4160@campus.edu,C2621,DH50ed7077469c,F104160
E17690,S68932,user4161@campus.edu,C9299,DHbb79dc405353,F104161
E17691,S62244,user4162@campus.edu,C6283,DHb263ded5bde2,F104162
E17692,,user4163@campus.edu,C3820,DH85b26103c3b6,F104163
E17693,S10897,user4164@campus.edu,C1856,DHe87ec878d72c,F104164
E17694,S64385,user4165@campus.edu,C9699,DH8015596b43fd,F104165
E17695,S19344,user4166@campus.edu,C7794,DH6061a27a8f4d,F104166
E17696,S30172,user4167@campus.edu,C3869,DH595574d2e29c,F104167
E17697,S87165,user4168@campus.edu,C8738,DH33e9d277ba9e,F104168
E17698,S36422,user4169@campus.edu,C9671,DHdef5790f77c8,F104169
E17699,,user4170@campus.edu,C4823,DH796223dcef31,F104170
E17700,,user4171@campus.edu,C5016,DHa3d8e0761ce2,F104171
E17701,S49098,user4172@campus.edu,C5387,DH791defaaf163,F104172
E17702,S17964,user4173@campus.edu,C3840,DH762b51df3a31,F104173
E17703,S90145,user4174@campus.edu,C9760,DHd042cc1b11d5,F104174
E17704,,user4175@campus.edu,C5409,DH0ad3c37384d0,F104175
E17705,S93620,user4176@campus.edu,C2084,DHd8b178574d7a,F104176
E17706,S73829,user4177@campus.edu,C3210,DHc2be0eccfe90,F104177
E17707,,user4178@campus.edu,C6940,DHb6a2a59726fb,F104178
E17708,S49167,user4179@campus.edu,C6206,DHcfe6a0661715,F104179
E17709,S74506,user4180@campus.edu,C5901,DHd0ca727fe69a,F104180
E17710,S93914,user4181@campus.edu,C4649,DHa679c7f06ea6,F104181
E17711,S86608,user4182@campus.edu,C9986,DH728ae16a4490,F104182
E17712,S10142,user4183@campus.edu,C3762,DH13368acf111a,F104183
E17713,S40574,user4184@campus.edu,C2474,DH29faf1002943,F104184
E17714,S53532,user4185@campus.edu,C9529,DHf4cefc22d7ef,F104185
E17715,,user4186@campus.edu,C6114,DH33898c30049a,F104186
E17716,S67674,user4187@campus.edu,C8533,DHed370ff927c9,F104187
E17717,S57523,user4188@campus.edu,C6985,DH53a5b93cf46a,F104188
E17718,S45036,user4189@campus.edu,C9563,DHe8200c5d21c2,F104189
E17719,S26926,user4190@campus.edu,C6242,DHabe1c49cf63e,F104190
E17720,S23896,user4191@campus.edu,C7885,DHb3b07aa80a98,F104191
E17721,S32061,user4192@campus.edu,C8034,DH76cd3f4c3460,F104192
E17722,S91619,user4193@campus.edu,C5586,DHdfcd3593c3f3,F104193
E17723,S48343,user4194@campus.edu,C9459,DH72722d3eb3d3,F104194
E17724,,user4195@campus.edu,C1040,DHf8d693f55663,F104195
E17725,S38001,user4196@campus.edu,C2416,DH92c04d0e5f64,F104196
E17726,,user4197@campus.edu,C9202,DH4f7284041f82,F104197
E17727,S57423,user4198@campus.edu,C6568,DHb6aa6c7ef37b,F104198
E17728,S87820,user4199@campus.edu,C1383,DH8839b58031ae,F104199
E17729,S28928,user4200@campus.edu,C4605,DH379d188bcd35,F104200
E17730,S85926,user4201@campus.edu,C1441,DH3d425acbd890,F104201
E17731,S17420,user4202@campus.edu,C1588,DH2c2b5b50ca76,F104202
E17732,,user4203@campus.edu,C5596,DH24e0be0ec8b1,F104203
E17733,S19253,user4204@campus.edu,C8293,DHfdff3a8c6c72,F104204
E17734,S87771,user4205@campus.edu,C9598,DHa479b84713be,F104205
E17735,S69301,user4206@campus.edu,C4442,DHa8dbc640c770,F104206
E17736,S18493,user4207@campus.edu,C6249,DH860c004701df,F104207
E17737,S49649,user4208@campus.edu,C7055,DH02543ee17199,F104208
E17738,S31973,user4209@campus.edu,C7635,DH8313771a1f74,F104209
E17739,S77073,user4210@campus.edu,C8262,DH727b87c5e2a1,F104210
E17740,S12214,user4211@campus.edu,C8847,DH3270b143e856,F104211
E17741,S62317,user4212@campus.edu,C2782,DH4bd421a746ff,F104212
E17742,,user4213@campus.edu,C2445,DHcc752209553e,F104213
E17743,S94808,user4214@campus.edu,C9847,DH8254eb4d3796,F104214
E17744,,user4215@campus.edu,C3192,DHd5f52bd32ff4,F104215
E17745,S60859,user4216@campus.edu,C1600,DHb364ee3e1433,F104216
E17746,S38763,user4217@campus.edu,C8881,DH4da211e8404b,F104217
E17747,S82519,user4218@campus.edu,C4784,DHf9aa2c4a07f8,F104218
E17748,,user4219@campus.edu,C8440,DH652e1d16392f,F104219
E17749,S65145,user4220@campus.edu,C9041,DH09b71f683e46,F104220
E17750,S77969,user4221@campus.edu,C4691,DH13316df99304,F104221
E17751,S11739,user4222@campus.edu,C8976,DH200e82083885,F104222
E17752,S96271,user4223@campus.edu,C4572,DHe8b1ce6b42a4,F104223
E17753,S99305,user4224@campus.edu,C6214,DH0cfb052b4b1d,F104224
E17754,S78786,user4225@campus.edu,C8838,DH020ccff93abd,F104225
E17755,S77708,user4226@campus.edu,C5486,DH8fdb9871a161,F104226
E17756,S76728,user4227@campus.edu,C9804,DH9d2aef030025,F104227
E17757,,user4228@campus.edu,C8919,DHe620d1f4cd0b,F104228
E17758,S94957,user4229@campus.edu,C6287,DHd4f4dde33ae4,F104229
E17759,S24920,user4230@campus.edu,C6313,DH73486e5c8759,F104230
E17760,S86386,user4231@campus.edu,C8174,DH6ebe2e5f8336,F104231
E17761,S28628,user4232@campus.edu,C4803,DHe67d6729f4cb,F104232
E17762,S48262,user4233@campus.edu,C5315,DH8731cd7546a0,F104233
E17763,S13242,user4234@campus.edu,C4799,DH2c01ed59b07a,F104234
E17764,,user4235@campus.edu,C4570,DH340e8be8789e,F104235
E17765,S75353,user4236@campus.edu,C9290,DHb16985f37d4c,F104236
E17766,S57979,user4237@campus.edu,C8422,DHb629006286c7,F104237
E17767,,user4238@campus.edu,C2711,DHd1c1da8b397e,F104238
E17768,,user4239@campus.edu,C2453,DH05245c9c1723,F104239
E17769,S94218,user4240@campus.edu,C3681,DH246e9f7c7763,F104240
E17770,S59271,user4241@campus.edu,C7108,DHe09aa7c3baf9,F104241
E17771,S80456,user4242@campus.edu,C5054,DH3eafacae1f42,F104242
E17772,S71153,user4243@campus.edu,C4396,DH2a18dbc8b219,F104243
E17773,S43371,user4244@campus.edu,C7369,DHdf7b606fdf1f,F104244
E17774,S56758,user4245@campus.edu,C9925,DHc04cc0de3764,F104245
E17775,,user4246@campus.edu,C2882,DH767dc2c6b0fa,F104246
E17776,S11720,user4247@campus.edu,C3647,DHf504648a62e0,F104247
E17777,S63017,user4248@campus.edu,C2176,DH35ca546233c7,F104248
E17778,S45842,user4249@campus.edu,C8856,DHebb3729dcb2b,F104249
E17779,S83721,user4250@campus.edu,C4332,DHf45822078478,F104250
E17780,S87527,user4251@campus.edu,C3054,DH33052e6a4e7b,F104251
E17781,S36382,user4252@campus.edu,C1469,DH3eda84c484b0,F104252
E17782,,user4253@campus.edu,C7299,DH0fa7c639f5d6,F104253
E17783,S64475,user4254@campus.edu,C7178,DH8455d89b9828,F104254
E17784,S64458,user4255@campus.edu,C7780,DHdcddbbae263f,F104255
E17785,S61662,user4256@campus.edu,C4940,DHb8120238c292,F104256
E17786,,user4257@campus.edu,C3097,DH84697fd88821,F104257
E17787,S81331,user4258@campus.edu,C1649,DH9a28ab550021,F104258
E17788,S82578,user4259@campus.edu,C4616,DH2607dd381605,F104259
E17789,S22292,user4260@campus.edu,C8771,DH8bab597cf44b,F104260
E17790,S93317,user4261@campus.edu,C5987,DH3e339d86a95a,F104261
E17791,S13526,user4262@campus.edu,C3690,DH474fd04812d4,F104262
E17792,S18213,user4263@campus.edu,C8502,DH410a64dc6b7d,F104263
E17793,,user4264@campus.edu,C7175,DH103524e573eb,F104264
E17794,S74174,user4265@campus.edu,C3101,DHca93e6d66b06,F104265
E17795,S56753,user4266@campus.edu,C7248,DH5b062ed3735b,F104266
E17796,S93802,user4267@campus.edu,C3993,DHdadd55db04c8,F104267
E17797,S22147,user4268@campus.edu,C5892,DH544b3f164cec,F104268
E17798,S52385,user4269@campus.edu,C1040,DHa3058f841c94,F104269
E17799,S45531,user4270@campus.edu,C5727,DH336c28aca7e0,F104270
E17800,S33667,user4271@campus.edu,C9739,DH0d37ec7dffc5,F104271
E17801,S71449,user4272@campus.edu,C4951,DH99d007e20736,F104272
E17802,S46174,user4273@campus.edu,C7192,DH690cb659f2cd,F104273
E17803,S86055,user4274@campus.edu,C4243,DH84f50bac726e,F104274
E17804,S87117,user4275@campus.edu,C8503,DH05160c2a2198,F104275
E17805,S38004,user4276@campus.edu,C2040,DHa5b16d85adb4,F104276
E17806,S52235,user4277@campus.edu,C5676,DH00cbef9358d8,F104277
E17807,S65695,user4278@campus.edu,C2552,DH132dec8aa67f,F104278
E17808,S59017,user4279@campus.edu,C9225,DHaebf522220a0,F104279
E17809,S72970,user4280@campus.edu,C4984,DHc1e165da7ab5,F104280
E17810,S52542,user4281@campus.edu,C2508,DHca3b243a82b7,F104281
E17811,S80105,user4282@campus.edu,C7759,DHa94e90ef36be,F104282
E17812,,user4283@campus.edu,C9986,DH70ff80896a1f,F104283
E17813,S90627,user4284@campus.edu,C7641,DHb0c5b39d6cc9,F104284
E17814,S53341,user4285@campus.edu,C8440,DH1e5396e0bbae,F104285
E17815,S28715,user4286@campus.edu,C8009,DH2b277fb01fb7,F104286
E17816,S58796,user4287@campus.edu,C5313,DH8e3ea10e8fab,F104287
E17817,S16919,user4288@campus.edu,C4025,DH73162c7c1f44,F104288
E17818,S66588,user4289@campus.edu,C6492,DHc2a378ce9857,F104289
E17819,S32046,user4290@campus.edu,C5723,DH0891bab8ad0b,F104290
E17820,S13579,user4291@campus.edu,C7614,DH0c99de96061a,F104291
E17821,S19881,user4292@campus.edu,C5195,DH40d4bcc34861,F104292
E17822,S22510,user4293@campus.edu,C7583,DHb60c99f682d3,F104293
E17823,S28435,user4294@campus.edu,C3109,DH7d3cc4c9f66c,F104294
E17824,S51879,user4295@campus.edu,C4802,DH6bb4c7c48f91,F104295
E17825,S16185,user4296@campus.edu,C7102,DH748d31cb0bb9,F104296
E17826,S96934,user4297@campus.edu,C1759,DH8afc4afe4881,F104297
E17827,S80016,user4298@campus.edu,C6025,DH677c30f05bf7,F104298
E17828,S39861,user4299@campus.edu,C3855,DH8732f3a6e3f3,F104299
E17829,S38138,user4300@campus.edu,C3593,DH57de212a61b6,F104300
E17830,S99033,user4301@campus.edu,C5641,DHae555b3fa66d,F104301
E17831,S75614,user4302@campus.edu,C7549,DHf209c2d5adc7,F104302
E17832,S10652,user4303@campus.edu,C3838,DH676f9f2b34ff,F104303
E17833,S35339,user4304@campus.edu,C5384,DH494af5b422cd,F104304
E17834,S56741,user4305@campus.edu,C5055,DH51c68b15ed8b,F104305
E17835,S91933,user4306@campus.edu,C4973,DHd93e5536fa8d,F104306
E17836,S33245,user4307@campus.edu,C8731,DHc67bde2dd120,F104307
E17837,S53857,user4308@campus.edu,C3909,DH5d6b9b6beadd,F104308
E17838,S83756,user4309@campus.edu,C2086,DH7d9de3bc0b0e,F104309
E17839,S30670,user4310@campus.edu,C7057,DHc1d1064e84fb,F104310
E17840,S64590,user4311@campus.edu,C5917,DHa46cba251521,F104311
E17841,S38727,user4312@campus.edu,C5083,DH118da0535fdd,F104312
E17842,S47819,user4313@campus.edu,C8234,DH84541965b5e3,F104313
E17843,S97414,user4314@campus.edu,C4822,DH2e133d8f2ffc,F104314
E17844,S26683,user4315@campus.edu,C6555,DHd3e3649c44d5,F104315
E17845,S74730,user4316@campus.edu,C3469,DH012adaefe33d,F104316
E17846,S30532,user4317@campus.edu,C8498,DH1ce2831a5731,F104317
E17847,S39439,user4318@campus.edu,C6308,DHcc376fad1401,F104318
E17848,,user4319@campus.edu,C6382,DH457dd64e300f,F104319
E17849,S13425,user4320@campus.edu,C7765,DH500621b5ce65,F104320
E17850,S48801,user4321@campus.edu,C8706,DHdbdb47e55b32,F104321
E17851,S96150,user4322@campus.edu,C2264,DH336d79c2a05c,F104322
E17852,S98317,user4323@campus.edu,C9193,DH5656ad5b7b2e,F104323
E17853,S95954,user4324@campus.edu,C4223,DH7e8a04db6e22,F104324
E17854,S75156,user4325@campus.edu,C4411,DH41d0adac0c3b,F104325
E17855,S31764,user4326@campus.edu,C1066,DH13220e0ebc3d,F104326
E17856,S73173,user4327@campus.edu,C1312,DH8d47565aefae,F104327
E17857,S85214,user4328@campus.edu,C4407,DHa22b1b2778ad,F104328
E17858,,user4329@campus.edu,C4218,DH374fa663b819,F104329
E17859,S62017,user4330@campus.edu,C4013,DH88229d5757e4,F104330
E17860,,user4331@campus.edu,C5858,DH4c631da4b55e,F104331
E17861,S88361,user4332@campus.edu,C2783,DH4e1fb6714a6b,F104332
E17862,S87153,user4333@campus.edu,C5924,DHcda3de1717e3,F104333
E17863,S44375,user4334@campus.edu,C9284,DH57b6e04d4348,F104334
E17864,S60235,user4335@campus.edu,C5786,DHe815f1c7cef3,F104335
E17865,S69178,user4336@campus.edu,C1419,DH60a7b3de2848,F104336
E17866,S38924,user4337@campus.edu,C2817,DH73552c5b148e,F104337
E17867,,user4338@campus.edu,C1451,DH93a9e3a5671a,F104338
E17868,S84407,user4339@campus.edu,C5458,DH0fd1470fe6a9,F104339
E17869,S35518,user4340@campus.edu,C4709,DH0dfb192b3c1e,F104340
E17870,,user4341@campus.edu,C7869,DH3100ff1e3d6c,F104341
E17871,,user4342@campus.edu,C2644,DHa79d56255920,F104342
E17872,,user4343@campus.edu,C2017,DH4374dd55ce70,F104343
E17873,S14941,user4344@campus.edu,C2210,DH8ff69984225d,F104344
E17874,S11366,user4345@campus.edu,C5635,DH0b141cc9c94a,F104345
E17875,S13265,user4346@campus.edu,C1779,DH04455dc25d56,F104346
E17876,,user4347@campus.edu,C7835,DH23d1d9412d6d,F104347
E17877,S14322,user4348@campus.edu,C2185,DH80de9344e7e6,F104348
E17878,S28924,user4349@campus.edu,C2998,DH6e3413e62f1e,F104349
E17879,S49631,user4350@campus.edu,C5278,DHd1ab26eb46d7,F104350
E17880,S19789,user4351@campus.edu,C7970,DHd8f9195f5118,F104351
E17881,S73656,user4352@campus.edu,C2633,DHb3f84c2b5f81,F104352
E17882,S52457,user4353@campus.edu,C8873,DH38af0fa29c5e,F104353
E17883,S36644,user4354@campus.edu,C3215,DHb02800eb71f0,F104354
E17884,S27741,user4355@campus.edu,C5971,DH676392b85a14,F104355
E17885,S82829,user4356@campus.edu,C2446,DH9ff27bec819c,F104356
E17886,S70211,user4357@campus.edu,C5900,DH9e70f2fb989a,F104357
E17887,,user4358@campus.edu,C8145,DH2bb4779d9436,F104358
E17888,S48609,user4359@campus.edu,C8023,DHf1f0d9fb1c0d,F104359
E17889,S20445,user4360@campus.edu,C1614,DH741d462edb35,F104360
E17890,S96195,user4361@campus.edu,C7208,DH13aa5d122330,F104361
E17891,,user4362@campus.edu,C3486,DH46cc5578fb9b,F104362
E17892,S19979,user4363@campus.edu,C4890,DH0528e09a4d47,F104363
E17893,S63865,user4364@campus.edu,C8099,DHa82fcbc86ff3,F104364
E17894,S43196,user4365@campus.edu,C6642,DH747f54d8f40c,F104365
E17895,,user4366@campus.edu,C6109,DHc5be3d4092b9,F104366
E17896,S47092,user4367@campus.edu,C8971,DHc99a12c0ebae,F104367
E17897,S90423,user4368@campus.edu,C5520,DHf09afe57e571,F104368
E17898,,user4369@campus.edu,C5625,DH313c53c41f65,F104369
E17899,,user4370@campus.edu,C7049,DHfec2b37d077c,F104370
E17900,,user4371@campus.edu,C6699,DHba54b2bab066,F104371
E17901,S48829,user4372@campus.edu,C3386,DHe9134352c078,F104372
E17902,S69727,user4373@campus.edu,C3556,DH667e7228a53e,F104373
E17903,S63096,user4374@campus.edu,C7012,DHa07e249e372c,F104374
E17904,S72444,user4375@campus.edu,C1369,DHa5ee36d0936b,F104375
E17905,S24579,user4376@campus.edu,C4645,DH27fd5d3098ad,F104376
E17906,S33597,user4377@campus.edu,C5270,DHc17af3d191fc,F104377
E17907,S10674,user4378@campus.edu,C1056,DH63949ba631cd,F104378
E17908,S98121,user4379@campus.edu,C5455,DH20d4492ed87d,F104379
E17909,S11010,user4380@campus.edu,C8728,DHf2cdb1d7d87d,F104380
E17910,S25953,user4381@campus.edu,C6753,DH505cdf4b6fb7,F104381
E17911,S29409,user4382@campus.edu,C3965,DHe508a7886b73,F104382
E17912,S80261,user4383@campus.edu,C5550,DH905705a1a0d0,F104383
E17913,,user4384@campus.edu,C5868,DHd94f5079ce91,F104384
E17914,S82645,user4385@campus.edu,C5390,DH615a4c234891,F104385
E17915,,user4386@campus.edu,C2667,DH745fecdf787b,F104386
E17916,S51211,user4387@campus.edu,C4182,DH00932a709138,F104387
E17917,,user4388@campus.edu,C3150,DH4c420271c39f,F104388
E17918,S74143,user4389@campus.edu,C1670,DH9fce350faf8a,F104389
E17919,S26728,user4390@campus.edu,C9854,DHdaf9d842a43f,F104390
E17920,S23412,user4391@campus.edu,C5713,DHf64a66ad48f5,F104391
E17921,S53636,user4392@campus.edu,C3068,DH14ba6af3e229,F104392
E17922,,user4393@campus.edu,C7717,DH165e6527657b,F104393
E17923,S82168,user4394@campus.edu,C1596,DHde0af841dc63,F104394
E17924,S89985,user4395@campus.edu,C4658,DH36fc0eddc358,F104395
E17925,S75237,user4396@campus.edu,C1408,DH5f960834b482,F104396
E17926,S97508,user4397@campus.edu,C3390,DH6b6c6d1c8f67,F104397
E17927,,user4398@campus.edu,C4924,DHe94f0ae7faf0,F104398
E17928,S53507,user4399@campus.edu,C6294,DHc06fff40989e,F104399
E17929,S84994,user4400@campus.edu,C6014,DHc436aa3f27fd,F104400
E17930,S85486,user4401@campus.edu,C1010,DH3da533f29b5b,F104401
E17931,,user4402@campus.edu,C3510,DHc3e0f7689ac0,F104402
E17932,,user4403@campus.edu,C2092,DHb3dc72e6b41a,F104403
E17933,S41534,user4404@campus.edu,C4826,DH8f2ef481f795,F104404
E17934,S20878,user4405@campus.edu,C7538,DH43f243a24ae8,F104405
E17935,S39185,user4406@campus.edu,C7852,DH49e3bfe28c43,F104406
E17936,S17679,user4407@campus.edu,C3293,DH1310a4b217ea,F104407
E17937,S46746,user4408@campus.edu,C4185,DH2b497f666ae6,F104408
E17938,S93905,user4409@campus.edu,C7517,DH8fea7b407257,F104409
E17939,S33638,user4410@campus.edu,C6293,DH6fb434fe67f5,F104410
E17940,S41508,user4411@campus.edu,C3307,DHf1bba2b695d2,F104411
E17941,S10624,user4412@campus.edu,C1522,DH63666f3958ff,F104412
E17942,S50345,user4413@campus.edu,C2812,DHa13bab0b0988,F104413
E17943,S88689,user4414@campus.edu,C2769,DH4ad2dac55308,F104414
E17944,S46934,user4415@campus.edu,C1471,DHf0f6debe4b75,F104415
E17945,,user4416@campus.edu,C5547,DHe2659a12eb39,F104416
E17946,S37904,user4417@campus.edu,C4631,DHaa79fc809362,F104417
E17947,S48157,user4418@campus.edu,C6879,DH2dbb62ce3ca6,F104418
E17948,,user4419@campus.edu,C3282,DHd9437ee7abb9,F104419
E17949,S12654,user4420@campus.edu,C3290,DHbc65a5355b83,F104420
E17950,S88655,user4421@campus.edu,C2485,DHe34f00e8f271,F104421
E17951,S30574,user4422@campus.edu,C3274,DHcbf05c4c8508,F104422
E17952,S70818,user4423@campus.edu,C9873,DH03c6bdf90b76,F104423
E17953,S87377,user4424@campus.edu,C3885,DHf406acb7bdb1,F104424
E17954,S10649,user4425@campus.edu,C7491,DH46dbc5bcdc06,F104425
E17955,,user4426@campus.edu,C4778,DH99ef759f6e13,F104426
E17956,S79682,user4427@campus.edu,C6870,DHe59793e2d71b,F104427
E17957,S22480,user4428@campus.edu,C1798,DHf0dff4f6df6e,F104428
E17958,S37740,user4429@campus.edu,C7122,DH82dd715b190b,F104429
E17959,S21108,user4430@campus.edu,C2012,DH0fa3f8ca1814,F104430
E17960,S86253,user4431@campus.edu,C6596,DH28a4f8120ec7,F104431
E17961,S54631,user4432@campus.edu,C7169,DH5740ca820893,F104432
E17962,S56386,user4433@campus.edu,C6064,DHc521d0cdc0e9,F104433
E17963,S28694,user4434@campus.edu,C4717,DH59686bc8af39,F104434
E17964,S38468,user4435@campus.edu,C3239,DH9f19b27cc921,F104435
E17965,,user4436@campus.edu,C9756,DH821b4761015b,F104436
E17966,S67814,user4437@campus.edu,C5717,DHc54ae5b943c1,F104437
E17967,S90601,user4438@campus.edu,C5844,DHf0226a349a97,F104438
E17968,S20522,user4439@campus.edu,C8395,DH32e7b8ca883b,F104439
E17969,,user4440@campus.edu,C6645,DH590da5486fca,F104440
E17970,S18768,user4441@campus.edu,C3048,DHd91a2f08a5e2,F104441
E17971,S94935,user4442@campus.edu,C6261,DHcf79c31b22b3,F104442
E17972,S91913,user4443@campus.edu,C1980,DH21a6b865b77e,F104443
E17973,S61221,user4444@campus.edu,C8839,DHfeca0dbb29f8,F104444
E17974,S92917,user4445@campus.edu,C8005,DHfeca5835c22b,F104445
E17975,S36007,user4446@campus.edu,C8967,DH5e4a8403e907,F104446
E17976,S19386,user4447@campus.edu,C3261,DHff9a91102bc2,F104447
E17977,S58186,user4448@campus.edu,C7784,DHd07a0b3c8e37,F104448
E17978,S29952,user4449@campus.edu,C6104,DH0344e8895bf6,F104449
E17979,S69448,user4450@campus.edu,C6515,DH7d2513626f8f,F104450
E17980,S29464,user4451@campus.edu,C4986,DH28b5e6ef7c56,F104451
E17981,S55164,user4452@campus.edu,C9228,DH6de9dcc6f80b,F104452
E17982,S72750,user4453@campus.edu,C9771,DH6eb8e26b4349,F104453
E17983,S36437,user4454@campus.edu,C9141,DH5122016e6113,F104454
E17984,S37565,user4455@campus.edu,C9581,DH00d7366dff07,F104455
E17985,S97464,user4456@campus.edu,C1496,DH5c7aa323d182,F104456
E17986,S61500,user4457@campus.edu,C5797,DH20bdc21ca0b1,F104457
E17987,S58339,user4458@campus.edu,C2042,DHac46c8c98118,F104458
E17988,S51408,user4459@campus.edu,C6659,DH6c248b28be67,F104459
E17989,S98164,user4460@campus.edu,C7426,DHba196423b48b,F104460
E17990,S44102,user4461@campus.edu,C9666,DH633e6165d382,F104461
E17991,S30937,user4462@campus.edu,C3698,DHeeeaa8dedfbf,F104462
E17992,S25769,user4463@campus.edu,C1355,DH53bb0d711b67,F104463
E17993,S10761,user4464@campus.edu,C7771,DH35df37b32266,F104464
E17994,,user4465@campus.edu,C9746,DH48fd9bf8519b,F104465
E17995,S65273,user4466@campus.edu,C3070,DH218faf4122cd,F104466
E17996,S88286,user4467@campus.edu,C4791,DH948e99116905,F104467
E17997,S38247,user4468@campus.edu,C5217,DHd47c4725824b,F104468
E17998,S24450,user4469@campus.edu,C5934,DH8a239e7951a5,F104469
E17999,,user4470@campus.edu,C4209,DH235de8e046ab,F104470
E18000,S47601,user4471@campus.edu,C6650,DH0d2425b51c3d,F104471
E18001,S58965,user4472@campus.edu,C2904,DH3e362fcfd30a,F104472
E18002,S70156,user4473@campus.edu,C1396,DHc79a4e3a97c7,F104473
E18003,S27557,user4474@campus.edu,C2533,DH46463f7f53d0,F104474
E18004,S41852,user4475@campus.edu,C4163,DHdb6844978b72,F104475
E18005,S45353,user4476@campus.edu,C6188,DH664f86a56d52,F104476
E18006,S11540,user4477@campus.edu,C7478,DH87e04f28daf7,F104477
E18007,S78186,user4478@campus.edu,C7985,DHf0ac66c5c678,F104478
E18008,S29863,user4479@campus.edu,C1443,DH3cf74e1e0b58,F104479
E18009,S26580,user4480@campus.edu,C7352,DH2cb0ef7e9d7d,F104480
E18010,S65425,user4481@campus.edu,C8395,DH55df053f97a4,F104481
E18011,S31808,user4482@campus.edu,C9851,DHeaccf0416a78,F104482
E18012,S37111,user4483@campus.edu,C7245,DH02fa22c86e7f,F104483
E18013,S89506,user4484@campus.edu,C5686,DHea0770d311d5,F104484
E18014,S58558,user4485@campus.edu,C7869,DH3766ba81e582,F104485
E18015,S24906,user4486@campus.edu,C4076,DHba07a3453512,F104486
E18016,S83914,user4487@campus.edu,C4525,DH7edc6c32b8ee,F104487
E18017,,user4488@campus.edu,C6436,DH11dd2344529d,F104488
E18018,S79546,user4489@campus.edu,C1983,DH53c920c718d5,F104489
E18019,S76790,user4490@campus.edu,C1585,DH08a4f71b866d,F104490
E18020,S46942,user4491@campus.edu,C2006,DH9a726642d465,F104491
E18021,S60457,user4492@campus.edu,C9338,DH2b61ca39af1a,F104492
E18022,S35025,user4493@campus.edu,C9559,DH46f2179a9dc4,F104493
E18023,S72562,user4494@campus.edu,C6083,DHf1c171f251e6,F104494
E18024,S35832,user4495@campus.edu,C1689,DHcfc655670409,F104495
E18025,S77675,user4496@campus.edu,C6206,DH896a94a90760,F104496
E18026,S69087,user4497@campus.edu,C9993,DH7fa493c1886f,F104497
E18027,S14876,user4498@campus.edu,C3535,DH6e7ddf021eee,F104498
E18028,S79090,user4499@campus.edu,C4345,DH29e8b8eb447c,F104499
E18029,S57947,user4500@campus.edu,C9453,DH4858f94949d6,F104500
E18030,,user4501@campus.edu,C8700,DH6e9db2034e78,F104501
E18031,S36471,user4502@campus.edu,C4263,DH479489c2078a,F104502
E18032,S52054,user4503@campus.edu,C1460,DH6bb3b110822e,F104503
E18033,S43499,user4504@campus.edu,C6841,DHef6e452431dc,F104504
E18034,S52880,user4505@campus.edu,C8204,DHacf141a75262,F104505
E18035,S41380,user4506@campus.edu,C5054,DH06b8ddd5eefe,F104506
E18036,S31377,user4507@campus.edu,C5625,DH25cadd039772,F104507
E18037,S22355,user4508@campus.edu,C8669,DHe0a986a12d9e,F104508
E18038,S99301,user4509@campus.edu,C6410,DH7a8b1e6cc153,F104509
E18039,,user4510@campus.edu,C4408,DH08b4257bcfef,F104510
E18040,S54691,user4511@campus.edu,C4350,DH06921aee319e,F104511
E18041,S66360,user4512@campus.edu,C4636,DH27986aa5f34a,F104512
E18042,S18025,user4513@campus.edu,C3696,DH92fad1a4ebf9,F104513
E18043,,user4514@campus.edu,C2744,DH3838c55b6bb1,F104514
E18044,,user4515@campus.edu,C1125,DH52787c94531b,F104515
E18045,,user4516@campus.edu,C8482,DHa817b5072bbb,F104516
E18046,,user4517@campus.edu,C8784,DHa4764bd7d61b,F104517
E18047,,user4518@campus.edu,C9212,DHb929496703e5,F104518
E18048,S95520,user4519@campus.edu,C9256,DH57d4942795d7,F104519
E18049,S18058,user4520@campus.edu,C1141,DHb5977ce512c3,F104520
E18050,S28554,user4521@campus.edu,C5565,DHf54e7ac6f877,F104521
E18051,S74075,user4522@campus.edu,C4548,DHa57379b9cf65,F104522
E18052,S96797,user4523@campus.edu,C8324,DH59b78472c880,F104523
E18053,S25769,user4524@campus.edu,C8778,DH49d16673687e,F104524
E18054,S66951,user4525@campus.edu,C6732,DH5571284e91c8,F104525
E18055,S48796,user4526@campus.edu,C1666,DHf973676fe309,F104526
E18056,S78683,user4527@campus.edu,C4842,DH8e77e26b9cf0,F104527
E18057,S12289,user4528@campus.edu,C7007,DHf72b4bbb505e,F104528
E18058,,user4529@campus.edu,C7223,DH58289108a544,F104529
E18059,S36252,user4530@campus.edu,C3986,DHe2396e0f0ea4,F104530
E18060,S41965,user4531@campus.edu,C1217,DH5cf5d02950a5,F104531
E18061,S72683,user4532@campus.edu,C4985,DH1c219bcbec3c,F104532
E18062,S74597,user4533@campus.edu,C2872,DHd4a9e4f9f3aa,F104533
E18063,S15748,user4534@campus.edu,C2134,DH42e6a1881d79,F104534
E18064,S76049,user4535@campus.edu,C1535,DH5521451d70cc,F104535
E18065,S37385,user4536@campus.edu,C5286,DHf2fb80e2dd2e,F104536
E18066,S36647,user4537@campus.edu,C4615,DH83d8c9bad087,F104537
E18067,S56944,user4538@campus.edu,C9060,DH1bb2642fbef5,F104538
E18068,S84770,user4539@campus.edu,C7601,DH9d10e8fa0271,F104539
E18069,S60384,user4540@campus.edu,C4972,DHca1ee49c8253,F104540
E18070,,user4541@campus.edu,C4933,DHcf09aec8ba43,F104541
E18071,,user4542@campus.edu,C3272,DH772b7daf28b0,F104542
E18072,S28610,user4543@campus.edu,C6085,DHaabb5e09ef59,F104543
E18073,S31816,user4544@campus.edu,C9160,DH8e9ad3e53fc8,F104544
E18074,S98513,user4545@campus.edu,C3314,DHab1f099e09ae,F104545
E18075,S21319,user4546@campus.edu,C5983,DH06e509b2635a,F104546
E18076,S13157,user4547@campus.edu,C6536,DHbfee1f1176ce,F104547
E18077,,user4548@campus.edu,C4324,DH4be1018d33a9,F104548
E18078,,user4549@campus.edu,C4556,DH2fde1462c7da,F104549
E18079,S11686,user4550@campus.edu,C2464,DH346fb8529bea,F104550
E18080,S16870,user4551@campus.edu,C9623,DH27d2775a34a4,F104551
E18081,S68113,user4552@campus.edu,C9536,DH720969667991,F104552
E18082,,user4553@campus.edu,C1734,DH46d3e23cbaf0,F104553
E18083,S54030,user4554@campus.edu,C5565,DH60c5fbfcd78a,F104554
E18084,S33555,user4555@campus.edu,C1828,DH70cefc2e2e28,F104555
E18085,S38917,user4556@campus.edu,C8266,DH353708d6462a,F104556
E18086,S61630,user4557@campus.edu,C3791,DHc2412369a503,F104557
E18087,S28393,user4558@campus.edu,C3246,DH7e76b9843819,F104558
E18088,S49727,user4559@campus.edu,C8518,DHa8485fa519a1,F104559
E18089,,user4560@campus.edu,C2446,DHf0920382a3b5,F104560
E18090,S98387,user4561@campus.edu,C5006,DHa53042238822,F104561
E18091,S89254,user4562@campus.edu,C8337,DHccd23b2d16ce,F104562
E18092,S22407,user4563@campus.edu,C3044,DHe850e4d49148,F104563
E18093,S40511,user4564@campus.edu,C8772,DHd6ec5f3c0f66,F104564
E18094,S63154,user4565@campus.edu,C8959,DH32ae7d858944,F104565
E18095,S76727,user4566@campus.edu,C9114,DH3c535e3dd43a,F104566
E18096,,user4567@campus.edu,C4551,DH083d740a17f7,F104567
E18097,S97136,user4568@campus.edu,C6857,DH448b63d26509,F104568
E18098,S93870,user4569@campus.edu,C3645,DHe527b0345e9b,F104569
E18099,S34127,user4570@campus.edu,C7965,DHf7fb8c8376cb,F104570
E18100,S11467,user4571@campus.edu,C4190,DH7357d491ecb2,F104571
E18101,S52580,user4572@campus.edu,C3769,DH03ce07cf582b,F104572
E18102,,user4573@campus.edu,C4962,DH14590397dc61,F104573
E18103,S52396,user4574@campus.edu,C6593,DH2bba77f6c7ab,F104574
E18104,S66863,user4575@campus.edu,C6287,DH4e3bf37a18c2,F104575
E18105,S81964,user4576@campus.edu,C4079,DHb2155acee47e,F104576
E18106,,user4577@campus.edu,C2186,DH5863b5efd6e6,F104577
E18107,S60794,user4578@campus.edu,C6401,DH07799d73af04,F104578
E18108,S19171,user4579@campus.edu,C3278,DHfcdc72ed5276,F104579
E18109,,user4580@campus.edu,C9730,DHff75e4dad949,F104580
E18110,S78889,user4581@campus.edu,C8021,DH682c91615448,F104581
E18111,,user4582@campus.edu,C4008,DH33eaa49e9b15,F104582
E18112,S78531,user4583@campus.edu,C8327,DH58c2f8a6f7fd,F104583
E18113,S16526,user4584@campus.edu,C4816,DH9c3b9ba4931f,F104584
E18114,S26186,user4585@campus.edu,C2665,DH1e6fb76dcf68,F104585
E18115,S94377,user4586@campus.edu,C9309,DHd13cdb428846,F104586
E18116,S84923,user4587@campus.edu,C1376,DHfbd83c24697f,F104587
E18117,S31240,user4588@campus.edu,C4720,DH7c88e57bf4e5,F104588
E18118,S93098,user4589@campus.edu,C1256,DH6a0129b3bc06,F104589
E18119,,user4590@campus.edu,C4204,DHf64c2be6b30d,F104590
E18120,,user4591@campus.edu,C7938,DH851a16596906,F104591
E18121,S69143,user4592@campus.edu,C6955,DHf0a11ce7f260,F104592
E18122,,user4593@campus.edu,C6351,DH2ef0ba15094a,F104593
E18123,,user4594@campus.edu,C7020,DHe96d584d7766,F104594
E18124,S81139,user4595@campus.edu,C9076,DH11c6cc8f40ff,F104595
E18125,S58847,user4596@campus.edu,C4585,DH6cfb88ac36d1,F104596
E18126,S59914,user4597@campus.edu,C8030,DHd83220ff4651,F104597
E18127,S56391,user4598@campus.edu,C9423,DHbeb527a5dda2,F104598
E18128,S83605,user4599@campus.edu,C4746,DH2480ce809539,F104599
E18129,,user4600@campus.edu,C9102,DH5e6f109af21e,F104600
E18130,,user4601@campus.edu,C4937,DH218b67ba47da,F104601
E18131,,user4602@campus.edu,C9593,DH57fc75604601,F104602
E18132,,user4603@campus.edu,C7693,DH4825f2aca0a1,F104603
E18133,S49422,user4604@campus.edu,C4995,DH01ee8c482cdb,F104604
E18134,S14151,user4605@campus.edu,C6833,DH3b95ba7b13ff,F104605
E18135,S57340,user4606@campus.edu,C1522,DHbba85981033a,F104606
E18136,S70749,user4607@campus.edu,C3706,DHd1b8a3a7c155,F104607
E18137,S32572,user4608@campus.edu,C4213,DH0f4b2e782b73,F104608
E18138,S39789,user4609@campus.edu,C9028,DH4aed1d97851f,F104609
E18139,S97419,user4610@campus.edu,C1078,DH62cdd27b5ecf,F104610
E18140,,user4611@campus.edu,C6489,DHb4a78a4f258d,F104611
E18141,S98681,user4612@campus.edu,C3173,DHe19a72324a6b,F104612
E18142,,user4613@campus.edu,C2543,DH919f55b765bf,F104613
E18143,S28254,user4614@campus.edu,C8602,DHc16b7663db6d,F104614
E18144,S39333,user4615@campus.edu,C9052,DH2673ae9ff9fc,F104615
E18145,S24637,user4616@campus.edu,C3330,DHfeada1f31196,F104616
E18146,S31871,user4617@campus.edu,C7571,DH884d92724ed3,F104617
E18147,,user4618@campus.edu,C8112,DHb9ade6e5964a,F104618
E18148,,user4619@campus.edu,C1837,DH3520e9cd0bc0,F104619
E18149,S35223,user4620@campus.edu,C6735,DH1df9c251f34c,F104620
E18150,S44018,user4621@campus.edu,C8067,DHccac3373644c,F104621
E18151,,user4622@campus.edu,C6311,DH528cd9d3a9ba,F104622
E18152,S55091,user4623@campus.edu,C6856,DHed58739832bc,F104623
E18153,S64772,user4624@campus.edu,C3223,DH0ff870fc0052,F104624
E18154,S64490,user4625@campus.edu,C8465,DH08ebb6e12514,F104625
E18155,S22513,user4626@campus.edu,C3300,DHc0bbc2045e98,F104626
E18156,,user4627@campus.edu,C3732,DH789f25b73863,F104627
E18157,,user4628@campus.edu,C9416,DH3b149814feb8,F104628
E18158,S61413,user4629@campus.edu,C3617,DH263058bb942c,F104629
E18159,S65560,user4630@campus.edu,C4834,DHf441853ed256,F104630
E18160,,user4631@campus.edu,C4848,DHa2cb59890050,F104631
E18161,S67124,user4632@campus.edu,C9094,DH4e03aa0a4146,F104632
E18162,S90680,user4633@campus.edu,C9844,DHdb9a68fdac4d,F104633
E18163,,user4634@campus.edu,C2637,DH7d9820b71ef1,F104634
E18164,S79601,user4635@campus.edu,C9693,DH667a9987a1cb,F104635
E18165,S96189,user4636@campus.edu,C5780,DH3319667e7b2f,F104636
E18166,S41757,user4637@campus.edu,C7565,DH637849ee1974,F104637
E18167,S82479,user4638@campus.edu,C3878,DH5165bff29804,F104638
E18168,S71784,user4639@campus.edu,C6927,DH610a6cbfc9d0,F104639
E18169,S89479,user4640@campus.edu,C2047,DHf327dcfbe5e0,F104640
E18170,S47386,user4641@campus.edu,C5239,DH26f6e45050d7,F104641
E18171,S94790,user4642@campus.edu,C5901,DHad1210ac4f92,F104642
E18172,,user4643@campus.edu,C2385,DH8990c8516bd5,F104643
E18173,S73413,user4644@campus.edu,C8924,DH5909127c27b5,F104644
E18174,S29277,user4645@campus.edu,C2879,DHecac995eba45,F104645
E18175,S18418,user4646@campus.edu,C8404,DH8dd7641a7526,F104646
E18176,S28514,user4647@campus.edu,C2366,DH1b47b7c2d17f,F104647
E18177,S30397,user4648@campus.edu,C3567,DHb34b9ee705b8,F104648
E18178,S84344,user4649@campus.edu,C2237,DHbb1085cc66b4,F104649
E18179,S67035,user4650@campus.edu,C8930,DHef48f6c349e6,F104650
E18180,S77350,user4651@campus.edu,C8392,DH0bdded1b1766,F104651
E18181,S55384,user4652@campus.edu,C2326,DH6eee98cf72b4,F104652
E18182,S51654,user4653@campus.edu,C1837,DHbd9b283c1cf6,F104653
E18183,S78254,user4654@campus.edu,C4998,DH8150f45f4385,F104654
E18184,S37924,user4655@campus.edu,C6073,DH050d178450b2,F104655
E18185,S75929,user4656@campus.edu,C7549,DH84ecac29e6b5,F104656
E18186,S45677,user4657@campus.edu,C1139,DHb19351a8d61d,F104657
E18187,S99052,user4658@campus.edu,C6701,DH169eeb33f723,F104658
E18188,S41469,user4659@campus.edu,C7946,DH0aacdb2350f3,F104659
E18189,S41927,user4660@campus.edu,C3165,DH57c256d9f92c,F104660
E18190,S23124,user4661@campus.edu,C4992,DH4d7a43963e90,F104661
E18191,S81498,user4662@campus.edu,C6087,DH87e8e9a7d7e1,F104662
E18192,S80178,user4663@campus.edu,C9960,DHd3d59d800cf7,F104663
E18193,S14132,user4664@campus.edu,C4227,DH59fd9a995a02,F104664
E18194,S39132,user4665@campus.edu,C7804,DH440f07b4fd72,F104665
E18195,S95001,user4666@campus.edu,C8846,DHd0486d2bbb16,F104666
E18196,S76883,user4667@campus.edu,C6017,DH011c6557017b,F104667
E18197,S15602,user4668@campus.edu,C1379,DH5a27555e1bb1,F104668
E18198,S16600,user4669@campus.edu,C8764,DH69d26d5d1b79,F104669
E18199,S45257,user4670@campus.edu,C6983,DH74a5848af9d7,F104670
E18200,,user4671@campus.edu,C4550,DHb3aabed2462c,F104671
E18201,S24434,user4672@campus.edu,C2318,DH905ac84e80c7,F104672
E18202,S57422,user4673@campus.edu,C5252,DH74d07e0dfe02,F104673
E18203,S90849,user4674@campus.edu,C7478,DH12f0a22df579,F104674
E18204,S88648,user4675@campus.edu,C4048,DH623b9afe3667,F104675
E18205,S67565,user4676@campus.edu,C8309,DH8c06b553fe39,F104676
E18206,S65791,user4677@campus.edu,C4940,DHcec97fb129cb,F104677
E18207,S62654,user4678@campus.edu,C7253,DH919a908c6113,F104678
E18208,S58792,user4679@campus.edu,C6954,DHd385ec313c76,F104679
E18209,S81364,user4680@campus.edu,C9597,DHb86e731d60eb,F104680
E18210,,user4681@campus.edu,C3290,DHe55baa4683ec,F104681
E18211,S49574,user4682@campus.edu,C5868,DH55ef3a9e3e83,F104682
E18212,S36842,user4683@campus.edu,C4578,DHfc1b0bf19ba7,F104683
E18213,,user4684@campus.edu,C8488,DHff2b18c602a8,F104684
E18214,S92078,user4685@campus.edu,C2675,DH038f305cfa7f,F104685
E18215,S24771,user4686@campus.edu,C7500,DH69665d5d464a,F104686
E18216,S44331,user4687@campus.edu,C8851,DH564484ff1b00,F104687
E18217,S80601,user4688@campus.edu,C7348,DH74b307cf1756,F104688
E18218,,user4689@campus.edu,C4790,DHa6aef78cdf90,F104689
E18219,S73756,user4690@campus.edu,C4732,DH7fb646a5ad0d,F104690
E18220,S55156,user4691@campus.edu,C3967,DHb0dab4bbb28c,F104691
E18221,S73249,user4692@campus.edu,C1944,DHc97d72bb4bcc,F104692
E18222,S18442,user4693@campus.edu,C1715,DHd971427186cf,F104693
E18223,S85891,user4694@campus.edu,C2543,DHab7e92e410fc,F104694
E18224,S77313,user4695@campus.edu,C3570,DHcef4c7910f21,F104695
E18225,S12676,user4696@campus.edu,C2433,DHfed368e41da3,F104696
E18226,S62491,user4697@campus.edu,C1875,DHca554d52d0e8,F104697
E18227,S90323,user4698@campus.edu,C9530,DH94bb7ea0af20,F104698
E18228,S86236,user4699@campus.edu,C8353,DHaea69bdbbc70,F104699
E18229,S27671,user4700@campus.edu,C2744,DH949af553821e,F104700
E18230,S63637,user4701@campus.edu,C6500,DHc75c3ba42d63,F104701
E18231,S82468,user4702@campus.edu,C9757,DH730af9f3d07e,F104702
E18232,S37690,user4703@campus.edu,C6134,DH67a1d86588fb,F104703
E18233,S36229,user4704@campus.edu,C2542,DH1ccba27b2f98,F104704
E18234,S56189,user4705@campus.edu,C8350,DHa46111831735,F104705
E18235,S49988,user4706@campus.edu,C7725,DHc06ce1a24b59,F104706
E18236,,user4707@campus.edu,C4461,DH3b842764bba0,F104707
E18237,S17019,user4708@campus.edu,C7421,DH45bc9e883fb6,F104708
E18238,S37155,user4709@campus.edu,C1212,DHe0adc7ae2ef4,F104709
E18239,S55620,user4710@campus.edu,C4088,DH395aae0917de,F104710
E18240,S65258,user4711@campus.edu,C2974,DH1e456c0728e3,F104711
E18241,S53178,user4712@campus.edu,C5386,DHdb3f0d6c0b2e,F104712
E18242,S50694,user4713@campus.edu,C1922,DH3e50385e4a3a,F104713
E18243,S56826,user4714@campus.edu,C5847,DH1003a9795a65,F104714
E18244,S39479,user4715@campus.edu,C6599,DH9af1b2f0c324,F104715
E18245,S81848,user4716@campus.edu,C3026,DH9d8811baa02e,F104716
E18246,,user4717@campus.edu,C3525,DH1d4d47441fa7,F104717
E18247,S23872,user4718@campus.edu,C8175,DH272ad5d9a643,F104718
E18248,,user4719@campus.edu,C2093,DH16926a110015,F104719
E18249,,user4720@campus.edu,C3985,DHa78a94a85d7c,F104720
E18250,,user4721@campus.edu,C4821,DHd1221200aaff,F104721
E18251,S22801,user4722@campus.edu,C4406,DHb18660af2f99,F104722
E18252,S51150,user4723@campus.edu,C7383,DH852fe724b922,F104723
E18253,S71642,user4724@campus.edu,C7552,DHd8214f3157f6,F104724
E18254,S16047,user4725@campus.edu,C8022,DHa06aa1d792c8,F104725
E18255,,user4726@campus.edu,C5547,DH7fd4ac8a56b7,F104726
E18256,,user4727@campus.edu,C8920,DH130440e9d06d,F104727
E18257,S64858,user4728@campus.edu,C7561,DHaf982a135dbd,F104728
E18258,S38284,user4729@campus.edu,C8708,DH78b72e36dbeb,F104729
E18259,S27836,user4730@campus.edu,C2982,DHeff9140d994a,F104730
E18260,S33626,user4731@campus.edu,C6007,DH15e4d32aa4e6,F104731
E18261,S22328,user4732@campus.edu,C9605,DHb28fbe2b465b,F104732
E18262,S34225,user4733@campus.edu,C4845,DHe380c6f5a91a,F104733
E18263,S22339,user4734@campus.edu,C9917,DHda135bcfc41b,F104734
E18264,S48866,user4735@campus.edu,C5435,DH707e7f8b6932,F104735
E18265,S42066,user4736@campus.edu,C7026,DHb434f8b448fa,F104736
E18266,S56011,user4737@campus.edu,C2488,DH5525d4b82be2,F104737
E18267,S54087,user4738@campus.edu,C7824,DH2175631838a4,F104738
E18268,S47356,user4739@campus.edu,C2688,DH324689d2c1b5,F104739
E18269,S80667,user4740@campus.edu,C2064,DHe627c348427a,F104740
E18270,S93399,user4741@campus.edu,C3199,DH6e8af3011d96,F104741
E18271,,user4742@campus.edu,C3934,DHf94c1bd3e5ac,F104742
E18272,S13560,user4743@campus.edu,C4270,DHa621f41449aa,F104743
E18273,S33755,user4744@campus.edu,C3874,DH2e1cc6ba3bc1,F104744
E18274,S60017,user4745@campus.edu,C8090,DHce409b80ea3c,F104745
E18275,S84691,user4746@campus.edu,C6684,DHe1e58bfbf9bc,F104746
E18276,S84538,user4747@campus.edu,C5096,DH4adcbc1a166c,F104747
E18277,S35149,user4748@campus.edu,C1266,DH13f00c504cbf,F104748
E18278,S26622,user4749@campus.edu,C5594,DH38d337140ade,F104749
E18279,S98257,user4750@campus.edu,C3911,DH20a30fa2618f,F104750
E18280,S36420,user4751@campus.edu,C5913,DHa882870b26c3,F104751
E18281,S43731,user4752@campus.edu,C4419,DH287f12327162,F104752
E18282,S59971,user4753@campus.edu,C8146,DHda4ffc718c03,F104753
E18283,S66971,user4754@campus.edu,C6930,DH739918cab0f4,F104754
E18284,S33146,user4755@campus.edu,C7286,DH4b5116f31e78,F104755
E18285,S12729,user4756@campus.edu,C8368,DH7f904ced4646,F104756
E18286,S85709,user4757@campus.edu,C6691,DHfa83de229a31,F104757
E18287,S91456,user4758@campus.edu,C7114,DH8267a404ba29,F104758
E18288,,user4759@campus.edu,C7994,DH7fc79c702b6d,F104759
E18289,S52299,user4760@campus.edu,C2574,DH3cb5bae42ec0,F104760
E18290,S70018,user4761@campus.edu,C3041,DHcb6a796e1ffb,F104761
E18291,S87583,user4762@campus.edu,C6574,DH62ed146897d8,F104762
E18292,S37822,user4763@campus.edu,C5501,DH486279c9e08b,F104763
E18293,S77678,user4764@campus.edu,C8104,DHcfda513e34ae,F104764
E18294,S85941,user4765@campus.edu,C5230,DH0612b1159692,F104765
E18295,S69975,user4766@campus.edu,C1364,DH36f40ab40e14,F104766
E18296,S91425,user4767@campus.edu,C8214,DH2aa4495d2ef4,F104767
E18297,S78629,user4768@campus.edu,C5271,DH2d08ee01f234,F104768
E18298,S56988,user4769@campus.edu,C7862,DH924e59dc0371,F104769
E18299,S20036,user4770@campus.edu,C9893,DH4d6ca22a65ba,F104770
E18300,,user4771@campus.edu,C5792,DHca1cdb89d04b,F104771
E18301,,user4772@campus.edu,C4399,DHee04226e1525,F104772
E18302,,user4773@campus.edu,C6368,DHc7c5e0e0e31e,F104773
E18303,S94634,user4774@campus.edu,C6490,DH25dda0ed5794,F104774
E18304,,user4775@campus.edu,C6093,DH481c95404c07,F104775
E18305,,user4776@campus.edu,C8121,DHe3ef022b6b8a,F104776
E18306,,user4777@campus.edu,C8302,DH381d0821b8c5,F104777
E18307,,user4778@campus.edu,C4943,DHdd37538770b8,F104778
E18308,,user4779@campus.edu,C3825,DH8bb52bfa16af,F104779
E18309,S92468,user4780@campus.edu,C7738,DH8182ea203e72,F104780
E18310,S42046,user4781@campus.edu,C7671,DHbaab85e9c15c,F104781
E18311,S52346,user4782@campus.edu,C9391,DH08efbc33ba6e,F104782
E18312,S12848,user4783@campus.edu,C2301,DH4685769ecaa9,F104783
E18313,S88785,user4784@campus.edu,C6463,DH3fb7794558d3,F104784
E18314,S48528,user4785@campus.edu,C9252,DHde43062f6244,F104785
E18315,,user4786@campus.edu,C9588,DH57572fd79f3e,F104786
E18316,S60763,user4787@campus.edu,C6366,DH02a26fd481a4,F104787
E18317,S65372,user4788@campus.edu,C4532,DH453639f2872f,F104788
E18318,S92426,user4789@campus.edu,C5229,DHbe1a6c3d8db3,F104789
E18319,S42060,user4790@campus.edu,C4811,DH5121e6a13478,F104790
E18320,S35713,user4791@campus.edu,C4642,DH7690b964525e,F104791
E18321,S72492,user4792@campus.edu,C1783,DH10b49e37bbe1,F104792
E18322,,user4793@campus.edu,C6854,DHad837005e9ec,F104793
E18323,,user4794@campus.edu,C3226,DHbd3f0a5eb234,F104794
E18324,,user4795@campus.edu,C1674,DHab7cb69e5213,F104795
E18325,,user4796@campus.edu,C9123,DH5a079389eb45,F104796
E18326,S95205,user4797@campus.edu,C4922,DH586e3e6d6c09,F104797
E18327,S86996,user4798@campus.edu,C6802,DHd62ba8d3bd66,F104798
E18328,S13604,user4799@campus.edu,C4932,DH5d027f559015,F104799
E18329,S72301,user4800@campus.edu,C5610,DH95d498bc3244,F104800
E18330,,user4801@campus.edu,C8655,DHc8a40d875a1c,F104801
E18331,S55971,user4802@campus.edu,C4272,DHf4ae3d22be1a,F104802
E18332,S37223,user4803@campus.edu,C4407,DH9b2ace53d084,F104803
E18333,S94325,user4804@campus.edu,C1762,DH6b3b60cfa13e,F104804
E18334,S58837,user4805@campus.edu,C7527,DHbff358b43d32,F104805
E18335,S44523,user4806@campus.edu,C6626,DH099c77333b41,F104806
E18336,,user4807@campus.edu,C5030,DH173305b05780,F104807
E18337,,user4808@campus.edu,C1522,DHa4d64246fd98,F104808
E18338,S84792,user4809@campus.edu,C2289,DH07774439ebbb,F104809
E18339,S86665,user4810@campus.edu,C6925,DHaa5105c11974,F104810
E18340,S75780,user4811@campus.edu,C7538,DH36ad30105f43,F104811
E18341,S99502,user4812@campus.edu,C6214,DH5e4804b13afc,F104812
E18342,S46265,user4813@campus.edu,C7582,DH104e30c5d7bd,F104813
E18343,S71654,user4814@campus.edu,C8351,DH62a973282fbd,F104814
E18344,S76993,user4815@campus.edu,C8976,DH64840d230c15,F104815
E18345,S63950,user4816@campus.edu,C7551,DH24ccfae8a978,F104816
E18346,,user4817@campus.edu,C3181,DH426d379d1ca5,F104817
E18347,S86830,user4818@campus.edu,C7142,DH30d382e7f35f,F104818
E18348,S46205,user4819@campus.edu,C3688,DHd11b812bb999,F104819
E18349,S85268,user4820@campus.edu,C4046,DHc1310673649f,F104820
E18350,,user4821@campus.edu,C8883,DH201675074839,F104821
E18351,S30390,user4822@campus.edu,C2099,DH036f8f888d2a,F104822
E18352,S21565,user4823@campus.edu,C9715,DH8abdced623e1,F104823
E18353,S50308,user4824@campus.edu,C8390,DH967ec3dd6670,F104824
E18354,S43204,user4825@campus.edu,C8434,DHf2162b1b321b,F104825
E18355,S49220,user4826@campus.edu,C5955,DH9babc9257214,F104826
E18356,S44400,user4827@campus.edu,C5620,DH8b4b3156fe35,F104827
E18357,,user4828@campus.edu,C9266,DH7a4b2c8eea84,F104828
E18358,,user4829@campus.edu,C7656,DH34636dc9db49,F104829
E18359,,user4830@campus.edu,C2564,DH15293fb3c2d0,F104830
E18360,,user4831@campus.edu,C4078,DH8f6fc3b84795,F104831
E18361,S35637,user4832@campus.edu,C5383,DH5b39e6153bd0,F104832
E18362,S55778,user4833@campus.edu,C4441,DH8cc8de1e93bc,F104833
E18363,S93584,user4834@campus.edu,C3749,DHb8c8f811e588,F104834
E18364,S55053,user4835@campus.edu,C1948,DH09069c4953bf,F104835
E18365,S32388,user4836@campus.edu,C7145,DHfbe175c6380d,F104836
E18366,,user4837@campus.edu,C6655,DH4c064ac57087,F104837
E18367,S22727,user4838@campus.edu,C4610,DH74b86934e642,F104838
E18368,S22019,user4839@campus.edu,C9974,DH4289dd803125,F104839
E18369,,user4840@campus.edu,C7310,DH095464d855bf,F104840
E18370,S32681,user4841@campus.edu,C6107,DH34f3a77d7245,F104841
E18371,S85265,user4842@campus.edu,C8590,DH3c03bc264820,F104842
E18372,,user4843@campus.edu,C9437,DHa043481a930c,F104843
E18373,S48691,user4844@campus.edu,C2485,DHe139d12fb499,F104844
E18374,S35774,user4845@campus.edu,C5087,DH1ae6549170ce,F104845
E18375,,user4846@campus.edu,C1884,DH0e232bc701c0,F104846
E18376,S17718,user4847@campus.edu,C6034,DH132c8d010a5a,F104847
E18377,S21527,user4848@campus.edu,C2635,DH2595a710762d,F104848
E18378,,user4849@campus.edu,C9995,DHf75ebe28dde9,F104849
E18379,S66643,user4850@campus.edu,C4889,DHa5893d3d626e,F104850
E18380,,user4851@campus.edu,C4010,DHa1b18c9bc767,F104851
E18381,S90461,user4852@campus.edu,C5372,DHb48982439754,F104852
E18382,S99710,user4853@campus.edu,C2344,DHb18a69a2d232,F104853
E18383,S60127,user4854@campus.edu,C7234,DHc9fbe92abc90,F104854
E18384,S93420,user4855@campus.edu,C3169,DHd6170cf7694c,F104855
E18385,S63018,user4856@campus.edu,C9774,DH0177bc0d934d,F104856
E18386,,user4857@campus.edu,C2371,DH3a4e87d9f2b6,F104857
E18387,,user4858@campus.edu,C7242,DHf90a17cd00a5,F104858
E18388,S13994,user4859@campus.edu,C9668,DHdda68a743bfc,F104859
E18389,S10508,user4860@campus.edu,C1182,DH79b6c12b9198,F104860
E18390,S74523,user4861@campus.edu,C3121,DH651f8ae7b845,F104861
E18391,S36376,user4862@campus.edu,C3587,DHaea9416f4800,F104862
E18392,S45039,user4863@campus.edu,C6564,DHb52d3e87e8fb,F104863
E18393,S35083,user4864@campus.edu,C8587,DH4431d78c82ab,F104864
E18394,S48697,user4865@campus.edu,C6483,DHb87b1e420977,F104865
E18395,S94216,user4866@campus.edu,C1377,DH1fef108fda28,F104866
E18396,S15756,user4867@campus.edu,C5719,DH70cfe3bcfc2e,F104867
E18397,S44360,user4868@campus.edu,C1209,DH92ccecc397ea,F104868
E18398,,user4869@campus.edu,C7539,DH9bd89e28d21b,F104869
E18399,S13053,user4870@campus.edu,C5213,DHea5a43103ba2,F104870
E18400,,user4871@campus.edu,C5253,DH2fbfb2e6e7ad,F104871
E18401,S53152,user4872@campus.edu,C6806,DHa4598c33b4c7,F104872
E18402,S74505,user4873@campus.edu,C9697,DHc1f6bb985d88,F104873
E18403,S55559,user4874@campus.edu,C7972,DHb5f609903b76,F104874
E18404,,user4875@campus.edu,C1859,DH8bdf570640c1,F104875
E18405,,user4876@campus.edu,C2444,DHebebab923f05,F104876
E18406,S46627,user4877@campus.edu,C8896,DH5c33dd766081,F104877
E18407,S20438,user4878@campus.edu,C1252,DH37d4c5e14cdd,F104878
E18408,S25892,user4879@campus.edu,C5200,DHdc739bdd80a0,F104879
E18409,S42229,user4880@campus.edu,C3760,DHb193896a2234,F104880
E18410,S25995,user4881@campus.edu,C5253,DHe7daea6c7349,F104881
E18411,S40586,user4882@campus.edu,C6040,DH76227137eabb,F104882
E18412,S56977,user4883@campus.edu,C2523,DHa84687556924,F104883
E18413,S83976,user4884@campus.edu,C6429,DHf931cd44c721,F104884
E18414,S74674,user4885@campus.edu,C1128,DHb92901b59616,F104885
E18415,,user4886@campus.edu,C7780,DH4620950e3c08,F104886
E18416,S87725,user4887@campus.edu,C3732,DHccbfc4b18d12,F104887
E18417,S78883,user4888@campus.edu,C3699,DHbe9ff1ff9503,F104888
E18418,S79067,user4889@campus.edu,C4577,DH8046142ab350,F104889
E18419,S67250,user4890@campus.edu,C9355,DH2185cefde8c7,F104890
E18420,S99326,user4891@campus.edu,C7920,DH3ab7414fa433,F104891
E18421,S12421,user4892@campus.edu,C7540,DH1566c3482030,F104892
E18422,,user4893@campus.edu,C5404,DH5b82108ef25b,F104893
E18423,S72251,user4894@campus.edu,C6484,DHe6628871fa44,F104894
E18424,S20637,user4895@campus.edu,C8824,DHb0d8e1439b2a,F104895
E18425,S88603,user4896@campus.edu,C3599,DH7e1fdae3aa85,F104896
E18426,S69946,user4897@campus.edu,C5529,DH96a9f38e6c54,F104897
E18427,S79017,user4898@campus.edu,C7320,DHaa530e12fe75,F104898
E18428,S95447,user4899@campus.edu,C2930,DH6f4e5bef9bdd,F104899
E18429,S53862,user4900@campus.edu,C4670,DH693ee626c59f,F104900
E18430,S19429,user4901@campus.edu,C6868,DHbaf01b73ada8,F104901
E18431,,user4902@campus.edu,C7992,DH7fe8a8a46c93,F104902
E18432,,user4903@campus.edu,C4384,DHd2b9f8dad77b,F104903
E18433,,user4904@campus.edu,C4140,DH0c321243b06b,F104904
E18434,S85445,user4905@campus.edu,C8788,DHa408a79d3512,F104905
E18435,,user4906@campus.edu,C5600,DHe6b78586fc83,F104906
E18436,S31940,user4907@campus.edu,C8857,DH26c71ab975fc,F104907
E18437,S92369,user4908@campus.edu,C9518,DH4fa1b8f4bb22,F104908
E18438,S20854,user4909@campus.edu,C9292,DHba6cc241c917,F104909
E18439,S35760,user4910@campus.edu,C5915,DHe9a68d52e38b,F104910
E18440,S38727,user4911@campus.edu,C8186,DH076d842954fb,F104911
E18441,S62315,user4912@campus.edu,C7557,DH752b3aaa8db3,F104912
E18442,,user4913@campus.edu,C7829,DHa76d1bd22a9c,F104913
E18443,S61504,user4914@campus.edu,C1670,DHce4689e8e366,F104914
E18444,S62808,user4915@campus.edu,C3257,DHa2f35d0dbf9a,F104915
E18445,S37028,user4916@campus.edu,C7473,DH99f9fc2b9780,F104916
E18446,S88551,user4917@campus.edu,C3509,DH5da888201269,F104917
E18447,S75707,user4918@campus.edu,C6970,DH7bd7e2165aa6,F104918
E18448,,user4919@campus.edu,C4563,DH133f603d505e,F104919
E18449,,user4920@campus.edu,C6243,DH236633e9ef75,F104920
E18450,S60630,user4921@campus.edu,C3988,DHa019ed9829ef,F104921
E18451,S58598,user4922@campus.edu,C7515,DH3366c1344fc2,F104922
E18452,S10331,user4923@campus.edu,C8304,DHad05da475d50,F104923
E18453,S72979,user4924@campus.edu,C6626,DH0d661c460f6a,F104924
E18454,S89580,user4925@campus.edu,C9271,DHd1b9f492299b,F104925
E18455,S18981,user4926@campus.edu,C3509,DH2b145c4b6537,F104926
E18456,S89169,user4927@campus.edu,C3706,DH71a8a107e196,F104927
E18457,S46122,user4928@campus.edu,C9871,DH879f4e737d83,F104928
E18458,S77810,user4929@campus.edu,C6510,DH4a6f00ac6953,F104929
E18459,S66934,user4930@campus.edu,C6742,DH0313a7b53211,F104930
E18460,S73099,user4931@campus.edu,C1307,DHe76a3b7e7edb,F104931
E18461,S44514,user4932@campus.edu,C4444,DH06b521ae08d3,F104932
E18462,,user4933@campus.edu,C9071,DH85594ffe0d1d,F104933
E18463,,user4934@campus.edu,C1043,DH3c02f6a7533b,F104934
E18464,S73815,user4935@campus.edu,C7634,DH9474a2da3efb,F104935
E18465,,user4936@campus.edu,C8599,DH76d9d69a15ac,F104936
E18466,,user4937@campus.edu,C6456,DHc1fc38a761ca,F104937
E18467,S47714,user4938@campus.edu,C5306,DH16f1c08380d4,F104938
E18468,,user4939@campus.edu,C3187,DH614dac936140,F104939
E18469,,user4940@campus.edu,C7574,DH177989372e31,F104940
E18470,S94955,user4941@campus.edu,C8992,DH728fdbe85135,F104941
E18471,S95026,user4942@campus.edu,C7129,DH91e8b2b229b3,F104942
E18472,S29876,user4943@campus.edu,C4895,DH810f79f56f99,F104943
E18473,S55812,user4944@campus.edu,C1289,DH4afb0d5aa587,F104944
E18474,S49506,user4945@campus.edu,C8992,DHd255f87f88ea,F104945
E18475,S62750,user4946@campus.edu,C1725,DHefd7e0da00c2,F104946
E18476,S92322,user4947@campus.edu,C2926,DHc42a7df5b31a,F104947
E18477,S95878,user4948@campus.edu,C5947,DH0739a4f12f7a,F104948
E18478,S23338,user4949@campus.edu,C5122,DHb96d0edcdcad,F104949
E18479,,user4950@campus.edu,C9072,DHcb2492c704ea,F104950
E18480,S48121,user4951@campus.edu,C3039,DH1275de9c87e6,F104951
E18481,S54570,user4952@campus.edu,C1683,DHf5f8c931c7e2,F104952
E18482,S58871,user4953@campus.edu,C7593,DH545a1ac61179,F104953
E18483,S89755,user4954@campus.edu,C7361,DHfb928adca610,F104954
E18484,S90710,user4955@campus.edu,C1511,DHc9afd5d5eaeb,F104955
E18485,S60229,user4956@campus.edu,C8536,DH122848f82e3d,F104956
E18486,S81171,user4957@campus.edu,C8085,DH5fa5eab792bb,F104957
E18487,,user4958@campus.edu,C2603,DH74fdb8cbf0b9,F104958
E18488,S85799,user4959@campus.edu,C4872,DHec9ee1ab5d34,F104959
E18489,S98716,user4960@campus.edu,C5095,DH351f8753d521,F104960
E18490,S41477,user4961@campus.edu,C7029,DHcb4fbf0f85f2,F104961
E18491,S74100,user4962@campus.edu,C1946,DHf6b36fb44c0b,F104962
E18492,S38101,user4963@campus.edu,C5425,DH023b72a10367,F104963
E18493,S23955,user4964@campus.edu,C4176,DHe15ff9c52403,F104964
E18494,S16177,user4965@campus.edu,C8669,DH2b65c01e6061,F104965
E18495,S90541,user4966@campus.edu,C4714,DH5130d0fc65a9,F104966
E18496,,user4967@campus.edu,C7783,DHc2483e22b344,F104967
E18497,,user4968@campus.edu,C1366,DHc6aee166b5b6,F104968
E18498,S98282,user4969@campus.edu,C4740,DHfb95c1f690dc,F104969
E18499,,user4970@campus.edu,C1412,DHf68402d46f1d,F104970
E18500,,user4971@campus.edu,C7800,DH211d129c928c,F104971
E18501,,user4972@campus.edu,C9299,DH2779536ad1d1,F104972
E18502,S23590,user4973@campus.edu,C2449,DHfed48b01ecfc,F104973
E18503,,user4974@campus.edu,C3726,DHb5aae894f0e9,F104974
E18504,,user4975@campus.edu,C9015,DH5caf4e748b65,F104975
E18505,,user4976@campus.edu,C6015,DH33efde0bcbb4,F104976
E18506,S92467,user4977@campus.edu,C5470,DHd95d9a6fb1d5,F104977
E18507,S59123,user4978@campus.edu,C6194,DH0ede4ed601c0,F104978
E18508,,user4979@campus.edu,C9721,DH263487c5089e,F104979
E18509,S34586,user4980@campus.edu,C9375,DHaed32a02f000,F104980
E18510,S82432,user4981@campus.edu,C9845,DH82a160d36dff,F104981
E18511,S77238,user4982@campus.edu,C5930,DHed1ce733d778,F104982
E18512,S75097,user4983@campus.edu,C2315,DHf17371991ccc,F104983
E18513,S13657,user4984@campus.edu,C2220,DH199e7c8674b6,F104984
E18514,S52420,user4985@campus.edu,C5373,DH5d9fa0a6a2f5,F104985
E18515,S32149,user4986@campus.edu,C9875,DH0226c7bae6ee,F104986
E18516,S76605,user4987@campus.edu,C8891,DH174cc3f3a364,F104987
E18517,S16056,user4988@campus.edu,C1173,DH3dbd62797dc2,F104988
E18518,S41095,user4989@campus.edu,C8619,DHabc7380f1816,F104989
E18519,S10338,user4990@campus.edu,C8916,DHb363b9f127c6,F104990
E18520,S93428,user4991@campus.edu,C7816,DH074a31496b6d,F104991
E18521,S46954,user4992@campus.edu,C9939,DHd9a170c06a67,F104992
E18522,S96084,user4993@campus.edu,C5911,DH99ded9308b99,F104993
E18523,S39146,user4994@campus.edu,C1732,DH0985ddefd0d7,F104994
E18524,S95765,user4995@campus.edu,C6382,DH8671aaa30fe2,F104995
E18525,S49126,user4996@campus.edu,C2788,DH2ac4c525c5cf,F104996
E18526,S52323,user4997@campus.edu,C4779,DH6e881ea3d6d6,F104997
E18527,S84596,user4998@campus.edu,C1543,DH95a87e6f2237,F104998
E18528,S49107,user4999@campus.edu,C3141,DH6f0b358739b5,F104999
E18529,S69064,user5000@campus.edu,C1869,DH5376bde61359,
E18530,S83223,user5001@campus.edu,C2635,DH68903a538679,
E18531,,user5002@campus.edu,C8611,DHaec7bc536843,
E18532,S53530,user5003@campus.edu,C5040,DH6b52004ba398,
E18533,S28159,user5004@campus.edu,C6585,DHc508b91c059c,
E18534,S32836,user5005@campus.edu,C2852,DH0f40c5971cef,
E18535,S82142,user5006@campus.edu,C9356,DHe3552334a710,
E18536,S11371,user5007@campus.edu,C3319,DHd4c10d05831b,
E18537,S81465,user5008@campus.edu,C4781,DHc2f3241d59c9,
E18538,S93725,user5009@campus.edu,C2354,DH7ca54f3a547f,
E18539,S52765,user5010@campus.edu,C2383,DHb6644cf18c0f,
E18540,S59464,user5011@campus.edu,C4566,DHe8e8676dd172,
E18541,S20680,user5012@campus.edu,C5984,DH9be62245f7da,
E18542,S42052,user5013@campus.edu,C4103,DH69489c279cac,
E18543,S93202,user5014@campus.edu,C8900,DH1ba7a9acd42f,
E18544,S54416,user5015@campus.edu,C8434,DH9a740022ec20,
E18545,,user5016@campus.edu,C1439,DHf270ff3743d5,
E18546,S69231,user5017@campus.edu,C1933,DHe3c377078bde,
E18547,S60067,user5018@campus.edu,C1078,DHdbfe19f009b4,
E18548,,user5019@campus.edu,C4798,DHe9b1230edf0a,
E18549,S68748,user5020@campus.edu,C7310,DH216edcde4c5f,
E18550,S69447,user5021@campus.edu,C7614,DH72e64b552d4f,
E18551,,user5022@campus.edu,C7353,DH64bd1d105242,
E18552,S69643,user5023@campus.edu,C4820,DH527b3f2a7ba4,
E18553,S39838,user5024@campus.edu,C4699,DH9aed0e3ebb47,
E18554,S69138,user5025@campus.edu,C6461,DHd7025b741d4a,
E18555,,user5026@campus.edu,C1005,DH41ed75890f86,
E18556,S15660,user5027@campus.edu,C5972,DH30107cd739d4,
E18557,,user5028@campus.edu,C1320,DH3a4fecdb2069,
E18558,S69639,user5029@campus.edu,C6896,DHe813086321cc,
E18559,,user5030@campus.edu,C2761,DH500d8bf609a1,
E18560,,user5031@campus.edu,C8365,DH0ad0f0b3a667,
E18561,S64831,user5032@campus.edu,C6593,DHdfa5f60532f8,
E18562,S29883,user5033@campus.edu,C3726,DH2305387598cf,
E18563,S54283,user5034@campus.edu,C5396,DH5cab23d5213c,
E18564,S76515,user5035@campus.edu,C5224,DH9aa0d538bf36,
E18565,,user5036@campus.edu,C8108,DHf595bd63624f,
E18566,S95190,user5037@campus.edu,C7680,DH9561a0c5495d,
E18567,S81809,user5038@campus.edu,C8804,DH5eaa3e94489f,
E18568,S67764,user5039@campus.edu,C8474,DH2798d28fceec,
E18569,S95754,user5040@campus.edu,C4360,DH74e0f240fd20,
E18570,,user5041@campus.edu,C4650,DHd461f12c9f9a,
E18571,S19143,user5042@campus.edu,C2399,DH76dd4a6801b4,
E18572,S26148,user5043@campus.edu,C3130,DHc619054b0080,
E18573,S96597,user5044@campus.edu,C1532,DH3599db4d21a3,
E18574,,user5045@campus.edu,C3686,DH13ae937f2d9b,
E18575,S16800,user5046@campus.edu,C3344,DHb45641446302,
E18576,S43060,user5047@campus.edu,C5586,DH1d40904211d4,
E18577,S59525,user5048@campus.edu,C5236,DHe1710131eade,
E18578,S95769,user5049@campus.edu,C3138,DH6d9f9b2fa4a2,
E18579,S52351,user5050@campus.edu,C3303,DH7cd69c01ff94,
E18580,S55040,user5051@campus.edu,C4972,DH3532d3179085,
E18581,S44721,user5052@campus.edu,C5158,DH8d5d4227b5e5,
E18582,S72767,user5053@campus.edu,C6581,DH2cd89355e820,
E18583,S92804,user5054@campus.edu,C9524,DH5383a9e4c90d,
E18584,S50765,user5055@campus.edu,C3345,DH1727461ca98b,
E18585,S63765,user5056@campus.edu,C5959,DH39358e71087c,
E18586,S72871,user5057@campus.edu,C7951,DHb2133b5188a5,
E18587,S81349,user5058@campus.edu,C7502,DHf04b98c18101,
E18588,S27047,user5059@campus.edu,C3765,DH3082c8c5ac44,
E18589,,user5060@campus.edu,C2524,DH4c2f74ef6c6c,
E18590,S37374,user5061@campus.edu,C3158,DH34810f16cf30,
E18591,S30903,user5062@campus.edu,C9509,DH8ba870fad9ad,
E18592,,user5063@campus.edu,C3580,DH12b30ceabec1,
E18593,S32764,user5064@campus.edu,C2853,DH7a97f63f8571,
E18594,S25054,user5065@campus.edu,C7997,DH3c96e62e156e,
E18595,S81028,user5066@campus.edu,C9299,DHf0eeee05c538,
E18596,S20299,user5067@campus.edu,C1677,DH5d8abe67cdf7,
E18597,S99754,user5068@campus.edu,C2299,DH28aeaba2a50c,
E18598,S95994,user5069@campus.edu,C1059,DH13c5cf8503e7,
E18599,S45597,user5070@campus.edu,C2094,DHdc283be7264f,
E18600,S28020,user5071@campus.edu,C2116,DH0d8e17ca8c14,
E18601,S71140,user5072@campus.edu,C6235,DHd853a2bb686f,
E18602,S99252,user5073@campus.edu,C8328,DH2c2773369b58,
E18603,S40121,user5074@campus.edu,C7524,DHdb96d7346870,
E18604,S48319,user5075@campus.edu,C9894,DH91d498cf476e,
E18605,S76543,user5076@campus.edu,C9084,DHc9f25fd78c3a,
E18606,S62153,user5077@campus.edu,C9763,DH5f32a1068bd8,
E18607,S44028,user5078@campus.edu,C6498,DH77319da75fef,
E18608,S62603,user5079@campus.edu,C8953,DH7be1f3994801,
E18609,S54858,user5080@campus.edu,C9194,DH47c86b02bca1,
E18610,S22537,user5081@campus.edu,C6979,DH749a73f86b0c,
E18611,S89862,user5082@campus.edu,C8919,DH14287b4fd8ce,
E18612,S19648,user5083@campus.edu,C3141,DHc6455e1295f4,
E18613,,user5084@campus.edu,C6780,DHd792ca07abde,
E18614,S84069,user5085@campus.edu,C8372,DH313ea6a7d11a,
E18615,S72471,user5086@campus.edu,C6578,DHf17bbd05cb6d,
E18616,S55045,user5087@campus.edu,C9774,DH0fa8821c8d7d,
E18617,,user5088@campus.edu,C4457,DH4ba7981674c2,
E18618,S31610,user5089@campus.edu,C1317,DHab6fa699b6c3,
E18619,,user5090@campus.edu,C2813,DHf140cd0ebd1c,
E18620,S41224,user5091@campus.edu,C7750,DHec2fb0c0e8d6,
E18621,S20450,user5092@campus.edu,C9472,DHd4be9f5e0119,
E18622,S49371,user5093@campus.edu,C8697,DHb2981ff22e7f,
E18623,S70435,user5094@campus.edu,C8864,DH6310a8e075a3,
E18624,S35893,user5095@campus.edu,C6613,DH6bf49a910510,
E18625,,user5096@campus.edu,C7166,DH2a770e4c3bec,
E18626,S50289,user5097@campus.edu,C4650,DH88f6a681ed05,
E18627,,user5098@campus.edu,C9748,DH2dc405686808,
E18628,S86176,user5099@campus.edu,C7860,DH67bcd685f35a,
E18629,S47628,user5100@campus.edu,C1155,DHcbe9562fcba6,
E18630,S73298,user5101@campus.edu,C4736,DHc8d76e4167b3,
E18631,S63151,user5102@campus.edu,C7257,DH5530f2357aaf,
E18632,S30157,user5103@campus.edu,C1541,DH8f204d16acb5,
E18633,S16953,user5104@campus.edu,C2384,DHd7502ab10b84,
E18634,,user5105@campus.edu,C4960,DHf48d0b49070f,
E18635,S33891,user5106@campus.edu,C7488,DH0ed87b737fb2,
E18636,S65194,user5107@campus.edu,C1208,DH80bd3d0e4098,
E18637,S90003,user5108@campus.edu,C4649,DHa20b5b222237,
E18638,S68769,user5109@campus.edu,C6016,DH2fd0497e5187,
E18639,S94853,user5110@campus.edu,C6292,DH2b53f63efff4,
E18640,S72477,user5111@campus.edu,C2350,DH9f1ad8c008e0,
E18641,,user5112@campus.edu,C8066,DH61b6b9d887db,
E18642,S62780,user5113@campus.edu,C6315,DH4f5ed5d6fbc6,
E18643,S89313,user5114@campus.edu,C1260,DH5240caeda0e3,
E18644,S66665,user5115@campus.edu,C5925,DH392b2567e628,
E18645,S49466,user5116@campus.edu,C3386,DH7c37dd77e31d,
E18646,S51693,user5117@campus.edu,C5256,DH0f6fd27147ab,
E18647,S26376,user5118@campus.edu,C7562,DH5ef4af5e6d61,
E18648,S66736,user5119@campus.edu,C8256,DHf7d46c0427ff,
E18649,,user5120@campus.edu,C6009,DH3717bc2d3082,
E18650,S46330,user5121@campus.edu,C6234,DH68fac692ce59,
E18651,,user5122@campus.edu,C8680,DH0870ef2c76a9,
E18652,S42521,user5123@campus.edu,C9371,DHb9fb2222a2d3,
E18653,S40466,user5124@campus.edu,C5542,DH268279dfdf2d,
E18654,S16615,user5125@campus.edu,C3962,DHc96af8ccd596,
E18655,S29992,user5126@campus.edu,C5802,DH370a6d152f3c,
E18656,S80612,user5127@campus.edu,C7132,DHb19bed1855d4,
E18657,S40166,user5128@campus.edu,C6682,DH0f22938e7a5a,
E18658,,user5129@campus.edu,C5072,DHccaf5855f2cd,
E18659,S73894,user5130@campus.edu,C2470,DH7d8708ef1df5,
E18660,S17096,user5131@campus.edu,C5370,DH07ce344a618e,
E18661,S54680,user5132@campus.edu,C7443,DH407b78cbe5cc,
E18662,S30482,user5133@campus.edu,C7083,DHe6c15b28239b,
E18663,S76937,user5134@campus.edu,C1583,DH88cdb87be9e9,
E18664,S42698,user5135@campus.edu,C6656,DH716e38a5cb6a,
E18665,S50640,user5136@campus.edu,C5160,DHcba4ac257bd1,
E18666,S24427,user5137@campus.edu,C6458,DH6d1c6f5f4f57,
E18667,S61423,user5138@campus.edu,C8081,DHd047bbc0d2e3,
E18668,,user5139@campus.edu,C5030,DH93983b3a2555,
E18669,S27580,user5140@campus.edu,C2219,DH8eba6c7a1eba,
E18670,,user5141@campus.edu,C3153,DH36eb029801a0,
E18671,S50981,user5142@campus.edu,C1680,DHf3bc127c7c67,
E18672,S83711,user5143@campus.edu,C7314,DH52de81e262e8,
E18673,S88072,user5144@campus.edu,C8297,DHb56a93735b1a,
E18674,S65372,user5145@campus.edu,C1392,DHea0f7666d6c6,
E18675,S14973,user5146@campus.edu,C2790,DH543578084fea,
E18676,,user5147@campus.edu,C1820,DH585340c810a0,
E18677,S78740,user5148@campus.edu,C9205,DH0c7a891d7686,
E18678,S15015,user5149@campus.edu,C5604,DH63d80ff46a90,
E18679,S82726,user5150@campus.edu,C9568,DHf2359a2f819f,
E18680,,user5151@campus.edu,C6772,DH5cec314d00c8,
E18681,,user5152@campus.edu,C1749,DH708720f88ccb,
E18682,S53787,user5153@campus.edu,C7557,DH19a9cd96eebb,
E18683,S72735,user5154@campus.edu,C3885,DH2b3b270d8224,
E18684,S73999,user5155@campus.edu,C3565,DH181f38fe1125,
E18685,S68645,user5156@campus.edu,C3528,DHe9240fc91e5e,
E18686,S47056,user5157@campus.edu,C1290,DHeaa525938249,
E18687,S79922,user5158@campus.edu,C4636,DH24413eb8f028,
E18688,S88435,user5159@campus.edu,C7082,DH04c176dfe95e,
E18689,S89634,user5160@campus.edu,C9988,DH8d07e7c987c8,
E18690,S44106,user5161@campus.edu,C7349,DH7c36bec697f8,
E18691,S59665,user5162@campus.edu,C9631,DHcb75776b73f5,
E18692,S83555,user5163@campus.edu,C6531,DH6e55e2ad7510,
E18693,S56441,user5164@campus.edu,C8063,DH5f833a463eed,
E18694,S62713,user5165@campus.edu,C4395,DH858fc0eaa5ee,
E18695,,user5166@campus.edu,C8190,DH281b2c0f2a41,
E18696,,user5167@campus.edu,C6726,DHf1ae5fbb4ffc,
E18697,S41486,user5168@campus.edu,C8695,DH3e898fa5efd5,
E18698,S98736,user5169@campus.edu,C4277,DH2353d143f80d,
E18699,S73049,user5170@campus.edu,C2773,DH53fb2ed6cc01,
E18700,,user5171@campus.edu,C9970,DHd02630d838b0,
E18701,S28818,user5172@campus.edu,C5302,DH13be176d8f8b,
E18702,,user5173@campus.edu,C1389,DH93b73a6f7246,
E18703,S76490,user5174@campus.edu,C1597,DH0b51141c8f3a,
E18704,,user5175@campus.edu,C9126,DH7bd13d2e03d0,
E18705,S72693,user5176@campus.edu,C3213,DH8cc5713f6c81,
E18706,S11728,user5177@campus.edu,C4312,DHc0f698163db2,
E18707,S13604,user5178@campus.edu,C1490,DH4ef1d8770070,
E18708,S30629,user5179@campus.edu,C6033,DH027360c001d4,
E18709,,user5180@campus.edu,C8170,DH4c83f750d39a,
E18710,,user5181@campus.edu,C7771,DH2143a92c9230,
E18711,S35513,user5182@campus.edu,C6885,DH31dddf4ffa6f,
E18712,S30547,user5183@campus.edu,C3380,DH58b2837a60a1,
E18713,S92816,user5184@campus.edu,C7622,DH9ff5171984aa,
E18714,S14896,user5185@campus.edu,C3124,DH3a6f54c2cf0f,
E18715,S71354,user5186@campus.edu,C8399,DHd9c53d8881b6,
E18716,S77981,user5187@campus.edu,C1712,DH4cec34eea5d2,
E18717,,user5188@campus.edu,C1196,DH3894ba7d53d4,
E18718,S15694,user5189@campus.edu,C9884,DHc955a803c014,
E18719,S73936,user5190@campus.edu,C9637,DHba7363aa8d4a,
E18720,S93215,user5191@campus.edu,C1551,DH2027e38a1d3a,
E18721,S64563,user5192@campus.edu,C2358,DHf1e39703bcef,
E18722,S52330,user5193@campus.edu,C5617,DH8f077d0bf5be,
E18723,S30980,user5194@campus.edu,C5252,DH4305d3fc9bbb,
E18724,S61496,user5195@campus.edu,C4135,DH13ebae1296ba,
E18725,,user5196@campus.edu,C5918,DH59b55978f682,
E18726,S24401,user5197@campus.edu,C9732,DHe2c148e87f10,
E18727,S92745,user5198@campus.edu,C2995,DH392dce6ba8a1,
E18728,S97757,user5199@campus.edu,C7697,DH374ec17a8a69,
E18729,S69532,user5200@campus.edu,C2515,DH1e033dbee3a4,
E18730,,user5201@campus.edu,C3051,DH047b785f52ba,
E18731,,user5202@campus.edu,C8965,DH9cfc6853dce7,
E18732,S47940,user5203@campus.edu,C2038,DH61e185202594,
E18733,S22220,user5204@campus.edu,C4244,DH89507a69d48a,
E18734,S93032,user5205@campus.edu,C2696,DH3a021608a5b1,
E18735,,user5206@campus.edu,C4792,DHfe572ac1a2cc,
E18736,S86971,user5207@campus.edu,C1036,DH65aae0f189cc,
E18737,S57337,user5208@campus.edu,C7784,DH6815cd883fe5,
E18738,S60645,user5209@campus.edu,C8425,DH2dd1ba474b29,
E18739,S70132,user5210@campus.edu,C9627,DHba2cb29ef230,
E18740,S44429,user5211@campus.edu,C6794,DH22bf13a4a429,
E18741,S29984,user5212@campus.edu,C8499,DH043c831ab8cf,
E18742,S69636,user5213@campus.edu,C5386,DH56a51e4643e7,
E18743,S44802,user5214@campus.edu,C5231,DH4b10abc8a721,
E18744,S68953,user5215@campus.edu,C1060,DH8be26ce57061,
E18745,S39983,user5216@campus.edu,C7441,DHd7cf0790c902,
E18746,S49381,user5217@campus.edu,C2160,DHc14716be8375,
E18747,S65918,user5218@campus.edu,C8387,DH794ebf969b62,
E18748,,user5219@campus.edu,C7497,DH4ec869727f2d,
E18749,S20644,user5220@campus.edu,C1438,DH1b2c22cd6f66,
E18750,S48708,user5221@campus.edu,C7668,DHc2bc0ad0ba8b,
E18751,S14908,user5222@campus.edu,C7365,DHc740eeca6ffe,
E18752,S48088,user5223@campus.edu,C9536,DHfddff2abc44b,
E18753,S59620,user5224@campus.edu,C9500,DH3db466781c6a,
E18754,S19088,user5225@campus.edu,C8656,DHbb67318152fa,
E18755,S13323,user5226@campus.edu,C1877,DH91457affb7c8,
E18756,S68263,user5227@campus.edu,C8967,DH4505526c81f6,
E18757,S88055,user5228@campus.edu,C4232,DH437d05b66ee6,
E18758,S24502,user5229@campus.edu,C2210,DHffacf4602ba5,
E18759,S16825,user5230@campus.edu,C1598,DHeda1428381b7,
E18760,S45133,user5231@campus.edu,C5695,DH0ac66438bec3,
E18761,,user5232@campus.edu,C7928,DH188893055528,
E18762,S97239,user5233@campus.edu,C9503,DH9e35dde55698,
E18763,S59024,user5234@campus.edu,C3650,DH284cd54b0117,
E18764,,user5235@campus.edu,C4458,DH9eea5bb2ce95,
E18765,S17261,user5236@campus.edu,C6097,DH9a774e37d7bc,
E18766,S92117,user5237@campus.edu,C7622,DHd535428e5fa0,
E18767,S90402,user5238@campus.edu,C8825,DH6bf32c29ad7d,
E18768,S38371,user5239@campus.edu,C5971,DHf3c90f20ace4,
E18769,S29953,user5240@campus.edu,C4212,DH6a852cda1287,
E18770,,user5241@campus.edu,C4991,DH6a0934d56c02,
E18771,,user5242@campus.edu,C2515,DH8a10e1ad9f4a,
E18772,,user5243@campus.edu,C4289,DHdf4da8a68937,
E18773,,user5244@campus.edu,C1546,DHb681272afbb3,
E18774,S94028,user5245@campus.edu,C2659,DHe5a98ccbead9,
E18775,,user5246@campus.edu,C2940,DHa58ac561c5dd,
E18776,S61537,user5247@campus.edu,C4079,DHe8a466986a36,
E18777,S37345,user5248@campus.edu,C9767,DHfc0cb564f723,
E18778,S96851,user5249@campus.edu,C6368,DH3a9e01921303,
E18779,S88551,user5250@campus.edu,C4888,DH5103cec04ef3,
E18780,S80910,user5251@campus.edu,C7473,DHe8564d337f59,
E18781,,user5252@campus.edu,C1897,DHe6a85782f4fc,
E18782,S61043,user5253@campus.edu,C1878,DHc1d9c33ea3fd,
E18783,S97454,user5254@campus.edu,C1907,DH17536f9e4137,
E18784,S19229,user5255@campus.edu,C8531,DH8544e195c0bb,
E18785,S91721,user5256@campus.edu,C9425,DH0644d9c09e66,
E18786,,user5257@campus.edu,C9388,DHc69d52d81663,
E18787,S97295,user5258@campus.edu,C7151,DH97fbd1478385,
E18788,S63068,user5259@campus.edu,C8832,DH78ad5a801303,
E18789,S19643,user5260@campus.edu,C2005,DHa1bf2211a092,
E18790,S98639,user5261@campus.edu,C8638,DH1bf6104383dc,
E18791,,user5262@campus.edu,C7864,DH35b72dee52e3,
E18792,S79508,user5263@campus.edu,C9961,DHc3af6483fd82,
E18793,S20696,user5264@campus.edu,C9622,DH85da84814c36,
E18794,S18274,user5265@campus.edu,C4659,DH8430d2a3e26a,
E18795,S25252,user5266@campus.edu,C8149,DHde28cf68219e,
E18796,S51532,user5267@campus.edu,C2083,DH8f36c5bca1d8,
E18797,S41957,user5268@campus.edu,C3414,DHe14d26ccb7c4,
E18798,S39899,user5269@campus.edu,C3943,DH04dc90a16dad,
E18799,S29553,user5270@campus.edu,C7591,DH242314c6f59b,
E18800,S41509,user5271@campus.edu,C8554,DH8295561b4b42,
E18801,S84405,user5272@campus.edu,C6257,DH51792aac8981,
E18802,S64325,user5273@campus.edu,C5214,DHc7089b958750,
E18803,S42546,user5274@campus.edu,C8032,DH9bee935edd5a,
E18804,S19749,user5275@campus.edu,C6064,DH7bbb915d391e,
E18805,S13186,user5276@campus.edu,C9515,DH307f67663941,
E18806,S21163,user5277@campus.edu,C6471,DH62148b9e3b4d,
E18807,S93926,user5278@campus.edu,C7367,DHf85a527b45b0,
E18808,S16832,user5279@campus.edu,C3813,DH9b7082afd828,
E18809,S12072,user5280@campus.edu,C5365,DH0e1ca45080f4,
E18810,S64061,user5281@campus.edu,C3925,DH48307ec9c2ae,
E18811,S29104,user5282@campus.edu,C4117,DH10ecd6d711bc,
E18812,S10879,user5283@campus.edu,C3870,DH9630497ed772,
E18813,S87258,user5284@campus.edu,C9023,DHea84576514b4,
E18814,S35633,user5285@campus.edu,C6881,DH12f70ab36d4e,
E18815,S18840,user5286@campus.edu,C3392,DH8a4983581f8b,
E18816,S19632,user5287@campus.edu,C2054,DHa7b0b4170a33,
E18817,,user5288@campus.edu,C9645,DH3d5f7ae6736d,
E18818,,user5289@campus.edu,C8062,DH53c7794ce7e9,
E18819,S48228,user5290@campus.edu,C3627,DH01811b982fa0,
E18820,S81177,user5291@campus.edu,C1703,DH4a7193836ff0,
E18821,,user5292@campus.edu,C3394,DH268e12a9a0d5,
E18822,S28260,user5293@campus.edu,C9376,DHfe1938280179,
E18823,,user5294@campus.edu,C8728,DH75477bf3d8a8,
E18824,S93450,user5295@campus.edu,C8231,DHc45ae3b74d6e,
E18825,,user5296@campus.edu,C3446,DH658e403254c5,
E18826,S18395,user5297@campus.edu,C8359,DHd58e8061998c,
E18827,S71598,user5298@campus.edu,C5151,DHaca0e793b08f,
E18828,S74232,user5299@campus.edu,C8043,DH062899c28afb,
E18829,S91881,user5300@campus.edu,C6361,DHcc991f423bd3,
E18830,S12401,user5301@campus.edu,C6954,DH743df6cde822,
E18831,S49790,user5302@campus.edu,C9810,DHdb5ed91af475,
E18832,S37261,user5303@campus.edu,C1780,DHdad9cd2e84f1,
E18833,S27647,user5304@campus.edu,C3113,DH760c4ee0388b,
E18834,S40266,user5305@campus.edu,C1046,DH8318988b79cf,
E18835,S35885,user5306@campus.edu,C8485,DHbb982520eff6,
E18836,S85120,user5307@campus.edu,C3319,DHc8d3af717d12,
E18837,,user5308@campus.edu,C7494,DHdd4d9d8e526b,
E18838,S90244,user5309@campus.edu,C7316,DHfad8534c9fa3,
E18839,S11212,user5310@campus.edu,C5075,DHbf661ccccf98,
E18840,S43124,user5311@campus.edu,C2053,DHa001e2bd1173,
E18841,S44590,user5312@campus.edu,C8607,DH02b846c1106d,
E18842,S48030,user5313@campus.edu,C6427,DHb401dd569540,
E18843,S74199,user5314@campus.edu,C7671,DH529e4532bb22,
E18844,S32276,user5315@campus.edu,C9449,DH06a3c3939b38,
E18845,S25599,user5316@campus.edu,C6876,DH336cb14c2650,
E18846,,user5317@campus.edu,C7810,DH7bf0dee6b143,
E18847,S53439,user5318@campus.edu,C7102,DH186f9176da38,
E18848,S96593,user5319@campus.edu,C1786,DH473cbf24a6ba,
E18849,,user5320@campus.edu,C8291,DHd18f5a64f367,
E18850,S17505,user5321@campus.edu,C6014,DH689e13d3a1a6,
E18851,S98652,user5322@campus.edu,C4251,DH94fdd7b73c93,
E18852,S21395,user5323@campus.edu,C2897,DH032d7b08914e,
E18853,,user5324@campus.edu,C8133,DH99bc30ed97e9,
E18854,S82373,user5325@campus.edu,C9819,DH02776cce89ef,
E18855,S68345,user5326@campus.edu,C5527,DHcfe58832e85a,
E18856,S12604,user5327@campus.edu,C5173,DH569e67ea355c,
E18857,,user5328@campus.edu,C2928,DHbfa30702be0f,
E18858,S27202,user5329@campus.edu,C3917,DHf9d0a7a41551,
E18859,S48668,user5330@campus.edu,C6971,DH5b68c5650369,
E18860,S83863,user5331@campus.edu,C7664,DHeee9e724fe3f,
E18861,S89595,user5332@campus.edu,C2446,DHc6aa21493b69,
E18862,S81860,user5333@campus.edu,C4661,DHba7f0f1c2f1b,
E18863,S63959,user5334@campus.edu,C3339,DHf8776a1c9aaa,
E18864,S21503,user5335@campus.edu,C7374,DHb5ad340fd4f5,
E18865,S79547,user5336@campus.edu,C8614,DH2ea5a3a0a872,
E18866,,user5337@campus.edu,C4360,DHc1be45558790,
E18867,S59277,user5338@campus.edu,C1995,DH05dfaace48e6,
E18868,S66704,user5339@campus.edu,C2152,DHed6f132cbdd7,
E18869,S86901,user5340@campus.edu,C4723,DHe45b334bfaa0,
E18870,S25313,user5341@campus.edu,C5037,DH24637a2f6c0c,
E18871,S85669,user5342@campus.edu,C3074,DHd142db1ded18,
E18872,S61635,user5343@campus.edu,C1796,DH4ae8c4e3d691,
E18873,S80910,user5344@campus.edu,C9504,DHc4b73e16b60d,
E18874,S90579,user5345@campus.edu,C9390,DH510db53cdcb5,
E18875,S43843,user5346@campus.edu,C4847,DH1bedf80273c4,
E18876,S16704,user5347@campus.edu,C1140,DHbf1e8cd3fd0b,
E18877,S47298,user5348@campus.edu,C5869,DH522ace929739,
E18878,S50593,user5349@campus.edu,C5540,DH8a338820c0c3,
E18879,S32328,user5350@campus.edu,C7980,DHb6fc93a8f561,
E18880,S47330,user5351@campus.edu,C4805,DH7dfa4b6df05d,
E18881,,user5352@campus.edu,C5245,DH51ba6ffbfae4,
E18882,S37433,user5353@campus.edu,C9449,DH4b484a056d25,
E18883,S89425,user5354@campus.edu,C8031,DH7d127fcb2c36,
E18884,,user5355@campus.edu,C4653,DH5a7e9d65913c,
E18885,S19442,user5356@campus.edu,C7199,DH29cbf137dd66,
E18886,S50184,user5357@campus.edu,C1638,DH20eb1f310b58,
E18887,S95479,user5358@campus.edu,C2603,DH8a81e675cd99,
E18888,,user5359@campus.edu,C1418,DHa1aab4dbcb17,
E18889,S60843,user5360@campus.edu,C3567,DHe98d98532ed5,
E18890,S52145,user5361@campus.edu,C5628,DHbc3daf673f8f,
E18891,,user5362@campus.edu,C6571,DHd6e7d1253347,
E18892,S34548,user5363@campus.edu,C4673,DH1036d6e28cf1,
E18893,,user5364@campus.edu,C3598,DHf854a123654e,
E18894,S25581,user5365@campus.edu,C5665,DHea14406778bc,
E18895,S17029,user5366@campus.edu,C4086,DH81bc157865b9,
E18896,S73871,user5367@campus.edu,C2226,DH456cd5f8ea43,
E18897,S14375,user5368@campus.edu,C4981,DH011113e50ae2,
E18898,S15492,user5369@campus.edu,C3437,DH6dfdaa415c6a,
E18899,S42961,user5370@campus.edu,C2206,DH9d5ef68d8b1e,
E18900,,user5371@campus.edu,C5490,DHa63c62520d6f,
E18901,S24126,user5372@campus.edu,C5084,DH10e873b37ab6,
E18902,,user5373@campus.edu,C1233,DHf09e1dcdfdff,
E18903,S23548,user5374@campus.edu,C3520,DH39375f510d32,
E18904,,user5375@campus.edu,C7327,DH9d053fde7d3c,
E18905,S42549,user5376@campus.edu,C1071,DH4bf0553dae53,
E18906,S86104,user5377@campus.edu,C6455,DHee137c14df31,
E18907,,user5378@campus.edu,C1108,DHca053d744595,
E18908,S89392,user5379@campus.edu,C6105,DHb351ac1773d3,
E18909,S63731,user5380@campus.edu,C4140,DHf47e81492eec,
E18910,S14635,user5381@campus.edu,C1478,DH47665791fb02,
E18911,S62469,user5382@campus.edu,C7177,DH3b3779d325b0,
E18912,,user5383@campus.edu,C4010,DHef46d5647104,
E18913,S54192,user5384@campus.edu,C1382,DHc25636821b24,
E18914,S14866,user5385@campus.edu,C8072,DHf9018d91ea9c,
E18915,,user5386@campus.edu,C2766,DH8c7afecdaaac,
E18916,S37365,user5387@campus.edu,C5142,DH436a05111d73,
E18917,S88529,user5388@campus.edu,C8792,DHa07b1b1979c8,
E18918,S82251,user5389@campus.edu,C4172,DHde9d2ae33e8b,
E18919,S88154,user5390@campus.edu,C3581,DH44a629dac558,
E18920,S29229,user5391@campus.edu,C2842,DH80dafc9c850a,
E18921,S21146,user5392@campus.edu,C3615,DH324fd99d5889,
E18922,S83298,user5393@campus.edu,C3063,DH3945963a5b25,
E18923,S68257,user5394@campus.edu,C5583,DH569529ec119e,
E18924,S47496,user5395@campus.edu,C6310,DHac73a26455ae,
E18925,S31825,user5396@campus.edu,C9970,DHcc4819194a2c,
E18926,S30811,user5397@campus.edu,C9495,DHea8f2198ffc2,
E18927,,user5398@campus.edu,C1868,DH905ae68ed31b,
E18928,S57929,user5399@campus.edu,C9245,DH11507dafc2cc,
E18929,S74365,user5400@campus.edu,C7690,DH6ef23e2056d3,
E18930,S94768,user5401@campus.edu,C7989,DH82939a820ea4,
E18931,S54910,user5402@campus.edu,C3898,DH7fefc92c6e9f,
E18932,S71050,user5403@campus.edu,C5105,DHc9a14123be0a,
E18933,S44192,user5404@campus.edu,C1230,DHa8470f2adf2c,
E18934,,user5405@campus.edu,C8840,DH8a376a632a8d,
E18935,S66882,user5406@campus.edu,C2415,DH61d996f4d68e,
E18936,S69475,user5407@campus.edu,C3509,DHc6b779225b21,
E18937,S18034,user5408@campus.edu,C3233,DH49f1143dc191,
E18938,,user5409@campus.edu,C2958,DH617acc439e36,
E18939,S74578,user5410@campus.edu,C2221,DHa6c7069cf0cc,
E18940,S62142,user5411@campus.edu,C9892,DH43ab555df971,
E18941,S94051,user5412@campus.edu,C7576,DHe34c097ee167,
E18942,,user5413@campus.edu,C8638,DH12c85382eb78,
E18943,S32832,user5414@campus.edu,C5300,DHb2d4689be040,
E18944,S58900,user5415@campus.edu,C5424,DH3e5744a2c6b6,
E18945,S85602,user5416@campus.edu,C2402,DH026e433d9ff8,
E18946,S12584,user5417@campus.edu,C9557,DH92e68613e247,
E18947,,user5418@campus.edu,C9428,DH4197a47b3993,
E18948,,user5419@campus.edu,C1645,DH3319fd2ba845,
E18949,S71773,user5420@campus.edu,C5673,DHe0df6496ab1b,
E18950,S81823,user5421@campus.edu,C7111,DH4505a8b7f9fb,
E18951,S94949,user5422@campus.edu,C5811,DH01c6b36f2014,
E18952,S18830,user5423@campus.edu,C2500,DH184cbe62e94d,
E18953,,user5424@campus.edu,C2738,DH7f129f736689,
E18954,S33148,user5425@campus.edu,C1193,DHc4001d0279af,
E18955,S84101,user5426@campus.edu,C8758,DHb7a0d13ae6e4,
E18956,S33019,user5427@campus.edu,C1536,DHd7c0bdb2e83d,
E18957,,user5428@campus.edu,C8711,DH05ff66916b51,
E18958,S45262,user5429@campus.edu,C8548,DH28b14c17edb6,
E18959,,user5430@campus.edu,C8394,DH9ca502236c91,
E18960,,user5431@campus.edu,C7284,DH2c4435415f94,
E18961,S17360,user5432@campus.edu,C5608,DH4d833ed4ccb2,
E18962,S37680,user5433@campus.edu,C8222,DH924b18411e6c,
E18963,,user5434@campus.edu,C4074,DH05430bcdf1a1,
E18964,,user5435@campus.edu,C7942,DH51e8cf29b77a,
E18965,S68627,user5436@campus.edu,C7214,DH2259a14343dc,
E18966,S10628,user5437@campus.edu,C9686,DH45235986226f,
E18967,S70005,user5438@campus.edu,C5934,DHbbfefd5fc252,
E18968,S49095,user5439@campus.edu,C7405,DHf99afa14449e,
E18969,S87100,user5440@campus.edu,C1571,DH9fffc0867d03,
E18970,S75970,user5441@campus.edu,C7566,DH59e0bfe3083e,
E18971,S68223,user5442@campus.edu,C5185,DH7fd0898d30da,
E18972,S85701,user5443@campus.edu,C8155,DHae9b7b64ceaa,
E18973,S51594,user5444@campus.edu,C3381,DH79b3f803e2e1,
E18974,S21865,user5445@campus.edu,C1929,DH881befa5bf82,
E18975,,user5446@campus.edu,C7723,DH08f47e7c9119,
E18976,S88178,user5447@campus.edu,C4643,DH6a4783b1e630,
E18977,S64008,user5448@campus.edu,C2929,DH5b9b9c9e7a7c,
E18978,S36025,user5449@campus.edu,C5505,DH9df662f58afe,
E18979,,user5450@campus.edu,C7858,DH430782ec76a6,
E18980,S96861,user5451@campus.edu,C3199,DH2e117566cb9d,
E18981,,user5452@campus.edu,C3686,DH6d90631bc5dc,
E18982,,user5453@campus.edu,C2670,DH6d0c5ba14cb7,
E18983,,user5454@campus.edu,C5184,DH7c1201464d2a,
E18984,S60671,user5455@campus.edu,C1080,DHa5bc6eb709b3,
E18985,S23591,user5456@campus.edu,C8893,DH545ec49417c5,
E18986,S20564,user5457@campus.edu,C5296,DH07ff0f4fbc1b,
E18987,S54033,user5458@campus.edu,C9770,DHc2f1bf645c35,
E18988,S91460,user5459@campus.edu,C3964,DH1a29658680dd,
E18989,,user5460@campus.edu,C9248,DH4dc10d435f3b,
E18990,S78778,user5461@campus.edu,C8553,DHdd3bbfabb1ac,
E18991,S77203,user5462@campus.edu,C5226,DH539fcea7c5b3,
E18992,,user5463@campus.edu,C2893,DHfbb07a9b530e,
E18993,S37922,user5464@campus.edu,C7814,DH1c0c7aaee6b0,
E18994,,user5465@campus.edu,C8433,DH294d79500635,
E18995,,user5466@campus.edu,C5082,DH3c178017f29f,
E18996,S46542,user5467@campus.edu,C9650,DHb3b491836fbf,
E18997,S65303,user5468@campus.edu,C6725,DHea0bb8a209d4,
E18998,,user5469@campus.edu,C7587,DH3d7a16e653d8,
E18999,S18139,user5470@campus.edu,C8624,DHfbd42f20f9fa,
E19000,S77955,user5471@campus.edu,C1495,DH3c5ce7e703c1,
E19001,S27212,user5472@campus.edu,C3138,DH9184db0f429c,
E19002,S37941,user5473@campus.edu,C8208,DHe862e4133e39,
E19003,S93327,user5474@campus.edu,C3653,DH6f621adce592,
E19004,S64836,user5475@campus.edu,C4081,DH5816c672e0fe,
E19005,S37486,user5476@campus.edu,C9906,DHaa897b15f843,
E19006,S83085,user5477@campus.edu,C8999,DHd7e2466bc89b,
E19007,,user5478@campus.edu,C5895,DH1da0274a5c38,
E19008,,user5479@campus.edu,C7171,DHcc24a3c42306,
E19009,S20473,user5480@campus.edu,C9566,DH29f7396c1183,
E19010,S99215,user5481@campus.edu,C9556,DHf4ac81d21ec8,
E19011,S96870,user5482@campus.edu,C9573,DH465e6107769c,
E19012,S51431,user5483@campus.edu,C5464,DH50db7f09702a,
E19013,,user5484@campus.edu,C9216,DH6a0be7a66ed3,
E19014,,user5485@campus.edu,C3525,DH5f12a2643a39,
E19015,S98409,user5486@campus.edu,C3745,DH943e21fc6399,
E19016,S21949,user5487@campus.edu,C3745,DH28f5fa91e20a,
E19017,,user5488@campus.edu,C7252,DHb17e01781969,
E19018,,user5489@campus.edu,C8873,DHeac6c9076b91,
E19019,S96953,user5490@campus.edu,C6536,DHac41bbe6c391,
E19020,S59639,user5491@campus.edu,C1476,DH3d36fb0425c9,
E19021,S68829,user5492@campus.edu,C4710,DH0f3cf99a0d36,
E19022,,user5493@campus.edu,C9797,DH6c3289edb578,
E19023,S93441,user5494@campus.edu,C7033,DH50e78d37b585,
E19024,S32738,user5495@campus.edu,C4160,DHae48860c4908,
E19025,S17331,user5496@campus.edu,C5172,DH70f8f9607764,
E19026,S86547,user5497@campus.edu,C8697,DH0455a23fc613,
E19027,,user5498@campus.edu,C3073,DH3cc273fb1cdf,
E19028,S12968,user5499@campus.edu,C6114,DHaa5ad6af0b46,
E19029,S53393,user5500@campus.edu,C6606,DHa17d9fe77ca5,
E19030,,user5501@campus.edu,C8370,DH818712dd5a56,
E19031,S64469,user5502@campus.edu,C8809,DH9b7a85697b19,
E19032,,user5503@campus.edu,C7903,DHe97838f56782,
E19033,,user5504@campus.edu,C7405,DHef6cbfde4377,
E19034,S46508,user5505@campus.edu,C9436,DH0d7764e7d5b6,
E19035,S37161,user5506@campus.edu,C4070,DH7fd9361e07e8,
E19036,,user5507@campus.edu,C6411,DH47b4cd3e1e73,
E19037,S13802,user5508@campus.edu,C1173,DH9f67c25b3599,
E19038,S44310,user5509@campus.edu,C6124,DHf863f50d01e7,
E19039,S30926,user5510@campus.edu,C7909,DHce03302ac326,
E19040,S93385,user5511@campus.edu,C6292,DH61ad2e1babc6,
E19041,S39542,user5512@campus.edu,C5013,DHe389d6597851,
E19042,S41630,user5513@campus.edu,C9266,DH7a69288785cb,
E19043,,user5514@campus.edu,C4667,DH2b25beaf8136,
E19044,S16991,user5515@campus.edu,C6250,DH456010d1749e,
E19045,S25331,user5516@campus.edu,C6996,DHdb5a1e7eeed5,
E19046,S52739,user5517@campus.edu,C7614,DH5e2a74b27439,
E19047,S74356,user5518@campus.edu,C3714,DH121191bc6e14,
E19048,S59934,user5519@campus.edu,C6993,DH062a495bb84a,
E19049,S70644,user5520@campus.edu,C5846,DH54a661899218,
E19050,S90164,user5521@campus.edu,C7076,DH8ffa78e6d790,
E19051,,user5522@campus.edu,C7336,DH2f724024ddb9,
E19052,S68079,user5523@campus.edu,C2879,DH2326a16ca329,
E19053,S19739,user5524@campus.edu,C4674,DHb24bbb97f079,
E19054,,user5525@campus.edu,C7012,DHc75ed1045d00,
E19055,,user5526@campus.edu,C6133,DHd0c3ae16d3d5,
E19056,S22128,user5527@campus.edu,C5904,DHd34b6488c18f,
E19057,S51899,user5528@campus.edu,C3440,DH6ebd1a9267c7,
E19058,S72073,user5529@campus.edu,C7319,DHf729acfe97cc,
E19059,S77225,user5530@campus.edu,C9960,DH3184784199c3,
E19060,,user5531@campus.edu,C4964,DH6aacb036c131,
E19061,S47451,user5532@campus.edu,C1157,DH3c9408149692,
E19062,S40612,user5533@campus.edu,C5744,DHd85c1145433b,
E19063,S21606,user5534@campus.edu,C1635,DH1b697a845b2c,
E19064,S51547,user5535@campus.edu,C2001,DH36b7cc15db15,
E19065,,user5536@campus.edu,C5143,DHe299b60a7ecd,
E19066,,user5537@campus.edu,C5955,DH18bcbcf78a98,
E19067,S21398,user5538@campus.edu,C2865,DH6269fe9e0f01,
E19068,S44339,user5539@campus.edu,C9230,DH2676782003b4,
E19069,S88751,user5540@campus.edu,C8084,DH9115aef727a3,
E19070,S21427,user5541@campus.edu,C4041,DH51c022cc6767,
E19071,S25201,user5542@campus.edu,C2908,DHc7ac063bc83e,
E19072,S21313,user5543@campus.edu,C4339,DH3c59341f478c,
E19073,,user5544@campus.edu,C6002,DHf877928cde36,
E19074,S88950,user5545@campus.edu,C1831,DH159156844c67,
E19075,S85811,user5546@campus.edu,C7223,DHd8623d2b53e2,
E19076,,user5547@campus.edu,C2764,DH74394a3bdeda,
E19077,S19188,user5548@campus.edu,C4554,DHc390e73d2f88,
E19078,S37118,user5549@campus.edu,C2541,DH060a6afddc41,
E19079,S92055,user5550@campus.edu,C7532,DH852c754e2efb,
E19080,,user5551@campus.edu,C1185,DH3549d188e85e,
E19081,,user5552@campus.edu,C9293,DH4a2074d7ca2f,
E19082,S24681,user5553@campus.edu,C4918,DHfd73dc2c698a,
E19083,S45708,user5554@campus.edu,C5317,DH3c328ed0696b,
E19084,S20041,user5555@campus.edu,C5195,DHe3a212ed2f9d,
E19085,S17606,user5556@campus.edu,C9125,DH77f4c3ae6f78,
E19086,S56937,user5557@campus.edu,C8524,DH6bca18059103,
E19087,S37389,user5558@campus.edu,C2927,DH12d745082013,
E19088,,user5559@campus.edu,C2258,DH1533f4b6c54f,
E19089,S14060,user5560@campus.edu,C4079,DHdeecae8e1aa8,
E19090,S17920,user5561@campus.edu,C7955,DH961b2483b93d,
E19091,S87831,user5562@campus.edu,C5602,DH0780a060371d,
E19092,,user5563@campus.edu,C5023,DH8b5d3a424c83,
E19093,S17768,user5564@campus.edu,C1479,DH1d937b20fb7b,
E19094,S78539,user5565@campus.edu,C1145,DH7f17ef59b417,
E19095,S45959,user5566@campus.edu,C1795,DHab07ceec7a67,
E19096,S38338,user5567@campus.edu,C5886,DHe89b1d132752,
E19097,S54255,user5568@campus.edu,C9757,DH5ad319b71be8,
E19098,S78961,user5569@campus.edu,C4157,DH480ca7b2f8a6,
E19099,S88614,user5570@campus.edu,C1085,DHb83da2a14bc0,
E19100,S52601,user5571@campus.edu,C9875,DHcd21b5be290e,
E19101,S45959,user5572@campus.edu,C6833,DHbd7104291409,
E19102,S85511,user5573@campus.edu,C7894,DH6fbf934da9b9,
E19103,,user5574@campus.edu,C9120,DH2f6ade1c4482,
E19104,,user5575@campus.edu,C4154,DHc56300985b37,
E19105,S43829,user5576@campus.edu,C4856,DH3b7d2b905fc5,
E19106,S50789,user5577@campus.edu,C7771,DH454550ad8325,
E19107,S44832,user5578@campus.edu,C2609,DHd29d3243ab5f,
E19108,S27074,user5579@campus.edu,C1632,DHb0f348e76f21,
E19109,S55246,user5580@campus.edu,C3763,DH21aede312343,
E19110,S25968,user5581@campus.edu,C5262,DH732c897a54bb,
E19111,S23557,user5582@campus.edu,C2817,DH8afb21d54bd4,
E19112,S67594,user5583@campus.edu,C3920,DHe117f8b8b5bf,
E19113,S59708,user5584@campus.edu,C2121,DHb0af69bf8f6f,
E19114,S23366,user5585@campus.edu,C6028,DH40942c2cf508,
E19115,,user5586@campus.edu,C9460,DH5a46f03c9ece,
E19116,S53626,user5587@campus.edu,C6598,DH2b283746e651,
E19117,S43843,user5588@campus.edu,C3874,DH7168cea7bdef,
E19118,,user5589@campus.edu,C5185,DH4cd66f7533c2,
E19119,S13578,user5590@campus.edu,C4250,DH8417d98a010f,
E19120,S46806,user5591@campus.edu,C6537,DH7bdce33ebffa,
E19121,S13756,user5592@campus.edu,C1145,DH54079c547c4b,
E19122,,user5593@campus.edu,C7777,DH5a93191dccc8,
E19123,S38907,user5594@campus.edu,C9563,DH6c6af94e30e7,
E19124,S26476,user5595@campus.edu,C2621,DH968bee94400d,
E19125,S40376,user5596@campus.edu,C9766,DH143e1f10440c,
E19126,,user5597@campus.edu,C4173,DH7d3575684324,
E19127,S85181,user5598@campus.edu,C2393,DH7d048977cafe,
E19128,S19126,user5599@campus.edu,C4096,DHecd7c83c4bd4,
E19129,,user5600@campus.edu,C9645,DHd735c686beb0,
E19130,S70738,user5601@campus.edu,C1555,DHab60e4e60ea2,
E19131,S84765,user5602@campus.edu,C6418,DH112624ac9a9d,
E19132,,user5603@campus.edu,C3969,DHb2647b959c2b,
E19133,S60750,user5604@campus.edu,C8008,DH4fdecb64245c,
E19134,S72387,user5605@campus.edu,C6795,DH4b120fb0042f,
E19135,S75600,user5606@campus.edu,C1127,DH9d4bb4b7eb76,
E19136,S94981,user5607@campus.edu,C8320,DH0f403954374b,
E19137,S96804,user5608@campus.edu,C5662,DH25f9c0c4cd2d,
E19138,S98363,user5609@campus.edu,C2925,DH75051d2f72ed,
E19139,S65386,user5610@campus.edu,C5562,DH77830629ddb8,
E19140,S99589,user5611@campus.edu,C1756,DH42e60742f7d5,
E19141,S82900,user5612@campus.edu,C2694,DH3692bc7481a5,
E19142,S68782,user5613@campus.edu,C7636,DHb8a3147b71ef,
E19143,S84223,user5614@campus.edu,C5943,DH43dc1c7cf712,
E19144,S32771,user5615@campus.edu,C5017,DHd1751df56e28,
E19145,S36475,user5616@campus.edu,C4494,DHa366687b008e,
E19146,S57081,user5617@campus.edu,C7641,DHf34f97adf01b,
E19147,,user5618@campus.edu,C3269,DH63ceb414559a,
E19148,S71912,user5619@campus.edu,C2570,DH2bdb41123965,
E19149,S18486,user5620@campus.edu,C9596,DH833ca978e8b5,
E19150,S87924,user5621@campus.edu,C5548,DH8422294bbb03,
E19151,S25836,user5622@campus.edu,C2900,DH3d97a302c20d,
E19152,S43789,user5623@campus.edu,C5171,DH3cb833bf5477,
E19153,,user5624@campus.edu,C8495,DHaeef8426a82e,
E19154,S74156,user5625@campus.edu,C4487,DH7a1dceeb1afc,
E19155,,user5626@campus.edu,C9143,DH50d350f4f13c,
E19156,S70095,user5627@campus.edu,C1077,DH380e3f493052,
E19157,S92906,user5628@campus.edu,C3408,DH2bb8eae71450,
E19158,S30555,user5629@campus.edu,C2417,DH656118b4604b,
E19159,S31757,user5630@campus.edu,C7654,DHb0ff093e13be,
E19160,,user5631@campus.edu,C7649,DH5607cbae72f7,
E19161,S57262,user5632@campus.edu,C4330,DHefed36723b90,
E19162,,user5633@campus.edu,C7715,DHfed938a6bcb3,
E19163,S27510,user5634@campus.edu,C2776,DHa85d93cf1f47,
E19164,S11261,user5635@campus.edu,C1346,DH06c3e0984ec9,
E19165,,user5636@campus.edu,C1995,DH470cb09193e1,
E19166,S66969,user5637@campus.edu,C4683,DH5e9d73d106e6,
E19167,S84794,user5638@campus.edu,C9435,DH3724b75dfa69,
E19168,S30257,user5639@campus.edu,C8130,DHb3e5cd650820,
E19169,S99668,user5640@campus.edu,C3883,DHa5e19725cb6d,
E19170,S47538,user5641@campus.edu,C5407,DH9182208e26e4,
E19171,S65976,user5642@campus.edu,C8715,DHa0bb79cbee57,
E19172,S88391,user5643@campus.edu,C9353,DH5e7cfd6be443,
E19173,S45579,user5644@campus.edu,C9165,DH2ef982006c19,
E19174,S35405,user5645@campus.edu,C6035,DH672d19430287,
E19175,S34366,user5646@campus.edu,C8167,DHef96447b5a52,
E19176,S17647,user5647@campus.edu,C4550,DHb793198f1095,
E19177,S55260,user5648@campus.edu,C3815,DH82660e427657,
E19178,S90188,user5649@campus.edu,C1540,DH2f7fc653c362,
E19179,S59951,user5650@campus.edu,C4720,DHb8954683816b,
E19180,S29220,user5651@campus.edu,C3432,DHf10ba16c3a80,
E19181,S58247,user5652@campus.edu,C3001,DHf4a87cbf1bed,
E19182,S73201,user5653@campus.edu,C1405,DH3c23c48c9e1d,
E19183,,user5654@campus.edu,C7687,DHf78dea154e30,
E19184,S66947,user5655@campus.edu,C4777,DHd9fe32c50808,
E19185,S56524,user5656@campus.edu,C7557,DH9b998afae35c,
E19186,S38719,user5657@campus.edu,C9147,DH38a200f47257,
E19187,S37249,user5658@campus.edu,C2671,DH5b4c15e5b4ea,
E19188,,user5659@campus.edu,C9900,DHfb74d8a722da,
E19189,S42896,user5660@campus.edu,C1557,DH3dcc5fed3a0d,
E19190,S35046,user5661@campus.edu,C4821,DHcfef159991a7,
E19191,S77454,user5662@campus.edu,C4449,DH2a5543c52054,
E19192,S26761,user5663@campus.edu,C6899,DH50c56c322dce,
E19193,S45308,user5664@campus.edu,C8614,DH52fa4786b516,
E19194,S94111,user5665@campus.edu,C7089,DH1f40a4c9c204,
E19195,,user5666@campus.edu,C7326,DHf48a972caf68,
E19196,,user5667@campus.edu,C3360,DHe8f89d12d952,
E19197,S39157,user5668@campus.edu,C8595,DH00296e622dd1,
E19198,S52363,user5669@campus.edu,C4379,DH35cd66e87131,
E19199,S66187,user5670@campus.edu,C9558,DHb06519a77c89,
E19200,S27404,user5671@campus.edu,C9620,DH2e199508b5d9,
E19201,S14982,user5672@campus.edu,C4620,DH82177a4ad870,
E19202,S71439,user5673@campus.edu,C9484,DH784a3ec0c2c6,
E19203,S12995,user5674@campus.edu,C4899,DH06fa0867b3a1,
E19204,S86238,user5675@campus.edu,C7891,DH9a84a7af30fa,
E19205,S26746,user5676@campus.edu,C6433,DHce375b2da2ae,
E19206,S63056,user5677@campus.edu,C1603,DH3a498dab96d2,
E19207,S74777,user5678@campus.edu,C7841,DH02dce4481aaf,
E19208,,user5679@campus.edu,C6871,DHc433f6dbce71,
E19209,,user5680@campus.edu,C6487,DH3281ccf47376,
E19210,S59955,user5681@campus.edu,C3767,DH6db30ed25c28,
E19211,S62486,user5682@campus.edu,C4965,DHc34ee1158c5d,
E19212,S39865,user5683@campus.edu,C5213,DH357648527135,
E19213,,user5684@campus.edu,C6699,DH41362c5e4c11,
E19214,S96838,user5685@campus.edu,C7029,DH21efc4093b6b,
E19215,S74303,user5686@campus.edu,C4558,DHc89ddb12c3ca,
E19216,S12057,user5687@campus.edu,C3399,DH3130d7fa60e1,
E19217,S39025,user5688@campus.edu,C3748,DH1d37fe1e5e37,
E19218,S36855,user5689@campus.edu,C4045,DHa17a6866a531,
E19219,S69246,user5690@campus.edu,C5389,DH8ed00cc7127f,
E19220,S65847,user5691@campus.edu,C7413,DH6e9264814669,
E19221,S89063,user5692@campus.edu,C1170,DH0eb94b777ebf,
E19222,S13002,user5693@campus.edu,C8247,DH80835b115900,
E19223,S68625,user5694@campus.edu,C4239,DHed4384667f60,
E19224,S92588,user5695@campus.edu,C5577,DH831216173aff,
E19225,,user5696@campus.edu,C1380,DH77c0018af712,
E19226,S48356,user5697@campus.edu,C6992,DH29c23c85e216,
E19227,S74335,user5698@campus.edu,C5045,DHc71ac5275676,
E19228,S49340,user5699@campus.edu,C5176,DHe4adb8c2bcc8,
E19229,S80721,user5700@campus.edu,C8216,DH42611bc07782,
E19230,S27140,user5701@campus.edu,C9211,DH3009cd080379,
E19231,S67244,user5702@campus.edu,C6648,DH978159c81f01,
E19232,S49707,user5703@campus.edu,C8362,DHf7156f0271e1,
E19233,S75858,user5704@campus.edu,C4873,DH37610f335a23,
E19234,S56499,user5705@campus.edu,C1711,DHa591d6f1b811,
E19235,S38091,user5706@campus.edu,C9247,DHfa451d75099e,
E19236,S17570,user5707@campus.edu,C3454,DHea097d77ff31,
E19237,S94531,user5708@campus.edu,C7388,DH3d589f7080d9,
E19238,,user5709@campus.edu,C4642,DHcb8dbfc5d8a3,
E19239,S63175,user5710@campus.edu,C6406,DH3281cfd99096,
E19240,S99919,user5711@campus.edu,C6827,DH472e6fddb7b8,
E19241,,user5712@campus.edu,C9537,DH89a08b74967c,
E19242,S64998,user5713@campus.edu,C5763,DH701ba89a3c61,
E19243,S86992,user5714@campus.edu,C1960,DH92d59537edad,
E19244,S46202,user5715@campus.edu,C8529,DHf9d6e94ce961,
E19245,S65840,user5716@campus.edu,C2328,DH2a97d222c18b,
E19246,S15803,user5717@campus.edu,C4895,DHbbd381cf6e86,
E19247,S82253,user5718@campus.edu,C7697,DHcb2b9b96e89e,
E19248,S15558,user5719@campus.edu,C5959,DHf51f1de32cdc,
E19249,S38161,user5720@campus.edu,C4550,DH803b7b55e683,
E19250,,user5721@campus.edu,C2645,DH7a4016742896,
E19251,S13396,user5722@campus.edu,C3741,DH7cc7c545cfec,
E19252,S35299,user5723@campus.edu,C9497,DH7a3dc78ae507,
E19253,,user5724@campus.edu,C5821,DH079c5d9c35fa,
E19254,S22142,user5725@campus.edu,C7140,DH7c32a27bfa7f,
E19255,S88346,user5726@campus.edu,C5836,DH78ce45f0d92b,
E19256,S34863,user5727@campus.edu,C7572,DHc3c473bb70d7,
E19257,,user5728@campus.edu,C2554,DHc247dee1de06,
E19258,,user5729@campus.edu,C2335,DH1777beec1bf5,
E19259,S20066,user5730@campus.edu,C8913,DH3654208f3c7f,
E19260,S89995,user5731@campus.edu,C3418,DH4db94d441ed5,
E19261,S57925,user5732@campus.edu,C1282,DH522c74ecd8df,
E19262,S30145,user5733@campus.edu,C4604,DHa9b08dc8de3b,
E19263,S46627,user5734@campus.edu,C6783,DH195b748793dc,
E19264,S15419,user5735@campus.edu,C1854,DHb72139cc43f8,
E19265,,user5736@campus.edu,C6950,DH940c49e3a6ed,
E19266,S68846,user5737@campus.edu,C5176,DH89d2697ba8b7,
E19267,S18951,user5738@campus.edu,C3970,DH49ed8fd5126f,
E19268,S17804,user5739@campus.edu,C7362,DHc1ea757e3b33,
E19269,,user5740@campus.edu,C2528,DH234612c397a0,
E19270,S16300,user5741@campus.edu,C2039,DH10703db6dc86,
E19271,,user5742@campus.edu,C4631,DH006d780b913c,
E19272,S86508,user5743@campus.edu,C9322,DH56fe3f06afc8,
E19273,S17807,user5744@campus.edu,C8031,DH1213ff333e73,
E19274,S96867,user5745@campus.edu,C6584,DH071c0b0d802f,
E19275,S89338,user5746@campus.edu,C2727,DHabd616ac8f1e,
E19276,S84805,user5747@campus.edu,C7628,DH0a3e822e098b,
E19277,,user5748@campus.edu,C3675,DH085a878b7e1e,
E19278,S38462,user5749@campus.edu,C7917,DH70c73d1cda13,
E19279,S23529,user5750@campus.edu,C1218,DH29c0565a6ce0,
E19280,S15570,user5751@campus.edu,C9865,DH8dc035330133,
E19281,S43640,user5752@campus.edu,C1624,DH0220c45583ab,
E19282,S52687,user5753@campus.edu,C5319,DH4f33a1f9a561,
E19283,,user5754@campus.edu,C6446,DH130b9bb10a68,
E19284,S69864,user5755@campus.edu,C5297,DH1e16b8032f52,
E19285,S38893,user5756@campus.edu,C9951,DHa38bfcb6fdf8,
E19286,S43802,user5757@campus.edu,C3320,DHc9fdfbcca4c5,
E19287,S97183,user5758@campus.edu,C1263,DHc73d8e6945fc,
E19288,S66502,user5759@campus.edu,C3935,DH5082a1d91e9e,
E19289,S47703,user5760@campus.edu,C8440,DHeb0d11778636,
E19290,S55271,user5761@campus.edu,C4198,DH93593539ad10,
E19291,S74929,user5762@campus.edu,C3277,DH72d8800ec23c,
E19292,S98119,user5763@campus.edu,C7149,DHe1a70cf6aafe,
E19293,S27662,user5764@campus.edu,C7347,DH3b26ac4b0c7e,
E19294,,user5765@campus.edu,C7393,DH4767a69eaebf,
E19295,S62300,user5766@campus.edu,C8133,DH620b74df1838,
E19296,S26708,user5767@campus.edu,C5424,DH28b2c13eeaa2,
E19297,S73323,user5768@campus.edu,C1753,DHcff428cfa860,
E19298,S75226,user5769@campus.edu,C9045,DHc22688727c3b,
E19299,S75174,user5770@campus.edu,C3164,DHd1bc1ab0193f,
E19300,S52243,user5771@campus.edu,C3424,DHa74fbf692c61,
E19301,,user5772@campus.edu,C7394,DH4f887a88da65,
E19302,S91173,user5773@campus.edu,C6061,DH25b9959cec61,
E19303,,user5774@campus.edu,C6930,DH2371a562ad79,
E19304,S92042,user5775@campus.edu,C6897,DHd4dc7db2ea5d,
E19305,S34696,user5776@campus.edu,C2950,DH61ff43e97f23,
E19306,S12183,user5777@campus.edu,C6396,DH3de3560f4e31,
E19307,S41745,user5778@campus.edu,C3448,DH218a1347a1ad,
E19308,S29252,user5779@campus.edu,C5437,DH45bd06d1e6cb,
E19309,S93974,user5780@campus.edu,C2230,DHefd59e4bfde5,
E19310,,user5781@campus.edu,C5345,DH0394e6d444c3,
E19311,,user5782@campus.edu,C9912,DHe6f0a9d950a1,
E19312,S22670,user5783@campus.edu,C2880,DHf3a328d16b41,
E19313,S38444,user5784@campus.edu,C9062,DHf5f21d715d55,
E19314,,user5785@campus.edu,C1253,DH8f04524953e7,
E19315,S31315,user5786@campus.edu,C7691,DH0f034407d78a,
E19316,S67045,user5787@campus.edu,C4556,DHf8749871de57,
E19317,S46993,user5788@campus.edu,C6682,DH78eb6890f750,
E19318,S75833,user5789@campus.edu,C9563,DH25f12e5f68f2,
E19319,S92112,user5790@campus.edu,C3442,DH2929f8c652c6,
E19320,S26811,user5791@campus.edu,C6274,DH35280aa87402,
E19321,S78994,user5792@campus.edu,C4056,DH73ae41194ab4,
E19322,S42999,user5793@campus.edu,C6511,DH2fde9a0b9c6d,
E19323,S34469,user5794@campus.edu,C9368,DHe2fc416e6282,
E19324,S67852,user5795@campus.edu,C7499,DH8a3f026babe6,
E19325,S15801,user5796@campus.edu,C9720,DH5bd066d64cd1,
E19326,S49220,user5797@campus.edu,C6258,DHd9f1f4c5453a,
E19327,S17289,user5798@campus.edu,C8743,DHf292b3c3794d,
E19328,S61121,user5799@campus.edu,C6896,DHeb2b4a71502e,
E19329,S61921,user5800@campus.edu,C3103,DH7c2b75c71a32,
E19330,S20774,user5801@campus.edu,C5209,DH8bda2491c32b,
E19331,S11995,user5802@campus.edu,C7351,DH2228de0018e0,
E19332,,user5803@campus.edu,C7257,DH526812b9a15b,
E19333,S45549,user5804@campus.edu,C4354,DH836515f44652,
E19334,S72760,user5805@campus.edu,C2584,DHc16fe9264c91,
E19335,S46258,user5806@campus.edu,C8387,DH99345d8c501c,
E19336,S71263,user5807@campus.edu,C1466,DH15de687aad23,
E19337,S92992,user5808@campus.edu,C5956,DHe46e87ccfbb2,
E19338,S75055,user5809@campus.edu,C6968,DHe9997375ff1c,
E19339,,user5810@campus.edu,C9694,DH3b431c65bff4,
E19340,S77074,user5811@campus.edu,C7610,DHb0494c37505b,
E19341,S87432,user5812@campus.edu,C3514,DHac1d5404d0f9,
E19342,S67292,user5813@campus.edu,C4597,DHeaee43093f0e,
E19343,S86463,user5814@campus.edu,C1737,DH63b7839f642d,
E19344,S34407,user5815@campus.edu,C4753,DH01fc791d34b1,
E19345,S67536,user5816@campus.edu,C1225,DHa88cd6754809,
E19346,S50920,user5817@campus.edu,C9607,DH1ab744acfd6a,
E19347,S70271,user5818@campus.edu,C8726,DH46b501bec1c6,
E19348,S38990,user5819@campus.edu,C7597,DH1772e8cf08be,
E19349,,user5820@campus.edu,C1061,DHf40a7f75c146,
E19350,,user5821@campus.edu,C3533,DH1af525c6aa75,
E19351,S26653,user5822@campus.edu,C2981,DH053a3246c673,
E19352,,user5823@campus.edu,C8876,DHbdb579e3c274,
E19353,S65923,user5824@campus.edu,C5283,DHf23e9746fc24,
E19354,S49238,user5825@campus.edu,C6900,DHa1de545fcff3,
E19355,S62729,user5826@campus.edu,C7568,DH170f527b7f0a,
E19356,,user5827@campus.edu,C3977,DHafe6e94c617e,
E19357,S36946,user5828@campus.edu,C6571,DH933a908c914d,
E19358,S22002,user5829@campus.edu,C2842,DH28237b96e35e,
E19359,,user5830@campus.edu,C3523,DH68639eab30f4,
E19360,S40807,user5831@campus.edu,C8662,DHd759462d8355,
E19361,S50229,user5832@campus.edu,C4694,DH320499da00c4,
E19362,S22431,user5833@campus.edu,C2362,DH91560d36ea56,
E19363,S82415,user5834@campus.edu,C7099,DH9c9b203c59b6,
E19364,S42341,user5835@campus.edu,C9186,DHcdc6018342b6,
E19365,,user5836@campus.edu,C7453,DHa50659fd2e21,
E19366,S62395,user5837@campus.edu,C8556,DH7edef8912fa9,
E19367,S57986,user5838@campus.edu,C4434,DHd98dfa5ca43a,
E19368,S50448,user5839@campus.edu,C2463,DH98baaa1e41ec,
E19369,,user5840@campus.edu,C4605,DH484ead8e9e30,
E19370,,user5841@campus.edu,C9050,DH20f0b8eeff95,
E19371,S11702,user5842@campus.edu,C9028,DH0c4b39364287,
E19372,S14346,user5843@campus.edu,C2539,DHa2154dd6d644,
E19373,S53818,user5844@campus.edu,C6045,DHfee208049caf,
E19374,S36058,user5845@campus.edu,C7761,DH0808a42d1568,
E19375,S44281,user5846@campus.edu,C1209,DH06915da73008,
E19376,,user5847@campus.edu,C7299,DH12ee6253570c,
E19377,S50876,user5848@campus.edu,C2467,DHdfa5ff7a7852,
E19378,S59993,user5849@campus.edu,C8441,DH5ae4c220f6df,
E19379,S60738,user5850@campus.edu,C8407,DHff3bbf962ff3,
E19380,S25488,user5851@campus.edu,C1738,DH451d98a97bda,
E19381,S50049,user5852@campus.edu,C4665,DH38267539ab13,
E19382,S84398,user5853@campus.edu,C8189,DHc677374b9302,
E19383,,user5854@campus.edu,C6964,DHfd4dd0ae72c8,
E19384,S74080,user5855@campus.edu,C8649,DHa476cba378bd,
E19385,S50403,user5856@campus.edu,C2570,DH08011bf4ee9b,
E19386,S64225,user5857@campus.edu,C1075,DH64606774e80e,
E19387,S76635,user5858@campus.edu,C9782,DHf39c5c7813e1,
E19388,S78648,user5859@campus.edu,C6620,DHb7934d638781,
E19389,S75661,user5860@campus.edu,C7201,DH5cc03aa7182b,
E19390,S35499,user5861@campus.edu,C7729,DHecc1cde5904d,
E19391,,user5862@campus.edu,C4289,DH13f866f84866,
E19392,S96226,user5863@campus.edu,C7951,DHa743dd5d26fe,
E19393,S53880,user5864@campus.edu,C9490,DH759af6b187d7,
E19394,S86463,user5865@campus.edu,C5343,DH6bb30e163fdd,
E19395,S46054,user5866@campus.edu,C8263,DH5fc6d21b9e91,
E19396,S43185,user5867@campus.edu,C1385,DH5bd3b175ca12,
E19397,S88710,user5868@campus.edu,C1091,DH782f3cdf8787,
E19398,S90103,user5869@campus.edu,C7526,DHf9b2cf05c96e,
E19399,S53616,user5870@campus.edu,C1442,DH7846ea7f95e5,
E19400,,user5871@campus.edu,C1533,DHf6279352ae38,
E19401,S79742,user5872@campus.edu,C4537,DHdb3f4737a706,
E19402,S86067,user5873@campus.edu,C4088,DH9f811a00b666,
E19403,S88752,user5874@campus.edu,C7222,DHe0901837c4d2,
E19404,S13824,user5875@campus.edu,C8777,DH137bb195d3e1,
E19405,S21450,user5876@campus.edu,C6763,DH161bd972d4cf,
E19406,S13842,user5877@campus.edu,C6148,DH8638f4a73a72,
E19407,,user5878@campus.edu,C9462,DH266163983748,
E19408,S66607,user5879@campus.edu,C4374,DH4b9a6bfa8e8f,
E19409,,user5880@campus.edu,C7996,DH95c42647bd2d,
E19410,,user5881@campus.edu,C3236,DH80d2d30c58ba,
E19411,,user5882@campus.edu,C6499,DHa11928396926,
E19412,S47182,user5883@campus.edu,C2143,DH61fbaba21475,
E19413,S67175,user5884@campus.edu,C1735,DHafe582746bd7,
E19414,S52978,user5885@campus.edu,C2883,DH0470add40944,
E19415,,user5886@campus.edu,C8560,DHb24fc2b9ee3c,
E19416,S77943,user5887@campus.edu,C4216,DH3dd45db2c5aa,
E19417,S42979,user5888@campus.edu,C4521,DHa59e2cc78b17,
E19418,,user5889@campus.edu,C8750,DH2f773051b5e0,
E19419,S13005,user5890@campus.edu,C6635,DH864508ed5d01,
E19420,S13800,user5891@campus.edu,C7610,DH3a7f98f9d266,
E19421,S17924,user5892@campus.edu,C8878,DH78c314cc1d6d,
E19422,S30961,user5893@campus.edu,C3987,DH9fac857b077c,
E19423,,user5894@campus.edu,C3086,DH99f1362dad91,
E19424,S88410,user5895@campus.edu,C9534,DH765d5c2f4b4b,
E19425,S42566,user5896@campus.edu,C9162,DH27735ad9a2ae,
E19426,S76194,user5897@campus.edu,C1191,DHfdae36e84e9a,
E19427,S92309,user5898@campus.edu,C7626,DHd045d010634d,
E19428,,user5899@campus.edu,C9125,DH7b28bc029ab8,
E19429,S99224,user5900@campus.edu,C5937,DHf0033ddcc4f6,
E19430,S35726,user5901@campus.edu,C1174,DH3d8e535a8c1d,
E19431,S70612,user5902@campus.edu,C4490,DH991d90244f59,
E19432,S48149,user5903@campus.edu,C5297,DH6263a2d15676,
E19433,S17570,user5904@campus.edu,C1162,DHd9b690a03be6,
E19434,,user5905@campus.edu,C5199,DHa980407fb6ef,
E19435,S52679,user5906@campus.edu,C9234,DH2fdfc73e2d05,
E19436,,user5907@campus.edu,C6168,DH2929c3bb25f1,
E19437,S92000,user5908@campus.edu,C1551,DH4d482bb44f8d,
E19438,S30252,user5909@campus.edu,C7935,DH9e234873bdb5,
E19439,S57396,user5910@campus.edu,C3604,DH9b496d147ca0,
E19440,,user5911@campus.edu,C4587,DH0aa37e834289,
E19441,,user5912@campus.edu,C7546,DH933d3553a1e7,
E19442,,user5913@campus.edu,C2922,DH9fbebfdd5617,
E19443,,user5914@campus.edu,C8584,DH97a450a8f92c,
E19444,S92307,user5915@campus.edu,C6853,DHa77e4495ff6c,
E19445,S10573,user5916@campus.edu,C1360,DHb5128ee892f6,
E19446,S28354,user5917@campus.edu,C1638,DH57b33c47579a,
E19447,S49446,user5918@campus.edu,C9656,DH741a694bdc57,
E19448,S55428,user5919@campus.edu,C5871,DH0533b259ec34,
E19449,S77660,user5920@campus.edu,C6880,DHcca492165a67,
E19450,S86927,user5921@campus.edu,C9608,DH1664ab1560ab,
E19451,,user5922@campus.edu,C9622,DHab3aeef747c8,
E19452,,user5923@campus.edu,C4076,DH3c90f846da13,
E19453,S27236,user5924@campus.edu,C6816,DH81a6cd5d1904,
E19454,S57858,user5925@campus.edu,C8651,DHa5b3b8896419,
E19455,S54111,user5926@campus.edu,C6545,DH818101ddff4a,
E19456,S26244,user5927@campus.edu,C7934,DH9e33aacca93f,
E19457,,user5928@campus.edu,C7351,DH41e5a3fe9634,
E19458,S77174,user5929@campus.edu,C5615,DH1e4354c31b60,
E19459,,user5930@campus.edu,C3231,DH5501f01b63f0,
E19460,S15383,user5931@campus.edu,C4888,DH178add6780cf,
E19461,S88074,user5932@campus.edu,C6916,DH5cb2810e2302,
E19462,S58269,user5933@campus.edu,C6449,DH9bfbc8af8242,
E19463,S76556,user5934@campus.edu,C3197,DHc009f3de1d19,
E19464,S49324,user5935@campus.edu,C8324,DHbcbf1afe420b,
E19465,,user5936@campus.edu,C3947,DH347f00ed442d,
E19466,,user5937@campus.edu,C9426,DH476d3fefd32d,
E19467,,user5938@campus.edu,C8699,DHbebed85414cd,
E19468,S47358,user5939@campus.edu,C6422,DH4f737a600701,
E19469,,user5940@campus.edu,C7816,DHae26b2d165bb,
E19470,,user5941@campus.edu,C3172,DHb0f589b3e881,
E19471,S96375,user5942@campus.edu,C9004,DHb35c5d5c63b3,
E19472,S38966,user5943@campus.edu,C6628,DH75fc116ae0d0,
E19473,S68556,user5944@campus.edu,C5317,DH1f1a6e22f6db,
E19474,S30298,user5945@campus.edu,C3507,DH49950bf3a110,
E19475,S57244,user5946@campus.edu,C4233,DHd76c8324af04,
E19476,,user5947@campus.edu,C2691,DHdbe750ba1e83,
E19477,S57780,user5948@campus.edu,C6511,DHc75c528b7e61,
E19478,S56615,user5949@campus.edu,C6508,DHa731606a3f38,
E19479,,user5950@campus.edu,C4517,DH301dee480ce0,
E19480,S64344,user5951@campus.edu,C7795,DH8207d241b61b,
E19481,S56677,user5952@campus.edu,C1127,DHe1881caa9d90,
E19482,S64706,user5953@campus.edu,C1832,DH5e496078a01a,
E19483,S58569,user5954@campus.edu,C6400,DHd7d6b87b17c7,
E19484,S22253,user5955@campus.edu,C8484,DH69790b8c42fd,
E19485,S60294,user5956@campus.edu,C1757,DHa89c310772a1,
E19486,,user5957@campus.edu,C9481,DHe707205feabc,
E19487,S21533,user5958@campus.edu,C1547,DHc3f78127d2b2,
E19488,S35808,user5959@campus.edu,C2282,DH2bfd3a7a6c4a,
E19489,S32703,user5960@campus.edu,C1716,DHaabfc1794506,
E19490,S90096,user5961@campus.edu,C4110,DH082450ba55c7,
E19491,,user5962@campus.edu,C1697,DH2d1a8bcece56,
E19492,S81217,user5963@campus.edu,C8332,DH910869db3fdd,
E19493,,user5964@campus.edu,C4461,DHf8088761ec40,
E19494,S78122,user5965@campus.edu,C2627,DH89b099e2f7be,
E19495,S45778,user5966@campus.edu,C3213,DH35e0fe90296e,
E19496,S22151,user5967@campus.edu,C4040,DH472b5af5da27,
E19497,S67011,user5968@campus.edu,C5785,DHd39aa71188da,
E19498,S50233,user5969@campus.edu,C5502,DH101c11a65993,
E19499,S35444,user5970@campus.edu,C3727,DHb2127b25a0f4,
E19500,,user5971@campus.edu,C6361,DHa12adb62c147,
E19501,S72176,user5972@campus.edu,C8268,DHf53ec96ffb1e,
E19502,S50776,user5973@campus.edu,C7359,DH675013099ee4,
E19503,S43717,user5974@campus.edu,C7291,DHbe80ad311c7a,
E19504,,user5975@campus.edu,C6358,DHbd6dd2bb02d9,
E19505,S35688,user5976@campus.edu,C5573,DHad593f203e52,
E19506,S11456,user5977@campus.edu,C7144,DH7a4eee5a90c6,
E19507,S97513,user5978@campus.edu,C9509,DH92191708465c,
E19508,S33863,user5979@campus.edu,C3279,DH6329feb4e76e,
E19509,S44903,user5980@campus.edu,C7286,DH60c7b7360a64,
E19510,S39695,user5981@campus.edu,C8662,DHe5ae3941a000,
E19511,S45368,user5982@campus.edu,C1872,DH1653c8b8886b,
E19512,S74479,user5983@campus.edu,C5928,DHb71fdfe2b31d,
E19513,S16744,user5984@campus.edu,C5349,DHb3deb2601c65,
E19514,S98575,user5985@campus.edu,C8362,DHa1c1dd31d280,
E19515,,user5986@campus.edu,C1034,DH9d479f67f4d8,
E19516,S61851,user5987@campus.edu,C8847,DH848d056905e7,
E19517,S44598,user5988@campus.edu,C4519,DH77cd2d2bf54b,
E19518,S58187,user5989@campus.edu,C7735,DH43fe818c4ef5,
E19519,,user5990@campus.edu,C5117,DH816f0af10cba,
E19520,S29782,user5991@campus.edu,C2438,DH9b7ed01919c7,
E19521,S23074,user5992@campus.edu,C7040,DH4964e1b9c0de,
E19522,S92781,user5993@campus.edu,C2518,DHc15222c1e259,
E19523,S54607,user5994@campus.edu,C7698,DH0fcb8d33a11f,
E19524,S81739,user5995@campus.edu,C6234,DH455fe0d2b881,
E19525,S34580,user5996@campus.edu,C4041,DH83259ac84008,
E19526,S65484,user5997@campus.edu,C7729,DHa410eec5bd5f,
E19527,,user5998@campus.edu,C4394,DH325439f8a51d,
E19528,S15315,user5999@campus.edu,C9280,DHd2712ad164cb,
E19529,S15664,user6000@campus.edu,C1625,DH12b3290ab3c9,
E19530,S79303,user6001@campus.edu,C5378,DH049b3ce182bc,
E19531,,user6002@campus.edu,C7658,DHe29116ab2608,
E19532,S27393,user6003@campus.edu,C8750,DHd46c0c0a32f0,
E19533,S66258,user6004@campus.edu,C2567,DHf4bb041b0340,
E19534,S35393,user6005@campus.edu,C1733,DH71d6b0f9e1ac,
E19535,S58009,user6006@campus.edu,C3023,DH421664600a49,
E19536,S88032,user6007@campus.edu,C3509,DH4e2504101e95,
E19537,S69739,user6008@campus.edu,C5710,DHb375f33d7241,
E19538,,user6009@campus.edu,C4919,DH77309ff15d93,
E19539,S89900,user6010@campus.edu,C3068,DH5f6ab7bc4f1d,
E19540,S33542,user6011@campus.edu,C7779,DH04a78cf56d16,
E19541,S33007,user6012@campus.edu,C4631,DH3dd87e2a9d1b,
E19542,S56635,user6013@campus.edu,C6566,DH64e4aff16d5e,
E19543,S42839,user6014@campus.edu,C8433,DH4a37bdce7b43,
E19544,S69887,user6015@campus.edu,C3274,DHe01c38c66943,
E19545,S17529,user6016@campus.edu,C3358,DH28f4aefffd7b,
E19546,S56693,user6017@campus.edu,C8153,DHb39ca57b2e8f,
E19547,S10359,user6018@campus.edu,C6229,DH5ec1e2425a18,
E19548,S20909,user6019@campus.edu,C9561,DH8deaa834cdab,
E19549,S36556,user6020@campus.edu,C3952,DHc07b46149b2a,
E19550,S85281,user6021@campus.edu,C4762,DH807ccf74827b,
E19551,S45735,user6022@campus.edu,C9679,DH9f54937bdfc2,
E19552,S64867,user6023@campus.edu,C6420,DH1958e27c8cc8,
E19553,,user6024@campus.edu,C2773,DHfd131388c7a0,
E19554,S33152,user6025@campus.edu,C7487,DHeef1554bef90,
E19555,S92323,user6026@campus.edu,C6421,DH280c04d06eb4,
E19556,S49922,user6027@campus.edu,C2127,DHd2b3d65be273,
E19557,S76115,user6028@campus.edu,C1537,DH3af9d616b0eb,
E19558,S34951,user6029@campus.edu,C5660,DH4f06c2121e23,
E19559,S64610,user6030@campus.edu,C4327,DH53f876c1e8ae,
E19560,S49669,user6031@campus.edu,C4170,DH6b64b0eec094,
E19561,S46937,user6032@campus.edu,C2958,DHf9bc2d06832d,
E19562,S14326,user6033@campus.edu,C3403,DH2fde5b9736cb,
E19563,S67781,user6034@campus.edu,C2007,DHc0361ca88600,
E19564,S32232,user6035@campus.edu,C4669,DH3c47254dc190,
E19565,S68861,user6036@campus.edu,C9832,DH66bcdcdd0e0c,
E19566,S59622,user6037@campus.edu,C8281,DH08ce0a70a361,
E19567,S74694,user6038@campus.edu,C4878,DH907ed5c9ee97,
E19568,S17498,user6039@campus.edu,C6687,DH1119d3f660ee,
E19569,S89505,user6040@campus.edu,C9981,DH88a642290586,
E19570,S73979,user6041@campus.edu,C4471,DH91004e131e62,
E19571,S78043,user6042@campus.edu,C5222,DH1e9f7e042e08,
E19572,S56523,user6043@campus.edu,C3445,DH1d5d5f52bdf0,
E19573,S71221,user6044@campus.edu,C1351,DHf06b1cd7cd56,
E19574,,user6045@campus.edu,C7421,DHeff8649a3944,
E19575,S65755,user6046@campus.edu,C3411,DH63cae031d822,
E19576,S63827,user6047@campus.edu,C1427,DH17b37abc339e,
E19577,S25896,user6048@campus.edu,C8145,DH6c70b6108817,
E19578,S89477,user6049@campus.edu,C4609,DHbea8a4ef32f6,
E19579,S87275,user6050@campus.edu,C5560,DH22be46faf773,
E19580,,user6051@campus.edu,C1802,DHb7c6c5383453,
E19581,S97395,user6052@campus.edu,C3753,DH536b78baae2f,
E19582,S70533,user6053@campus.edu,C8617,DH9deab14566cf,
E19583,S46376,user6054@campus.edu,C8604,DH51ce6815065c,
E19584,S23786,user6055@campus.edu,C6502,DH69e3c0457aa6,
E19585,,user6056@campus.edu,C9042,DHc33b2093a44f,
E19586,S57450,user6057@campus.edu,C7395,DH75a9bc7a3822,
E19587,,user6058@campus.edu,C6801,DH54a41c9fb1ae,
E19588,S84571,user6059@campus.edu,C8529,DH437ea45374e2,
E19589,S32899,user6060@campus.edu,C6762,DHbe917ae70996,
E19590,S65629,user6061@campus.edu,C8650,DH0467ab5fd58f,
E19591,S34790,user6062@campus.edu,C6949,DH731895d09754,
E19592,S74233,user6063@campus.edu,C9136,DHc238b85a2961,
E19593,S75421,user6064@campus.edu,C8391,DH758a5aadd23f,
E19594,S91651,user6065@campus.edu,C6457,DHa5be0aacf6c8,
E19595,S58869,user6066@campus.edu,C7334,DH2925dc01d81a,
E19596,S33257,user6067@campus.edu,C6745,DHfc0874cfc257,
E19597,,user6068@campus.edu,C7225,DH7192bffae0e1,
E19598,S29490,user6069@campus.edu,C7250,DHadc9d4dec1b4,
E19599,S65080,user6070@campus.edu,C4099,DH7529695b6477,
E19600,S37903,user6071@campus.edu,C2250,DH4f8ad378dadf,
E19601,S15191,user6072@campus.edu,C6258,DH99771b8b63da,
E19602,S59009,user6073@campus.edu,C4803,DHa3bd370cfc83,
E19603,,user6074@campus.edu,C3812,DH5aedbcb3fac5,
E19604,S81940,user6075@campus.edu,C9043,DH81caf10d7ac3,
E19605,S34418,user6076@campus.edu,C3582,DH8c6494b3e189,
E19606,,user6077@campus.edu,C7035,DH0f020ac35f83,
E19607,S26716,user6078@campus.edu,C3251,DH3b973938541e,
E19608,S76936,user6079@campus.edu,C8069,DHcfad25344f28,
E19609,S95330,user6080@campus.edu,C5536,DH415d8a814973,
E19610,,user6081@campus.edu,C8902,DH91f6071322e8,
E19611,S20338,user6082@campus.edu,C8515,DHa733d4425a5c,
E19612,S97728,user6083@campus.edu,C5935,DH44f0804eaf0e,
E19613,S55841,user6084@campus.edu,C5057,DH02d2bca26074,
E19614,S74874,user6085@campus.edu,C6762,DHc0c949079c5b,
E19615,S30699,user6086@campus.edu,C1821,DH7e38a00b06d1,
E19616,S59877,user6087@campus.edu,C7113,DH77cbc7e5d095,
E19617,,user6088@campus.edu,C4228,DH4bd0f263e01a,
E19618,S59488,user6089@campus.edu,C8546,DHecfbb47fbdab,
E19619,S12172,user6090@campus.edu,C7549,DHbf6218ad6bcd,
E19620,S94307,user6091@campus.edu,C5466,DH042eb0baf846,
E19621,S12050,user6092@campus.edu,C5912,DH4fc786be41fb,
E19622,S72120,user6093@campus.edu,C5267,DH45a01ffd831a,
E19623,S29694,user6094@campus.edu,C2879,DHfe4883f1fac4,
E19624,,user6095@campus.edu,C7810,DH41a12ca07207,
E19625,S30397,user6096@campus.edu,C5020,DH493069bddc73,
E19626,,user6097@campus.edu,C6024,DH318ea52e4578,
E19627,S75468,user6098@campus.edu,C1615,DH19eb5a6f52b1,
E19628,S16974,user6099@campus.edu,C2515,DH852e37de183e,
E19629,,user6100@campus.edu,C5946,DHc5511409967c,
E19630,S10425,user6101@campus.edu,C3914,DH348ce39d54aa,
E19631,S61037,user6102@campus.edu,C3779,DH307b23e4e8b3,
E19632,S74250,user6103@campus.edu,C2365,DH1d8eb98cc563,
E19633,S46201,user6104@campus.edu,C7306,DH0fe0af136e34,
E19634,,user6105@campus.edu,C1812,DH5cf2f576ee93,
E19635,S84800,user6106@campus.edu,C9609,DH38d4046b59fa,
E19636,S24202,user6107@campus.edu,C7409,DHc8abdb2323ff,
E19637,S92890,user6108@campus.edu,C2399,DH104ddbea5d46,
E19638,,user6109@campus.edu,C2748,DHdf6497f51c49,
E19639,S77449,user6110@campus.edu,C1681,DHe102614f1ca6,
E19640,S79308,user6111@campus.edu,C6501,DH28d0d3c42d60,
E19641,S66983,user6112@campus.edu,C7423,DH6625af26be3e,
E19642,S88286,user6113@campus.edu,C2103,DHd11eb8611ce4,
E19643,S82341,user6114@campus.edu,C2909,DHee87d5e3aace,
E19644,S72055,user6115@campus.edu,C9991,DHd10bf784526b,
E19645,S33288,user6116@campus.edu,C5981,DHe44ece5061dc,
E19646,S25223,user6117@campus.edu,C2681,DH84bed37a41b3,
E19647,S45433,user6118@campus.edu,C9253,DHdb5a820fb900,
E19648,S21021,user6119@campus.edu,C4545,DH71bb2d91cbb7,
E19649,S85660,user6120@campus.edu,C4105,DH78adc4b09274,
E19650,S64026,user6121@campus.edu,C6266,DH9cea4f57b7a9,
E19651,,user6122@campus.edu,C8376,DH53a75eb16860,
E19652,S76334,user6123@campus.edu,C5959,DHc8656dfa7422,
E19653,S77304,user6124@campus.edu,C9529,DH06e22d8ea31f,
E19654,S81271,user6125@campus.edu,C2214,DH0e7fe20692f3,
E19655,S26334,user6126@campus.edu,C5051,DH5b3a0098576d,
E19656,,user6127@campus.edu,C2667,DHc29bd5ed9992,
E19657,,user6128@campus.edu,C3449,DH0518756aff20,
E19658,S22894,user6129@campus.edu,C4124,DHa33348f8e9b5,
E19659,S38538,user6130@campus.edu,C2676,DH19b5cd07c344,
E19660,,user6131@campus.edu,C3998,DH757b9cb30863,
E19661,,user6132@campus.edu,C5125,DH4e971aa2910f,
E19662,,user6133@campus.edu,C4976,DH1d6e0aa309dd,
E19663,,user6134@campus.edu,C5147,DH9ac562be6e9b,
E19664,S15158,user6135@campus.edu,C8343,DH6f67d5c5ec60,
E19665,S91143,user6136@campus.edu,C4242,DH254c564e4698,
E19666,S61791,user6137@campus.edu,C8696,DHf545f937d5b2,
E19667,,user6138@campus.edu,C3196,DHd2a16b0a0a65,
E19668,S33393,user6139@campus.edu,C5785,DHe819670429f0,
E19669,S14691,user6140@campus.edu,C7068,DHaa4d595ee866,
E19670,S74624,user6141@campus.edu,C3369,DH9bb30695ab2b,
E19671,,user6142@campus.edu,C3995,DHb7d333eabaf7,
E19672,S67261,user6143@campus.edu,C9713,DH98d3343f3a3a,
E19673,S66937,user6144@campus.edu,C4832,DH636cdf7d96e1,
E19674,S38774,user6145@campus.edu,C2694,DHb44ce924bd3e,
E19675,S85570,user6146@campus.edu,C4124,DHf629554af407,
E19676,,user6147@campus.edu,C7987,DH0bc90f21b4ae,
E19677,S45939,user6148@campus.edu,C3959,DH35a1693f7a23,
E19678,,user6149@campus.edu,C9537,DHb2f0de2620d7,
E19679,S19276,user6150@campus.edu,C2321,DH748c5025c95c,
E19680,S95301,user6151@campus.edu,C4132,DHc00444bf9239,
E19681,S17474,user6152@campus.edu,C6671,DH8e14224174e4,
E19682,,user6153@campus.edu,C7143,DH0d918e926075,
E19683,S84231,user6154@campus.edu,C5629,DHe3843a0e60a6,
E19684,S35928,user6155@campus.edu,C6677,DH31a24d83f231,
E19685,S26416,user6156@campus.edu,C2158,DHd2592bf3f5b5,
E19686,,user6157@campus.edu,C2195,DH69fd1e9391a7,
E19687,S46425,user6158@campus.edu,C3806,DHdbfb6d31552f,
E19688,S23214,user6159@campus.edu,C4213,DHd36b5d30e146,
E19689,S18823,user6160@campus.edu,C6751,DH24aa762404fb,
E19690,S96435,user6161@campus.edu,C6806,DH9d93b933428b,
E19691,S75258,user6162@campus.edu,C6056,DH50629581a443,
E19692,S40065,user6163@campus.edu,C7584,DHd540bce5f5cb,
E19693,S13989,user6164@campus.edu,C5125,DHa92c70049ffb,
E19694,S28437,user6165@campus.edu,C4887,DH702fe336f1f9,
E19695,S75841,user6166@campus.edu,C8636,DHe81773e16955,
E19696,,user6167@campus.edu,C9929,DHfd12f9a786e7,
E19697,S18274,user6168@campus.edu,C9623,DHd27b01dfb677,
E19698,S50266,user6169@campus.edu,C8260,DHbb5aea1c8191,
E19699,,user6170@campus.edu,C3641,DH51872ee0a31f,
E19700,,user6171@campus.edu,C9159,DH0b2a5804fdb1,
E19701,S36980,user6172@campus.edu,C4909,DH50b89b6c3fc5,
E19702,,user6173@campus.edu,C4944,DH62bd6ccc0b6c,
E19703,S86213,user6174@campus.edu,C5250,DH5d5349098ce8,
E19704,S22520,user6175@campus.edu,C9346,DH3ddb2edf87ea,
E19705,S81714,user6176@campus.edu,C7098,DH8b4ebc9cd7ec,
E19706,,user6177@campus.edu,C3507,DHe50596c9c5a7,
E19707,S81299,user6178@campus.edu,C2429,DHbe44559b1448,
E19708,S65398,user6179@campus.edu,C2026,DH21e34acfd705,
E19709,S94086,user6180@campus.edu,C4138,DH29c9800dbdc4,
E19710,S85227,user6181@campus.edu,C8835,DH7ab9b6d46f4e,
E19711,S46713,user6182@campus.edu,C4075,DHd04cae35306b,
E19712,S50211,user6183@campus.edu,C6004,DH0545384a6d38,
E19713,S18695,user6184@campus.edu,C1737,DHa679bc7be2b4,
E19714,,user6185@campus.edu,C5788,DHdc74b6913b37,
E19715,S58023,user6186@campus.edu,C6471,DH3f3d0e90dc9c,
E19716,S71912,user6187@campus.edu,C3404,DHe1b51e21a5d6,
E19717,S65477,user6188@campus.edu,C8606,DH726ddf54965c,
E19718,S78515,user6189@campus.edu,C9139,DH3f8949e88d34,
E19719,S67403,user6190@campus.edu,C7079,DH761b643a1cd4,
E19720,S96020,user6191@campus.edu,C2252,DH3bf8a5ef06eb,
E19721,S79865,user6192@campus.edu,C4657,DH3c88c22bbb84,
E19722,S15468,user6193@campus.edu,C5550,DH4b24edab5d18,
E19723,S57349,user6194@campus.edu,C2915,DH5d4690afe709,
E19724,S63724,user6195@campus.edu,C9352,DHcb0ad4096a5a,
E19725,,user6196@campus.edu,C9823,DHb5f8f16bafb3,
E19726,S96156,user6197@campus.edu,C7598,DH4e5bca2e9675,
E19727,S55591,user6198@campus.edu,C8937,DH6d0ba3997f20,
E19728,S84544,user6199@campus.edu,C2737,DH2e9a671ca0c0,
E19729,S28377,user6200@campus.edu,C1540,DH8e01025ccfbe,
E19730,,user6201@campus.edu,C3993,DH01057d98a1f5,
E19731,S42985,user6202@campus.edu,C1509,DHcb372651478a,
E19732,S69780,user6203@campus.edu,C1138,DH797813655959,
E19733,S56545,user6204@campus.edu,C4231,DHec5279dc759c,
E19734,S17231,user6205@campus.edu,C6674,DH02033c2b84db,
E19735,S98312,user6206@campus.edu,C6236,DH28b5bc573e21,
E19736,,user6207@campus.edu,C9456,DHc3ebe4f7f8a3,
E19737,S78895,user6208@campus.edu,C9815,DHc1318376c375,
E19738,S23874,user6209@campus.edu,C1512,DH7654841b6bdf,
E19739,S46337,user6210@campus.edu,C1354,DH40082d5dfb74,
E19740,S26357,user6211@campus.edu,C3847,DH52020ba526c7,
E19741,S58111,user6212@campus.edu,C9057,DH0efa325e1b51,
E19742,,user6213@campus.edu,C1376,DH6c91d2301cab,
E19743,S20724,user6214@campus.edu,C9549,DHf1ddf8887e89,
E19744,,user6215@campus.edu,C5789,DHfd2462206df5,
E19745,S83787,user6216@campus.edu,C9988,DHb2bcec71b040,
E19746,S25397,user6217@campus.edu,C9226,DH6941aafe3d1f,
E19747,S41744,user6218@campus.edu,C3572,DHb829dbdc8487,
E19748,S96456,user6219@campus.edu,C5812,DHe18fc3616c95,
E19749,S50364,user6220@campus.edu,C7163,DH07dd1eacbaff,
E19750,S73292,user6221@campus.edu,C5200,DH6b04212bc636,
E19751,S44181,user6222@campus.edu,C4728,DH39229b17be39,
E19752,,user6223@campus.edu,C9195,DH68e7ac115860,
E19753,S85184,user6224@campus.edu,C3635,DH727656da8e45,
E19754,S25887,user6225@campus.edu,C2724,DH5c9c0c8ec902,
E19755,S47802,user6226@campus.edu,C5015,DHe1d488a548ae,
E19756,S56828,user6227@campus.edu,C7208,DH05987ba731f9,
E19757,S31764,user6228@campus.edu,C8597,DH5b1c5c729958,
E19758,S17453,user6229@campus.edu,C1353,DH3978f6119828,
E19759,S45495,user6230@campus.edu,C4240,DH26d9c138c1e3,
E19760,,user6231@campus.edu,C6416,DH7947fe64c02d,
E19761,S95118,user6232@campus.edu,C3536,DH5a0d5396383d,
E19762,S43794,user6233@campus.edu,C2789,DH09ee71b7fc0e,
E19763,S93896,user6234@campus.edu,C3252,DHa45f77cb52ed,
E19764,S42485,user6235@campus.edu,C7586,DH1c83abd5d6ae,
E19765,S57248,user6236@campus.edu,C3106,DH1d9d89ad92a3,
E19766,,user6237@campus.edu,C7944,DH821974476d87,
E19767,S36236,user6238@campus.edu,C5350,DH71b50bcac788,
E19768,S26212,user6239@campus.edu,C7706,DHc87549b8521a,
E19769,S84825,user6240@campus.edu,C6096,DHbc8ca2ab15e7,
E19770,S79984,user6241@campus.edu,C5509,DHa3c54544acfa,
E19771,S80164,user6242@campus.edu,C3526,DH2af5cbaa6143,
E19772,S58332,user6243@campus.edu,C1983,DHe563b9179328,
E19773,S86091,user6244@campus.edu,C6094,DH17f7ab96995e,
E19774,S35539,user6245@campus.edu,C6690,DH861e9d06ac9e,
E19775,S77000,user6246@campus.edu,C1916,DHd83c4e38ffa1,
E19776,,user6247@campus.edu,C1495,DHb52ff2fcee4f,
E19777,,user6248@campus.edu,C9144,DH23bd074f29bb,
E19778,S37763,user6249@campus.edu,C6909,DHe6c504934eec,
E19779,,user6250@campus.edu,C8755,DH1ca172fa8567,
E19780,S45844,user6251@campus.edu,C7398,DH267656049788,
E19781,S65985,user6252@campus.edu,C5625,DHac218d672655,
E19782,S84488,user6253@campus.edu,C9717,DH9d1dca8a7e2a,
E19783,S66936,user6254@campus.edu,C3062,DHeca7758c02d1,
E19784,,user6255@campus.edu,C4733,DHfb6bf4adb6c0,
E19785,,user6256@campus.edu,C2649,DHd5e27e3f4000,
E19786,S13192,user6257@campus.edu,C8664,DH77074636fa8f,
E19787,S35967,user6258@campus.edu,C8128,DH8e5a5db400dd,
E19788,S85170,user6259@campus.edu,C4646,DHb82aaf2bc626,
E19789,S83880,user6260@campus.edu,C3348,DH55566ed367c7,
E19790,S72511,user6261@campus.edu,C5860,DH67d54bba70b9,
E19791,S38522,user6262@campus.edu,C3157,DHb796c55fecc0,
E19792,S99181,user6263@campus.edu,C5868,DH8efd7def63f5,
E19793,S43902,user6264@campus.edu,C5381,DHade1a76451fb,
E19794,S30354,user6265@campus.edu,C4977,DHd5cdd6c7c9d5,
E19795,S87533,user6266@campus.edu,C5335,DHc9b688fbed77,
E19796,S50146,user6267@campus.edu,C6805,DH6c99c454c8f8,
E19797,,user6268@campus.edu,C4162,DH003f9d22f851,
E19798,S99267,user6269@campus.edu,C3354,DHf1a8034f522a,
E19799,S29014,user6270@campus.edu,C5585,DH65408b8f3260,
E19800,S61660,user6271@campus.edu,C3119,DH0e9db39589ac,
E19801,S45471,user6272@campus.edu,C1498,DHe5f9736ff391,
E19802,S54086,user6273@campus.edu,C7006,DHae6a86c9b75b,
E19803,S40330,user6274@campus.edu,C9268,DH2066c1f8c6b4,
E19804,,user6275@campus.edu,C3225,DHdebb797fa969,
E19805,S14962,user6276@campus.edu,C8812,DH0215989d9e7b,
E19806,S78929,user6277@campus.edu,C3209,DH109a84ea44cc,
E19807,S33928,user6278@campus.edu,C4379,DH4b8362ab1869,
E19808,S38445,user6279@campus.edu,C4755,DHe06997a24522,
E19809,S67732,user6280@campus.edu,C9520,DHe5d5ce1c5ecc,
E19810,S34524,user6281@campus.edu,C2307,DHed691d8e8fae,
E19811,S59722,user6282@campus.edu,C1023,DH4839ad5d8c42,
E19812,S43745,user6283@campus.edu,C4173,DH5d65227f78c4,
E19813,S97357,user6284@campus.edu,C7269,DH2a318f9aaa34,
E19814,,user6285@campus.edu,C6840,DH4b54d0b40e12,
E19815,S56674,user6286@campus.edu,C3973,DHe3d736c023a2,
E19816,S18584,user6287@campus.edu,C8424,DH7e8607493cc8,
E19817,S57363,user6288@campus.edu,C1847,DH43b71250fb79,
E19818,S71220,user6289@campus.edu,C8361,DHd588b182e3ae,
E19819,,user6290@campus.edu,C5508,DH5b31018e7b64,
E19820,S30959,user6291@campus.edu,C8436,DH65c0b136eaf3,
E19821,S78876,user6292@campus.edu,C3447,DH4ec78d866817,
E19822,S89625,user6293@campus.edu,C1963,DH89f8822032f4,
E19823,S95879,user6294@campus.edu,C8824,DH234227a7c37d,
E19824,,user6295@campus.edu,C5575,DHc5bfa6c27cd0,
E19825,S84741,user6296@campus.edu,C7775,DH05a6476bc216,
E19826,S52972,user6297@campus.edu,C9455,DH00705179eade,
E19827,S68389,user6298@campus.edu,C1484,DHa8bcae8393e0,
E19828,S78914,user6299@campus.edu,C9821,DH594cf1327f82,
E19829,,user6300@campus.edu,C6508,DH421200b3db3c,
E19830,,user6301@campus.edu,C4621,DHd20ce7b1e7a7,
E19831,S65469,user6302@campus.edu,C9087,DH32bb6c8e009f,
E19832,S52538,user6303@campus.edu,C6581,DH46e4f0f7d2d2,
E19833,,user6304@campus.edu,C2588,DHd1c5dfe1d374,
E19834,S67375,user6305@campus.edu,C3883,DHa0b6838da68f,
E19835,S98756,user6306@campus.edu,C7444,DHa3704e3a380e,
E19836,S54448,user6307@campus.edu,C2710,DHdd8abf945c8d,
E19837,S15159,user6308@campus.edu,C6053,DH5e600a9744cf,
E19838,S16027,user6309@campus.edu,C5247,DH1a317414b05f,
E19839,S44182,user6310@campus.edu,C4168,DH66538c7897e0,
E19840,,user6311@campus.edu,C7187,DH36ffec2c8bf4,
E19841,,user6312@campus.edu,C7872,DH5ebcac85cd45,
E19842,S79848,user6313@campus.edu,C6155,DHd52532bc1abb,
E19843,S17156,user6314@campus.edu,C7476,DHe351e397aaa7,
E19844,S47971,user6315@campus.edu,C2501,DH5879e5691a9c,
E19845,S68984,user6316@campus.edu,C9814,DHc8125146edac,
E19846,S16866,user6317@campus.edu,C2187,DH1dbfc049b240,
E19847,S66513,user6318@campus.edu,C5357,DHbf85b6e0168d,
E19848,S43905,user6319@campus.edu,C5044,DHa2f2cf629ad1,
E19849,S10359,user6320@campus.edu,C5796,DHf8c560f84716,
E19850,S60984,user6321@campus.edu,C6645,DHb700d4057d5d,
E19851,,user6322@campus.edu,C3923,DHaf4531087e4f,
E19852,S38911,user6323@campus.edu,C3605,DH4d425cd69aee,
E19853,,user6324@campus.edu,C6967,DH6f95eff46c77,
E19854,,user6325@campus.edu,C5082,DHf8c9d49fc158,
E19855,S70009,user6326@campus.edu,C9289,DH53a3a0ca5b56,
E19856,S58157,user6327@campus.edu,C4835,DHbc715afe1a5a,
E19857,S59893,user6328@campus.edu,C1323,DHcc9829972e44,
E19858,S53731,user6329@campus.edu,C9046,DHb292a4bb6858,
E19859,S16052,user6330@campus.edu,C4367,DH18349d29a8c0,
E19860,,user6331@campus.edu,C5028,DH2c539ff639d2,
E19861,S87110,user6332@campus.edu,C9447,DHd6729658790a,
E19862,S44991,user6333@campus.edu,C8271,DHff130820c561,
E19863,S65861,user6334@campus.edu,C1720,DH4b47dfe1eae4,
E19864,S23017,user6335@campus.edu,C5554,DHc43bcfa4c21e,
E19865,,user6336@campus.edu,C5551,DHb716ebfc85ca,
E19866,S50484,user6337@campus.edu,C5648,DH74600de9b05e,
E19867,S96549,user6338@campus.edu,C7251,DHfe8e61815c1d,
E19868,,user6339@campus.edu,C2299,DHccb14f23952a,
E19869,S10814,user6340@campus.edu,C6325,DHed5f1303ecb0,
E19870,,user6341@campus.edu,C9577,DH8620a8df14f7,
E19871,S50318,user6342@campus.edu,C2098,DH0f1d2aea6982,
E19872,S40653,user6343@campus.edu,C2040,DH7f8764b3b52a,
E19873,S75944,user6344@campus.edu,C9201,DH8b8d9d71693c,
E19874,S99921,user6345@campus.edu,C3818,DH5b884d982728,
E19875,S85529,user6346@campus.edu,C9587,DH6afe916e3d38,
E19876,S11874,user6347@campus.edu,C8553,DH63e96a1149db,
E19877,,user6348@campus.edu,C5474,DH63936f2b219c,
E19878,,user6349@campus.edu,C8913,DHa6af00271f36,
E19879,,user6350@campus.edu,C8612,DH918de5b4ea91,
E19880,S64747,user6351@campus.edu,C9979,DH37a2a7fe5dc7,
E19881,S62673,user6352@campus.edu,C6080,DHd38f5a70a2fc,
E19882,S97472,user6353@campus.edu,C8374,DH87e039c2b6a5,
E19883,,user6354@campus.edu,C5123,DHf7429609036d,
E19884,S26478,user6355@campus.edu,C1137,DHe16e1491d7d0,
E19885,,user6356@campus.edu,C6092,DHb34d7c1bcb80,
E19886,,user6357@campus.edu,C2016,DH0a99258b183c,
E19887,S74894,user6358@campus.edu,C9670,DHd784665b0ddb,
E19888,S28820,user6359@campus.edu,C8668,DH0dae6d9a0eed,
E19889,S31838,user6360@campus.edu,C1081,DH1d9b1dcdc0c4,
E19890,S57423,user6361@campus.edu,C1665,DH36874b85c47a,
E19891,S71264,user6362@campus.edu,C4803,DHccc1dfe3e403,
E19892,S14548,user6363@campus.edu,C2010,DH87d486098f1a,
E19893,S66595,user6364@campus.edu,C4312,DH2b0ca56f386c,
E19894,S43678,user6365@campus.edu,C5049,DHfcd5bb96e9d9,
E19895,S84274,user6366@campus.edu,C4916,DHd4c33f64c3b3,
E19896,,user6367@campus.edu,C9328,DHbbadf648baa0,
E19897,S75767,user6368@campus.edu,C9712,DH0acc5f5574b9,
E19898,S58697,user6369@campus.edu,C3186,DHf00384fd29dd,
E19899,S23676,user6370@campus.edu,C6629,DHcb039b5ce4d9,
E19900,S69960,user6371@campus.edu,C5144,DH38e94a0ef759,
E19901,S37672,user6372@campus.edu,C6199,DH487ef6303599,
E19902,,user6373@campus.edu,C2458,DHe21dcaa71995,
E19903,S65602,user6374@campus.edu,C8078,DH3431910827a3,
E19904,,user6375@campus.edu,C5101,DHb859b8bf5662,
E19905,S52863,user6376@campus.edu,C7341,DH1839fc73081a,
E19906,S24528,user6377@campus.edu,C8080,DH4c6a605f071a,
E19907,,user6378@campus.edu,C3754,DH72c051b25f3c,
E19908,S47218,user6379@campus.edu,C3250,DHa86a5592f4bf,
E19909,,user6380@campus.edu,C8496,DH07a8bc0ae4f7,
E19910,S16371,user6381@campus.edu,C2482,DHced2a7f4a9c7,
E19911,S20102,user6382@campus.edu,C1952,DH1b023baa9dab,
E19912,,user6383@campus.edu,C9847,DH45fb9de84510,
E19913,S26279,user6384@campus.edu,C6985,DH89b459d3fb27,
E19914,S56116,user6385@campus.edu,C7270,DH51fb808a7d15,
E19915,,user6386@campus.edu,C3996,DHf21019b972c8,
E19916,S65708,user6387@campus.edu,C7685,DH55139039df4a,
E19917,S14780,user6388@campus.edu,C9551,DH6a53d65193e6,
E19918,S60234,user6389@campus.edu,C3100,DHf8282c58615b,
E19919,S46243,user6390@campus.edu,C1237,DHfb8decbc00d2,
E19920,S51073,user6391@campus.edu,C9635,DHd65e9b6ee0de,
E19921,S18033,user6392@campus.edu,C3312,DH38c4aecc7ca2,
E19922,S16457,user6393@campus.edu,C8993,DH2b0e4d430c57,
E19923,S37834,user6394@campus.edu,C5042,DHb0b5fc13253c,
E19924,S93840,user6395@campus.edu,C8628,DH4e2c7ceae4f4,
E19925,S49620,user6396@campus.edu,C4313,DH2fcbf5df85fd,
E19926,,user6397@campus.edu,C2576,DHed4443309da3,
E19927,S41657,user6398@campus.edu,C3117,DH5db5249772ed,
E19928,S74162,user6399@campus.edu,C8146,DH3f6ed45289e4,
E19929,S18502,user6400@campus.edu,C8169,DH763f4a9cf4f3,
E19930,S54243,user6401@campus.edu,C6250,DH89dfcc8b4004,
E19931,,user6402@campus.edu,C2594,DHfaecdd2e4a05,
E19932,S54510,user6403@campus.edu,C5047,DH59c805b863b4,
E19933,S26716,user6404@campus.edu,C5362,DH4dee0b8e4253,
E19934,S19040,user6405@campus.edu,C6664,DH6d01020c2913,
E19935,S39174,user6406@campus.edu,C5088,DH667e58416a1d,
E19936,S91098,user6407@campus.edu,C9840,DH82141e39fe4d,
E19937,S68518,user6408@campus.edu,C8752,DHfb497e932377,
E19938,S19158,user6409@campus.edu,C3156,DH80eb25f4d63f,
E19939,,user6410@campus.edu,C2833,DHaf187cc3cf6f,
E19940,S55434,user6411@campus.edu,C4971,DH20d051937b10,
E19941,S47725,user6412@campus.edu,C3961,DH21c700ecfba6,
E19942,S33235,user6413@campus.edu,C1550,DHfb51d6e8004d,
E19943,S10505,user6414@campus.edu,C5523,DH603a520f7845,
E19944,S61419,user6415@campus.edu,C5375,DHa5e84ba95cae,
E19945,S83849,user6416@campus.edu,C7855,DH99e7ae5e085f,
E19946,S10977,user6417@campus.edu,C1923,DH01cebc92077e,
E19947,S62163,user6418@campus.edu,C9195,DH83c9d659c93a,
E19948,S16154,user6419@campus.edu,C9311,DH8ec73e173fd9,
E19949,S23949,user6420@campus.edu,C1923,DH799ddfea4106,
E19950,S38579,user6421@campus.edu,C1647,DH0a62fabf39f1,
E19951,S97241,user6422@campus.edu,C7930,DHca28d38548c8,
E19952,S94592,user6423@campus.edu,C8796,DHd7d9cfc34bf1,
E19953,S82289,user6424@campus.edu,C7769,DH48e0050c42d7,
E19954,S70623,user6425@campus.edu,C1455,DH8343af4cdfa2,
E19955,S93587,user6426@campus.edu,C4548,DHc3d550b27147,
E19956,S56361,user6427@campus.edu,C7768,DH6464fed9eb4e,
E19957,,user6428@campus.edu,C7730,DHdd7110810b64,
E19958,S74891,user6429@campus.edu,C4342,DHa983d0f88dba,
E19959,,user6430@campus.edu,C9187,DHc0aca54ae66b,
E19960,S84228,user6431@campus.edu,C6913,DH1462fbd6a416,
E19961,S11652,user6432@campus.edu,C1684,DHf5c2a05f51ed,
E19962,S30112,user6433@campus.edu,C3987,DH132d862a7b8d,
E19963,S43592,user6434@campus.edu,C3288,DH9ea0a990442d,
E19964,S26761,user6435@campus.edu,C6342,DH2c4b9348b491,
E19965,S87053,user6436@campus.edu,C7033,DH92dcef94ffc7,
E19966,S73527,user6437@campus.edu,C7496,DHea1fbb6dd03b,
E19967,S28864,user6438@campus.edu,C8039,DHdd806bbf92e8,
E19968,S71848,user6439@campus.edu,C1757,DH684066814029,
E19969,S30349,user6440@campus.edu,C3931,DHa65378a068bd,
E19970,S91255,user6441@campus.edu,C4281,DHa271c5247c0f,
E19971,S89444,user6442@campus.edu,C3503,DHfef93f0cc4ac,
E19972,S21396,user6443@campus.edu,C6007,DH056ce631b552,
E19973,,user6444@campus.edu,C8086,DHaf1b9ed9eaf1,
E19974,S81535,user6445@campus.edu,C8665,DH97ac53a4d52b,
E19975,S75382,user6446@campus.edu,C7600,DH333d9b135db8,
E19976,S76293,user6447@campus.edu,C3553,DHc9fcfb95e099,
E19977,S59451,user6448@campus.edu,C6056,DHa0aec490f10f,
E19978,S99129,user6449@campus.edu,C6067,DHec5502be31a2,
E19979,S99427,user6450@campus.edu,C6832,DHaa04aebc6a81,
E19980,S33693,user6451@campus.edu,C6475,DH0596a01a7630,
E19981,S59414,user6452@campus.edu,C7231,DHcf43e4b11c00,
E19982,S52912,user6453@campus.edu,C8338,DH9b8a93d32541,
E19983,S64115,user6454@campus.edu,C9852,DH7386093b24a3,
E19984,S99394,user6455@campus.edu,C5431,DH43b436e9dc0f,
E19985,S43202,user6456@campus.edu,C5119,DH7e6b1be1db71,
E19986,S56325,user6457@campus.edu,C2640,DHf81115b9c3c5,
E19987,S21394,user6458@campus.edu,C9959,DH0f402476455f,
E19988,,user6459@campus.edu,C9993,DHa828df1b9bc6,
E19989,S90750,user6460@campus.edu,C3775,DHa86f06d6db44,
E19990,S12491,user6461@campus.edu,C5027,DHfdd20c2121e5,
E19991,S91472,user6462@campus.edu,C6308,DH2c4f41268881,
E19992,S45792,user6463@campus.edu,C1770,DH5178f0cc9e81,
E19993,S23303,user6464@campus.edu,C9920,DH5ccc92a53f84,
E19994,S85930,user6465@campus.edu,C4123,DH8554de762421,
E19995,S27723,user6466@campus.edu,C4333,DH7d567666482a,
E19996,S92790,user6467@campus.edu,C1038,DHef62d343a9b6,
E19997,S20063,user6468@campus.edu,C7316,DHeae5ffba6209,
E19998,S33642,user6469@campus.edu,C1509,DHac49805445f2,
E19999,S57685,user6470@campus.edu,C3488,DH38a85532d42f,
E20000,,user6471@campus.edu,C4552,DHbab5c993849d,
E20001,S82523,user6472@campus.edu,C3907,DHd34648f20aeb,
E20002,S42034,user6473@campus.edu,C3002,DHfc770f79d3ab,
E20003,,user6474@campus.edu,C2841,DHa35d1c2690b1,
E20004,S42097,user6475@campus.edu,C2600,DH93f7ba55d7b9,
E20005,S85405,user6476@campus.edu,C1225,DHc01828887d31,
E20006,S93735,user6477@campus.edu,C2297,DH2fe78d86acaf,
E20007,,user6478@campus.edu,C5817,DH13e22903ddaf,
E20008,S76887,user6479@campus.edu,C8880,DH7d17dd441b3e,
E20009,,user6480@campus.edu,C9074,DH15149b2545a0,
E20010,S70974,user6481@campus.edu,C1959,DH8203ceb6c69d,
E20011,S28432,user6482@campus.edu,C9733,DH898c2a5ca546,
E20012,,user6483@campus.edu,C4889,DHaa79a819fb01,
E20013,,user6484@campus.edu,C2868,DH127f3b8f365c,
E20014,S97302,user6485@campus.edu,C1206,DH113f95cbc0b8,
E20015,,user6486@campus.edu,C2246,DH56c4823bf8be,
E20016,S34497,user6487@campus.edu,C8387,DH119e10ca7ce0,
E20017,S31499,user6488@campus.edu,C2446,DH0767f9d20059,
E20018,S83924,user6489@campus.edu,C6674,DHad4bb8cc659b,
E20019,S31950,user6490@campus.edu,C7328,DH92bd46c37d64,
E20020,S62545,user6491@campus.edu,C8306,DHe86b0ef9e3ae,
E20021,S71378,user6492@campus.edu,C9798,DH1130251b663d,
E20022,,user6493@campus.edu,C2570,DH8eff7c681a3d,
E20023,S32188,user6494@campus.edu,C8082,DHb2a6c743850a,
E20024,S32428,user6495@campus.edu,C1668,DH5eb2e5a5f51f,
E20025,S99885,user6496@campus.edu,C6537,DH47afdeffd0e3,
E20026,S57318,user6497@campus.edu,C4233,DH05a405171ca8,
E20027,S17949,user6498@campus.edu,C6615,DH1b1f25a78e17,
E20028,S10344,user6499@campus.edu,C9644,DHb9670c6375a5,
E20029,S48169,user6500@campus.edu,C7764,DHd36fe1b1b489,
E20030,S76087,user6501@campus.edu,C5104,DHa1f3d606725e,
E20031,S10909,user6502@campus.edu,C4722,DHdb21f5456f34,
E20032,S15287,user6503@campus.edu,C6566,DH5df2f45e2a45,
E20033,S21037,user6504@campus.edu,C9151,DH940a811cf05f,
E20034,S68024,user6505@campus.edu,C4971,DH3c022fb7b00b,
E20035,S25440,user6506@campus.edu,C9964,DH6d6779d83886,
E20036,S21795,user6507@campus.edu,C3582,DH02e9ca0be701,
E20037,S35617,user6508@campus.edu,C7280,DH1d43d9bdbe1b,
E20038,S88189,user6509@campus.edu,C1647,DH378a6f1ee8b8,
E20039,S62589,user6510@campus.edu,C6157,DHa603adf7a6fc,
E20040,S72209,user6511@campus.edu,C2272,DHff02fb444e75,
E20041,S45588,user6512@campus.edu,C9859,DH21c65411aba5,
E20042,S82895,user6513@campus.edu,C7644,DH3c1f3719e7cf,
E20043,S17341,user6514@campus.edu,C8337,DH92f8ca656235,
E20044,S81175,user6515@campus.edu,C2314,DH4ca43da2ba01,
E20045,,user6516@campus.edu,C3036,DH89d598f4daf8,
E20046,,user6517@campus.edu,C7588,DH35e2b32a9290,
E20047,S86607,user6518@campus.edu,C6543,DHf8e71cf4c6d6,
E20048,S22639,user6519@campus.edu,C8928,DH10e7f55d1bdb,
E20049,S68962,user6520@campus.edu,C7916,DH87506bc5a053,
E20050,S71171,user6521@campus.edu,C1657,DH1f4ceb2d1c6b,
E20051,S10550,user6522@campus.edu,C5121,DH7b8459ea32bd,
E20052,S31255,user6523@campus.edu,C8215,DHfbb48468f78c,
E20053,S29499,user6524@campus.edu,C1971,DH2b76b843f8ab,
E20054,S79745,user6525@campus.edu,C5387,DH0cea315c484d,
E20055,S57285,user6526@campus.edu,C9225,DH29851721ff13,
E20056,,user6527@campus.edu,C4115,DH7b24db8af22f,
E20057,S31418,user6528@campus.edu,C5176,DH7bd5fe0c18c7,
E20058,S62544,user6529@campus.edu,C7941,DH963ecf2f6cab,
E20059,S60347,user6530@campus.edu,C5688,DHd2070b0f0ac6,
E20060,S42566,user6531@campus.edu,C4809,DH6a6d0713a54a,
E20061,S27153,user6532@campus.edu,C4928,DH599ba7a1d99d,
E20062,S64566,user6533@campus.edu,C8437,DHc7793b16ff70,
E20063,S72039,user6534@campus.edu,C5078,DHab36a6e25a99,
E20064,,user6535@campus.edu,C7396,DHe58db289ebef,
E20065,,user6536@campus.edu,C5027,DHbec8b2bae235,
E20066,S22041,user6537@campus.edu,C7134,DHb6d567698e57,
E20067,S33206,user6538@campus.edu,C7809,DHaa5dcfaed3b0,
E20068,S82955,user6539@campus.edu,C7874,DH8705523482a7,
E20069,S14214,user6540@campus.edu,C5641,DH357153bda5d6,
E20070,S95512,user6541@campus.edu,C6021,DH2dafb355e8fd,
E20071,,user6542@campus.edu,C2724,DH0ff85efe2475,
E20072,S44731,user6543@campus.edu,C5800,DH30b6d6b5cb41,
E20073,S31849,user6544@campus.edu,C2327,DHc136b2dad53c,
E20074,S91980,user6545@campus.edu,C5919,DHb02a1dbc4b0f,
E20075,S19777,user6546@campus.edu,C3644,DH246f9bc90849,
E20076,S45797,user6547@campus.edu,C9046,DHd14a30ff382a,
E20077,,user6548@campus.edu,C9210,DH16688b64da99,
E20078,S52363,user6549@campus.edu,C4512,DHf7669ef039ea,
E20079,S59107,user6550@campus.edu,C2937,DH827d6f5dc187,
E20080,,user6551@campus.edu,C2953,DH30c1c2d86bb6,
E20081,,user6552@campus.edu,C5554,DH0bc6b09cfaee,
E20082,S16385,user6553@campus.edu,C6564,DHf7e4e3216009,
E20083,S35764,user6554@campus.edu,C2248,DH77071c5cf90f,
E20084,S63018,user6555@campus.edu,C5912,DH2bd7ef2f2c92,
E20085,S32018,user6556@campus.edu,C6055,DHc7d8aaed14cd,
E20086,,user6557@campus.edu,C7811,DH66d6add6575e,
E20087,S61020,user6558@campus.edu,C2871,DHb8ece96aa316,
E20088,,user6559@campus.edu,C8305,DH85051aa9be6a,
E20089,S18370,user6560@campus.edu,C9501,DH0b00ab2ad143,
E20090,,user6561@campus.edu,C1146,DH7a25784059c6,
E20091,,user6562@campus.edu,C6734,DH3e5ca71d97e9,
E20092,S51736,user6563@campus.edu,C1036,DH73ede3432b48,
E20093,S10215,user6564@campus.edu,C5166,DH2dbb3ea397ea,
E20094,,user6565@campus.edu,C9865,DH46027e2ff70f,
E20095,,user6566@campus.edu,C3828,DH7e93ae89973e,
E20096,S44638,user6567@campus.edu,C9978,DH404ba58e9c97,
E20097,S91065,user6568@campus.edu,C7472,DH6a6160203cdd,
E20098,S76224,user6569@campus.edu,C5280,DH84e4fc219604,
E20099,,user6570@campus.edu,C5559,DHb16b786d967a,
E20100,S94100,user6571@campus.edu,C8793,DH66381fb57f9a,
E20101,S65461,user6572@campus.edu,C2109,DH2caab1b839f7,
E20102,S52212,user6573@campus.edu,C5477,DHda330b26b7e4,
E20103,S37962,user6574@campus.edu,C9024,DH687444ae25b8,
E20104,S13763,user6575@campus.edu,C6570,DH9310db17f384,
E20105,S96517,user6576@campus.edu,C9759,DHa75f17e37fff,
E20106,S71478,user6577@campus.edu,C6109,DH4e4c8e3b4b35,
E20107,S89330,user6578@campus.edu,C5466,DH7b740b23a396,
E20108,S40131,user6579@campus.edu,C1912,DHf43488b192ff,
E20109,,user6580@campus.edu,C3185,DH427ce141e8e1,
E20110,S91129,user6581@campus.edu,C7276,DH93fc9c79c973,
E20111,,user6582@campus.edu,C6034,DHe5246fb02e7b,
E20112,S52815,user6583@campus.edu,C2341,DH54321dd46c9e,
E20113,S48137,user6584@campus.edu,C3122,DH2cd3237422ea,
E20114,S50737,user6585@campus.edu,C5681,DHead6945d6e56,
E20115,S46362,user6586@campus.edu,C6656,DHc79a92d2b822,
E20116,S89500,user6587@campus.edu,C4836,DH41ddf1f4dfcb,
E20117,S30640,user6588@campus.edu,C5528,DH51aa33a20eb1,
E20118,S53365,user6589@campus.edu,C1623,DHf28b3a1291b3,
E20119,,user6590@campus.edu,C4661,DHa22e77b8650c,
E20120,S30278,user6591@campus.edu,C6410,DH7405aca4498d,
E20121,S82195,user6592@campus.edu,C5758,DH978be8d056d0,
E20122,S20786,user6593@campus.edu,C9057,DH6f5247817bdf,
E20123,,user6594@campus.edu,C3869,DH5bc402b71568,
E20124,S52959,user6595@campus.edu,C3655,DHa573a7657ab4,
E20125,S98951,user6596@campus.edu,C1864,DHa47b52e2bf8a,
E20126,,user6597@campus.edu,C8170,DH4b3dc048466a,
E20127,S54890,user6598@campus.edu,C2345,DH57bfd30ec924,
E20128,S51927,user6599@campus.edu,C8696,DHc228792a0bf0,
E20129,,user6600@campus.edu,C4304,DH920db13ee449,
E20130,S53739,user6601@campus.edu,C3638,DH33bfb0e614bf,
E20131,S27149,user6602@campus.edu,C8116,DH4eb666da4dfb,
E20132,S56421,user6603@campus.edu,C3305,DH2892b7893edd,
E20133,S44532,user6604@campus.edu,C7678,DH6cc93e8f377d,
E20134,S78888,user6605@campus.edu,C9126,DH0d3ccff78ac9,
E20135,S95289,user6606@campus.edu,C7265,DH53f992d11fc2,
E20136,,user6607@campus.edu,C9316,DHedf45a28a270,
E20137,S18645,user6608@campus.edu,C8880,DH6ec23eb11461,
E20138,S36520,user6609@campus.edu,C4791,DH21031e3ad6f0,
E20139,,user6610@campus.edu,C9669,DH9488ebf91a3b,
E20140,S17106,user6611@campus.edu,C3961,DHd94b84930d44,
E20141,,user6612@campus.edu,C9852,DHb51ae112eed4,
E20142,S14117,user6613@campus.edu,C4936,DHdecbc7ed74f2,
E20143,S75361,user6614@campus.edu,C8498,DH5a5d1f03496e,
E20144,S54835,user6615@campus.edu,C8473,DH102dfe91e25a,
E20145,S53361,user6616@campus.edu,C1953,DH863ac2ebb4a2,
E20146,,user6617@campus.edu,C5097,DH6222e6fb3b79,
E20147,S24139,user6618@campus.edu,C1827,DH75125b961a50,
E20148,S51305,user6619@campus.edu,C7086,DH47cda71d361e,
E20149,,user6620@campus.edu,C5087,DHab7a0da3b000,
E20150,S50806,user6621@campus.edu,C9520,DHa47689154f5b,
E20151,S70884,user6622@campus.edu,C1374,DH685158d645d7,
E20152,S28168,user6623@campus.edu,C7923,DHffba264a25c2,
E20153,S51920,user6624@campus.edu,C3020,DH0b29f2af7c21,
E20154,,user6625@campus.edu,C2759,DH3c773efd330c,
E20155,S43420,user6626@campus.edu,C3225,DH045e8fadc535,
E20156,S32841,user6627@campus.edu,C5618,DHb0917994b388,
E20157,S32134,user6628@campus.edu,C6650,DHef4653823a11,
E20158,S76485,user6629@campus.edu,C4379,DH541ee2f2426b,
E20159,S59052,user6630@campus.edu,C9948,DH30b7b81aaaa8,
E20160,S88982,user6631@campus.edu,C2386,DHe0bd292b1ca5,
E20161,,user6632@campus.edu,C2352,DH647737cd08e1,
E20162,S86543,user6633@campus.edu,C5526,DH43f6e1580752,
E20163,S49128,user6634@campus.edu,C8087,DH9eb3d3a6cec5,
E20164,S10773,user6635@campus.edu,C1494,DHcd805941cb3a,
E20165,,user6636@campus.edu,C3559,DH1dd305a87aef,
E20166,S53284,user6637@campus.edu,C5188,DH6b722bad4569,
E20167,S87060,user6638@campus.edu,C8699,DH0352c2db575a,
E20168,S26375,user6639@campus.edu,C5935,DHe46b169c5f99,
E20169,,user6640@campus.edu,C3347,DH273e7b743acc,
E20170,S13651,user6641@campus.edu,C1938,DH6930b4a17469,
E20171,S93262,user6642@campus.edu,C9114,DH903564a2ea01,
E20172,S15622,user6643@campus.edu,C5066,DH4fb534d4f806,
E20173,S11648,user6644@campus.edu,C8984,DH01ed345bbfb7,
E20174,S60507,user6645@campus.edu,C5394,DH00538bd715a6,
E20175,S73936,user6646@campus.edu,C6657,DH4a9715f03adf,
E20176,S26449,user6647@campus.edu,C7547,DH56062c61f4fa,
E20177,S56538,user6648@campus.edu,C1855,DHd4ec50ec020f,
E20178,S19206,user6649@campus.edu,C6693,DHbae0b916eaa1,
E20179,S57815,user6650@campus.edu,C7813,DHab5563f564fa,
E20180,,user6651@campus.edu,C5940,DHdd81e214ecbd,
E20181,S60857,user6652@campus.edu,C5110,DHba2f994e6697,
E20182,S51102,user6653@campus.edu,C2956,DHdb772fc1cb90,
E20183,,user6654@campus.edu,C6475,DH8b08523942c1,
E20184,S58686,user6655@campus.edu,C2222,DHd0b5d59f7661,
E20185,S62964,user6656@campus.edu,C2103,DH239ba6418a67,
E20186,S94048,user6657@campus.edu,C8039,DH82f49af4d602,
E20187,,user6658@campus.edu,C7354,DH7af7659752ca,
E20188,S73141,user6659@campus.edu,C9314,DH81973fe83ac1,
E20189,S84927,user6660@campus.edu,C7960,DH444a4c3ecc19,
E20190,S92178,user6661@campus.edu,C1834,DH797d1f9d03fe,
E20191,S33649,user6662@campus.edu,C6694,DHb8e3379a5a98,
E20192,S40809,user6663@campus.edu,C1070,DH0d5000299f4e,
E20193,S86861,user6664@campus.edu,C1163,DHd5062e878c20,
E20194,S89421,user6665@campus.edu,C2482,DH8ce2ac849f73,
E20195,,user6666@campus.edu,C1278,DHe5c5cb7e323d,
E20196,S60896,user6667@campus.edu,C1072,DH061d9e7b7c18,
E20197,S64162,user6668@campus.edu,C4089,DH0f38a8b8418d,
E20198,S74268,user6669@campus.edu,C8451,DH61974949dd8b,
E20199,S31784,user6670@campus.edu,C9533,DHeb1f8928ad1d,
E20200,S11100,user6671@campus.edu,C1578,DH50ae3c771e2a,
E20201,S38573,user6672@campus.edu,C3088,DHe4d0b9c4c81c,
E20202,S49925,user6673@campus.edu,C7241,DH88c6ed89597b,
E20203,S54766,user6674@campus.edu,C7769,DH05ba441c67aa,
E20204,S11686,user6675@campus.edu,C4978,DH3a527daf2c8b,
E20205,S98158,user6676@campus.edu,C6398,DH2a8b08d99fb3,
E20206,,user6677@campus.edu,C4274,DH150ee12e0b09,
E20207,S75865,user6678@campus.edu,C2287,DH1408872df5f1,
E20208,S37406,user6679@campus.edu,C7411,DHa2d6cd542b45,
E20209,S95318,user6680@campus.edu,C5976,DHbb350cc68a33,
E20210,S30757,user6681@campus.edu,C7785,DHfde6127d31d9,
E20211,S11333,user6682@campus.edu,C4153,DHa46cc675ce18,
E20212,S97535,user6683@campus.edu,C5556,DH957b091a4af2,
E20213,S55224,user6684@campus.edu,C4242,DH25c33b5ef51f,
E20214,S54951,user6685@campus.edu,C3066,DH48cf7814dc46,
E20215,S86290,user6686@campus.edu,C6608,DHad72f700a256,
E20216,S75709,user6687@campus.edu,C8451,DH33bddd563186,
E20217,S26489,user6688@campus.edu,C7521,DH03a0d0fb7eb6,
E20218,S48287,user6689@campus.edu,C9877,DHf3c08de6fa94,
E20219,S88563,user6690@campus.edu,C9279,DHb66f863c8f64,
E20220,S10521,user6691@campus.edu,C2209,DH4efc2cf6d0a9,
E20221,S67896,user6692@campus.edu,C9137,DH7258c1be305c,
E20222,S62423,user6693@campus.edu,C2390,DHd57d831e7310,
E20223,S28044,user6694@campus.edu,C9325,DH3c17eb29493c,
E20224,S24224,user6695@campus.edu,C6370,DHe465dc9e8b59,
E20225,S27175,user6696@campus.edu,C5995,DHb4f6f454b329,
E20226,S34865,user6697@campus.edu,C5194,DH9edd39b7d5f8,
E20227,S61784,user6698@campus.edu,C2258,DH010a9cdb492e,
E20228,S54991,user6699@campus.edu,C6569,DHb6a342be6ef4,
E20229,S21849,user6700@campus.edu,C7021,DH6c3568ab72e4,
E20230,S77576,user6701@campus.edu,C4072,DHf94c41738180,
E20231,S87483,user6702@campus.edu,C4084,DH11b2cdf9a08d,
E20232,,user6703@campus.edu,C8531,DH79b30763cb99,
E20233,S52884,user6704@campus.edu,C4764,DHaf03cecce21f,
E20234,S80111,user6705@campus.edu,C1681,DH0a78740604ea,
E20235,S13809,user6706@campus.edu,C4661,DHf9abfeb83c88,
E20236,,user6707@campus.edu,C1186,DH67dc687752d4,
E20237,S66178,user6708@campus.edu,C4601,DH36de6adc9fa8,
E20238,,user6709@campus.edu,C5837,DH2c63a72d60f0,
E20239,S57395,user6710@campus.edu,C7889,DHaf14e8e40759,
E20240,S85930,user6711@campus.edu,C1041,DH7c70664c7635,
E20241,S74275,user6712@campus.edu,C5702,DHbcbd68edfd2f,
E20242,S14452,user6713@campus.edu,C6204,DH8fb084630556,
E20243,,user6714@campus.edu,C2243,DH648bfbc8a8a5,
E20244,S87377,user6715@campus.edu,C6598,DH55d970091a5f,
E20245,,user6716@campus.edu,C1820,DH881387702c61,
E20246,,user6717@campus.edu,C1952,DH3d299785e106,
E20247,S27904,user6718@campus.edu,C3885,DH0ce75dd3753a,
E20248,S74924,user6719@campus.edu,C9329,DH437ee340c443,
E20249,S16782,user6720@campus.edu,C6011,DH738b0316a3fa,
E20250,S26010,user6721@campus.edu,C6168,DHba9360390c3f,
E20251,S15358,user6722@campus.edu,C1419,DHeebffc321f0c,
E20252,S69080,user6723@campus.edu,C4434,DH2167487981b6,
E20253,,user6724@campus.edu,C4797,DH00d6779a177d,
E20254,S85032,user6725@campus.edu,C4800,DHdb1d45c1ad70,
E20255,S23714,user6726@campus.edu,C4451,DHdd06ab54a296,
E20256,S59540,user6727@campus.edu,C9156,DH4d8149755671,
E20257,S36362,user6728@campus.edu,C1217,DH201281fb21f4,
E20258,S93545,user6729@campus.edu,C5147,DHd15cbd50f446,
E20259,S21349,user6730@campus.edu,C1685,DHb798edaa4ae4,
E20260,S85736,user6731@campus.edu,C5813,DHa5e52387189b,
E20261,S51092,user6732@campus.edu,C8347,DHc8648de63706,
E20262,S14764,user6733@campus.edu,C4739,DHc0ecd5229365,
E20263,S99047,user6734@campus.edu,C7860,DH0deb7921277f,
E20264,,user6735@campus.edu,C3708,DHf40d0c30646b,
E20265,,user6736@campus.edu,C6074,DH7b9d0499c07a,
E20266,S82104,user6737@campus.edu,C4569,DHd41c68eceffc,
E20267,S12798,user6738@campus.edu,C9651,DH5ffd46af580f,
E20268,S31113,user6739@campus.edu,C4350,DHcab5b5830a14,
E20269,S60440,user6740@campus.edu,C7256,DHf79dbd68f76a,
E20270,S71855,user6741@campus.edu,C3005,DH7f2956cfb070,
E20271,S52690,user6742@campus.edu,C2920,DHfc64a42640be,
E20272,,user6743@campus.edu,C8698,DH85b421e15e06,
E20273,S68861,user6744@campus.edu,C7651,DHae5fd6c45675,
E20274,S97148,user6745@campus.edu,C3208,DH70e15f18bb14,
E20275,S79555,user6746@campus.edu,C8273,DHe035e4e8a159,
E20276,S75992,user6747@campus.edu,C4042,DH62107e47625e,
E20277,S59554,user6748@campus.edu,C8174,DH25b45a476b4b,
E20278,S94332,user6749@campus.edu,C3781,DHac5b266a9881,
E20279,S59545,user6750@campus.edu,C6302,DH3fb90de0d819,
E20280,S46936,user6751@campus.edu,C7786,DHc48f3fe677af,
E20281,S50524,user6752@campus.edu,C6183,DHcca6eb7fb304,
E20282,S56588,user6753@campus.edu,C8264,DH7517eced28d8,
E20283,S79709,user6754@campus.edu,C3395,DHa8b0e44487e5,
E20284,S85162,user6755@campus.edu,C1795,DH22bacdf31e7d,
E20285,S23503,user6756@campus.edu,C2838,DH838a5eb3f963,
E20286,S40437,user6757@campus.edu,C9903,DHc95d426fba78,
E20287,S47597,user6758@campus.edu,C7888,DH58a841bc3305,
E20288,S96641,user6759@campus.edu,C7778,DH17d9f01d2968,
E20289,,user6760@campus.edu,C4432,DHdccae510a563,
E20290,S52416,user6761@campus.edu,C1991,DH608ad5d479a1,
E20291,S16766,user6762@campus.edu,C5073,DH8fe4ed19091b,
E20292,S37075,user6763@campus.edu,C9855,DH9ced47d5f6a4,
E20293,S57128,user6764@campus.edu,C3267,DH1d7639d088dc,
E20294,S20109,user6765@campus.edu,C6190,DH6f2245bf3156,
E20295,,user6766@campus.edu,C9772,DH5b5603b8a1fe,
E20296,,user6767@campus.edu,C5412,DH46bd90cd58ba,
E20297,S97175,user6768@campus.edu,C9607,DH2ef8fbe9ab70,
E20298,S92829,user6769@campus.edu,C7190,DH370958d11b77,
E20299,,user6770@campus.edu,C3946,DH1fcff87d5773,
E20300,S55159,user6771@campus.edu,C5572,DHacb7e511dbb1,
E20301,S64160,user6772@campus.edu,C9627,DHc854a030e3f9,
E20302,,user6773@campus.edu,C3539,DH3293d3539cb6,
E20303,,user6774@campus.edu,C4652,DHe654170875da,
E20304,S61348,user6775@campus.edu,C4038,DHdd3dcbf1ddc3,
E20305,S22424,user6776@campus.edu,C9221,DH5fffa59a07d3,
E20306,S18444,user6777@campus.edu,C9833,DH2f249f4bba47,
E20307,S41330,user6778@campus.edu,C2401,DHda5678ba15ca,
E20308,S55502,user6779@campus.edu,C7591,DH37468925d79c,
E20309,S76202,user6780@campus.edu,C3468,DHe8a68e6ebaeb,
E20310,S90264,user6781@campus.edu,C1148,DH87138163d6c8,
E20311,S59847,user6782@campus.edu,C6902,DH97eaf718f202,
E20312,S86574,user6783@campus.edu,C8154,DHb8469e1397f2,
E20313,S17822,user6784@campus.edu,C9593,DH626968f55e5a,
E20314,,user6785@campus.edu,C7323,DHacf37e7c945d,
E20315,S16624,user6786@campus.edu,C9582,DH7a6157610673,
E20316,S32282,user6787@campus.edu,C6922,DH11e6ca01859a,
E20317,S95336,user6788@campus.edu,C5742,DHb40fc07db4d1,
E20318,,user6789@campus.edu,C2278,DH4601fe00b7cd,
E20319,S48471,user6790@campus.edu,C7347,DH15f961b6565d,
E20320,S29955,user6791@campus.edu,C9423,DHff97d1adf554,
E20321,,user6792@campus.edu,C1804,DH315b3d8adc7f,
E20322,S46868,user6793@campus.edu,C2322,DH59bd04be76f0,
E20323,,user6794@campus.edu,C4646,DH2e5252f0e205,
E20324,,user6795@campus.edu,C7751,DH007048a0b239,
E20325,S78702,user6796@campus.edu,C5491,DH5150edca7c13,
E20326,S10348,user6797@campus.edu,C9739,DH30bee214d8d4,
E20327,S29957,user6798@campus.edu,C3667,DH9bbcfe8332ae,
E20328,S93080,user6799@campus.edu,C1030,DH4caeaab2c55e,
E20329,S14769,user6800@campus.edu,C7269,DH70af0e7e4a43,
E20330,S33941,user6801@campus.edu,C7381,DH56b9ae600cb8,
E20331,S93511,user6802@campus.edu,C2702,DH2e6453994812,
E20332,S36116,user6803@campus.edu,C9374,DHe2c3f7023d71,
E20333,,user6804@campus.edu,C6116,DH9d576bcd642f,
E20334,,user6805@campus.edu,C9054,DH01e279bf469e,
E20335,S38947,user6806@campus.edu,C3416,DH112353a6bfbb,
E20336,S99560,user6807@campus.edu,C5486,DHd9e29169790e,
E20337,S35564,user6808@campus.edu,C6677,DHeaf718b6e627,
E20338,,user6809@campus.edu,C2108,DH982213408339,
E20339,S77608,user6810@campus.edu,C7141,DHff1c45972594,
E20340,S55358,user6811@campus.edu,C1498,DH465b792a6ce6,
E20341,S80895,user6812@campus.edu,C6567,DHeb1c72a9ac39,
E20342,S75485,user6813@campus.edu,C2320,DH035d80c674c6,
E20343,S56770,user6814@campus.edu,C5185,DHc89c61323882,
E20344,S31736,user6815@campus.edu,C5795,DH97ff9856874b,
E20345,S76538,user6816@campus.edu,C9992,DH77cc2810d443,
E20346,S16233,user6817@campus.edu,C9339,DH2d5380589c29,
E20347,S61442,user6818@campus.edu,C9970,DH296010a96d6d,
E20348,,user6819@campus.edu,C8046,DHcd320e5dfeee,
E20349,,user6820@campus.edu,C4735,DHbba9c2870f39,
E20350,S18304,user6821@campus.edu,C4795,DH5b43ce63e46a,
E20351,S32120,user6822@campus.edu,C6986,DH8efff9889805,
E20352,S62092,user6823@campus.edu,C3489,DH7edf5f786599,
E20353,S48756,user6824@campus.edu,C1774,DH51acc82dac6c,
E20354,S43671,user6825@campus.edu,C4448,DH21d6207a00a2,
E20355,S83681,user6826@campus.edu,C6838,DH5afa7b224823,
E20356,S78516,user6827@campus.edu,C7731,DHb93cfa810e01,
E20357,S95899,user6828@campus.edu,C5027,DHb6fac7e5e263,
E20358,S51854,user6829@campus.edu,C1333,DHc583d29e7701,
E20359,S97958,user6830@campus.edu,C9374,DHee7108d0132f,
E20360,S51281,user6831@campus.edu,C2931,DH3dbe4c1b1381,
E20361,,user6832@campus.edu,C2716,DHf68d9a5bb849,
E20362,S47871,user6833@campus.edu,C5213,DH890f20e86f76,
E20363,S24053,user6834@campus.edu,C2175,DH05ae0dba157d,
E20364,S11295,user6835@campus.edu,C1484,DH51d3eb1f944b,
E20365,S99076,user6836@campus.edu,C9259,DH407545180e9b,
E20366,S37277,user6837@campus.edu,C8845,DHd4e0415b8936,
E20367,S59419,user6838@campus.edu,C1080,DH4131c977d172,
E20368,S17608,user6839@campus.edu,C5787,DHd053ffd3a76f,
E20369,S83181,user6840@campus.edu,C2730,DHc1cd82160a1f,
E20370,S87884,user6841@campus.edu,C4452,DHe2018b8b9809,
E20371,S79924,user6842@campus.edu,C5620,DHe2d18a54b5ce,
E20372,S57843,user6843@campus.edu,C2916,DH9e224b937902,
E20373,S53071,user6844@campus.edu,C8915,DH8d02d9454c92,
E20374,S64884,user6845@campus.edu,C5745,DH13870e34c68b,
E20375,S66014,user6846@campus.edu,C4216,DHbb953b75d452,
E20376,S51300,user6847@campus.edu,C3448,DH38b821f73f00,
E20377,S41995,user6848@campus.edu,C8986,DHd4c455fd24f5,
E20378,S40151,user6849@campus.edu,C4607,DHdc995318853c,
E20379,,user6850@campus.edu,C7007,DHd603c53b428a,
E20380,S55314,user6851@campus.edu,C4083,DHe271dd81661b,
E20381,,user6852@campus.edu,C1494,DHb2a77c77bc0a,
E20382,S74072,user6853@campus.edu,C5990,DH6362f4eed451,
E20383,S36437,user6854@campus.edu,C8365,DH532bde99ce4b,
E20384,S90734,user6855@campus.edu,C1652,DH6fcb3d2c5c56,
E20385,S89056,user6856@campus.edu,C6079,DH909b77278e6c,
E20386,,user6857@campus.edu,C8384,DH74e26ce029a5,
E20387,S96943,user6858@campus.edu,C4286,DH4452d81073fc,
E20388,S62620,user6859@campus.edu,C9870,DHc96bbb0e67fe,
E20389,,user6860@campus.edu,C2794,DH24b9f6db1a00,
E20390,S38125,user6861@campus.edu,C1519,DHb811f3b8ce06,
E20391,,user6862@campus.edu,C2119,DHe1edd9fc593d,
E20392,S51979,user6863@campus.edu,C9295,DHd1173bee94e1,
E20393,S50396,user6864@campus.edu,C2149,DH7780e515a74c,
E20394,S67626,user6865@campus.edu,C7874,DHe6dc5e82db7e,
E20395,,user6866@campus.edu,C8816,DH3ed54ad59ba9,
E20396,,user6867@campus.edu,C2927,DH04108188cfb0,
E20397,S94061,user6868@campus.edu,C9749,DH749177f596f0,
E20398,,user6869@campus.edu,C2048,DH2dfa8d62c8a6,
E20399,S48299,user6870@campus.edu,C2637,DHd3b304c40351,
E20400,S35336,user6871@campus.edu,C8621,DH0bc2a9872e05,
E20401,S38115,user6872@campus.edu,C8466,DH94b1f71ec61e,
E20402,S58288,user6873@campus.edu,C7611,DHb36408fc0489,
E20403,S67043,user6874@campus.edu,C5185,DHd4b7cd2f23fd,
E20404,S45518,user6875@campus.edu,C6004,DHa8cfa86fe41d,
E20405,S14746,user6876@campus.edu,C8283,DH408b2937aee8,
E20406,S26126,user6877@campus.edu,C1834,DH9c9dc6a23216,
E20407,,user6878@campus.edu,C8967,DHd9aa27053c5a,
E20408,S33129,user6879@campus.edu,C9246,DH5c7349d026c2,
E20409,S45045,user6880@campus.edu,C5237,DH84c40f7e0454,
E20410,S29556,user6881@campus.edu,C7141,DH3deabdeab230,
E20411,S63876,user6882@campus.edu,C7682,DH2607478f6e2e,
E20412,S76680,user6883@campus.edu,C8560,DH55614e87a99b,
E20413,,user6884@campus.edu,C1980,DHb35d667905df,
E20414,,user6885@campus.edu,C1903,DH04ee857b40d7,
E20415,S52442,user6886@campus.edu,C4195,DH98d51f9f46e7,
E20416,S72320,user6887@campus.edu,C5742,DH8903fb4c4d7d,
E20417,S55900,user6888@campus.edu,C7177,DH53712c1721df,
E20418,S23055,user6889@campus.edu,C7701,DH8494fe66331e,
E20419,S72953,user6890@campus.edu,C1009,DHa4fcfff70d70,
E20420,,user6891@campus.edu,C8679,DHa49cc428f08e,
E20421,S11215,user6892@campus.edu,C7724,DH4fb623a29fcc,
E20422,,user6893@campus.edu,C1385,DH3d0fb57f9ed6,
E20423,S73842,user6894@campus.edu,C7671,DH161e79b3b813,
E20424,S67462,user6895@campus.edu,C1567,DH195ecf3386cc,
E20425,S61939,user6896@campus.edu,C4803,DHbe0655a6e926,
E20426,S65182,user6897@campus.edu,C5468,DH8174cf5f8574,
E20427,S47061,user6898@campus.edu,C7290,DH3beb4df1b754,
E20428,S99398,user6899@campus.edu,C4345,DHd351410d220c,
E20429,S51978,user6900@campus.edu,C6749,DH79326d99c769,
E20430,S41137,user6901@campus.edu,C5216,DH3e0c4e5e0a61,
E20431,,user6902@campus.edu,C3212,DH5f30bd20d7a7,
E20432,,user6903@campus.edu,C8134,DH348dff5e0dfb,
E20433,S52509,user6904@campus.edu,C4838,DH246bdba9982f,
E20434,S63985,user6905@campus.edu,C5547,DH1accd1b8c633,
E20435,S75611,user6906@campus.edu,C8116,DHa5993fd134aa,
E20436,S57932,user6907@campus.edu,C2110,DH9d09c68bfefd,
E20437,S69386,user6908@campus.edu,C4675,DHd9d686f600fb,
E20438,S83127,user6909@campus.edu,C7305,DHe5709b3e0cd9,
E20439,S27482,user6910@campus.edu,C7697,DHf53c21ea16d8,
E20440,S11459,user6911@campus.edu,C6698,DH86e6fc1d98e0,
E20441,S91644,user6912@campus.edu,C7119,DHe692aa4f9d31,
E20442,S44987,user6913@campus.edu,C5739,DH35ebe947af1b,
E20443,S98294,user6914@campus.edu,C9948,DH33e69eac4ba1,
E20444,S83572,user6915@campus.edu,C7506,DH8c07938a7caa,
E20445,,user6916@campus.edu,C1408,DH6436c8260a0e,
E20446,S97229,user6917@campus.edu,C6666,DH1fd406f438f8,
E20447,S68554,user6918@campus.edu,C6951,DH7c91ae4f7ba2,
E20448,S42828,user6919@campus.edu,C6481,DH36a2d9ec4588,
E20449,,user6920@campus.edu,C4242,DH3ed3ed1b6c9c,
E20450,,user6921@campus.edu,C1325,DHdf32d7cd5616,
E20451,,user6922@campus.edu,C4233,DH97b29660646c,
E20452,S46337,user6923@campus.edu,C7171,DH0c20d2f96ff3,
E20453,S53959,user6924@campus.edu,C5067,DHd567ed5ac44d,
E20454,S68936,user6925@campus.edu,C1641,DHf3d808bd1117,
E20455,,user6926@campus.edu,C9651,DHfe079308144b,
E20456,S19476,user6927@campus.edu,C9769,DH50a053fb23bd,
E20457,S88786,user6928@campus.edu,C5113,DHb1028f4230d1,
E20458,S82588,user6929@campus.edu,C2956,DH036261d884d5,
E20459,S88836,user6930@campus.edu,C5091,DH1f3342e556e4,
E20460,S52418,user6931@campus.edu,C9437,DH50bbb1abd798,
E20461,S53214,user6932@campus.edu,C9320,DHce03feb1e495,
E20462,S35243,user6933@campus.edu,C4549,DH7e2fb154f982,
E20463,S82465,user6934@campus.edu,C2840,DHabf067c94f83,
E20464,S54731,user6935@campus.edu,C9490,DH217b290b0292,
E20465,S23849,user6936@campus.edu,C4865,DH1e2f3c37e7f5,
E20466,S84500,user6937@campus.edu,C5971,DH17f391a52ae5,
E20467,,user6938@campus.edu,C5761,DHbf740adc1400,
E20468,,user6939@campus.edu,C2880,DH5ae8092d5ac9,
E20469,S61975,user6940@campus.edu,C3600,DHf63b617ba137,
E20470,,user6941@campus.edu,C5316,DHeda9b6130c4d,
E20471,S60959,user6942@campus.edu,C1073,DH3c9000efe38e,
E20472,S20359,user6943@campus.edu,C5255,DH8c7427fc7523,
E20473,S74937,user6944@campus.edu,C2965,DH9ea4b53b17bf,
E20474,S92800,user6945@campus.edu,C2581,DH563aa7023181,
E20475,S91739,user6946@campus.edu,C6658,DHcf0f76ed452f,
E20476,S84686,user6947@campus.edu,C7489,DH637c3a81ec44,
E20477,S15172,user6948@campus.edu,C9656,DH65a1b793b848,
E20478,,user6949@campus.edu,C3132,DH8924c722dac6,
E20479,S45548,user6950@campus.edu,C9015,DH4ee1bbf676c5,
E20480,S64161,user6951@campus.edu,C2617,DHc2a67e43a7f8,
E20481,S74226,user6952@campus.edu,C5117,DH8dade9a15b09,
E20482,S11746,user6953@campus.edu,C6290,DHf38fe488ccf8,
E20483,S14736,user6954@campus.edu,C9488,DHf59dec29ac02,
E20484,S28449,user6955@campus.edu,C8763,DH28f89b3e704b,
E20485,S76839,user6956@campus.edu,C3047,DH6d7183060eb6,
E20486,S60210,user6957@campus.edu,C7109,DH98ada66150a1,
E20487,S97071,user6958@campus.edu,C7795,DH26ec87899c36,
E20488,S28200,user6959@campus.edu,C4932,DH1774a9d03397,
E20489,S71605,user6960@campus.edu,C6578,DHb877717dd0f5,
E20490,S90350,user6961@campus.edu,C6642,DH9975108469fb,
E20491,,user6962@campus.edu,C3198,DHcadce062d154,
E20492,S75160,user6963@campus.edu,C2321,DH45ccb0fc70cf,
E20493,S57560,user6964@campus.edu,C1290,DH0ff2cbe12e55,
E20494,S47521,user6965@campus.edu,C5382,DH764659a444f8,
E20495,S46382,user6966@campus.edu,C2564,DH3f6032323ab5,
E20496,S38437,user6967@campus.edu,C4051,DHae7b7f76d941,
E20497,,user6968@campus.edu,C8678,DHacc91f285814,
E20498,,user6969@campus.edu,C5210,DH8a95721ba86b,
E20499,S16781,user6970@campus.edu,C2598,DH516d51eef743,
E20500,S40207,user6971@campus.edu,C9344,DHf9a4fd7cc46a,
E20501,S32730,user6972@campus.edu,C7459,DH4f66641e6965,
E20502,S71443,user6973@campus.edu,C8793,DHb3745b583e8a,
E20503,S47028,user6974@campus.edu,C3334,DH2ffc14a3e47f,
E20504,S90735,user6975@campus.edu,C3124,DH8b817bc35920,
E20505,S72507,user6976@campus.edu,C8389,DH559032df5351,
E20506,S68445,user6977@campus.edu,C6555,DH50afc3a4cdba,
E20507,,user6978@campus.edu,C2635,DHe5f245e201e4,
E20508,S39789,user6979@campus.edu,C7200,DH4510eeba6dce,
E20509,S80022,user6980@campus.edu,C9014,DH4df44b9de3b9,
E20510,,user6981@campus.edu,C5675,DHd7aae07cbe72,
E20511,,user6982@campus.edu,C9240,DH0d9aac61f577,
E20512,S17337,user6983@campus.edu,C7280,DHc706ddcd57c1,
E20513,S78973,user6984@campus.edu,C6576,DH10ecadbc1737,
E20514,S29688,user6985@campus.edu,C6197,DHa847ea4118de,
E20515,S97184,user6986@campus.edu,C8769,DH6a6b73f8bd5d,
E20516,S94521,user6987@campus.edu,C8409,DH4a04fbf3a868,
E20517,S77735,user6988@campus.edu,C8119,DHd67f59562228,
E20518,S39468,user6989@campus.edu,C6334,DHaa4071960576,
E20519,S86778,user6990@campus.edu,C3212,DH2c996aa855e5,
E20520,S67439,user6991@campus.edu,C3833,DHdb4e45dcf4a8,
E20521,,user6992@campus.edu,C5600,DHbe4ee2685d48,
E20522,S65380,user6993@campus.edu,C3255,DH88eefacad502,
E20523,S59685,user6994@campus.edu,C6784,DHdbc338d633c8,
E20524,,user6995@campus.edu,C2407,DH83582c08825c,
E20525,S27713,user6996@campus.edu,C1333,DH0ac031caf1ce,
E20526,S13046,user6997@campus.edu,C1494,DHa16ed29e861c,
E20527,S97530,user6998@campus.edu,C7819,DHd7edc90552b0,
E20528,S21246,user6999@campus.edu,C6272,DH55d60f2574a3,
E20529,,,,DH6034d82be28b,
E20530,,,,DHbb3a8ccad22b,
E20531,,,,DH791defaaf163,
E20532,,,,DH19babb55cc1f,
E20533,,,,DH7fa70efe3b51,
E20534,,,,DHff9a91102bc2,
E20535,,,,DH13aa5d122330,
E20536,,,,DHef960e2685e9,
E20537,,,,DHc2483e22b344,
E20538,,,,DH8b817b5d9f90,
E20539,,,,DH19eeb8d20bf9,
E20540,,,,DHd4be9f5e0119,
E20541,,,,DH20928a69025e,
E20542,,,,DH09b71f683e46,
E20543,,,,DH02a167d2769d,
E20544,,,,DH0214d1e9d9c5,
E20545,,,,DHf26a691e8d6d,
E20546,,,,DHc913ab24c56b,
E20547,,,,DH318f03f8ea59,
E20548,,,,DHb3018d81f978,
E20549,,,,DHbd69f807f836,
E20550,,,,DH80189a223ed0,
E20551,,,,DH456fd6c668e1,
E20552,,,,DHdaf9d842a43f,
E20553,,,,DHe41d8fe5ce1a,
E20554,,,,DH629a1230282f,
E20555,,,,DH62dfaf952051,
E20556,,,,DH0ed6fd611e28,
E20557,,,,DH28b2c13eeaa2,
E20558,,,,DH02f504c7bbb6,
E20559,,,,DH96df2f1060e5,
E20560,,,,DH7d707fcc6be1,
E20561,,,,DHd7bdf4b5f57a,
E20562,,,,DHe9240fc91e5e,
E20563,,,,DHf01f773a141d,
E20564,,,,DHaa3e9e176acc,
E20565,,,,DH8ba870fad9ad,
E20566,,,,DH82bc94441d0e,
E20567,,,,DH7d9de3bc0b0e,
E20568,,,,DHf7b8f45502bc,
E20569,,,,DHecb233ef282c,
E20570,,,,DH2e5e64f29e84,
E20571,,,,DHde43062f6244,
E20572,,,,DH0a99258b183c,
E20573,,,,DHb353ca84029b,
E20574,,,,DHb2a455c206c3,
E20575,,,,DH611df712ca13,
E20576,,,,DHf0ac66c5c678,
E20577,,,,DH75811f1db685,
E20578,,,,DH13824ad25ea2,
E20579,,,,DHd34648f20aeb,
E20580,,,,DH1a22f58efb36,
E20581,,,,DH724933e2b7a1,
E20582,,,,DH232a74f19a7c,
E20583,,,,DH9419d73feb5d,
E20584,,,,DH60229df12ab6,
E20585,,,,DH4b73e3e10bef,
E20586,,,,DH372e3d8eab3e,
E20587,,,,DH5ec1e2425a18,
E20588,,,,DH7f4bdad52f64,
E20589,,,,DHd02630d838b0,
E20590,,,,DH63b7839f642d,
E20591,,,,DH81caf10d7ac3,
E20592,,,,DH2ad15bf9d35e,
E20593,,,,DHdce80d97f284,
E20594,,,,DH858fc0eaa5ee,
E20595,,,,DHcd47a7ed8e9d,
E20596,,,,DHad1210ac4f92,
E20597,,,,DH14b4c1e890dc,
E20598,,,,DHa85d93cf1f47,
E20599,,,,DH9bd89e28d21b,
E20600,,,,DHd7c206f824fe,
E20601,,,,DH987ac1227362,
E20602,,,,DH220c0586619b,
E20603,,,,DH810f79f56f99,
E20604,,,,DH357924be4054,
E20605,,,,DH25d436e7119f,
E20606,,,,DHc2b1d269f863,
E20607,,,,DH50ad19c0198d,
E20608,,,,DH8778d8cb520e,
E20609,,,,DH4eb666da4dfb,
E20610,,,,DH94a641994c98,
E20611,,,,DH2ffc14a3e47f,
E20612,,,,DHd371b2d5abf2,
E20613,,,,DHfe424b3411ec,
E20614,,,,DHf057ab89a2a8,
E20615,,,,DH3717bc2d3082,
E20616,,,,DH3f8949e88d34,
E20617,,,,DH46cc5578fb9b,
E20618,,,,DH9d0bb6670b3d,
E20619,,,,DH7137218a5d19,
E20620,,,,DH879a825a5334,
E20621,,,,DHf67c1dedff15,
E20622,,,,DHca053d744595,
E20623,,,,DHf3699d462a06,
E20624,,,,DH3e50385e4a3a,
E20625,,,,DH9103004630d7,
E20626,,,,DHd036ce20370b,
E20627,,,,DHd751dbc4eb30,
E20628,,,,DH7d127fcb2c36,
E20629,,,,DH1e021d4011bd,
E20630,,,,DH0b289e12ed35,
E20631,,,,DH566f20bb5e10,
E20632,,,,DHa943445558b4,
E20633,,,,DHc56300985b37,
E20634,,,,DH6c91d2301cab,
E20635,,,,DH2538c7166511,
E20636,,,,DH9821bc5ed6a0,
E20637,,,,DH129f84f374e8,
E20638,,,,DH9d7ff1751565,
E20639,,,,DHe01e8b6476eb,
E20640,,,,DH05ae0dba157d,
E20641,,,,DH5cb8f11083cc,
E20642,,,,DH763f4a9cf4f3,
E20643,,,,DH61ad2e1babc6,
E20644,,,,DH31666b03fedb,
E20645,,,,DHf52a5865c4f2,
E20646,,,,DH261716a25bb5,
E20647,,,,DH2053f9d0836a,
E20648,,,,DH429ce07f93f3,
E20649,,,,DH43939c65353c,
E20650,,,,DHd879a26fdc8a,
E20651,,,,DHb56cd1f72c24,
E20652,,,,DH1130251b663d,
E20653,,,,DHa92910cd99d2,
E20654,,,,DH7b90b2296c8a,
E20655,,,,DH8c6c0e438857,
E20656,,,,DH47cda71d361e,
E20657,,,,DHec9ee1ab5d34,
E20658,,,,DH8f4d4a41f7be,
E20659,,,,DH1e88fb8b2833,
E20660,,,,DHa043481a930c,
E20661,,,,DH76dd4a6801b4,
E20662,,,,DHa1f3d606725e,
E20663,,,,DH16926a110015,
E20664,,,,DHd91b1a3789fa,
E20665,,,,DH7e2fb154f982,
E20666,,,,DH4f8ad378dadf,
E20667,,,,DH4068c6d92357,
E20668,,,,DHf96fba2efc48,
E20669,,,,DHfc291708a998,
E20670,,,,DHd85c1145433b,
E20671,,,,DH823c174f2306,
E20672,,,,DH3cf74e1e0b58,
E20673,,,,DH4964e1b9c0de,
E20674,,,,DHa918844403b0,
E20675,,,,DH007048a0b239,
E20676,,,,DH8fdb9871a161,
E20677,,,,DH42fd1d65c55b,
E20678,,,,DHc00f9f87cc59,
E20679,,,,DH6d9b425722e7,
E20680,,,,DH1b0c7eee91e2,
E20681,,,,DH083d740a17f7,
E20682,,,,DH7d2513626f8f,
E20683,,,,DH6bca18059103,
E20684,,,,DH905705a1a0d0,
E20685,,,,DH53a5b93cf46a,
E20686,,,,DHeaecb01685d8,
E20687,,,,DHf595bd63624f,
E20688,,,,DHc47c27e2e437,
E20689,,,,DHb6270f4683a2,
E20690,,,,DH207c3c22126a,
E20691,,,,DH166ff6ca1ec1,
E20692,,,,DH75aa8bcc5beb,
E20693,,,,DH6a0129b3bc06,
E20694,,,,DH1b023baa9dab,
E20695,,,,DHc35bb6f4a67a,
E20696,,,,DHbf9a13fae6d6,
E20697,,,,DH85434d9a4697,
E20698,,,,DHaeb0bf069ecd,
E20699,,,,DHafec452f1408,
E20700,,,,DHcb75776b73f5,
E20701,,,,DH0fa7c639f5d6,
E20702,,,,DHf64a66ad48f5,
E20703,,,,DH3da533f29b5b,
E20704,,,,DHb3deb2601c65,
E20705,,,,DH7517eced28d8,
E20706,,,,DH949af553821e,
E20707,,,,DHfd6e52939206,
E20708,,,,DHc16b7663db6d,
E20709,,,,DH4e2c7ceae4f4,
E20710,,,,DH75a0afe0f55f,
E20711,,,,DH75fafe839c0a,
E20712,,,,DHa743dd5d26fe,
E20713,,,,DH84e4fc219604,
E20714,,,,DH1ed76ee2bb05,
E20715,,,,DH2c080a32940a,
E20716,,,,DH760c4ee0388b,
E20717,,,,DH78b72e36dbeb,
E20718,,,,DH25bdc0016728,
E20719,,,,DH07ff0f4fbc1b,
E20720,,,,DHfecb88f9c097,
E20721,,,,DH5b5603b8a1fe,
E20722,,,,DH65c0b136eaf3,
E20723,,,,DHa11928396926,
E20724,,,,DHd2da0edc3f0a,
E20725,,,,DHeea3f8b267e5,
E20726,,,,DHf94c1bd3e5ac,
E20727,,,,DH08efbc33ba6e,
E20728,,,,DH7b28bc029ab8,
E20729,,,,DHf87649d47526,
E20730,,,,DH8b2597cae823,
E20731,,,,DHb0c5b39d6cc9,
E20732,,,,DH3f3d0e90dc9c,
E20733,,,,DH28bc0ac6923c,
E20734,,,,DHf0920382a3b5,
E20735,,,,DH5525d4b82be2,
E20736,,,,DH0cea315c484d,
E20737,,,,DH2480ce809539,
E20738,,,,DH98759b4ad31f,
E20739,,,,DH493069bddc73,
E20740,,,,DH28d07ea86c54,
E20741,,,,DH72bb0487cc0e,
E20742,,,,DH3fecaff6f81c,
E20743,,,,DH6b2c826a794e,
E20744,,,,DHdb4e45dcf4a8,
E20745,,,,DH3a8964df6db1,
E20746,,,,DH0ef6e5300aee,
E20747,,,,DH98c2bf5639bd,
E20748,,,,DHe8f89d12d952,
E20749,,,,DH48fd9bf8519b,
E20750,,,,DH9321f38f830f,
E20751,,,,DH1a73938b1fd9,
E20752,,,,DHc521d0cdc0e9,
E20753,,,,DH2c8115514d81,
E20754,,,,DH38a85532d42f,
E20755,,,,DHc14716be8375,
E20756,,,,DH26c71ab975fc,
E20757,,,,DH903b3aa6b7ef,
E20758,,,,DHcf09aec8ba43,
E20759,,,,DH463fc2dbfb03,
E20760,,,,DH480ca7b2f8a6,
E20761,,,,DH756daae51244,
E20762,,,,DH52a0c3d7a78d,
E20763,,,,DH7d17dd441b3e,
E20764,,,,DHbd63ce921d90,
E20765,,,,DHbd02f8a3d4aa,
E20766,,,,DH4fc4d7c458f7,
E20767,,,,DHd9d686f600fb,
E20768,,,,DH36e98023fcbb,
E20769,,,,DHac46c8c98118,
E20770,,,,DHfec8bca5c82f,
E20771,,,,DH5afbded4d3ed,
E20772,,,,DH041e5ad886ce,
E20773,,,,DH4be84e18bf85,
E20774,,,,DHd7cf0790c902,
E20775,,,,DHf30589b80177,
E20776,,,,DH14938e9bc1f7,
E20777,,,,DHa46cc675ce18,
E20778,,,,DH3d8e535a8c1d,
E20779,,,,DHdb6d3c2f3d4b,
E20780,,,,DHbf15237a63f0,
E20781,,,,DH8051699d82e3,
E20782,,,,DHffc62b5af0d3,
E20783,,,,DH20495d5d3347,
E20784,,,,DH21c6e90e56e8,
E20785,,,,DH8856b4ad0ba7,
E20786,,,,DHb5a3746579d4,
E20787,,,,DH599ba7a1d99d,
E20788,,,,DH29c0565a6ce0,
E20789,,,,DHcef4c7910f21,
E20790,,,,DHeb2b4a71502e,
E20791,,,,DH3aa481a79e6f,
E20792,,,,DH883b746da211,
E20793,,,,DHdd9a377265d7,
E20794,,,,DH59fd9a995a02,
E20795,,,,DHc1d8783305b5,
E20796,,,,DHcfd4c126d84e,
E20797,,,,DH0663782f1faa,
E20798,,,,DHe33017dd18a3,
E20799,,,,DHbf84b7d33eb1,
E20800,,,,DHf2aba695d0c0,
E20801,,,,DH4a04fbf3a868,
E20802,,,,DH012c43881a11,
E20803,,,,DHb3b62f662638,
E20804,,,,DHa6954da2fb61,
E20805,,,,DHe6628871fa44,
E20806,,,,DH4282e63be58b,
E20807,,,,DH246e9f7c7763,
E20808,,,,DH06a692fd15ef,
E20809,,,,DHae7b7f76d941,
E20810,,,,DH5dd5474c9674,
E20811,,,,DH6064fa0860ba,
E20812,,,,DH57c256d9f92c,
E20813,,,,DH0d7fa743052a,
E20814,,,,DH357153bda5d6,
E20815,,,,DH7e561133a30f,
E20816,,,,DH5fc92c263a5c,
E20817,,,,DHe6f0a9d950a1,
E20818,,,,DHbd348054d798,
E20819,,,,DH4ec869727f2d,
E20820,,,,DHeb0d11778636,
E20821,,,,DHd143c9f24dab,
E20822,,,,DH4941fe20467a,
E20823,,,,DH80321ae5adfe,
E20824,,,,DHcd4a137bd167,
E20825,,,,DH082bf464ab6e,
E20826,,,,DHb0d8e1439b2a,
E20827,,,,DH27ca1b99dce6,
E20828,,,,DH47e0632203ca,
E20829,,,,DH12ac8e17d215,
E20830,,,,DH620d703f1276,
E20831,,,,DH38267539ab13,
E20832,,,,DH1e16b8032f52,
E20833,,,,DHb990ee353147,
E20834,,,,DHe18ef28915ac,
E20835,,,,DH0a3e822e098b,
E20836,,,,DH000de88e0255,
E20837,,,,DHd69eb7a9ade4,
E20838,,,,DH3e637e2cf3ba,
E20839,,,,DH2a7313cea45a,
E20840,,,,DH564484ff1b00,
E20841,,,,DHf17bbd05cb6d,
E20842,,,,DH6881c87c2d1d,
E20843,,,,DH12b30ceabec1,
E20844,,,,DH9f06cfbb4f73,
E20845,,,,DH907e7cb4e09a,
E20846,,,,DH9e786f8dffcf,
E20847,,,,DH2c207ac6facf,
E20848,,,,DHdb96d7346870,
E20849,,,,DH4ad2dac55308,
E20850,,,,DH5b26dda25972,
E20851,,,,DH14b8a96154be,
E20852,,,,DHfbe175c6380d,
E20853,,,,DH293f3de9eaf1,
E20854,,,,DHda9bbb8a6821,
E20855,,,,DHbd6cbb05a7f0,
E20856,,,,DHb0f589b3e881,
E20857,,,,DHf8088761ec40,
E20858,,,,DHe40757477d12,
E20859,,,,DH147fb94be941,
E20860,,,,DH46c4baf82731,
E20861,,,,DHf51f1de32cdc,
E20862,,,,DHfed368e41da3,
E20863,,,,DH0c20d2f96ff3,
E20864,,,,DH6808a42d4bda,
E20865,,,,DHa17a6866a531,
E20866,,,,DHbdc93cb33f4a,
E20867,,,,DH404ba58e9c97,
E20868,,,,DH1b3083c94f75,
E20869,,,,DHafe9ab46addd,
E20870,,,,DHefa8569e0e4f,
E20871,,,,DH6c3289edb578,
E20872,,,,DH4449e661276c,
E20873,,,,DH14dee9c92ecd,
E20874,,,,DHbdcb9abdf4ae,
E20875,,,,DH25f9130bdd63,
E20876,,,,DHd47c4725824b,
E20877,,,,DHc8cf4eb18bc9,
E20878,,,,DHf4b54a6b2dcd,
E20879,,,,DH52e07d524e98,
E20880,,,,DH4f009b38813c,
E20881,,,,DHaad35d176505,
E20882,,,,DH5b43ce63e46a,
E20883,,,,DH800a6509b348,
E20884,,,,DH3fb7794558d3,
E20885,,,,DHd8848f86146d,
E20886,,,,DHa234134b74ab,
E20887,,,,DH427ce141e8e1,
E20888,,,,DH941893c94c68,
E20889,,,,DH526812b9a15b,
E20890,,,,DH8e09de01e8ae,
E20891,,,,DH59c1e8e016ba,
E20892,,,,DH57bfd30ec924,
E20893,,,,DH28e32403976d,
E20894,,,,DH21c14cb4eb90,
E20895,,,,DHdac829ca23e6,
E20896,,,,DH4d7c661bf7fd,
E20897,,,,DH29c23c85e216,
E20898,,,,DH3dd45db2c5aa,
E20899,,,,DH5fe46d3c548f,
E20900,,,,DHf91691ef1e52,
E20901,,,,DH81e79b838050,
E20902,,,,DH361653677d22,
E20903,,,,DH91c9a35632b7,
E20904,,,,DH86c5b2fc35e4,
E20905,,,,DH6310a8e075a3,
E20906,,,,DH6925a65c7830,
E20907,,,,DH553e6a33834d,
E20908,,,,DHdd61decd216e,
E20909,,,,DH342f166a5646,
E20910,,,,DH683fbafbd273,
E20911,,,,DH541ee2f2426b,
E20912,,,,DHc0df85264510,
E20913,,,,DH2c8c62869354,
E20914,,,,DH41411839cd02,
E20915,,,,DH492f20588a6f,
E20916,,,,DHd124aa3ba525,
E20917,,,,DH3c1f3719e7cf,
E20918,,,,DH444a4686e697,
E20919,,,,DH2dc30d93779c,
E20920,,,,DHf10ba16c3a80,
E20921,,,,DH4b1c635b1597,
E20922,,,,DHcfa9d2af2b6c,
E20923,,,,DH3bb1abc14faf,
E20924,,,,DH39c7a26a1971,
E20925,,,,DHcb5481cf8209,
E20926,,,,DH0868976c0b3d,
E20927,,,,DH2dcb99f074ff,
E20928,,,,DH5cf2f576ee93,
E20929,,,,DH0528e09a4d47,
E20930,,,,DHb077e3956ad5,
E20931,,,,DHf7d46c0427ff,
E20932,,,,DHb7dfaa9b981a,
E20933,,,,DHdbe0cb6d1ebb,
E20934,,,,DH4c20fde9b141,
E20935,,,,DHbfc3b927098c,
E20936,,,,DH28d0d3c42d60,
E20937,,,,DH4c6e0010a4ec,
E20938,,,,DH6ace95f4e0c6,
E20939,,,,DH1c938b9ee537,
E20940,,,,DHa9b08dc8de3b,
E20941,,,,DH7de8d8537af5,
E20942,,,,DHb0494e022a8c,
E20943,,,,DHbd3f0a5eb234,
E20944,,,,DH803b7b55e683,
E20945,,,,DHef9c60c68354,
E20946,,,,DH4882397aaeb0,
E20947,,,,DH45235986226f,
E20948,,,,DH94b1f71ec61e,
E20949,,,,DH8fe4ed19091b,
E20950,,,,DH5fc4e38e1d4b,
E20951,,,,DH3ab7414fa433,
E20952,,,,DHecff428636fe,
E20953,,,,DHe7b0f1289a7e,
E20954,,,,DH82ae96b93173,
E20955,,,,DH4135305b3643,
E20956,,,,DH3319667e7b2f,
E20957,,,,DH4305d3fc9bbb,
E20958,,,,DH36ad30105f43,
E20959,,,,DH9e33aacca93f,
E20960,,,,DH8d6e62b10776,
E20961,,,,DH2175631838a4,
E20962,,,,DH1db2bf1eea04,
E20963,,,,DHd2e4e81152a4,
E20964,,,,DH5a3e8316e213,
E20965,,,,DH776a68bc18b6,
E20966,,,,DHea1fbb6dd03b,
E20967,,,,DH186f9176da38,
E20968,,,,DHc79a4e3a97c7,
E20969,,,,DHe620d1f4cd0b,
E20970,,,,DH4e2504101e95,
E20971,,,,DH9103a9a7f6ac,
E20972,,,,DH101caa67b506,
E20973,,,,DH263487c5089e,
E20974,,,,DHdbfb6d31552f,
E20975,,,,DH5738c12ac533,
E20976,,,,DH4fc786be41fb,
E20977,,,,DHa60c4047cc26,
E20978,,,,DHccc1dfe3e403,
E20979,,,,DH2a730acc2c28,
E20980,,,,DH410aa2461859,
E20981,,,,DHf09e1dcdfdff,
E20982,,,,DH9a0ef4b0d7c4,
E20983,,,,DHe29116ab2608,
E20984,,,,DHf2be360d2345,
E20985,,,,DHb0b5fc13253c,
E20986,,,,DH1727461ca98b,
E20987,,,,DHd853a2bb686f,
E20988,,,,DH0220c45583ab,
E20989,,,,DH1556f972eebb,
E20990,,,,DHeebffc321f0c,
E20991,,,,DH1c3e4ce20b33,
E20992,,,,DHb62b9156cb78,
E20993,,,,DHc71e981b09bb,
E20994,,,,DH281b2c0f2a41,
E20995,,,,DH3c773efd330c,
E20996,,,,DH3beb4df1b754,
E20997,,,,DH3d0fb57f9ed6,
E20998,,,,DH101c11a65993,
E20999,,,,DHf51aacbcbf5d,
E21000,,,,DHbbfa071a0d74,
E21001,,,,DHd608b6554d51,
E21002,,,,DH50d350f4f13c,
E21003,,,,DHe692aa4f9d31,
E21004,,,,DHde06b51f3902,
E21005,,,,DH07ce344a618e,
E21006,,,,DH199e7c8674b6,
E21007,,,,DH549e15118606,
E21008,,,,DHac89bfb16385,
E21009,,,,DH3c1cc359285e,
E21010,,,,DH157aa06e7e8e,
E21011,,,,DHd1173bee94e1,
E21012,,,,DH00468d8c0d44,
E21013,,,,DH8f36c5bca1d8,
E21014,,,,DHdb6bdd8e5a7a,
E21015,,,,DH6ebe2e5f8336,
E21016,,,,DHa0479ef89ae0,
E21017,,,,DHe8200c5d21c2,
E21018,,,,DH454550ad8325,
E21019,,,,DH1d2dc5e27ffc,
E21020,,,,DH10ec66417451,
E21021,,,,DHc9b688fbed77,
E21022,,,,DH57d4942795d7,
E21023,,,,DH7ef1647bb59b,
E21024,,,,DH4bd421a746ff,
E21025,,,,DHeee37ef56987,
E21026,,,,DHc0b50a32a401,
E21027,,,,DH173a7af43974,
E21028,,,,DHd83c4e38ffa1,
E21029,,,,DH87506bc5a053,
E21030,,,,DH9f93f9f1257e,
E21031,,,,DHc91d2decb898,
E21032,,,,DH967ec3dd6670,
E21033,,,,DH784a3ec0c2c6,
E21034,,,,DHf866c15c2d2a,
E21035,,,,DH8a7f1125bc7d,
E21036,,,,DHb2d4689be040,
E21037,,,,DHb06519a77c89,
E21038,,,,DHb4dbd91a7040,
E21039,,,,DHa50dee25645e,
E21040,,,,DH85d6fcc5d542,
E21041,,,,DHd4c1134e184b,
E21042,,,,DH15149b2545a0,
E21043,,,,DH7c88e57bf4e5,
E21044,,,,DHadf946d0b6e1,
E21045,,,,DH74f3dc2315a2,
E21046,,,,DH6bac7256642d,
E21047,,,,DHcf659a83f081,
E21048,,,,DH99e642e20cd5,
E21049,,,,DHdc3d0b439483,
E21050,,,,DH7e67fbfa57d7,
E21051,,,,DH5e600a9744cf,
E21052,,,,DH7a8b1e6cc153,
E21053,,,,DHab36a6e25a99,
E21054,,,,DH8c6494b3e189,
E21055,,,,DH4b54d0b40e12,
E21056,,,,DH289bf83969f9,
E21057,,,,DH2ef0ba15094a,
E21058,,,,DHdc5c01786640,
E21059,,,,DH695ad2566eb2,
E21060,,,,DHd5a452cf9086,
E21061,,,,DHf9d6e94ce961,
E21062,,,,DHae26b2d165bb,
E21063,,,,DH749a73f86b0c,
E21064,,,,DH4aec9cd55ff5,
E21065,,,,DHd358d085fab7,
E21066,,,,DH421b323eda27,
E21067,,,,DH1c72a2c705dc,
E21068,,,,DHe477eb145fc7,
E21069,,,,DH59b78472c880,
E21070,,,,DH83259ac84008,
E21071,,,,DH624682f9d342,
E21072,,,,DHbc9214f60665,
E21073,,,,DH639994d4f729,
E21074,,,,DH46463f7f53d0,
E21075,,,,DH759af6b187d7,
E21076,,,,DH6b52004ba398,
E21077,,,,DHa4b5b65d1558,
E21078,,,,DHc54b2bb1c1d6,
E21079,,,,DHfed48b01ecfc,
E21080,,,,DH91d498cf476e,
E21081,,,,DH7c1201464d2a,
E21082,,,,DHe6db0260d756,
E21083,,,,DHc3fbe79f1701,
E21084,,,,DHf9abfeb83c88,
E21085,,,,DH6e288c9f7c03,
E21086,,,,DHe2396e0f0ea4,
E21087,,,,DH01e279bf469e,
E21088,,,,DHa84687556924,
E21089,,,,DHeefde6c74435,
E21090,,,,DHf3c08de6fa94,
E21091,,,,DH8343af4cdfa2,
E21092,,,,DHc48f3fe677af,
E21093,,,,DHdcdd8768e5dd,
E21094,,,,DHdc0405374784,
E21095,,,,DH9778d213c0ae,
E21096,,,,DHc1cd82160a1f,
E21097,,,,DHf2f72917a524,
E21098,,,,DHe34f00e8f271,
E21099,,,,DH761b643a1cd4,
E21100,,,,DHcd401b9b8aa9,
E21101,,,,DH7d30555db729,
E21102,,,,DHd6e7d1253347,
E21103,,,,DHaa04aebc6a81,
E21104,,,,DH8da6614e62df,
E21105,,,,DH42bf3e0b15ed,
E21106,,,,DHda5678ba15ca,
E21107,,,,DH2c4b9348b491,
E21108,,,,DH4576731efcdd,
E21109,,,,DH2c27e3ebe5b4,
E21110,,,,DHb5f8f16bafb3,
E21111,,,,DH9c89add3c938,
E21112,,,,DHc36711ef4bff,
E21113,,,,DHee96d32dfd2f,
E21114,,,,DHd77f0dbcfb60,
E21115,,,,DH4f7284041f82,
E21116,,,,DHbf1e8cd3fd0b,
E21117,,,,DH46f8ee85cce0,
E21118,,,,DHb37ee17521a2,
E21119,,,,DH62d8ac5ce953,
E21120,,,,DH726ddf54965c,
E21121,,,,DH67171fa0d00c,
E21122,,,,DH5e0ff93242e3,
E21123,,,,DHc08810bc44f5,
E21124,,,,DH33efde0bcbb4,
E21125,,,,DH40020bcd27b0,
E21126,,,,DH5e138b11fdda,
E21127,,,,DHf94c41738180,
E21128,,,,DHb1f752e9ce19,
E21129,,,,DH422552b4b094,
E21130,,,,DH5122016e6113,
E21131,,,,DHfd0c59167394,
E21132,,,,DH3b842764bba0,
E21133,,,,DH8d4fd2f725a5,
E21134,,,,DH0ce75dd3753a,
E21135,,,,DH79f76cdc84bb,
E21136,,,,DH4c30a17fafe3,
E21137,,,,DH30cf8c552d16,
E21138,,,,DH94fe0bfabcea,
E21139,,,,DH757b9cb30863,
E21140,,,,DHcc9829972e44,
E21141,,,,DHed691d8e8fae,
E21142,,,,DH615a4c234891,
E21143,,,,DH4a348a8644b1,
E21144,,,,DHd2c3125a1440,
E21145,,,,DH5616e17d9168,
E21146,,,,DH1e497577b2fe,
E21147,,,,DH93bba6ff63b1,
E21148,,,,DH32912da4a2ca,
E21149,,,,DHa92c70049ffb,
E21150,,,,DH150def1653f1,
E21151,,,,DHe3a10d7ebc57,
E21152,,,,DH0d9aac61f577,
E21153,,,,DHf60ac7663232,
E21154,,,,DH234227a7c37d,
E21155,,,,DH84fb7bd06333,
E21156,,,,DH0c8bcf95d789,
E21157,,,,DHd91a2f08a5e2,
E21158,,,,DH99bc2cbc637d,
E21159,,,,DH757c134f30f8,
E21160,,,,DH1ce2831a5731,
E21161,,,,DH82f49af4d602,
E21162,,,,DHca43286d4c95,
E21163,,,,DH57b9c7d8798d,
E21164,,,,DH840f2b8d169e,
E21165,,,,DH2bb4779d9436,
E21166,,,,DH39bf01e0ffcc,
E21167,,,,DH56219af06b95,
E21168,,,,DHd38f5a70a2fc,
E21169,,,,DHc3ebe4f7f8a3,
E21170,,,,DHd3acfbde6068,
E21171,,,,DHf4c19ffc2e06,
E21172,,,,DH5bd3b175ca12,
E21173,,,,DHf83c6068b114,
E21174,,,,DHd5623a2bd375,
E21175,,,,DH1a9723db3f34,
E21176,,,,DHdc995318853c,
E21177,,,,DHa2e8c0e793d4,
E21178,,,,DH5109a6829d75,
E21179,,,,DH7a69288785cb,
E21180,,,,DH2326a16ca329,
E21181,,,,DH035d80c674c6,
E21182,,,,DH80f1aedc7fa7,
E21183,,,,DHc009f3de1d19,
E21184,,,,DH241164fd7fa3,
E21185,,,,DH137c6fc7592b,
E21186,,,,DH3c2896c3d31f,
E21187,,,,DH32b6dd449249,
E21188,,,,DHd172ac338c1a,
E21189,,,,DH2e0366f1a113,
E21190,,,,DHd2b9f8dad77b,
E21191,,,,DH4fb866d56ece,
E21192,,,,DH2c2773369b58,
E21193,,,,DHa5b16d85adb4,
E21194,,,,DH4032212cbaf0,
E21195,,,,DH07ee2057925f,
E21196,,,,DH346fb8529bea,
E21197,,,,DHb8954683816b,
E21198,,,,DH453639f2872f,
E21199,,,,DH16f1c08380d4,
E21200,,,,DH85e0e95ad6f3,
E21201,,,,DH79f804b9dd8a,
E21202,,,,DH10b49e37bbe1,
E21203,,,,DH7a3dc78ae507,
E21204,,,,DH2f11b7f8e525,
E21205,,,,DHa3f470c91bd0,
E21206,,,,DH39c916fcfeb4,
E21207,,,,DHca2250a62ab2,
E21208,,,,DH7e05faa00161,
E21209,,,,DH4f887a88da65,
E21210,,,,DHa5993fd134aa,
E21211,,,,DH3b99f879584a,
E21212,,,,DH3c487ea4e62e,
E21213,,,,DHe862e4133e39,
E21214,,,,DHc8656dfa7422,
E21215,,,,DHa8485fa519a1,
E21216,,,,DH15b070c2e5eb,
E21217,,,,DH6b5df4a473ba,
E21218,,,,DHb3b12a3fdb57,
E21219,,,,DHa8cfa86fe41d,
E21220,,,,DH3cb833bf5477,
E21221,,,,DHecfbb47fbdab,
E21222,,,,DH5eb2e5a5f51f,
E21223,,,,DHf270ff3743d5,
E21224,,,,DHc75c3ba42d63,
E21225,,,,DH95e314cc011d,
E21226,,,,DH74600de9b05e,
E21227,,,,DH7ffd170729ae,
E21228,,,,DH8ecbcd92abe4,
E21229,,,,DH87e481aef164,
E21230,,,,DHff954c802206,
E21231,,,,DH61d996f4d68e,
E21232,,,,DH51c68b15ed8b,
E21233,,,,DH8dd3b4230266,
E21234,,,,DH4cf4e54e0643,
E21235,,,,DH6d6779d83886,
E21236,,,,DH1f32b536ee9a,
E21237,,,,DHf67333d58fe9,
E21238,,,,DH3d48d31b1f28,
E21239,,,,DHb66f863c8f64,
E21240,,,,DH06b521ae08d3,
E21241,,,,DHc03dfac45e55,
E21242,,,,DH585b367ca2f3,
E21243,,,,DH3b973938541e,
E21244,,,,DH9eb8295fdbea,
E21245,,,,DHeefa9e27bd94,
E21246,,,,DHb292a4bb6858,
E21247,,,,DHc36c574847a1,
E21248,,,,DH891e5873fed6,
E21249,,,,DHc89ddb12c3ca,
E21250,,,,DH63ddd8d7770c,
E21251,,,,DHb6aa6c7ef37b,
E21252,,,,DH9e2dcafaafdd,
E21253,,,,DH1eef7185d83e,
E21254,,,,DH906b7c9c37b8,
E21255,,,,DHc430e3886c84,
E21256,,,,DHb6ce9e270c7e,
E21257,,,,DH278d6a8982fa,
E21258,,,,DH7e8a04db6e22,
E21259,,,,DH0ca0b202bce9,
E21260,,,,DHc4b73e16b60d,
E21261,,,,DHfea2ed9a598d,
E21262,,,,DH63d80ff46a90,
E21263,,,,DH7f64414ffb66,
E21264,,,,DH6e7b808bc472,
E21265,,,,DH5e9d73d106e6,
E21266,,,,DHa733d4425a5c,
E21267,,,,DH99771b8b63da,
E21268,,,,DHd62ba8d3bd66,
E21269,,,,DH29e8b8eb447c,
E21270,,,,DH604351f41059,
E21271,,,,DH69d26d5d1b79,
E21272,,,,DHfc64a42640be,
E21273,,,,DH5caf4e748b65,
E21274,,,,DHd221878d15ee,
E21275,,,,DH40082d5dfb74,
E21276,,,,DHb9ade6e5964a,
E21277,,,,DHbbfefd5fc252,
E21278,,,,DH8a239e7951a5,
E21279,,,,DH3df6a87fa0f6,
E21280,,,,DHf85a527b45b0,
E21281,,,,DHcf79c31b22b3,
E21282,,,,DHd46e04aa97d3,
E21283,,,,DH677c30f05bf7,
E21284,,,,DH1678d2f0566e,
E21285,,,,DHe0adc7ae2ef4,
E21286,,,,DH2027e38a1d3a,
E21287,,,,DH456189c47f65,
E21288,,,,DH78488e812dfd,
E21289,,,,DHa06aa1d792c8,
E21290,,,,DH1e33b1625054,
E21291,,,,DH1f4ceb2d1c6b,
E21292,,,,DHa58ac561c5dd,
E21293,,,,DH5571284e91c8,
E21294,,,,DH82cc9dbe0112,
E21295,,,,DH06b8ddd5eefe,
E21296,,,,DH0f02b6aa20f8,
E21297,,,,DH5530f2357aaf,
E21298,,,,DH762b51df3a31,
E21299,,,,DH8732f3a6e3f3,
E21300,,,,DHd65e9b6ee0de,
E21301,,,,DHa13bab0b0988,
E21302,,,,DH9304eab45330,
E21303,,,,DH7430e1f0694f,
E21304,,,,DHd7ed5f006a10,
E21305,,,,DHd4e688eaa407,
E21306,,,,DH28702be0742f,
E21307,,,,DH296010a96d6d,
E21308,,,,DHb9949a0a326a,
E21309,,,,DHcdd81bd58812,
E21310,,,,DHb3b491836fbf,
E21311,,,,DH88e7b796961f,
E21312,,,,DH0b00ab2ad143,
E21313,,,,DHf3135878298e,
E21314,,,,DHbd8f89a151d8,
E21315,,,,DH635de1acf5ce,
E21316,,,,DHf45e14129460,
E21317,,,,DH8b4b3156fe35,
E21318,,,,DHeb188f19ac68,
E21319,,,,DH8c04bb6d4a55,
E21320,,,,DH3978f6119828,
E21321,,,,DH9b7a85697b19,
E21322,,,,DH2249904174f8,
E21323,,,,DH0c4b39364287,
E21324,,,,DH766b1b3964fb,
E21325,,,,DH0caac6fe0994,
E21326,,,,DH6f33a3ee3823,
E21327,,,,DH10e7f55d1bdb,
E21328,,,,DH1d937b20fb7b,
E21329,,,,DH1bb1aa38bdc6,
E21330,,,,DH697e824987f1,
E21331,,,,DH99d5b0a9259e,
E21332,,,,DH832b4fa98321,
E21333,,,,DH247b7d2dceee,
E21334,,,,DHc5e0ea897d38,
E21335,,,,DHbb350cc68a33,
E21336,,,,DH12eef9df42e5,
E21337,,,,DH20e3db7f432c,
E21338,,,,DHb929dbc40b89,
E21339,,,,DH256e45457d1d,
E21340,,,,DHace33b779cf3,
E21341,,,,DHca93e6d66b06,
E21342,,,,DHc16078311a10,
E21343,,,,DH88858acfb2ab,
E21344,,,,DH4f4b03440ea9,
E21345,,,,DH2fe78d86acaf,
E21346,,,,DHcba4ac257bd1,
E21347,,,,DHcc752209553e,
E21348,,,,DH023c43fc996e,
E21349,,,,DH911bc39dce20,
E21350,,,,DH23a9e98761a2,
E21351,,,,DH7a1fc0ccb0d1,
E21352,,,,DH7d39973b3ee0,
E21353,,,,DH9648445d52b0,
E21354,,,,DHf441853ed256,
E21355,,,,DHb9f33fb40cbc,
E21356,,,,DHcefefacd7692,
E21357,,,,DHabd856e43a59,
E21358,,,,DH636cdf7d96e1,
E21359,,,,DHd93e5536fa8d,
E21360,,,,DHf64c2be6b30d,
E21361,,,,DH4ca43da2ba01,
E21362,,,,DHc3254d23e840,
E21363,,,,DHc3e0f7689ac0,
E21364,,,,DH3af1968317fd,
E21365,,,,DH00d5e29d717c,
E21366,,,,DH2e199508b5d9,
E21367,,,,DH5c66910466b1,
E21368,,,,DHf9d0a7a41551,
E21369,,,,DH2405df3582c0,
E21370,,,,DH6cd51b33a4ac,
E21371,,,,DHd735c686beb0,
E21372,,,,DHcc3b53c97fa2,
E21373,,,,DH92661884efa5,
E21374,,,,DH0e232bc701c0,
E21375,,,,DHabd616ac8f1e,
E21376,,,,DHc110b122884d,
E21377,,,,DHc5220bc647df,
E21378,,,,DH2ad101cc23f1,
E21379,,,,DHf1a3ce1face9,
E21380,,,,DHe67bab5b0fda,
E21381,,,,DH991213820f65,
E21382,,,,DH765d5c2f4b4b,
E21383,,,,DH246bdba9982f,
E21384,,,,DH20d051937b10,
E21385,,,,DH9a28ab550021,
E21386,,,,DHb14bdf945a66,
E21387,,,,DHb86e731d60eb,
E21388,,,,DH7fefc92c6e9f,
E21389,,,,DH74b307cf1756,
E21390,,,,DH5165bff29804,
E21391,,,,DHb3dc72e6b41a,
E21392,,,,DHfd4dd0ae72c8,
E21393,,,,DH5b82108ef25b,
E21394,,,,DH5909127c27b5,
E21395,,,,DHfec2b37d077c,
E21396,,,,DHf043e0ad2ca7,
E21397,,,,DH3654208f3c7f,
E21398,,,,DH09755a116c6e,
E21399,,,,DHbca032d9b4a9,
E21400,,,,DH2c6f3713571e,
E21401,,,,DHfc770f79d3ab,
E21402,,,,DH2929f8c652c6,
E21403,,,,DHb459afff3692,
E21404,,,,DH9975ee33aae8,
E21405,,,,DH95e70bb612e6,
E21406,,,,DH725aab1e5f29,
E21407,,,,DHaebf522220a0,
E21408,,,,DHcc86fcf88c2c,
E21409,,,,DH3e0c4e5e0a61,
E21410,,,,DH6ec8ec029748,
E21411,,,,DHcdfdeb20a4f1,
E21412,,,,DH280c04d06eb4,
E21413,,,,DHb6d567698e57,
E21414,,,,DHa8ebdab80de1,
E21415,,,,DH8a95721ba86b,
E21416,,,,DHbda9e33efa1f,
E21417,,,,DHfd04c7a11bba,
E21418,,,,DH0f4ad0d3d718,
E21419,,,,DH8fa7b11ab987,
E21420,,,,DH3c022fb7b00b,
E21421,,,,DH13a7a29236da,
E21422,,,,DH4e1fb6714a6b,
E21423,,,,DH17f279890181,
E21424,,,,DH946194b6c7fe,
E21425,,,,DHfd7097024c18,
E21426,,,,DHe89b1d132752,
E21427,,,,DH53ea79036d09,
E21428,,,,DH066034504f3a,
E21429,,,,DH5103cec04ef3,
E21430,,,,DHd567ed5ac44d,
E21431,,,,DH6373b8749918,
E21432,,,,DH467b93fef26b,
E21433,,,,DHac16698c6e77,
E21434,,,,DH28fc38587291,
E21435,,,,DHf9a4fd7cc46a,
E21436,,,,DHbda5e1ec3814,
E21437,,,,DH5b1c5c729958,
E21438,,,,DH5bd066d64cd1,
E21439,,,,DH208389fadae3,
E21440,,,,DHa271c5247c0f,
E21441,,,,DHea0f7666d6c6,
E21442,,,,DH75af13047587,
E21443,,,,DHee137c14df31,
E21444,,,,DHe86e63e34252,
E21445,,,,DHaea23858a63f,
E21446,,,,DH1ba45d5d8797,
E21447,,,,DH67ce09a7723b,
E21448,,,,DH50e78d37b585,
E21449,,,,DH130440e9d06d,
E21450,,,,DH496c51e751b9,
E21451,,,,DHc701034dead0,
E21452,,,,DH62bd6ccc0b6c,
E21453,,,,DHb28fbe2b465b,
E21454,,,,DH46dbc5bcdc06,
E21455,,,,DHc96bbb0e67fe,
E21456,,,,DH850a6233fe9b,
E21457,,,,DH35fcc086a3fb,
E21458,,,,DH0e8cf934e417,
E21459,,,,DHab7a0da3b000,
E21460,,,,DHa2c5a2ab065d,
E21461,,,,DH2e80446e2951,
E21462,,,,DHaec7bc536843,
E21463,,,,DH5ade84fc36a2,
E21464,,,,DH184cbe62e94d,
E21465,,,,DHe85c32ea772c,
E21466,,,,DH98d51f9f46e7,
E21467,,,,DH0d8e17ca8c14,
E21468,,,,DH7e6b1be1db71,
E21469,,,,DH2a7c8eaa4707,
E21470,,,,DH79b3f803e2e1,
E21471,,,,DH6dfdaa415c6a,
E21472,,,,DH91a4d26e1c4b,
E21473,,,,DH061d9e7b7c18,
E21474,,,,DH4e39e47a5658,
E21475,,,,DHa34e3b33b29f,
E21476,,,,DH23d113e16325,
E21477,,,,DH3f2c00f1fd4d,
E21478,,,,DH8318988b79cf,
E21479,,,,DH1d40904211d4,
E21480,,,,DH45bd06d1e6cb,
E21481,,,,DHe5d5ce1c5ecc,
E21482,,,,DH2f7fc653c362,
E21483,,,,DHad593f203e52,
E21484,,,,DHfddff2abc44b,
E21485,,,,DH00c986a81989,
E21486,,,,DHb34f99de5d82,
E21487,,,,DH30997d0e4f21,
E21488,,,,DH6d9f9b2fa4a2,
E21489,,,,DH61ff43e97f23,
E21490,,,,DH554387b1e4be,
E21491,,,,DH13e100dc567c,
E21492,,,,DH11e934b5664a,
E21493,,,,DHdd37538770b8,
E21494,,,,DHfc12d40c8a2e,
E21495,,,,DH70cefc2e2e28,
E21496,,,,DHd042cc1b11d5,
E21497,,,,DH84c40f7e0454,
E21498,,,,DHa46111831735,
E21499,,,,DH608ad5d479a1,
E21500,,,,DH15b32e08056c,
E21501,,,,DH8440243af943,
E21502,,,,DHa0bd0a9c51ce,
E21503,,,,DH3ea778dc758c,
E21504,,,,DH11649c36740b,
E21505,,,,DH29851721ff13,
E21506,,,,DH82dd715b190b,
E21507,,,,DHa6be8a715670,
E21508,,,,DH91f6071322e8,
E21509,,,,DHe16e1491d7d0,
E21510,,,,DHe5709b3e0cd9,
E21511,,,,DHfdff3a8c6c72,
E21512,,,,DH28bd8412eb9c,
E21513,,,,DH2416fa856c0d,
E21514,,,,DH2eb31fa30244,
E21515,,,,DH0c67b8a173ac,
E21516,,,,DH7aa2fb0210df,
E21517,,,,DH9c9b203c59b6,
E21518,,,,DH9310a4a52351,
E21519,,,,DHf07cfab59270,
E21520,,,,DH507ff703cd0a,
E21521,,,,DHc2a378ce9857,
E21522,,,,DH58ba5e3249c6,
E21523,,,,DHc436aa3f27fd,
E21524,,,,DH4a37bdce7b43,
E21525,,,,DHa2d6cd542b45,
E21526,,,,DH7c32a27bfa7f,
E21527,,,,DH5ebcac85cd45,
E21528,,,,DHcd7852c031d9,
E21529,,,,DHaa897b15f843,
E21530,,,,DHa74fbf692c61,
E21531,,,,DH8f9ba4b24053,
E21532,,,,DH25164d851038,
E21533,,,,DHa29e21fd6a44,
E21534,,,,DH6cc93e8f377d,
E21535,,,,DH905ac84e80c7,
E21536,,,,DHbaab85e9c15c,
E21537,,,,DHebed0ca51817,
E21538,,,,DH3dc56cc2883b,
E21539,,,,DH752b3aaa8db3,
E21540,,,,DH4de1a6f77d84,
E21541,,,,DH1219c101f52b,
E21542,,,,DH38af0fa29c5e,
E21543,,,,DH391b79e582aa,
E21544,,,,DH91d335322b5e,
E21545,,,,DHb11a22df1432,
E21546,,,,DH1b98d1728e83,
E21547,,,,DHc82890b29ffe,
E21548,,,,DH1a271c5008e0,
E21549,,,,DH3ed54ad59ba9,
E21550,,,,DH708720f88ccb,
E21551,,,,DH3f7f51a6e78d,
E21552,,,,DHb1b904fd34eb,
E21553,,,,DH7fc79c702b6d,
E21554,,,,DH4642154ea5f1,
E21555,,,,DHc2f1bf645c35,
E21556,,,,DH2e9a671ca0c0,
E21557,,,,DH7e4cc63474dc,
E21558,,,,DHab07ceec7a67,
E21559,,,,DHa8a4c47de2c2,
E21560,,,,DHb6f427b22006,
E21561,,,,DHe3843a0e60a6,
E21562,,,,DH93980cfc0469,
E21563,,,,DH821f7a48f317,
E21564,,,,DHb6c9b32543d8,
E21565,,,,DHcc9c0a3a2741,
E21566,,,,DH7b9e85277832,
E21567,,,,DH9b23df4624d7,
E21568,,,,DH85da84814c36,
E21569,,,,DH1a5d97c8cf32,
E21570,,,,DH0a8a48d75c3a,
E21571,,,,DHfb31685d8db2,
E21572,,,,DH85427c0923e8,
E21573,,,,DHea73bf70894b,
E21574,,,,DHf1ae5fbb4ffc,
E21575,,,,DH66bcdcdd0e0c,
E21576,,,,DH854e41783d0c,
E21577,,,,DH57264d55313e,
E21578,,,,DHdb7666ea0078,
E21579,,,,DH9e2c64d0e2c6,
E21580,,,,DHd10bf784526b,
E21581,,,,DHc1ea858c44c7,
E21582,,,,DH54a41c9fb1ae,
E21583,,,,DH0f40c5971cef,
E21584,,,,DHc740eeca6ffe,
E21585,,,,DH249ad1fe0e7b,
E21586,,,,DHd0ddada9d338,
E21587,,,,DH0f402476455f,
E21588,,,,DH9ff06c1d6f54,
E21589,,,,DH532bde99ce4b,
E21590,,,,DHfaf2e2ff5be2,
E21591,,,,DH747cb213f71b,
E21592,,,,DHae5e1fec36f5,
E21593,,,,DH93983b3a2555,
E21594,,,,DHa27693a638da,
E21595,,,,DHa0f663be360f,
E21596,,,,DHbd7104291409,
E21597,,,,DHc798de0faf0a,
E21598,,,,DHa50659fd2e21,
E21599,,,,DHc5bffa2774e2,
E21600,,,,DH3032bc1eebe7,
E21601,,,,DHb64c50810f88,
E21602,,,,DHa702b7269314,
E21603,,,,DHa2154dd6d644,
E21604,,,,DH4c7241f729fe,
E21605,,,,DH672d19430287,
E21606,,,,DH489cf09cb616,
E21607,,,,DH1310a4b217ea,
E21608,,,,DH0562600d24e0,
E21609,,,,DHe51427e94186,
E21610,,,,DH5018a4924d59,
E21611,,,,DH4825f2aca0a1,
E21612,,,,DH3db466781c6a,
E21613,,,,DH330437512e9f,
E21614,,,,DH1d6e0aa309dd,
E21615,,,,DH55566ed367c7,
E21616,,,,DH880bfa8ec11e,
E21617,,,,DH74ec975634b7,
E21618,,,,DH34810f16cf30,
E21619,,,,DH038f305cfa7f,
E21620,,,,DHfeca0dbb29f8,
E21621,,,,DH06fa0867b3a1,
E21622,,,,DHf363a11ba84a,
E21623,,,,DHd4952fd88a6f,
E21624,,,,DHef009725162f,
E21625,,,,DHadd7116d2e1e,
E21626,,,,DHca554d52d0e8,
E21627,,,,DH045e8fadc535,
E21628,,,,DHf9aa2c4a07f8,
E21629,,,,DH12c1fb9b9405,
E21630,,,,DH897ef7b20622,
E21631,,,,DHb83da2a14bc0,
E21632,,,,DHd37301e4a6c1,
E21633,,,,DH656fde5c6e5d,
E21634,,,,DHac218d672655,
E21635,,,,DH8532ed2f7931,
E21636,,,,DHbaf01b73ada8,
E21637,,,,DHb3e5cd650820,
E21638,,,,DH13f9f80ab22d,
E21639,,,,DHb859b8bf5662,
E21640,,,,DHb39ca57b2e8f,
E21641,,,,DH31421f508e17,
E21642,,,,DH1ae6549170ce,
E21643,,,,DH6b9954d5bccb,
E21644,,,,DH1b1f25a78e17,
E21645,,,,DH24709a068f69,
E21646,,,,DHdf4da8a68937,
E21647,,,,DH563b0172cb6e,
E21648,,,,DH8e9f12894156,
E21649,,,,DHe1f7db81cc38,
E21650,,,,DHbe44559b1448,
E21651,,,,DHd13cdb428846,
E21652,,,,DH181f38fe1125,
E21653,,,,DHb82aaf2bc626,
E21654,,,,DHc15222c1e259,
E21655,,,,DHf6875f5511bc,
E21656,,,,DH451e292d6ef1,
E21657,,,,DH8dade9a15b09,
E21658,,,,DHa88412981b37,
E21659,,,,DH1a85b2ae4807,
E21660,,,,DHcd0677d38906,
E21661,,,,DH4379b20a621c,
E21662,,,,DH8bacc6fbde77,
E21663,,,,DH54f476b72198,
E21664,,,,DHd49a3036ec35,
E21665,,,,DH505cdf4b6fb7,
E21666,,,,DH976676187060,
E21667,,,,DH02716dbf759c,
E21668,,,,DH0f44895de29e,
E21669,,,,DH1289079f86f5,
E21670,,,,DHb9780aa8f8ac,
E21671,,,,DH80cd864b3a4a,
E21672,,,,DHa29087414e99,
E21673,,,,DH730af9f3d07e,
E21674,,,,DHf40e99748690,
E21675,,,,DH323c12175a5d,
E21676,,,,DH456cd5f8ea43,
E21677,,,,DH7173f5b2e88a,
E21678,,,,DH065c1e92b90b,
E21679,,,,DHc97d56d98f9d,
E21680,,,,DHce03302ac326,
E21681,,,,DHb8a3147b71ef,
E21682,,,,DHace927939548,
E21683,,,,DH8a4537c0412d,
E21684,,,,DHc26f05cc947f,
E21685,,,,DH88e6f4715610,
E21686,,,,DH2fbfb2e6e7ad,
E21687,,,,DH87432d3d58e6,
E21688,,,,DH7e19465b4c83,
E21689,,,,DHb8e1c42122f5,
E21690,,,,DH772b7daf28b0,
E21691,,,,DH494af5b422cd,
E21692,,,,DH1b0c6c717d82,
E21693,,,,DHeae5ffba6209,
E21694,,,,DH85fcce3ab07a,
E21695,,,,DH6378b0b861d7,
E21696,,,,DH2b8a683f3a6f,
E21697,,,,DHdf40554d732c,
E21698,,,,DH5cbd5586a3fc,
E21699,,,,DHbe917ae70996,
E21700,,,,DH55e013de7f67,
E21701,,,,DHd496be60e017,
E21702,,,,DH2259a14343dc,
E21703,,,,DHc04cc0de3764,
E21704,,,,DHc07b46149b2a,
E21705,,,,DHe08c721feade,
E21706,,,,DH79d1c12bf04c,
E21707,,,,DHdcf62ab67991,
E21708,,,,DHc16b0ce768dc,
E21709,,,,DH00d7366dff07,
E21710,,,,DHfa48539a6300,
E21711,,,,DH4c064ac57087,
E21712,,,,DH8cc8de1e93bc,
E21713,,,,DH034e478e4066,
E21714,,,,DHa476cba378bd,
E21715,,,,DH48859ff23c23,
E21716,,,,DH08a6593374bd,
E21717,,,,DH3ca193889ea0,
E21718,,,,DHa7d7db7c10ac,
E21719,,,,DH2ef8fbe9ab70,
E21720,,,,DH5121e6a13478,
E21721,,,,DH5a46f03c9ece,
E21722,,,,DH8313771a1f74,
E21723,,,,DH9d248012ec35,
E21724,,,,DHc6a0b42eafda,
E21725,,,,DHa0bb79cbee57,
E21726,,,,DHe63be56b564c,
E21727,,,,DH2b0ca56f386c,
E21728,,,,DH93fc9c79c973,
E21729,,,,DHa0aec490f10f,
E21730,,,,DH93bdda23cbf6,
E21731,,,,DH6589b49104d6,
E21732,,,,DHff2b18c602a8,
E21733,,,,DH9c5092c37d1b,
E21734,,,,DH281e023486be,
E21735,,,,DHbd3037d5ffe3,
E21736,,,,DHbfb2e804d74e,
E21737,,,,DH5f2574b6ea2b,
E21738,,,,DH7b13818b3358,
E21739,,,,DH02bc81cb0547,
E21740,,,,DHc8125146edac,
E21741,,,,DHdd00bbb227ca,
E21742,,,,DHc2902533929a,
E21743,,,,DH35ebe947af1b,
E21744,,,,DH9814b5dba0d0,
E21745,,,,DH25a6c1702596,
E21746,,,,DH9a35be2953cc,
E21747,,,,DHd653919cbd7f,
E21748,,,,DH5c39f7ee960a,
E21749,,,,DH586178df596d,
E21750,,,,DH9f811a00b666,
E21751,,,,DH218b67ba47da,
E21752,,,,DH13aed0890aaa,
E21753,,,,DH29ce88204416,
E21754,,,,DHb793198f1095,
E21755,,,,DH6399ad608afe,
E21756,,,,DHbc5d59cb1832,
E21757,,,,DH9fc8a135c319,
E21758,,,,DH03cf35462121,
E21759,,,,DHdbb50cad77e0,
E21760,,,,DH11bbfde989d9,
E21761,,,,DH475cb92f0bfe,
E21762,,,,DHc319988bc055,
E21763,,,,DHd4a1ace4fc73,
E21764,,,,DH36f1df79ebc4,
E21765,,,,DHe862f0856856,
E21766,,,,DH99ef759f6e13,
E21767,,,,DH770392451f78,
E21768,,,,DH852e37de183e,
E21769,,,,DH093f8cfda815,
E21770,,,,DHc3cb5aff0bd2,
E21771,,,,DH51d3eb1f944b,
E21772,,,,DH0d75aefa2f3c,
E21773,,,,DH7ddfc4120b55,
E21774,,,,DH4eefbe37bd54,
E21775,,,,DH78adc4b09274,
E21776,,,,DH4e3bf37a18c2,
E21777,,,,DH60b46b9de430,
E21778,,,,DHdd06ab54a296,
E21779,,,,DHd46c0c0a32f0,
E21780,,,,DH66e72ded2bbd,
E21781,,,,DH03d5fbf9f9df,
E21782,,,,DH63936f2b219c,
E21783,,,,DH24b365443a6e,
E21784,,,,DHef2de8fcf907,
E21785,,,,DH7a6094aa338a,
E21786,,,,DH54d073b55f3f,
E21787,,,,DHe698d93b6123,
E21788,,,,DHa7b0b4170a33,
E21789,,,,DH1d7639d088dc,
E21790,,,,DH33bddd563186,
E21791,,,,DHafe2d51b57a1,
E21792,,,,DH4e4c8e3b4b35,
E21793,,,,DHcc4819194a2c,
E21794,,,,DH410a64dc6b7d,
E21795,,,,DH28dd7071e355,
E21796,,,,DH12f0a22df579,
E21797,,,,DH6da3b36ebb1f,
E21798,,,,DH95a87e6f2237,
E21799,,,,DH3a6d69b1b1c9,
E21800,,,,DH9184db0f429c,
E21801,,,,DH201ca2c23b74,
E21802,,,,DHe654170875da,
E21803,,,,DHba102f4511a6,
E21804,,,,DH728ae16a4490,
E21805,,,,DHa3fd8ef91b7b,
E21806,,,,DH8a034584e412,
E21807,,,,DHfb9db607d537,
E21808,,,,DH315059b4c9e8,
E21809,,,,DHf7e4e3216009,
E21810,,,,DH4a717fb4b526,
E21811,,,,DH5bc14139d3c1,
E21812,,,,DH27549a5f903b,
E21813,,,,DH17d9f01d2968,
E21814,,,,DHa552af4dc64f,
E21815,,,,DH62ab31aa29c4,
E21816,,,,DH374fa663b819,
E21817,,,,DH918de5b4ea91,
E21818,,,,DHe2366af45dcb,
E21819,,,,DHfa451d75099e,
E21820,,,,DHb3e24516ea14,
E21821,,,,DH7b24db8af22f,
E21822,,,,DH1eb84a434d8b,
E21823,,,,DH5920040f241a,
E21824,,,,DHc7a8235cadd3,
E21825,,,,DHbe692cd21fcc,
E21826,,,,DH276a25e24403,
E21827,,,,DHabe6f44899bc,
E21828,,,,DH813fe9981b1a,
E21829,,,,DHa679bc7be2b4,
E21830,,,,DHa63c62520d6f,
E21831,,,,DH1735aa9f5d04,
E21832,,,,DH6e722fb6ed85,
E21833,,,,DH8ccfad267026,
E21834,,,,DHa0adfcd1cf41,
E21835,,,,DHf2162b1b321b,
E21836,,,,DH0c78934d996b,
E21837,,,,DH06a3c3939b38,
E21838,,,,DHe94d3d643e06,
E21839,,,,DH4ae02f859902,
E21840,,,,DHe103424976b8,
E21841,,,,DHf1f801479a35,
E21842,,,,DH3de3560f4e31,
E21843,,,,DHbc31139da418,
E21844,,,,DH5c734ece4358,
E21845,,,,DH899d0ece02bb,
E21846,,,,DH5dd81cfefe57,
E21847,,,,DHaf14e8e40759,
E21848,,,,DH237669ec14f0,
E21849,,,,DH15bf5f5e059a,
E21850,,,,DHf68d55ee01cf,
E21851,,,,DH5bf64c40f8da,
E21852,,,,DH0555c93f6f31,
E21853,,,,DH341e8b2b80ea,
E21854,,,,DH3d287279a084,
E21855,,,,DH5f6ab7bc4f1d,
E21856,,,,DH2b277fb01fb7,
E21857,,,,DHe48882cd0975,
E21858,,,,DH56197df17528,
E21859,,,,DH07a4e1c7371d,
E21860,,,,DHbc8ca2ab15e7,
E21861,,,,DHe79db7a7b00f,
E21862,,,,DHe1a70cf6aafe,
E21863,,,,DHb5fc5072cbec,
E21864,,,,DH07c6df355898,
E21865,,,,DHf8d3541211c2,
E21866,,,,DH191ef2320042,
E21867,,,,DHbda783adb452,
E21868,,,,DH0e85fa55f1cb,
E21869,,,,DHffa2e7a11b21,
E21870,,,,DH91e6876069cd,
E21871,,,,DHc123cfce0ac1,
E21872,,,,DH5528251da085,
E21873,,,,DH64dfe3d9327e,
E21874,,,,DHbebdb21d28ec,
E21875,,,,DHfb95c1f690dc,
E21876,,,,DH9cb95b2e64ef,
E21877,,,,DHea016086b82b,
E21878,,,,DH0edd6d80c16f,
E21879,,,,DH1995fa8bac1e,
E21880,,,,DH78576c012dc8,
E21881,,,,DH35c3805ad74b,
E21882,,,,DH8d86b355cef8,
E21883,,,,DH0470add40944,
E21884,,,,DH47619ac141e5,
E21885,,,,DH5bc5c9bba9dd,
E21886,,,,DH1d4d47441fa7,
E21887,,,,DHc3d550b27147,
E21888,,,,DH35dd77ca8c40,
E21889,,,,DH00d89ef08b5e,
E21890,,,,DH45bc9e883fb6,
E21891,,,,DH88760676a2b6,
E21892,,,,DH7dd85324761a,
E21893,,,,DHdc3370efc44f,
E21894,,,,DHe55baa4683ec,
E21895,,,,DHd614e512bafc,
E21896,,,,DH87d486098f1a,
E21897,,,,DH733761041fd7,
E21898,,,,DH437ea45374e2,
E21899,,,,DH3d08b8b10ddc,
E21900,,,,DH2cdae6e59e89,
E21901,,,,DH088c8600d28a,
E21902,,,,DH0f5abedee0e7,
E21903,,,,DH619e71b0986b,
E21904,,,,DHaeda4d402968,
E21905,,,,DHe351e397aaa7,
E21906,,,,DH57ac6eaccc23,
E21907,,,,DH5bd554d8f512,
E21908,,,,DH6625af26be3e,
E21909,,,,DH2798d28fceec,
E21910,,,,DHeff9140d994a,
E21911,,,,DH78c314cc1d6d,
E21912,,,,DH5b3a0098576d,
E21913,,,,DHda877c7752ce,
E21914,,,,DH7a4b2c8eea84,
E21915,,,,DH20d4492ed87d,
E21916,,,,DH9be67620fedf,
E21917,,,,DHdceb503d8b28,
E21918,,,,DH82c46e0d7283,
E21919,,,,DHadc3798ad1e5,
E21920,,,,DH32e7b8ca883b,
E21921,,,,DH529b5d06af27,
E21922,,,,DH55826418f9fb,
E21923,,,,DHf44016e67e34,
E21924,,,,DHca1ee49c8253,
E21925,,,,DH0bc6b09cfaee,
E21926,,,,DH2701798c2d43,
E21927,,,,DH77eed20b90f5,
E21928,,,,DHc6aa21493b69,
E21929,,,,DH68c85d309ca6,
E21930,,,,DHda547eb35943,
E21931,,,,DH4c119969d88a,
E21932,,,,DHc89883fe466a,
E21933,,,,DHf931cd44c721,
E21934,,,,DH2066c1f8c6b4,
E21935,,,,DHedf6ef43f407,
E21936,,,,DHd2d82d9a6951,
E21937,,,,DH8ec73e173fd9,
E21938,,,,DHcfda513e34ae,
E21939,,,,DHd8f9195f5118,
E21940,,,,DH767fafb0edd6,
E21941,,,,DHe1b78048a8bc,
E21942,,,,DHecc445b250bc,
E21943,,,,DHdf5d5d36f041,
E21944,,,,DHfd3fdbadad7a,
E21945,,,,DHb7700918e5e2,
E21946,,,,DH259b7f18e390,
E21947,,,,DH57de212a61b6,
E21948,,,,DHb909b3e974dc,
E21949,,,,DHbaffa3c3120e,
E21950,,,,DHee87d5e3aace,
E21951,,,,DH26b339ce9dac,
E21952,,,,DH10b6d07ef9a9,
E21953,,,,DH7ed97a55e45b,
E21954,,,,DH3d56840215e2,
E21955,,,,DH2b9d9ad48a19,
E21956,,,,DH357648527135,
E21957,,,,DHd7aae07cbe72,
E21958,,,,DHb72139cc43f8,
E21959,,,,DHa2c260cfd8a4,
E21960,,,,DH0c61c491ae72,
E21961,,,,DH5cca747b80c5,
E21962,,,,DH336c28aca7e0,
E21963,,,,DHb16b786d967a,
E21964,,,,DHef7611408301,
E21965,,,,DHc5349bcc30df,
E21966,,,,DHb145d4c1ae48,
E21967,,,,DHb5d8768cf617,
E21968,,,,DHca23ac6cfa75,
E21969,,,,DHf4bf6eef7141,
E21970,,,,DH7dabf072ab9c,
E21971,,,,DHcaa36a8b6a84,
E21972,,,,DHdb21f5456f34,
E21973,,,,DH9542e46e1160,
E21974,,,,DH6444f4b79e85,
E21975,,,,DH4f3e0e31557c,
E21976,,,,DH3082c8c5ac44,
E21977,,,,DH6c99c454c8f8,
E21978,,,,DH44b16fce1250,
E21979,,,,DH08b4257bcfef,
E21980,,,,DHed32c58dad20,
E21981,,,,DHf63ac36412a3,
E21982,,,,DH5c0e170f6b45,
E21983,,,,DHa13a01f2796c,
E21984,,,,DHba2d586dc9fd,
E21985,,,,DHfa8711a65d0c,
E21986,,,,DH35ba75eacb3c,
E21987,,,,DHa571eeabf889,
E21988,,,,DH4db604042671,
E21989,,,,DHbae0b916eaa1,
E21990,,,,DH59a52ce7f91b,
E21991,,,,DH1d9d89ad92a3,
E21992,,,,DH5087ffaf2390,
E21993,,,,DH04a78cf56d16,
E21994,,,,DH56c350cefbdf,
E21995,,,,DH106acda76e70,
E21996,,,,DHed6f132cbdd7,
E21997,,,,DHf04305f3c76e,
E21998,,,,DHff3bbf962ff3,
E21999,,,,DH43a8f407b56d,
E22000,,,,DH8046142ab350,
E22001,,,,DHc1ea757e3b33,
E22002,,,,DHaa6324d5af8b,
E22003,,,,DHd75a763e192f,
E22004,,,,DHe0bd292b1ca5,
E22005,,,,DHdf4d71077e6d,
E22006,,,,DHc4e4f876dbf6,
E22007,,,,DH8f93c5597bf4,
E22008,,,,DHcb4fbf0f85f2,
E22009,,,,DH748d31cb0bb9,
E22010,,,,DHe6daf31f0c4e,
E22011,,,,DHced2a7f4a9c7,
E22012,,,,DHab333c9bb76f,
E22013,,,,DH04e834eae58c,
E22014,,,,DH3894ba7d53d4,
E22015,,,,DH36ffec2c8bf4,
E22016,,,,DH38d598aac360,
E22017,,,,DH1c5a18f94719,
E22018,,,,DHadc9d4dec1b4,
E22019,,,,DH1eb6e4bca42c,
E22020,,,,DH437d05b66ee6,
E22021,,,,DH905ae68ed31b,
E22022,,,,DH00403012fc91,
E22023,,,,DHf6378baf4310,
E22024,,,,DH8b5d3a424c83,
E22025,,,,DH395a530a081b,
E22026,,,,DH74a5848af9d7,
E22027,,,,DHab00acf398bd,
E22028,,,,DH3b87e47d5656,
E22029,,,,DH9faf2562223a,
E22030,,,,DHcf0f76ed452f,
E22031,,,,DH8d47565aefae,
E22032,,,,DHb0ccf1d9fc86,
E22033,,,,DH87108d091e7b,
E22034,,,,DH21e34acfd705,
E22035,,,,DH0bc2a9872e05,
E22036,,,,DHaaae430770d5,
E22037,,,,DH9a7c507fb7a6,
E22038,,,,DH3c47254dc190,
E22039,,,,DH9e6f2c7530ca,
E22040,,,,DH13368acf111a,
E22041,,,,DH29db8ee4e742,
E22042,,,,DHfdd20c2121e5,
E22043,,,,DHd94b84930d44,
E22044,,,,DH2f22f24a7a0b,
E22045,,,,DH7fb646a5ad0d,
E22046,,,,DH6c5f2ebf7951,
E22047,,,,DHee50bd4eecf1,
E22048,,,,DHa76d1bd22a9c,
E22049,,,,DH9a07887dd08d,
E22050,,,,DHebebab923f05,
E22051,,,,DHd2b67bfd715b,
E22052,,,,DH8638f4a73a72,
E22053,,,,DHa55367a736f2,
E22054,,,,DH5b1e964a5168,
E22055,,,,DH9ff5171984aa,
E22056,,,,DH8cd244cbc3b6,
E22057,,,,DHd63569990007,
E22058,,,,DH7aca425d543a,
E22059,,,,DHda670588e021,
E22060,,,,DH978bcaf0b395,
E22061,,,,DH3d88ef73d390,
E22062,,,,DHd2070b0f0ac6,
E22063,,,,DHf68d9a5bb849,
E22064,,,,DH3f1309a9e3ce,
E22065,,,,DHa2c45bcd5179,
E22066,,,,DH0152e2f35b18,
E22067,,,,DH5670a51d7721,
E22068,,,,DHaea69bdbbc70,
E22069,,,,DHa75f17e37fff,
E22070,,,,DH5b0afbd786d1,
E22071,,,,DH4197a47b3993,
E22072,,,,DH05245c9c1723,
E22073,,,,DH516d51eef743,
E22074,,,,DHbece6debf65f,
E22075,,,,DH7ed8ce5b4429,
E22076,,,,DH59bd04be76f0,
E22077,,,,DH2b283746e651,
E22078,,,,DH36f40ab40e14,
E22079,,,,DH626968f55e5a,
E22080,,,,DHb2c3ea8ffee2,
E22081,,,,DH2d93bc433d67,
E22082,,,,DH77830629ddb8,
E22083,,,,DHcb169d20f5a0,
E22084,,,,DH27171eab73f7,
E22085,,,,DH8acec8b7b806,
E22086,,,,DH69665d5d464a,
E22087,,,,DHe508a7886b73,
E22088,,,,DHd29d3243ab5f,
E22089,,,,DHeb8cd29ec413,
E22090,,,,DH7a7a0061126a,
E22091,,,,DH8ef3c5b74d7a,
E22092,,,,DH29c9800dbdc4,
E22093,,,,DHbf9c3f448161,
E22094,,,,DH432983ddbf10,
E22095,,,,DH4dbdb357207b,
E22096,,,,DHa82d2a0614d4,
E22097,,,,DH0e226c26b2eb,
E22098,,,,DH21106017bf1f,
E22099,,,,DHeaf718b6e627,
E22100,,,,DHdc1ad0c5e3cf,
E22101,,,,DHba061d43f189,
E22102,,,,DH4f36c3925176,
E22103,,,,DHaa27f50f8628,
E22104,,,,DHc9fdfbcca4c5,
E22105,,,,DH49d16673687e,
E22106,,,,DHb4222008dbb0,
E22107,,,,DHa3e1865485bf,
E22108,,,,DH4ba7981674c2,
E22109,,,,DHf46016c5f046,
E22110,,,,DH9310db17f384,
E22111,,,,DH16688b64da99,
E22112,,,,DH78c0a27bc4a4,
E22113,,,,DH5a3c31dbc3a2,
E22114,,,,DHe14d26ccb7c4,
E22115,,,,DH65ae460a5f4a,
E22116,,,,DH68639eab30f4,
E22117,,,,DH7661c188d9f9,
E22118,,,,DH09069c4953bf,
E22119,,,,DHfe7d91b24d45,
E22120,,,,DH99becbb1b3c1,
E22121,,,,DH2b8d4c1617c3,
E22122,,,,DH660dd8243f37,
E22123,,,,DH475cd71bc75b,
E22124,,,,DH80fe9c865d31,
E22125,,,,DH3f5624efb3b5,
E22126,,,,DHec30d0a1fae6,
E22127,,,,DH77cd2d2bf54b,
E22128,,,,DH5d027f559015,
E22129,,,,DHf489c549974f,
E22130,,,,DHe3b7219b2edb,
E22131,,,,DHcc996494207b,
E22132,,,,DH7690b964525e,
E22133,,,,DH818101ddff4a,
E22134,,,,DHb4ad627d318f,
E22135,,,,DH5f6638ff383b,
E22136,,,,DH056a72ca2a92,
E22137,,,,DH6b6c6d1c8f67,
E22138,,,,DHf0a11ce7f260,
E22139,,,,DH95d3c57dd4fc,
E22140,,,,DH70becdde92ed,
E22141,,,,DH12327ee4ce74,
E22142,,,,DH0bdded1b1766,
E22143,,,,DH3b9013f9d713,
E22144,,,,DH36a02250457a,
E22145,,,,DH73552c5b148e,
E22146,,,,DHde51faac5a7e,
E22147,,,,DH54079c547c4b,
E22148,,,,DHcda3de1717e3,
E22149,,,,DHa425e410d318,
E22150,,,,DH2937f86f20fe,
E22151,,,,DH0d918e926075,
E22152,,,,DHcbf05c4c8508,
E22153,,,,DHed370ff927c9,
E22154,,,,DHcfef159991a7,
E22155,,,,DH1774a9d03397,
E22156,,,,DH05f8fff39fb1,
E22157,,,,DHbd54c4e08ffd,
E22158,,,,DH3de5bf48bf5e,
E22159,,,,DHe99111675925,
E22160,,,,DH894b2fa2f3e6,
E22161,,,,DHa7b052fb31f7,
E22162,,,,DHbacda34e6e30,
E22163,,,,DHba9360390c3f,
E22164,,,,DHcb2ab43812b8,
E22165,,,,DH4fb7763a58d9,
E22166,,,,DH9df662f58afe,
E22167,,,,DH08a4f71b866d,
E22168,,,,DH1012c8fc0873,
E22169,,,,DH3570320d5fd5,
E22170,,,,DH12b3290ab3c9,
E22171,,,,DH5b062ed3735b,
E22172,,,,DHf4ae3d22be1a,
E22173,,,,DH4735f88f223e,
E22174,,,,DH80db3098ba77,
E22175,,,,DHa893639fb7c8,
E22176,,,,DHf8e71cf4c6d6,
E22177,,,,DHaf3d969549e5,
E22178,,,,DH69790b8c42fd,
E22179,,,,DH5e496078a01a,
E22180,,,,DH4004e7dd2b25,
E22181,,,,DHf25c91af6fbd,
E22182,,,,DH76e625238417,
E22183,,,,DHb83ce3b9bbad,
E22184,,,,DHe44ece5061dc,
E22185,,,,DHb1c5c914f34d,
E22186,,,,DH3d97a302c20d,
E22187,,,,DHcac6b1d9ef1e,
E22188,,,,DH15971c19639d,
E22189,,,,DH537a87122f7d,
E22190,,,,DH40942c2cf508,
E22191,,,,DHcead4f99c5fb,
E22192,,,,DHd7502ab10b84,
E22193,,,,DH77c0018af712,
E22194,,,,DHe8b1ce6b42a4,
E22195,,,,DH1ccba27b2f98,
E22196,,,,DHd0b5d59f7661,
E22197,,,,DHf1a131941e85,
E22198,,,,DH379d188bcd35,
E22199,,,,DHadfc832e7e83,
E22200,,,,DH2b65c01e6061,
E22201,,,,DH0a96c61aa691,
E22202,,,,DH82ef2a9a343b,
E22203,,,,DH63632157cf9f,
E22204,,,,DH1958e27c8cc8,
E22205,,,,DH421664600a49,
E22206,,,,DH7bd7e2165aa6,
E22207,,,,DH86f4928b84e8,
E22208,,,,DHcbea786d73de,
E22209,,,,DHce2a0be14967,
E22210,,,,DH70cfe3bcfc2e,
E22211,,,,DHb988c90863de,
E22212,,,,DHb8e9ce2c7d3b,
E22213,,,,DH2ebd572ddfd2,
E22214,,,,DHbc8d19c2e89a,
E22215,,,,DH53c7794ce7e9,
E22216,,,,DH8f5f690061d2,
E22217,,,,DH87cce48934ce,
E22218,,,,DH1b3bcaf43ec5,
E22219,,,,DH517f86aeb363,
E22220,,,,DH3838c55b6bb1,
E22221,,,,DH6afe916e3d38,
E22222,,,,DHc0f1da2883b3,
E22223,,,,DH7ac4acadd83c,
E22224,,,,DH01c6b36f2014,
E22225,,,,DH4505a8b7f9fb,
E22226,,,,DH6236ebc41d55,
E22227,,,,DH2c63a72d60f0,
E22228,,,,DH45ccb0fc70cf,
E22229,,,,DH6abf6e73869d,
E22230,,,,DHc2412369a503,
E22231,,,,DHd4bf8d375d84,
E22232,,,,DH67bcd685f35a,
E22233,,,,DH63a9adf50051,
E22234,,,,DH1c83abd5d6ae,
E22235,,,,DH94fdd7b73c93,
E22236,,,,DH4595c6aba3bb,
E22237,,,,DHb19351a8d61d,
E22238,,,,DHbba2d1349407,
E22239,,,,DH4c2f74ef6c6c,
E22240,,,,DH65a1b793b848,
E22241,,,,DHba9180765bb8,
E22242,,,,DH1fc9f104db5a,
E22243,,,,DH3c88c22bbb84,
E22244,,,,DH6fcb3d2c5c56,
E22245,,,,DH720e0031d1ca,
E22246,,,,DHabc7380f1816,
E22247,,,,DH92e68613e247,
E22248,,,,DH7bdce33ebffa,
E22249,,,,DH9b861a735372,
E22250,,,,DH7bd5fe0c18c7,
E22251,,,,DHfcd5bb96e9d9,
E22252,,,,DHc1f6bb985d88,
E22253,,,,DH63f7b0801689,
E22254,,,,DH1b956db41369,
E22255,,,,DH5fffa59a07d3,
E22256,,,,DHb3f84c2b5f81,
E22257,,,,DHc6b779225b21,
E22258,,,,DHb7826b45e6ee,
E22259,,,,DH1fcff87d5773,
E22260,,,,DHbeb6207f6a78,
E22261,,,,DHa8470f2adf2c,
E22262,,,,DH021503b5db3e,
E22263,,,,DH3af9d616b0eb,
E22264,,,,DH51acc82dac6c,
E22265,,,,DHec2fb0c0e8d6,
E22266,,,,DH53712c1721df,
E22267,,,,DH217445158df9,
E22268,,,,DHdb5a820fb900,
E22269,,,,DH6e5d6a5e89f9,
E22270,,,,DH076d842954fb,
E22271,,,,DH1e5c4e55c309,
E22272,,,,DHc7c045e82293,
E22273,,,,DHe4f9c63e30f0,
E22274,,,,DHb05bd57c6a0e,
E22275,,,,DH685158d645d7,
E22276,,,,DHb55b42354443,
E22277,,,,DHed8990f4ff9a,
E22278,,,,DH95d718541bb4,
E22279,,,,DHa00c6a74f6a6,
E22280,,,,DH8fb084630556,
E22281,,,,DH9f0989d9c733,
E22282,,,,DH7f129f736689,
E22283,,,,DH6c3568ab72e4,
E22284,,,,DH35c249cb1aed,
E22285,,,,DHf21019b972c8,
E22286,,,,DH32d2a743df08,
E22287,,,,DHc8abdb2323ff,
E22288,,,,DHa61ab7600b99,
E22289,,,,DH6c53d3036583,
E22290,,,,DH8c7afecdaaac,
E22291,,,,DH218faf4122cd,
E22292,,,,DH459f5fe5b4a0,
E22293,,,,DH05fce1998720,
E22294,,,,DH45a413d9457d,
E22295,,,,DH4d7a43963e90,
E22296,,,,DH4be1018d33a9,
E22297,,,,DH9f67c25b3599,
E22298,,,,DH92c6dd13efec,
E22299,,,,DHe381be1ee895,
E22300,,,,DH489008d2a9ee,
E22301,,,,DH6528c12a6227,
E22302,,,,DH0ed36646f795,
E22303,,,,DH61e61ccc10f7,
E22304,,,,DHd7d9cfc34bf1,
E22305,,,,DH3a69dda09e96,
E22306,,,,DHbb67318152fa,
E22307,,,,DHed055db61fdc,
E22308,,,,DHa752f340c732,
E22309,,,,DH9f19b27cc921,
E22310,,,,DHb4a78a4f258d,
E22311,,,,DHecac995eba45,
E22312,,,,DHf8833c02461a,
E22313,,,,DH340e8be8789e,
E22314,,,,DH816f0af10cba,
E22315,,,,DH33eaa49e9b15,
E22316,,,,DH407b78cbe5cc,
E22317,,,,DHc7793b16ff70,
E22318,,,,DH995de4b48c8e,
E22319,,,,DH0ac66438bec3,
E22320,,,,DHbfc54c6adadf,
E22321,,,,DHeeeaa8dedfbf,
E22322,,,,DHcc6d7b89354a,
E22323,,,,DHd7a439e6466f,
E22324,,,,DHf58ff91a73b8,
E22325,,,,DH42661628027a,
E22326,,,,DH8b3cb176b30b,
E22327,,,,DH991de354a98e,
E22328,,,,DH3e163ac7fd9f,
E22329,,,,DHe11cf147d778,
E22330,,,,DH43f6e1580752,
E22331,,,,DH92f8ca656235,
E22332,,,,DH9bdb61bb45b3,
E22333,,,,DH13e22903ddaf,
E22334,,,,DHcf901f7ee19a,
E22335,,,,DH62d1082d0c81,
E22336,,,,DH9be62245f7da,
E22337,,,,DHcbad73e0b803,
E22338,,,,DHdbfbdcc53329,
E22339,,,,DHb193896a2234,
E22340,,,,DHaf6515e80ce9,
E22341,,,,DHd1f6a68e050c,
E22342,,,,DHa341f8bce4b1,
E22343,,,,DH89d598f4daf8,
E22344,,,,DH37a2a7fe5dc7,
E22345,,,,DHa4a8ee484558,
E22346,,,,DHb631d36c8600,
E22347,,,,DHa983d0f88dba,
E22348,,,,DH5c15e2ff625c,
E22349,,,,DHab1f099e09ae,
E22350,,,,DH46027e2ff70f,
E22351,,,,DH90ef062f2b14,
E22352,,,,DH0fd1470fe6a9,
E22353,,,,DH844a85199c25,
E22354,,,,DH1566c3482030,
E22355,,,,DH268279dfdf2d,
E22356,,,,DH6f621adce592,
E22357,,,,DHea14406778bc,
E22358,,,,DH1c38203ba3a9,
E22359,,,,DHb25f5613791d,
E22360,,,,DHd990a490df91,
E22361,,,,DH91457affb7c8,
E22362,,,,DH22f8ae5ce343,
E22363,,,,DHc06fff40989e,
E22364,,,,DHa6121e7f8de0,
E22365,,,,DHa2bd4cb10b65,
E22366,,,,DH21d51bbe8b35,
E22367,,,,DHbeb33301666a,
E22368,,,,DH2ee9cd3ca68d,
E22369,,,,DH1f281a133e11,
E22370,,,,DH8924c722dac6,
E22371,,,,DH47281e854a90,
E22372,,,,DH46f5f51acd04,
E22373,,,,DHcc7b488c851e,
E22374,,,,DHde43c648f7dd,
E22375,,,,DH7b239583a5b4,
E22376,,,,DHa3e266708c5b,
E22377,,,,DHa5bc6eb709b3,
E22378,,,,DHfc0874cfc257,
E22379,,,,DH97bf69a3e711,
E22380,,,,DH8f81b95f3fa1,
E22381,,,,DHfe572ac1a2cc,
E22382,,,,DH3485176f5efb,
E22383,,,,DH9a740022ec20,
E22384,,,,DH46dbd0bb44f0,
E22385,,,,DHa9c64c2d5448,
E22386,,,,DH104e30c5d7bd,
E22387,,,,DH465e6107769c,
E22388,,,,DHbd46f9c353eb,
E22389,,,,DH978159c81f01,
E22390,,,,DH8f124f0b48a4,
E22391,,,,DH957b091a4af2,
E22392,,,,DH80eb25f4d63f,
E22393,,,,DHac73a26455ae,
E22394,,,,DHcaefbd8d02fb,
E22395,,,,DHaf4531087e4f,
E22396,,,,DH12f70ab36d4e,
E22397,,,,DHfd53abd02308,
E22398,,,,DH52c092417144,
E22399,,,,DH822dac548339,
E22400,,,,DH2aa4495d2ef4,
E22401,,,,DH1f3342e556e4,
E22402,,,,DH0767f9d20059,
E22403,,,,DH24413eb8f028,
E22404,,,,DH9ca502236c91,
E22405,,,,DHeb99c09c8b4c,
E22406,,,,DHdbdb47e55b32,
E22407,,,,DH87e039c2b6a5,
E22408,,,,DHc072a67c9ac7,
E22409,,,,DH201797ac3a5e,
E22410,,,,DH336cb14c2650,
E22411,,,,DHe6ded8fbb269,
E22412,,,,DHfa91feba7aca,
E22413,,,,DH767efb5f1914,
E22414,,,,DH44cf412bf3eb,
E22415,,,,DHbe80ad311c7a,
E22416,,,,DH8bb52bfa16af,
E22417,,,,DH4cec34eea5d2,
E22418,,,,DHd588b182e3ae,
E22419,,,,DHfda9243a227b,
E22420,,,,DH662f4221a571,
E22421,,,,DHd57b47666522,
E22422,,,,DH34636dc9db49,
E22423,,,,DHb7e2cd2051df,
E22424,,,,DH74e0f240fd20,
E22425,,,,DH4ee1bbf676c5,
E22426,,,,DHf6ef9dd7e72a,
E22427,,,,DH22bacdf31e7d,
E22428,,,,DH2b53f63efff4,
E22429,,,,DH3b3779d325b0,
E22430,,,,DHbdb579e3c274,
E22431,,,,DH3e5744a2c6b6,
E22432,,,,DH5ff099529cf4,
E22433,,,,DH195ecf3386cc,
E22434,,,,DH3dbe4c1b1381,
E22435,,,,DHf7156f0271e1,
E22436,,,,DHec2fa4ee025c,
E22437,,,,DH2c935527ec92,
E22438,,,,DHc5875a7c26e7,
E22439,,,,DHa8df6a09b734,
E22440,,,,DH748c5025c95c,
E22441,,,,DH44101a2bc884,
E22442,,,,DH08fc55a91c5c,
E22443,,,,DH9257d5c31bb0,
E22444,,,,DHb19bed1855d4,
E22445,,,,DH3fd8161b831e,
E22446,,,,DH2e6453994812,
E22447,,,,DH701882f2da23,
E22448,,,,DH6f0c4add9fd2,
E22449,,,,DHcdc8decd1036,
E22450,,,,DH60a4e730f3f9,
E22451,,,,DH6aacb036c131,
E22452,,,,DHfc374e519aa6,
E22453,,,,DH04c176dfe95e,
E22454,,,,DHb16985f37d4c,
E22455,,,,DH54143766f033,
E22456,,,,DH9c7faf464ee3,
E22457,,,,DH4e6b61bea091,
E22458,,,,DH86f1a2861b87,
E22459,,,,DHa4764bd7d61b,
E22460,,,,DH23c881cc6349,
E22461,,,,DHb34d7c1bcb80,
E22462,,,,DHf9d26a5b8d14,
E22463,,,,DH1e2f3c37e7f5,
E22464,,,,DHb929496703e5,
E22465,,,,DHb6716352877a,
E22466,,,,DH3f77baccc316,
E22467,,,,DH687fa274ed6b,
E22468,,,,DHb6fc93a8f561,
E22469,,,,DHdd81e214ecbd,
E22470,,,,DH11507dafc2cc,
E22471,,,,DH454f76310054,
E22472,,,,DHbf7d9ec85fef,
E22473,,,,DH8c8faf6d01cc,
E22474,,,,DHd255f87f88ea,
E22475,,,,DH8f6fc3b84795,
E22476,,,,DH2bfd3a7a6c4a,
E22477,,,,DH2855e58d2e46,
E22478,,,,DHce48686cbbe3,
E22479,,,,DHb0ff3f341e54,
E22480,,,,DH5b39e6153bd0,
E22481,,,,DHa366687b008e,
E22482,,,,DH4fb623a29fcc,
E22483,,,,DHf0c06d34b971,
E22484,,,,DH49950bf3a110,
E22485,,,,DHea041351829c,
E22486,,,,DH8523e06b5152,
E22487,,,,DHe81773e16955,
E22488,,,,DHa7c8c3bc2362,
E22489,,,,DH4601fe00b7cd,
E22490,,,,DH0fa3f8ca1814,
E22491,,,,DHee24801cabc1,
E22492,,,,DH118e4cadfd57,
E22493,,,,DH451d98a97bda,
E22494,,,,DHa6af00271f36,
E22495,,,,DH855c2c7fea17,
E22496,,,,DHc86a21582334,
E22497,,,,DHb2155acee47e,
E22498,,,,DH83acab5f310f,
E22499,,,,DH30b91455c488,
E22500,,,,DHeaa548c55a46,
E22501,,,,DH9a1bab548790,
E22502,,,,DH4dee0b8e4253,
E22503,,,,DH1d4fbed358da,
E22504,,,,DHc7914449467f,
E22505,,,,DH1453d30f046f,
E22506,,,,DHe875d08a5f8c,
E22507,,,,DH9ea4b53b17bf,
E22508,,,,DH797d1f9d03fe,
E22509,,,,DH0d37ec7dffc5,
E22510,,,,DH104ddbea5d46,
E22511,,,,DH85bc024b1da9,
E22512,,,,DH6706e1528a30,
E22513,,,,DH8c9992dd1388,
E22514,,,,DHe5945a9e6f84,
E22515,,,,DH84ecac29e6b5,
E22516,,,,DH916cd4ffa75b,
E22517,,,,DH6bf27832df0b,
E22518,,,,DHf7b8d4815e6e,
E22519,,,,DHe04dece07a11,
E22520,,,,DH9b496d147ca0,
E22521,,,,DH7e8607493cc8,
E22522,,,,DH97b601756f98,
E22523,,,,DHa6d65605cca7,
E22524,,,,DHdc6be19f9abb,
E22525,,,,DH234612c397a0,
E22526,,,,DH9ea0a990442d,
E22527,,,,DHa32dae208ad7,
E22528,,,,DH5b3a958b2665,
E22529,,,,DHa781750aa15b,
E22530,,,,DH53f698eed4c3,
E22531,,,,DH92d505a77523,
E22532,,,,DHb9670c6375a5,
E22533,,,,DHe928b948f962,
E22534,,,,DHde0af841dc63,
E22535,,,,DHd056df115222,
E22536,,,,DHd81c63c4fe46,
E22537,,,,DH2c305cc56770,
E22538,,,,DHf0d8c7345f35,
E22539,,,,DH7e3c0239726e,
E22540,,,,DHb8e3379a5a98,
E22541,,,,DH7b9d0499c07a,
E22542,,,,DH8b2ae5710eb3,
E22543,,,,DHf140cd0ebd1c,
E22544,,,,DH4c588cf2b9e9,
E22545,,,,DH28409419559e,
E22546,,,,DH37610f335a23,
E22547,,,,DH4f33a1f9a561,
E22548,,,,DH3293d3539cb6,
E22549,,,,DH54fee004b215,
E22550,,,,DHb36408fc0489,
E22551,,,,DH753f8859a8bf,
E22552,,,,DH28237b96e35e,
E22553,,,,DHe4edd04c4928,
E22554,,,,DHb957fab22e3a,
E22555,,,,DH0b2a5804fdb1,
E22556,,,,DH85429df5da4e,
E22557,,,,DH9a2f818f64bf,
E22558,,,,DH44343d0eba69,
E22559,,,,DHe3c775adf524,
E22560,,,,DHe842048e24fd,
E22561,,,,DHcf117d32cf0c,
E22562,,,,DH9bd28e4b78bd,
E22563,,,,DHf2702de8cdc1,
E22564,,,,DHfbd42f20f9fa,
E22565,,,,DH8e4b5e73767a,
E22566,,,,DH66d6add6575e,
E22567,,,,DH6eeaa8546a4f,
E22568,,,,DHc494585c48a3,
E22569,,,,DHb8120238c292,
E22570,,,,DHa8b0e44487e5,
E22571,,,,DHc128549faee6,
E22572,,,,DH569e67ea355c,
E22573,,,,DH720b0b206217,
E22574,,,,DH164ba983c166,
E22575,,,,DH6d709a34e859,
E22576,,,,DHc74b9d03dc9a,
E22577,,,,DH8b817bc35920,
E22578,,,,DH9f9cdd53503e,
E22579,,,,DHbdd33279075d,
E22580,,,,DH2673ae9ff9fc,
E22581,,,,DH5cb2810e2302,
E22582,,,,DH3bd7c08b09fc,
E22583,,,,DH7098c3998d41,
E22584,,,,DHd39aa71188da,
E22585,,,,DH8a44b03d6f7f,
E22586,,,,DH62a973282fbd,
E22587,,,,DH500621b5ce65,
E22588,,,,DH5d39f0a59572,
E22589,,,,DH453eb08f6fb8,
E22590,,,,DH84f3bf7d0164,
E22591,,,,DH2dbb3ea397ea,
E22592,,,,DH036261d884d5,
E22593,,,,DH1b3b368ae69b,
E22594,,,,DHbf85b6e0168d,
E22595,,,,DH2c29d9e19a34,
E22596,,,,DHbb0694722131,
E22597,,,,DH951912cf784e,
E22598,,,,DH54a661899218,
E22599,,,,DHb5f5274941cd,
E22600,,,,DHd76c8324af04,
E22601,,,,DH76849c66e554,
E22602,,,,DH472e6fddb7b8,
E22603,,,,DH0aa2a0339610,
E22604,,,,DH4c6a605f071a,
E22605,,,,DH72e64b552d4f,
E22606,,,,DH0b5d1cdf3e0c,
E22607,,,,DH86fb97f25629,
E22608,,,,DH4337e8c873a8,
E22609,,,,DHbd624d4d2a0a,
E22610,,,,DH8efff9889805,
E22611,,,,DH1aea5e5722b0,
E22612,,,,DH7168cea7bdef,
E22613,,,,DH4f2c65b1163d,
E22614,,,,DH5e16902df554,
E22615,,,,DH07a0a1e68182,
E22616,,,,DHf10607684caa,
E22617,,,,DH0cacbc21a406,
E22618,,,,DHe67d6729f4cb,
E22619,,,,DH0f38a8b8418d,
E22620,,,,DHe86b0ef9e3ae,
E22621,,,,DHfb24a5c44caa,
E22622,,,,DH7529695b6477,
E22623,,,,DHec4040a2777a,
E22624,,,,DH11753835ab0b,
E22625,,,,DHdb5a1e7eeed5,
E22626,,,,DHb7d875ac9a1a,
E22627,,,,DH0db54e52dbaf,
E22628,,,,DH2c996aa855e5,
E22629,,,,DH04725cb844bc,
E22630,,,,DH5d9ea4ce3fd8,
E22631,,,,DH109a84ea44cc,
E22632,,,,DH36cb078a1297,
E22633,,,,DHe8a466986a36,
E22634,,,,DH93713580449b,
E22635,,,,DHdd233645d7d9,
E22636,,,,DHb92901b59616,
E22637,,,,DH3b3c5a397fab,
E22638,,,,DHcf43e4b11c00,
E22639,,,,DH5e21ed34751e,
E22640,,,,DHc0361ca88600,
E22641,,,,DH2371a562ad79,
E22642,,,,DHe07d39f2d579,
E22643,,,,DHda071121eb62,
E22644,,,,DH103efa51302c,
E22645,,,,DH7b740b23a396,
E22646,,,,DHc0bbc2045e98,
E22647,,,,DH07eabfc0f100,
E22648,,,,DH49ed8fd5126f,
E22649,,,,DH92297382cb94,
E22650,,,,DHdc739bdd80a0,
E22651,,,,DHd4dc7db2ea5d,
E22652,,,,DH436fa5431a63,
E22653,,,,DH99f1362dad91,
E22654,,,,DH0af825e2d3d2,
E22655,,,,DHd5274e3ec522,
E22656,,,,DH652e1d16392f,
E22657,,,,DHf39c5c7813e1,
E22658,,,,DH90a933dd3e6d,
E22659,,,,DHaa4071960576,
E22660,,,,DH940a811cf05f,
E22661,,,,DH5ac44b3730d4,
E22662,,,,DHb038d2733151,
E22663,,,,DH3c96e62e156e,
E22664,,,,DH81a1e1db0b66,
E22665,,,,DH349e159c6242,
E22666,,,,DH982213408339,
E22667,,,,DHa561349c5f00,
E22668,,,,DHd92b7b29f40a,
E22669,,,,DH2aea1184446c,
E22670,,,,DH1a6be4cb92a4,
E22671,,,,DH46345f23ec6b,
E22672,,,,DH0891bab8ad0b,
E22673,,,,DH8776fdf06158,
E22674,,,,DHc4c6fd3d4d49,
E22675,,,,DH407545180e9b,
E22676,,,,DHe9d8dadc48b9,
E22677,,,,DH69b9da8fdd4c,
E22678,,,,DHf773254a2d62,
E22679,,,,DH36eb029801a0,
E22680,,,,DHc7c05156b5e3,
E22681,,,,DH9561a0c5495d,
E22682,,,,DH3704b004b27f,
E22683,,,,DH3ca7dcf2dddb,
E22684,,,,DHf78dea154e30,
E22685,,,,DH57fff15bc404,
E22686,,,,DH1a3936eabbe3,
E22687,,,,DH4131c977d172,
E22688,,,,DHc3c473bb70d7,
E22689,,,,DH276d724ae8df,
E22690,,,,DH4620950e3c08,
E22691,,,,DH5e105436e06b,
E22692,,,,DH3815cfb23a13,
E22693,,,,DHd958dd6632a0,
E22694,,,,DHa847ea4118de,
E22695,,,,DH8d2437adaf0f,
E22696,,,,DH8a27ac4f01c6,
E22697,,,,DH5240caeda0e3,
E22698,,,,DH06e509b2635a,
E22699,,,,DH77ee684c4188,
E22700,,,,DHbb79dc405353,
E22701,,,,DHc8d76e4167b3,
E22702,,,,DH10e873b37ab6,
E22703,,,,DH500d8bf609a1,
E22704,,,,DHcc376fad1401,
E22705,,,,DHedf2f64d8773,
E22706,,,,DH76b35c8e892a,
E22707,,,,DHbab5b08c6c27,
E22708,,,,DHa07e249e372c,
E22709,,,,DHbb982520eff6,
E22710,,,,DH3eed8a55a71b,
E22711,,,,DH133130d76330,
E22712,,,,DH80bd3d0e4098,
E22713,,,,DH0aa37e834289,
E22714,,,,DH4d6ca22a65ba,
E22715,,,,DH5a5d1f03496e,
E22716,,,,DHa6292042d55c,
E22717,,,,DH032d7b08914e,
E22718,,,,DHfec863558101,
E22719,,,,DH457593a6bbd8,
E22720,,,,DH97ff9856874b,
E22721,,,,DHe40d3a1da226,
E22722,,,,DH7357d491ecb2,
E22723,,,,DH33730f515d8e,
E22724,,,,DH1accd1b8c633,
E22725,,,,DH1a5940c050e2,
E22726,,,,DHab1d5e76909e,
E22727,,,,DH32b1f435a0f8,
E22728,,,,DH557a757f945e,
E22729,,,,DH949fe81d56b5,
E22730,,,,DH43606acc352d,
E22731,,,,DHd36fe1b1b489,
E22732,,,,DHb6b4c8ba61e7,
E22733,,,,DHdf6497f51c49,
E22734,,,,DHe380c6f5a91a,
E22735,,,,DHa2065eda0e2e,
E22736,,,,DH980b0aac8a80,
E22737,,,,DHc4e3e233b57b,
E22738,,,,DH266ea279a845,
E22739,,,,DH7d15351eb407,
E22740,,,,DH6e573098bf4e,
E22741,,,,DH3c9c2bdb2a91,
E22742,,,,DHebf65f3a4504,
E22743,,,,DH90c900dd81c0,
E22744,,,,DH672d7b0b235f,
E22745,,,,DHf9132b78940a,
E22746,,,,DHa5d9709a6ea5,
E22747,,,,DH77526cce490c,
E22748,,,,DH0ce0343a01f1,
E22749,,,,DH4c189b8781ee,
E22750,,,,DHddd1f3bc1097,
E22751,,,,DH2fd0497e5187,
E22752,,,,DH2a18dbc8b219,
E22753,,,,DH838a5eb3f963,
E22754,,,,DHd8307838e0cf,
E22755,,,,DH9c336f66fe2a,
E22756,,,,DHc86caa5d5a7a,
E22757,,,,DH75a9bc7a3822,
E22758,,,,DH0215989d9e7b,
E22759,,,,DH32ae7d858944,
E22760,,,,DH590da5486fca,
E22761,,,,DH0ea785dc5cc9,
E22762,,,,DHf1a01b7c7609,
E22763,,,,DHf0dc1c93883b,
E22764,,,,DH656118b4604b,
E22765,,,,DHae48860c4908,
E22766,,,,DHd98dfa5ca43a,
E22767,,,,DH07f8872b4490,
E22768,,,,DH81ae2a4cb3ec,
E22769,,,,DH1839fc73081a,
E22770,,,,DHc08f467add34,
E22771,,,,DH5a7e9d65913c,
E22772,,,,DHbe1a6c3d8db3,
E22773,,,,DHc8b52a096ab9,
E22774,,,,DH49c1dc2c9e2f,
E22775,,,,DHe2d328c78152,
E22776,,,,DH68d26dbd388b,
E22777,,,,DH0c026cc5a9e9,
E22778,,,,DH03bbc0e80938,
E22779,,,,DH55ef3a9e3e83,
E22780,,,,DH6dfa5dfb8a5d,
E22781,,,,DH094a1f90c6b9,
E22782,,,,DHaf982a135dbd,
E22783,,,,DH0ede4ed601c0,
E22784,,,,DHe59ac896f14c,
E22785,,,,DH3ec601d6f3ca,
E22786,,,,DH269ba3d9c179,
E22787,,,,DHa45f77cb52ed,
E22788,,,,DH12601e9c04dc,
E22789,,,,DH961b2483b93d,
E22790,,,,DH4acc97239b43,
E22791,,,,DH9488ebf91a3b,
E22792,,,,DH7fd6089eafed,
E22793,,,,DH0c40d103bfa2,
E22794,,,,DH0efa325e1b51,
E22795,,,,DH4b484a056d25,
E22796,,,,DH36d79b168c14,
E22797,,,,DH3eda84c484b0,
E22798,,,,DH9de8cce273d5,
E22799,,,,DH217dcdf52820,
E22800,,,,DH003ff3e4ac34,
E22801,,,,DH19e4836c44e2,
E22802,,,,DH0d661c460f6a,
E22803,,,,DH026e433d9ff8,
E22804,,,,DHee5541503e99,
E22805,,,,DHcfafeadb9c8e,
E22806,,,,DHeee9e724fe3f,
E22807,,,,DH8d48bdf66266,
E22808,,,,DH4fbb8673d39f,
E22809,,,,DHef6e452431dc,
E22810,,,,DH117e25749267,
E22811,,,,DHd6170cf7694c,
E22812,,,,DHda55d187150e,
E22813,,,,DH1b11d3b2a82a,
E22814,,,,DH3319fd2ba845,
E22815,,,,DHfb1b53d93954,
E22816,,,,DHbecf21a56189,
E22817,,,,DH3897ac8bb54c,
E22818,,,,DH7258c1be305c,
E22819,,,,DHa3bd370cfc83,
E22820,,,,DHeffc8a33ad8e,
E22821,,,,DH5d73ab298293,
E22822,,,,DH52d565b8480f,
E22823,,,,DH392b2567e628,
E22824,,,,DH378a6f1ee8b8,
E22825,,,,DHd2712ad164cb,
E22826,,,,DH14ba6af3e229,
E22827,,,,DH02033c2b84db,
E22828,,,,DH40d4bcc34861,
E22829,,,,DH6780c026107a,
E22830,,,,DH7fe8a8a46c93,
E22831,,,,DHbcbf1afe420b,
E22832,,,,DH05ba441c67aa,
E22833,,,,DH1cd9379fc50c,
E22834,,,,DHb829dbdc8487,
E22835,,,,DH9d8811baa02e,
E22836,,,,DH8eb69505f517,
E22837,,,,DH767dc2c6b0fa,
E22838,,,,DHb06b351829c0,
E22839,,,,DHaa79a819fb01,
E22840,,,,DHb7174622332a,
E22841,,,,DH21828da77378,
E22842,,,,DH1664d8205f01,
E22843,,,,DH42fb9dfa155c,
E22844,,,,DH63c7a310c71c,
E22845,,,,DH46f2179a9dc4,
E22846,,,,DH272eb57f6a67,
E22847,,,,DH9e64aaaf95b9,
E22848,,,,DH33898c30049a,
E22849,,,,DHd7e2466bc89b,
E22850,,,,DH0644d9c09e66,
E22851,,,,DH15ce19422bc0,
E22852,,,,DH421200b3db3c,
E22853,,,,DH72c051b25f3c,
E22854,,,,DHc7cdda6ddccc,
E22855,,,,DH63666f3958ff,
E22856,,,,DH687e828f02b5,
E22857,,,,DHbedfbf567b14,
E22858,,,,DHbff9920612ea,
E22859,,,,DH8e77e26b9cf0,
E22860,,,,DHe9a68d52e38b,
E22861,,,,DH397c05a42a2b,
E22862,,,,DH821974476d87,
E22863,,,,DH6063be334a42,
E22864,,,,DH8ffa78e6d790,
E22865,,,,DHa003e6b3426d,
E22866,,,,DH1dd4da498708,
E22867,,,,DH6c1317069315,
E22868,,,,DHc2f3241d59c9,
E22869,,,,DHf4929911109b,
E22870,,,,DHd1cf8849484f,
E22871,,,,DH9bc0b5c61bc9,
E22872,,,,DH536328913648,
E22873,,,,DHb9f9dce2ca0c,
E22874,,,,DHc75c528b7e61,
E22875,,,,DHcf5dfe2af9a2,
E22876,,,,DH1e53c37ec729,
E22877,,,,DH625edcc426ba,
E22878,,,,DH15c188e8175d,
E22879,,,,DHc140b2a85a33,
E22880,,,,DH745fecdf787b,
E22881,,,,DH17cbc5733728,
E22882,,,,DH484ead8e9e30,
E22883,,,,DHe299b60a7ecd,
E22884,,,,DHd7d6b87b17c7,
E22885,,,,DH2ab5224bf894,
E22886,,,,DH72e49735b98c,
E22887,,,,DH2762a4326ba7,
E22888,,,,DH4564d463e07f,
E22889,,,,DHddfae4e0218d,
E22890,,,,DHe06dc6384483,
E22891,,,,DH2c01ed59b07a,
E22892,,,,DHffa9f43b5cc6,
E22893,,,,DH2ea5a3a0a872,
E22894,,,,DHff1c45972594,
E22895,,,,DH0538c60e7784,
E22896,,,,DH1f3b3f13712c,
E22897,,,,DH21fa4f5a6954,
E22898,,,,DHb07f88ca7e15,
E22899,,,,DH8144f6d99645,
E22900,,,,DH77e4e2b2f114,
E22901,,,,DHb0dab4bbb28c,
E22902,,,,DH82177a4ad870,
E22903,,,,DH5561ae355585,
E22904,,,,DH91c91dbca71a,
E22905,,,,DHc5a667f9f811,
E22906,,,,DHabe1c49cf63e,
E22907,,,,DHe7b1ea76f468,
E22908,,,,DHeef1554bef90,
E22909,,,,DH06b97128e299,
E22910,,,,DH66c6c2bf15c0,
E22911,,,,DH0f1d2aea6982,
E22912,,,,DHd17b3dc2e2e7,
E22913,,,,DH3dd4ba0008e3,
E22914,,,,DH132ace3cdaa9,
E22915,,,,DHd2592bf3f5b5,
E22916,,,,DHa94e90ef36be,
E22917,,,,DHcf64d7da0240,
E22918,,,,DH0227fed42354,
E22919,,,,DH0f3cf99a0d36,
E22920,,,,DH54bd98923d84,
E22921,,,,DH5041b832f94a,
E22922,,,,DHaf187cc3cf6f,
E22923,,,,DHb02a1dbc4b0f,
E22924,,,,DH56db70cf4354,
E22925,,,,DH641555acc312,
E22926,,,,DHa78a94a85d7c,
E22927,,,,DH7396b524b952,
E22928,,,,DHf1c74f73014f,
E22929,,,,DHb5a5779335ba,
E22930,,,,DH88732d516aa0,
E22931,,,,DHaa5105c11974,
E22932,,,,DHcd805941cb3a,
E22933,,,,DH8faa918f7779,
E22934,,,,DH7cd69c01ff94,
E22935,,,,DH8a4983581f8b,
E22936,,,,DHb2ec8a434d17,
E22937,,,,DHaff5d5d47389,
E22938,,,,DH81973fe83ac1,
E22939,,,,DH3bc8f7ac26ac,
E22940,,,,DH02ae16c11db6,
E22941,,,,DH2a318f9aaa34,
E22942,,,,DH3d299785e106,
E22943,,,,DHbcc7eb8a5284,
E22944,,,,DHab7cb69e5213,
E22945,,,,DHdd3dcbf1ddc3,
E22946,,,,DH172babad1b13,
E22947,,,,DHd9437ee7abb9,
E22948,,,,DHa5ee36d0936b,
E22949,,,,DHaf1b9ed9eaf1,
E22950,,,,DH89d2697ba8b7,
E22951,,,,DH28aeaba2a50c,
E22952,,,,DH538fd0404643,
E22953,,,,DHacf141a75262,
E22954,,,,DHf8967d6b5053,
E22955,,,,DH6d90631bc5dc,
E22956,,,,DH543578084fea,
E22957,,,,DHb5128ee892f6,
E22958,,,,DH82bdbfa9c44b,
E22959,,,,DHe7daea6c7349,
E22960,,,,DHd30fc3bd314e,
E22961,,,,DHc677374b9302,
E22962,,,,DH9741e14285fe,
E22963,,,,DH00b6382a9846,
E22964,,,,DH1462fbd6a416,
E22965,,,,DH460f3b210aba,
E22966,,,,DHc619054b0080,
E22967,,,,DHfcab57d81371,
E22968,,,,DH3b08462a0372,
E22969,,,,DH708eb88f4161,
E22970,,,,DH4ec78d866817,
E22971,,,,DH8ffee33227fd,
E22972,,,,DH6ec2696a10cc,
E22973,,,,DHd22c98083fa2,
E22974,,,,DH6269fe9e0f01,
E22975,,,,DHa5318b0c1f42,
E22976,,,,DH76da071b9759,
E22977,,,,DH9fac857b077c,
E22978,,,,DH37d4c5e14cdd,
E22979,,,,DHdfe5dec50902,
E22980,,,,DH1065d3e2fbbd,
E22981,,,,DH51ba6ffbfae4,
E22982,,,,DH3c245d19789b,
E22983,,,,DH7304d3ac92cf,
E22984,,,,DH3a48986926e6,
E22985,,,,DH359d61ffaa9b,
E22986,,,,DH06c56315d16d,
E22987,,,,DH00cbef9358d8,
E22988,,,,DHbc715afe1a5a,
E22989,,,,DHe922ad401d60,
E22990,,,,DHc1318376c375,
E22991,,,,DH0dfb192b3c1e,
E22992,,,,DH01ed345bbfb7,
E22993,,,,DHa54045c10ed8,
E22994,,,,DH814f8f71d0d6,
E22995,,,,DH3184784199c3,
E22996,,,,DHa33348f8e9b5,
E22997,,,,DH58289108a544,
E22998,,,,DH162445f8238f,
E22999,,,,DH324fd99d5889,
E23000,,,,DH6bb4c7c48f91,
E23001,,,,DH6e9db2034e78,
E23002,,,,DH65aadea8c00f,
E23003,,,,DH5eaa3e94489f,
E23004,,,,DH8ded4923f69f,
E23005,,,,DH632b40ffd16c,
E23006,,,,DHfe461482d3c8,
E23007,,,,DHead816dbcd7b,
E23008,,,,DH978be8d056d0,
E23009,,,,DHbe74c8f076cb,
E23010,,,,DHccaf5855f2cd,
E23011,,,,DHd9a170c06a67,
E23012,,,,DHc6455e1295f4,
E23013,,,,DH5eb89e0b1cc8,
E23014,,,,DH9474a2da3efb,
E23015,,,,DHc40b0d093ff7,
E23016,,,,DH11f0ba362235,
E23017,,,,DH6dbd54eda465,
E23018,,,,DHa4598c33b4c7,
E23019,,,,DH60443184d2bb,
E23020,,,,DH9a069e3359b3,
E23021,,,,DH26a71e7cf648,
E23022,,,,DH474fd04812d4,
E23023,,,,DH3520e9cd0bc0,
E23024,,,,DHa36b41de6ae6,
E23025,,,,DH1423c593e460,
E23026,,,,DHe1710131eade,
E23027,,,,DH4254cf20f5dc,
E23028,,,,DH7d5c2c29442e,
E23029,,,,DH126a177601c9,
E23030,,,,DH26f6e45050d7,
E23031,,,,DH88bac69f5d3f,
E23032,,,,DH1fb5c7befb45,
E23033,,,,DH62cf22bc6d38,
E23034,,,,DH03858152434b,
E23035,,,,DHe5a98ccbead9,
E23036,,,,DH89c777c6aa8c,
E23037,,,,DH56b9ae600cb8,
E23038,,,,DHa410eec5bd5f,
E23039,,,,DH906d7a61c026,
E23040,,,,DH79b6c12b9198,
E23041,,,,DH25cadd039772,
E23042,,,,DHf852d15cebb0,
E23043,,,,DHb3093c0be318,
E23044,,,,DH88a0e6f668c3,
E23045,,,,DH41d0adac0c3b,
E23046,,,,DH1f98153d36ec,
E23047,,,,DH1f916a23510e,
E23048,,,,DH8078d40f88ae,
E23049,,,,DH9bee935edd5a,
E23050,,,,DHb2c4dbed0aa1,
E23051,,,,DHd94f5079ce91,
E23052,,,,DH05dfaace48e6,
E23053,,,,DHad4bb8cc659b,
E23054,,,,DH954a4008b594,
E23055,,,,DHbd7771511f74,
E23056,,,,DH25cc57da3df5,
E23057,,,,DH1533f4b6c54f,
E23058,,,,DHc93177b5690d,
E23059,,,,DH75b30b6b7bae,
E23060,,,,DH6f67d5c5ec60,
E23061,,,,DHc6e8ffb96c29,
E23062,,,,DH7ce756e02221,
E23063,,,,DH0fe9595f37ed,
E23064,,,,DH9f26ff9fa348,
E23065,,,,DHe618e81997cb,
E23066,,,,DH5aedbcb3fac5,
E23067,,,,DHe03f174e54ed,
E23068,,,,DHe15ff9c52403,
E23069,,,,DH9186ac1ce9ab,
E23070,,,,DH9eb02b56f3f3,
E23071,,,,DHb7c6c5383453,
E23072,,,,DHab106e0f396d,
E23073,,,,DH64f321bc1934,
E23074,,,,DH803c1e9dbe19,
E23075,,,,DH843c66600997,
E23076,,,,DH7c37dd77e31d,
E23077,,,,DHedc111eba23f,
E23078,,,,DH0e1ca45080f4,
E23079,,,,DH31dddf4ffa6f,
E23080,,,,DH0d8f84f995a1,
E23081,,,,DHdf90279e0afb,
E23082,,,,DHfe468d254269,
E23083,,,,DHa79d56255920,
E23084,,,,DH908d2c2a45a8,
E23085,,,,DH317d8191bf77,
E23086,,,,DHa28c6eee4b4e,
E23087,,,,DH3f91f6abca82,
E23088,,,,DHf93f49757bbf,
E23089,,,,DH554f38d66c45,
E23090,,,,DHba2f994e6697,
E23091,,,,DH034a793dee35,
E23092,,,,DHfff68c4993da,
E23093,,,,DHc4955a20a9ef,
E23094,,,,DH24ef2488473d,
E23095,,,,DHf68402d46f1d,
E23096,,,,DH102dfe91e25a,
E23097,,,,DHfbd7661dc985,
E23098,,,,DH6e9264814669,
E23099,,,,DH7f7d32bcb187,
E23100,,,,DH169eeb33f723,
E23101,,,,DH83b602280756,
E23102,,,,DHe9134352c078,
E23103,,,,DHe3a212ed2f9d,
E23104,,,,DH1119d3f660ee,
E23105,,,,DH9cfc6853dce7,
E23106,,,,DHf322d4e13015,
E23107,,,,DH100b42cd0990,
E23108,,,,DH3945963a5b25,
E23109,,,,DH8430d2a3e26a,
E23110,,,,DHd6e0fd74c662,
E23111,,,,DH2f6798d9f738,
E23112,,,,DHd8febcfd97dd,
E23113,,,,DHc4dec3bb8da0,
E23114,,,,DH12c85382eb78,
E23115,,,,DH58be8626f299,
E23116,,,,DH49b096ab9bc9,
E23117,,,,DHa30e4646c4cb,
E23118,,,,DH9c5fe4a5c01b,
E23119,,,,DHb9456729449a,
E23120,,,,DH4f5454698639,
E23121,,,,DH2fbe5a9f6364,
E23122,,,,DH085a878b7e1e,
E23123,,,,DH6f95eff46c77,
E23124,,,,DH65802987689e,
E23125,,,,DHf8600bc433b1,
E23126,,,,DH90d863be22bf,
E23127,,,,DHc42a7df5b31a,
E23128,,,,DHe45b334bfaa0,
E23129,,,,DHb5977ce512c3,
E23130,,,,DH49f1143dc191,
E23131,,,,DHe386af737760,
E23132,,,,DH31d1fca58ebd,
E23133,,,,DH009fbfdd4b46,
E23134,,,,DH75313ec8ef28,
E23135,,,,DH57fa6f59a487,
E23136,,,,DH892d552d4e6d,
E23137,,,,DH97b4dbd12092,
E23138,,,,DH1f650f8183c4,
E23139,,,,DHd789cfa5a21a,
E23140,,,,DH8e75471b367a,
E23141,,,,DH7cf4e5e6193d,
E23142,,,,DHb6ebd58a9bf5,
E23143,,,,DHc99a12c0ebae,
E23144,,,,DHccb14f23952a,
E23145,,,,DH93593539ad10,
E23146,,,,DH71a8a107e196,
E23147,,,,DH8d1cdd01da7e,
E23148,,,,DHceab40c7a45f,
E23149,,,,DHba78d3cdfe22,
E23150,,,,DH473937bfe063,
E23151,,,,DH351a11f69225,
E23152,,,,DHa5e19725cb6d,
E23153,,,,DHba6515d75e00,
E23154,,,,DH46da44e5e39f,
E23155,,,,DH8352143faf31,
E23156,,,,DH541dcc99859d,
E23157,,,,DHa57dafdb2d58,
E23158,,,,DHbab5c993849d,
E23159,,,,DH9ea6f15fe710,
E23160,,,,DH405f57d65048,
E23161,,,,DHb1aaa336ca74,
E23162,,,,DHc8e8e59bbcf4,
E23163,,,,DHf5f21d715d55,
E23164,,,,DH242ec8664b55,
E23165,,,,DHee0ebbf83f92,
E23166,,,,DH2a770e4c3bec,
E23167,,,,DHb668e6c45b9f,
E23168,,,,DHc69d52d81663,
E23169,,,,DHaa8892500d7b,
E23170,,,,DH449d1dd0aac3,
E23171,,,,DH617acc439e36,
E23172,,,,DH91d2d1c7d891,
E23173,,,,DH5fa58fa0b23b,
E23174,,,,DHc86c89310921,
E23175,,,,DH5d9fa0a6a2f5,
E23176,,,,DH98bae4bf8b93,
E23177,,,,DH5f3fd47a4f7a,
E23178,,,,DH6ce5bb48c5d8,
E23179,,,,DH5c6d97868979,
E23180,,,,DH217b290b0292,
E23181,,,,DH5f30bd20d7a7,
E23182,,,,DHba196423b48b,
E23183,,,,DH78ad5a801303,
E23184,,,,DHa815db5ba634,
E23185,,,,DH4c40d5b7fcaa,
E23186,,,,DH8455d89b9828,
E23187,,,,DH539fcea7c5b3,
E23188,,,,DH1ddb8e735932,
E23189,,,,DHc66500ec016f,
E23190,,,,DH114ce129c507,
E23191,,,,DH7f74f2eb24c1,
E23192,,,,DHda135bcfc41b,
E23193,,,,DHcd320e5dfeee,
E23194,,,,DH5a1dff6ed1f2,
E23195,,,,DHcb33b6387592,
E23196,,,,DHd9e29169790e,
E23197,,,,DH71bb2d91cbb7,
E23198,,,,DH61fbaba21475,
E23199,,,,DHeb4b7642452a,
E23200,,,,DH399048eed34e,
E23201,,,,DHf45822078478,
E23202,,,,DH5a97b7f2c9fd,
E23203,,,,DH047c6d8399a6,
E23204,,,,DH7cdb528104c1,
E23205,,,,DH0de6f9c16d11,
E23206,,,,DH60148916f985,
E23207,,,,DH9fae641559df,
E23208,,,,DHe69e3b9b5838,
E23209,,,,DH229152da21fe,
E23210,,,,DHe5e5dd0b121e,
E23211,,,,DH05ff66916b51,
E23212,,,,DH637fdd42333b,
E23213,,,,DHc22688727c3b,
E23214,,,,DH620f4286d69a,
E23215,,,,DH0e55d26690e4,
E23216,,,,DHc65c5dc6e6ef,
E23217,,,,DHd5cdd6c7c9d5,
E23218,,,,DH367ccb637ed8,
E23219,,,,DHb30cc6af8aa3,
E23220,,,,DH22d8eaf23691,
E23221,,,,DHccbfc4b18d12,
E23222,,,,DHe09aa7c3baf9,
E23223,,,,DH6f4e5bef9bdd,
E23224,,,,DHa16ed29e861c,
E23225,,,,DH8a10e1ad9f4a,
E23226,,,,DH74b4fcb6db5e,
E23227,,,,DH173b0e9e21f5,
E23228,,,,DH59e0bfe3083e,
E23229,,,,DH557b5d4f86db,
E23230,,,,DHf97ef7ae92d3,
E23231,,,,DH73ae41194ab4,
E23232,,,,DHf304c787212b,
E23233,,,,DH5082a1d91e9e,
E23234,,,,DHdd4d9d8e526b,
E23235,,,,DH7b84e9eca54c,
E23236,,,,DH08f8a9994567,
E23237,,,,DH29701cf073f1,
E23238,,,,DH7a1dceeb1afc,
E23239,,,,DH2f9c684c1ff6,
E23240,,,,DHcc24a3c42306,
E23241,,,,DHbc74afe4afae,
E23242,,,,DH0deb7921277f,
E23243,,,,DHdfa6bb5cb2fe,
E23244,,,,DH66d018ac0fe3,
E23245,,,,DHd5d7bc14409a,
E23246,,,,DHf89af461df97,
E23247,,,,DHc682d4eb5780,
E23248,,,,DH50bbb1abd798,
E23249,,,,DH61b6b9d887db,
E23250,,,,DH5656ad5b7b2e,
E23251,,,,DHdf30cd333677,
E23252,,,,DHa47b52e2bf8a,
E23253,,,,DHd9fe32c50808,
E23254,,,,DHf3cc83d15719,
E23255,,,,DHab4abb3ca825,
E23256,,,,DHe0172711dbf1,
E23257,,,,DH2c539ff639d2,
E23258,,,,DHe96d584d7766,
E23259,,,,DHd491a6cbbe16,
E23260,,,,DHbd18789d2ec2,
E23261,,,,DH91699a3c4bdf,
E23262,,,,DHc0c530c9194a,
E23263,,,,DHc61cc114c9e9,
E23264,,,,DH9aed0e3ebb47,
E23265,,,,DHd142db1ded18,
E23266,,,,DH56a51e4643e7,
E23267,,,,DHa019ed9829ef,
E23268,,,,DH50afc3a4cdba,
E23269,,,,DH53acf086603c,
E23270,,,,DHdd4fd786cc14,
E23271,,,,DH88a642290586,
E23272,,,,DHd14a30ff382a,
E23273,,,,DH80a83d1d691f,
E23274,,,,DHc863a2f6c87b,
E23275,,,,DH28f89b3e704b,
E23276,,,,DH79be9be2d687,
E23277,,,,DH63e96a1149db,
E23278,,,,DH776c356b958d,
E23279,,,,DHd570d1cb5ffa,
E23280,,,,DH332fa76856aa,
E23281,,,,DH15c0ff5ed41d,
E23282,,,,DH122848f82e3d,
E23283,,,,DHb18660af2f99,
E23284,,,,DH047b785f52ba,
E23285,,,,DHfa860cf4ff21,
E23286,,,,DHab5563f564fa,
E23287,,,,DHa07bd8d949c5,
E23288,,,,DH82fcfa63eaca,
E23289,,,,DH716e38a5cb6a,
E23290,,,,DH2c1466e7188d,
E23291,,,,DHb24fc2b9ee3c,
E23292,,,,DHda4fa531a685,
E23293,,,,DH6ba4e3d9e4fb,
E23294,,,,DH43fe818c4ef5,
E23295,,,,DH21c65411aba5,
E23296,,,,DHecf2c9fb3239,
E23297,,,,DH5cc80c091ad0,
E23298,,,,DH84801f125d68,
E23299,,,,DHb30e8989636d,
E23300,,,,DH468fb0b38c0b,
E23301,,,,DH41a12ca07207,
E23302,,,,DH6869c2dc49b0,
E23303,,,,DH8c4bc1e7c7cd,
E23304,,,,DH6e9cb60b61e3,
E23305,,,,DH5c6737c75d48,
E23306,,,,DH27986aa5f34a,
E23307,,,,DH10340b50ca54,
E23308,,,,DH60a7b3de2848,
E23309,,,,DH99c11fd89593,
E23310,,,,DH12492075cffd,
E23311,,,,DH1e456c0728e3,
E23312,,,,DH28b5e6ef7c56,
E23313,,,,DH47665791fb02,
E23314,,,,DH758ae2e1662a,
E23315,,,,DHcfe58832e85a,
E23316,,,,DHb52c62a5072f,
E23317,,,,DHfbea5e423109,
E23318,,,,DH741a694bdc57,
E23319,,,,DH6fcc31d8c2b4,
E23320,,,,DH383dbaee32b7,
E23321,,,,DH5d4690afe709,
E23322,,,,DH5ff2bc020742,
E23323,,,,DH54b30c500184,
E23324,,,,DH98bacfa8e8b9,
E23325,,,,DHae5fd6c45675,
E23326,,,,DH761229435613,
E23327,,,,DH8462f6473aa3,
E23328,,,,DH1e316c7441cc,
E23329,,,,DH092a9b205674,
E23330,,,,DH892a932146ba,
E23331,,,,DH42e60742f7d5,
E23332,,,,DH047569a7546a,
E23333,,,,DH38334250e264,
E23334,,,,DH9f31087ad93f,
E23335,,,,DHb16fc1ee2a99,
E23336,,,,DH10ff03eff3cd,
E23337,,,,DHfe4883f1fac4,
E23338,,,,DHa1836cba71c0,
E23339,,,,DH156a023b4352,
E23340,,,,DHd8e8f31e1ec2,
E23341,,,,DH0fa8821c8d7d,
E23342,,,,DH36a2d9ec4588,
E23343,,,,DHb94f60e3f952,
E23344,,,,DHad05da475d50,
E23345,,,,DH51872ee0a31f,
E23346,,,,DH4d425cd69aee,
E23347,,,,DH0265ad898519,
E23348,,,,DH828af15dafba,
E23349,,,,DHdebb797fa969,
E23350,,,,DH30b6d6b5cb41,
E23351,,,,DH2143a92c9230,
E23352,,,,DHb0bc53264d76,
E23353,,,,DH1e9bb94a1161,
E23354,,,,DH978775519dae,
E23355,,,,DHfe6238cc2e90,
E23356,,,,DHb45641446302,
E23357,,,,DHb8c8f811e588,
E23358,,,,DHfbb07a9b530e,
E23359,,,,DH1fa1b8526962,
E23360,,,,DHe2c9d5e11b93,
E23361,,,,DH66c6b683f316,
E23362,,,,DH3692bc7481a5,
E23363,,,,DHfa417ebb730a,
E23364,,,,DH26f7d63fa019,
E23365,,,,DHaa530e12fe75,
E23366,,,,DH2285294d0cc4,
E23367,,,,DH195b748793dc,
E23368,,,,DHc25636821b24,
E23369,,,,DH63830413ee9c,
E23370,,,,DHdeecae8e1aa8,
E23371,,,,DH00538bd715a6,
E23372,,,,DHaddc33c64b01,
E23373,,,,DHceea870ffe6b,
E23374,,,,DHaea9416f4800,
E23375,,,,DHb9c43c126ea0,
E23376,,,,DH6930b4a17469,
E23377,,,,DHe01a5a155d34,
E23378,,,,DHe627c348427a,
E23379,,,,DHd540bce5f5cb,
E23380,,,,DHe8a68e6ebaeb,
E23381,,,,DH7b8db970cc43,
E23382,,,,DHa3704e3a380e,
E23383,,,,DH0b73097e329e,
E23384,,,,DH22679fd82529,
E23385,,,,DH5c7349d026c2,
E23386,,,,DHcb0ad4096a5a,
E23387,,,,DH633e6165d382,
E23388,,,,DH543f7efa85d1,
E23389,,,,DH89dfcc8b4004,
E23390,,,,DH6db30ed25c28,
E23391,,,,DH97eaf718f202,
E23392,,,,DH5942c333f2f9,
E23393,,,,DHcb682676e8ee,
E23394,,,,DHea84576514b4,
E23395,,,,DH65aae0f189cc,
E23396,,,,DH715aecfd8854,
E23397,,,,DH0d72b554a93c,
E23398,,,,DH5150edca7c13,
E23399,,,,DH572c16c20f84,
E23400,,,,DHa4eb8a019dca,
E23401,,,,DH3270b143e856,
E23402,,,,DH3cb5bae42ec0,
E23403,,,,DH36b7cc15db15,
E23404,,,,DH082450ba55c7,
E23405,,,,DHef4653823a11,
E23406,,,,DHcd250e49e23b,
E23407,,,,DH1a29658680dd,
E23408,,,,DH925415738655,
E23409,,,,DH0455a23fc613,
E23410,,,,DHb16668ee7ba7,
E23411,,,,DHa621f41449aa,
E23412,,,,DH2b35d59dfb6d,
E23413,,,,DHe2659a12eb39,
E23414,,,,DH95a4e9cd28dc,
E23415,,,,DH00d5ebe40f95,
E23416,,,,DH6a0934d56c02,
E23417,,,,DH8a338820c0c3,
E23418,,,,DHf854a123654e,
E23419,,,,DH7730b41408a7,
E23420,,,,DH7198ca39328f,
E23421,,,,DHfe1938280179,
E23422,,,,DH4db85857e15b,
E23423,,,,DH793c7afa4869,
E23424,,,,DHb674e38e31fc,
E23425,,,,DHfa5015db4a6a,
E23426,,,,DH2e1c7f696b9d,
E23427,,,,DH6cbdf30c4740,
E23428,,,,DHe8467f548606,
E23429,,,,DH051ef64589ad,
E23430,,,,DH702fe336f1f9,
E23431,,,,DH17f391a52ae5,
E23432,,,,DHb03fbc5fdb34,
E23433,,,,DH159156844c67,
E23434,,,,DHdc0480149e01,
E23435,,,,DH436a05111d73,
E23436,,,,DH70f8f9607764,
E23437,,,,DHc75f3af6b2f7,
E23438,,,,DHfdae36e84e9a,
E23439,,,,DH174efaf1834d,
E23440,,,,DH50a053fb23bd,
E23441,,,,DHdc0432cc2422,
E23442,,,,DH4839ad5d8c42,
E23443,,,,DH9549f830ee63,
E23444,,,,DH8263191fc4ce,
E23445,,,,DH1b2c22cd6f66,
E23446,,,,DH9d5cf92df9f8,
E23447,,,,DHf4fddfe2fc37,
E23448,,,,DH0f16a7b12220,
E23449,,,,DHb434f8b448fa,
E23450,,,,DH7d8708ef1df5,
E23451,,,,DH90d36ce7f8a8,
E23452,,,,DH59edc9b79810,
E23453,,,,DH9b2ace53d084,
E23454,,,,DH5aa072766398,
E23455,,,,DHd04cae35306b,
E23456,,,,DH1e4354c31b60,
E23457,,,,DHc75ed1045d00,
E23458,,,,DH5189f0cead45,
E23459,,,,DH92ccecc397ea,
E23460,,,,DHd6ec5f3c0f66,
E23461,,,,DHd7fd4ed247e2,
E23462,,,,DHe7db4d244b33,
E23463,,,,DH7a486c0ad5ff,
E23464,,,,DH2b25beaf8136,
E23465,,,,DH6f69bcb86ee0,
E23466,,,,DH2488d3cf7b5c,
E23467,,,,DH3366c1344fc2,
E23468,,,,DH2d5380589c29,
E23469,,,,DH1f14562bad68,
E23470,,,,DH8fea7b407257,
E23471,,,,DH41f114159065,
E23472,,,,DH313ea6a7d11a,
E23473,,,,DH6995916d6f7d,
E23474,,,,DH81ee3909e39a,
E23475,,,,DHee7108d0132f,
E23476,,,,DHba2cb29ef230,
E23477,,,,DH27a2f334a7fa,
E23478,,,,DH7f1243fc7b3a,
E23479,,,,DH74fb2ae068db,
E23480,,,,DH964bcb39f81e,
E23481,,,,DHcec97fb129cb,
E23482,,,,DHfb8564070a8d,
E23483,,,,DHbf6ae73b7d6c,
E23484,,,,DH0177bc0d934d,
E23485,,,,DH6e5bea49e9da,
E23486,,,,DH58b128496d8e,
E23487,,,,DH095464d855bf,
E23488,,,,DH0816c08e3239,
E23489,,,,DH157bb578e392,
E23490,,,,DH2ef982006c19,
E23491,,,,DH49c44394abcb,
E23492,,,,DHca55890d5f87,
E23493,,,,DH0d3ccff78ac9,
E23494,,,,DH6221f6095fdc,
E23495,,,,DH7d3fe47fdb77,
E23496,,,,DH60fed379e634,
E23497,,,,DH54083d538087,
E23498,,,,DH004f1997e00d,
E23499,,,,DH3a6f54c2cf0f,
E23500,,,,DH665e28278fa1,
E23501,,,,DHee04226e1525,
E23502,,,,DH0221b83bf8f9,
E23503,,,,DH47ef44616087,
E23504,,,,DHb3c42860c4e5,
E23505,,,,DHd1751df56e28,
E23506,,,,DHe98d98532ed5,
E23507,,,,DHf38fe488ccf8,
E23508,,,,DH6a6d0713a54a,
E23509,,,,DHd917d21a6f18,
E23510,,,,DHc639743d754e,
E23511,,,,DH69e51d432dc1,
E23512,,,,DH6263a2d15676,
E23513,,,,DHab2044db08e6,
E23514,,,,DH70c73d1cda13,
E23515,,,,DH44b416a3ef36,
E23516,,,,DH727656da8e45,
E23517,,,,DH4395aae80ebf,
E23518,,,,DHd5a3c334296b,
E23519,,,,DHd1d7c5143b5a,
E23520,,,,DH68ee836a03ea,
E23521,,,,DHa89c310772a1,
E23522,,,,DHa6c7069cf0cc,
E23523,,,,DH2965890a6c63,
E23524,,,,DH41d10804a98f,
E23525,,,,DHf3a84a99d584,
E23526,,,,DHcde652795fa5,
E23527,,,,DHd1b2ae0e046b,
E23528,,,,DH13316df99304,
E23529,,,,DH7d421979d5dd,
E23530,,,,DH227cfb2f6565,
E23531,,,,DH578471186601,
E23532,,,,DH062a495bb84a,
E23533,,,,DHbc3daf673f8f,
E23534,,,,DHd3b304c40351,
E23535,,,,DHbb953b75d452,
E23536,,,,DH7d81bd66bdba,
E23537,,,,DH0dae6d9a0eed,
E23538,,,,DH7d048977cafe,
E23539,,,,DHb8fbbb47adb1,
E23540,,,,DHffcb6b05067a,
E23541,,,,DH97ac53a4d52b,
E23542,,,,DH827d6f5dc187,
E23543,,,,DH408b2937aee8,
E23544,,,,DH1ae87851b93d,
E23545,,,,DHdf675f1c0dc3,
E23546,,,,DHf76b97876be3,
E23547,,,,DH13870e34c68b,
E23548,,,,DH174cc3f3a364,
E23549,,,,DHa262d5218900,
E23550,,,,DHcb2492c704ea,
E23551,,,,DHac35177e661c,
E23552,,,,DH415f3d072fba,
E23553,,,,DHc2a67e43a7f8,
E23554,,,,DHb24bbb97f079,
E23555,,,,DHf1ddf8887e89,
E23556,,,,DH86a36681cfcd,
E23557,,,,DHdda68a743bfc,
E23558,,,,DH83a282e08d9d,
E23559,,,,DHd1ba33319808,
E23560,,,,DH041845e25858,
E23561,,,,DH658e403254c5,
E23562,,,,DH40754e9ac2f6,
E23563,,,,DH62ed146897d8,
E23564,,,,DHc5e36454c7ff,
E23565,,,,DHc50c1beaf057,
E23566,,,,DH1fef108fda28,
E23567,,,,DHa4bf138f0fea,
E23568,,,,DH8fa25308e1a9,
E23569,,,,DHd3e3649c44d5,
E23570,,,,DH89609087ea89,
E23571,,,,DHa2e1bf98c36e,
E23572,,,,DH6acefe8b43ba,
E23573,,,,DHbe9f67c9d2b7,
E23574,,,,DH28cdb5453018,
E23575,,,,DHe062ca8d8258,
E23576,,,,DH77eebf425f5b,
E23577,,,,DH14a4b5798e49,
E23578,,,,DHaba10ab83789,
E23579,,,,DHb180d6456232,
E23580,,,,DH13220e0ebc3d,
E23581,,,,DH02a176775274,
E23582,,,,DH5d51e0d2af06,
E23583,,,,DHc8a40d875a1c,
E23584,,,,DHfd12f9a786e7,
E23585,,,,DHbbd381cf6e86,
E23586,,,,DH997f323baef9,
E23587,,,,DHad5106553115,
E23588,,,,DH5c6de89b56d3,
E23589,,,,DH41ed75890f86,
E23590,,,,DHa731606a3f38,
E23591,,,,DHac49805445f2,
E23592,,,,DH52de81e262e8,
E23593,,,,DHd759462d8355,
E23594,,,,DHb91bd431aa20,
E23595,,,,DH3ae8131e6e67,
E23596,,,,DH0c0920941563,
E23597,,,,DH4bdf744f3592,
E23598,,,,DH0724128363a1,
E23599,,,,DH9182208e26e4,
E23600,,,,DH8bdf570640c1,
E23601,,,,DH2131a0aa025f,
E23602,,,,DH775fb44933d0,
E23603,,,,DHf0474db2b0a0,
E23604,,,,DH0226c7bae6ee,
E23605,,,,DHedecee0cbd50,
E23606,,,,DH27c983387126,
E23607,,,,DH8e5a5db400dd,
E23608,,,,DHe87ec878d72c,
E23609,,,,DH53f992d11fc2,
E23610,,,,DHa9d8387ced20,
E23611,,,,DH808fe9e241da,
E23612,,,,DH9d576bcd642f,
E23613,,,,DH4db94d441ed5,
E23614,,,,DHf9b2cf05c96e,
E23615,,,,DH751b0629f512,
E23616,,,,DH66e628fae735,
E23617,,,,DHefed36723b90,
E23618,,,,DH41429c872b1c,
E23619,,,,DHc9a14123be0a,
E23620,,,,DH9bd9641110ed,
E23621,,,,DH80a76006e8ee,
E23622,,,,DHe850e4d49148,
E23623,,,,DH50ae3c771e2a,
E23624,,,,DH14287b4fd8ce,
E23625,,,,DHc94f95b4f23a,
E23626,,,,DH4374dd55ce70,
E23627,,,,DHeaa525938249,
E23628,,,,DHe1994486793c,
E23629,,,,DHa1b39b5f60a2,
E23630,,,,DHa6b01f4b14f5,
E23631,,,,DHdd7a4e793096,
E23632,,,,DHeb7505011bb0,
E23633,,,,DHfe17d8a77a48,
E23634,,,,DH8d07e7c987c8,
E23635,,,,DH98baaa1e41ec,
E23636,,,,DH2b3b270d8224,
E23637,,,,DH3838e567e755,
E23638,,,,DH5fc7baaf72b5,
E23639,,,,DH2fcbf5df85fd,
E23640,,,,DHce4689e8e366,
E23641,,,,DH143e1f10440c,
E23642,,,,DH6332f263fb61,
E23643,,,,DHbf84d268405c,
E23644,,,,DH4eb2bd7f954e,
E23645,,,,DH7960ceaf50c6,
E23646,,,,DHb96d0edcdcad,
E23647,,,,DHe47133ce68ab,
E23648,,,,DH67ebe57be9e1,
E23649,,,,DH2ed53a91bb10,
E23650,,,,DH87f86891a0ce,
E23651,,,,DHcc991f423bd3,
E23652,,,,DH9e6470846a0b,
E23653,,,,DH527b3f2a7ba4,
E23654,,,,DHd603c53b428a,
E23655,,,,DH10d2ce49058b,
E23656,,,,DH0ae737e1e1f9,
E23657,,,,DH04ee857b40d7,
E23658,,,,DH6fbb7c6b4e9b,
E23659,,,,DHc862d45ddcb6,
E23660,,,,DH70ff80896a1f,
E23661,,,,DHd19363649c36,
E23662,,,,DHd891a5db8c03,
E23663,,,,DH0ee5b62f27b2,
E23664,,,,DH5a60dbe1bdfe,
E23665,,,,DH948d1e4a5531,
E23666,,,,DH545a1ac61179,
E23667,,,,DHbca0186d49e1,
E23668,,,,DHb6660344c442,
E23669,,,,DHa35d1c2690b1,
E23670,,,,DH6fedcb3a1f93,
E23671,,,,DH48ed593b072e,
E23672,,,,DH9c7c5869e51a,
E23673,,,,DH9b7ed01919c7,
E23674,,,,DHa479b84713be,
E23675,,,,DHa54cc2d50e2e,
E23676,,,,DHa475f497a75c,
E23677,,,,DHbf740adc1400,
E23678,,,,DH68e7ac115860,
E23679,,,,DHfd384e8fe280,
E23680,,,,DH55db487e5b85,
E23681,,,,DH4751d0caf563,
E23682,,,,DH685e31db8349,
E23683,,,,DH3c535e3dd43a,
E23684,,,,DH32c5f675132b,
E23685,,,,DHa0e13d1e0c50,
E23686,,,,DHa59e2cc78b17,
E23687,,,,DH3335c985fcfa,
E23688,,,,DHbe7664d3299f,
E23689,,,,DH667e58416a1d,
E23690,,,,DH5f8cc34b03f2,
E23691,,,,DH56758140cafa,
E23692,,,,DH1b707b34ccd3,
E23693,,,,DH614dac936140,
E23694,,,,DH4bb260a9482e,
E23695,,,,DH621e1e621e9c,
E23696,,,,DHe813086321cc,
E23697,,,,DH2487b28ec02c,
E23698,,,,DH7044ccc67c60,
E23699,,,,DH5cec314d00c8,
E23700,,,,DHc828bfb855e3,
E23701,,,,DHb716ebfc85ca,
E23702,,,,DH6196380eeecb,
E23703,,,,DHfb17e1d0cff0,
E23704,,,,DH344e0216c6ef,
E23705,,,,DH7da04edf2f6f,
E23706,,,,DH95ef3e54c5e5,
E23707,,,,DH3e3542490a8f,
E23708,,,,DH1d63324203c0,
E23709,,,,DH63ccf153cd47,
E23710,,,,DHfaecdd2e4a05,
E23711,,,,DH538cd534b753,
E23712,,,,DHe48a5d3eae7e,
E23713,,,,DH328165f8e52a,
E23714,,,,DH5fb2425a190d,
E23715,,,,DHc30a007eb58b,
E23716,,,,DH141a87380746,
E23717,,,,DH1c0998a2a1ee,
E23718,,,,DHc34ee1158c5d,
E23719,,,,DH3d36fb0425c9,
E23720,,,,DHf0226a349a97,
E23721,,,,DH8e9ad3e53fc8,
E23722,,,,DHa14108221261,
E23723,,,,DH40089b06392c,
E23724,,,,DH4170cee5db96,
E23725,,,,DH6bb30e163fdd,
E23726,,,,DH0612b1159692,
E23727,,,,DHe102614f1ca6,
E23728,,,,DHf60f04240c52,
E23729,,,,DH198201ef248b,
E23730,,,,DH6e55e2ad7510,
E23731,,,,DHaacde2ff6fb4,
E23732,,,,DH78b1c5c29727,
E23733,,,,DHafe6e94c617e,
E23734,,,,DHfc8767e2ac75,
E23735,,,,DH1b64f3eb4185,
E23736,,,,DHd95005b7325d,
E23737,,,,DH82282977a75b,
E23738,,,,DH50cc4d0d0b3e,
E23739,,,,DHc854a030e3f9,
E23740,,,,DHfbedcf2ab408,
E23741,,,,DHcc696050f9a3,
E23742,,,,DHc0697b6d1a1c,
E23743,,,,DHf99afa14449e,
E23744,,,,DH77cc2810d443,
E23745,,,,DH173305b05780,
E23746,,,,DHc7ac063bc83e,
E23747,,,,DHaf03cecce21f,
E23748,,,,DHb35d667905df,
E23749,,,,DH8c2723b9a45c,
E23750,,,,DHed652b0329d0,
E23751,,,,DH7c7955a0d195,
E23752,,,,DH266163983748,
E23753,,,,DH38d337140ade,
E23754,,,,DH43d84624272b,
E23755,,,,DH851f957012f5,
E23756,,,,DH59c805b863b4,
E23757,,,,DHfe311c9c01a4,
E23758,,,,DH5695af230e91,
E23759,,,,DH0d7c1a75daf0,
E23760,,,,DH0a576a1956d9,
E23761,,,,DH400ca7a9bd8b,
E23762,,,,DH8f2ef481f795,
E23763,,,,DHf0f83d461792,
E23764,,,,DH273e7b743acc,
E23765,,,,DHe76a3b7e7edb,
E23766,,,,DHccac3373644c,
E23767,,,,DHb29260409d48,
E23768,,,,DH3079566afb4b,
E23769,,,,DHeb1f8928ad1d,
E23770,,,,DH93853220fa88,
E23771,,,,DH0854037f5ed1,
E23772,,,,DHf43488b192ff,
E23773,,,,DHe7ec585332d2,
E23774,,,,DH8207d241b61b,
E23775,,,,DH4824c12c5be2,
E23776,,,,DH848d056905e7,
E23777,,,,DH55ca13c9c67c,
E23778,,,,DH93aea443ece1,
E23779,,,,DH7bc04b1c883b,
E23780,,,,DHf17371991ccc,
E23781,,,,DHf0d1a2ea66d1,
E23782,,,,DHb9fb2222a2d3,
E23783,,,,DHa573e5f9c5e8,
E23784,,,,DHdfa5ff7a7852,
E23785,,,,DHeaf80b90fe47,
E23786,,,,DH707e7f8b6932,
E23787,,,,DH91004e131e62,
E23788,,,,DHec8e1834219e,
E23789,,,,DHb5f609903b76,
E23790,,,,DH6d0c5ba14cb7,
E23791,,,,DH594039fa33c8,
E23792,,,,DHa258429c778e,
E23793,,,,DH7b8b5baf698d,
E23794,,,,DHef62d343a9b6,
E23795,,,,DH8254eb4d3796,
E23796,,,,DH336318e950d9,
E23797,,,,DH2607478f6e2e,
E23798,,,,DH476e9c2e98ef,
E23799,,,,DHc0ff4c2a0884,
E23800,,,,DH67d54bba70b9,
E23801,,,,DH12fca8a8e5ac,
E23802,,,,DH115a59a2573f,
E23803,,,,DH3dbd62797dc2,
E23804,,,,DHa86f06d6db44,
E23805,,,,DHe9b1230edf0a,
E23806,,,,DHd1f3fddca80b,
E23807,,,,DHdb9ae5e815a5,
E23808,,,,DH7c48a8c6ef34,
E23809,,,,DH785894e28a55,
E23810,,,,DHbd9b283c1cf6,
E23811,,,,DH4288faea6827,
E23812,,,,DH9571b8db1d60,
E23813,,,,DH216edcde4c5f,
E23814,,,,DH8e451c9d749b,
E23815,,,,DH2bd7ef2f2c92,
E23816,,,,DHe4ebee6c1bc9,
E23817,,,,DHf8d693f55663,
E23818,,,,DH47afdeffd0e3,
E23819,,,,DH90480fca34fd,
E23820,,,,DH3b7d2b905fc5,
E23821,,,,DHac77487de7d7,
E23822,,,,DH476ea4eddcb6,
E23823,,,,DH2e295e7c7d38,
E23824,,,,DH2b0e4d430c57,
E23825,,,,DH7c426bf5ab68,
E23826,,,,DHc87549b8521a,
E23827,,,,DHa8b65653d212,
E23828,,,,DH960a1c3dea60,
E23829,,,,DHc33b2093a44f,
E23830,,,,DH24b9f6db1a00,
E23831,,,,DH9a41ff98dd07,
E23832,,,,DH66da89fbfff5,
E23833,,,,DHfd049db7e386,
E23834,,,,DHb1047fc7f3e8,
E23835,,,,DHd5030221fdc0,
E23836,,,,DH4fb534d4f806,
E23837,,,,DH87a84a1ac7c3,
E23838,,,,DHea0770d311d5,
E23839,,,,DH585340c810a0,
E23840,,,,DH97cde5d7b705,
E23841,,,,DHa54298bcbe32,
E23842,,,,DHada7b0789b98,
E23843,,,,DHa462bac712ec,
E23844,,,,DHf71fcc6a57a1,
E23845,,,,DH170f527b7f0a,
E23846,,,,DH53f876c1e8ae,
E23847,,,,DH6436c8260a0e,
E23848,,,,DH48f6b0ba2acf,
E23849,,,,DH747f54d8f40c,
E23850,,,,DH18d5554b511a,
E23851,,,,DH13ae937f2d9b,
E23852,,,,DHf26aaff6423d,
E23853,,,,DH425ad482a3f9,
E23854,,,,DH476d3fefd32d,
E23855,,,,DHe8212b34e6a4,
E23856,,,,DH6d0ba3997f20,
E23857,,,,DHd971427186cf,
E23858,,,,DH9f3578137710,
E23859,,,,DH5a6f753d6b4c,
E23860,,,,DH5a93191dccc8,
E23861,,,,DH95b57fc8bdfc,
E23862,,,,DH27735ad9a2ae,
E23863,,,,DH59686bc8af39,
E23864,,,,DH5f240055691c,
E23865,,,,DH6246baea4d5f,
E23866,,,,DH9ce6a9d965a5,
E23867,,,,DH3437d2097fee,
E23868,,,,DH5b884d982728,
E23869,,,,DHcf4c4555abcc,
E23870,,,,DH92191708465c,
E23871,,,,DHea01144fd585,
E23872,,,,DH42e6a1881d79,
E23873,,,,DH5f77f3e3fd32,
E23874,,,,DHad72f700a256,
E23875,,,,DH8e14224174e4,
E23876,,,,DHd5062e878c20,
E23877,,,,DHacc91f285814,
E23878,,,,DHdde2d00b29cd,
E23879,,,,DHa8565317dfab,
E23880,,,,DHeb48fbafd897,
E23881,,,,DH44a629dac558,
E23882,,,,DH63c45c8307e7,
E23883,,,,DHc6d0658ae1b5,
E23884,,,,DH07788b64a2e5,
E23885,,,,DHfa66bb4e904e,
E23886,,,,DH53a75eb16860,
E23887,,,,DHab40f2809c1f,
E23888,,,,DH399d2f8e2908,
E23889,,,,DH64c11c813fbf,
E23890,,,,DH89c780483e55,
E23891,,,,DH7e731c5c3eee,
E23892,,,,DH74e26ce029a5,
E23893,,,,DH079c5d9c35fa,
E23894,,,,DH4efc2cf6d0a9,
E23895,,,,DHbde488089933,
E23896,,,,DH2607dd381605,
E23897,,,,DH051cc3051d2c,
E23898,,,,DHb18443496145,
E23899,,,,DHaf683896542c,
E23900,,,,DHe707205feabc,
E23901,,,,DHb9da7cf63beb,
E23902,,,,DH4ef1d8770070,
E23903,,,,DH6a6160203cdd,
E23904,,,,DH83ab01b4f883,
E23905,,,,DH0985ddefd0d7,
E23906,,,,DH6b722bad4569,
E23907,,,,DHafe582746bd7,
E23908,,,,DHe117f8b8b5bf,
E23909,,,,DHac3f7de696d8,
E23910,,,,DHc7a527447f52,
E23911,,,,DHade1a76451fb,
E23912,,,,DH7e76b9843819,
E23913,,,,DH3eafacae1f42,
E23914,,,,DH2d55480bac55,
E23915,,,,DH3fb90de0d819,
E23916,,,,DH02e9ca0be701,
E23917,,,,DHd7bbe9139460,
E23918,,,,DH896bdc350dd0,
E23919,,,,DHdef5790f77c8,
E23920,,,,DH0e7fe20692f3,
E23921,,,,DHb401dd569540,
E23922,,,,DH0f0f4ed6fed9,
E23923,,,,DH455fe0d2b881,
E23924,,,,DH0297d42ac741,
E23925,,,,DH01b08f069a04,
E23926,,,,DH348ce39d54aa,
E23927,,,,DHac41bbe6c391,
E23928,,,,DHc13712306dc5,
E23929,,,,DHcb4d256a3519,
E23930,,,,DH985fa1615198,
E23931,,,,DH728fdbe85135,
E23932,,,,DH50c56c322dce,
E23933,,,,DHec4284240c66,
E23934,,,,DH74d7b473b729,
E23935,,,,DH7a8a397fa7a0,
E23936,,,,DH996e4404208b,
E23937,,,,DH9e629bf95a99,
E23938,,,,DH62d2e0a36055,
E23939,,,,DHfed2a574e354,
E23940,,,,DH509c5dcd5dd7,
E23941,,,,DHae12fcf13c98,
E23942,,,,DH7c2b75c71a32,
E23943,,,,DHd2e4eef27e63,
E23944,,,,DH957decd1a96d,
E23945,,,,DH8095dd9882c3,
E23946,,,,DH087a83b6f870,
E23947,,,,DH9d4ccdbfd705,
E23948,,,,DHad41c2b1fc80,
E23949,,,,DH074a31496b6d,
E23950,,,,DH6030c5a1f99b,
E23951,,,,DHc6ba8999e9b6,
E23952,,,,DHf454af1ac31a,
E23953,,,,DH83c9d659c93a,
E23954,,,,DH524ab12040a0,
E23955,,,,DHed5f1303ecb0,
E23956,,,,DH0870ef2c76a9,
E23957,,,,DH218a1347a1ad,
E23958,,,,DH5cf5fd8d0377,
E23959,,,,DHe87ddab3b242,
E23960,,,,DH921106057db8,
E23961,,,,DH6262de85a9d4,
E23962,,,,DH3c03bc264820,
E23963,,,,DHccd23b2d16ce,
E23964,,,,DH36fcfc975dbb,
E23965,,,,DH291ba5637d9a,
E23966,,,,DH657e78e3c48b,
E23967,,,,DHab6659568549,
E23968,,,,DH290e59d5e620,
E23969,,,,DHcaf8a20377b8,
E23970,,,,DH95c42647bd2d,
E23971,,,,DHdecbc7ed74f2,
E23972,,,,DHbe1635ba86be,
E23973,,,,DHc1bab7047f4c,
E23974,,,,DH955a32f9e05c,
E23975,,,,DH8deaa834cdab,
E23976,,,,DH8b8d9d71693c,
E23977,,,,DHbdaf3372103d,
E23978,,,,DHe5c5cb7e323d,
E23979,,,,DHe83657605d29,
E23980,,,,DHec12ec8eed0c,
E23981,,,,DHca0ebab21892,
E23982,,,,DH101af970e5a6,
E23983,,,,DH2fde5b9736cb,
E23984,,,,DH0c556ce38fb3,
E23985,,,,DH72722d3eb3d3,
E23986,,,,DHe1ea29410684,
E23987,,,,DH919a908c6113,
E23988,,,,DHce4456594ac2,
E23989,,,,DH38d645050ea4,
E23990,,,,DH1f1b74e0f5d6,
E23991,,,,DH557d06746e0c,
E23992,,,,DHdd2e983682a9,
E23993,,,,DH563aa7023181,
E23994,,,,DH00296e622dd1,
E23995,,,,DHb5aae894f0e9,
E23996,,,,DHead6945d6e56,
E23997,,,,DH7fa14fa69bf9,
E23998,,,,DH78ce45f0d92b,
E23999,,,,DHf9018d91ea9c,
E24000,,,,DH994977e71949,
E24001,,,,DHa4c88d09fd3c,
E24002,,,,DHaca0e793b08f,
E24003,,,,DH04a5bd92f445,
E24004,,,,DH370958d11b77,
E24005,,,,DHd29ba50e9db9,
E24006,,,,DH8d46c4ca58b9,
E24007,,,,DHcff428cfa860,
E24008,,,,DHa1de545fcff3,
E24009,,,,DH2a175909f83f,
E24010,,,,DH259e1347cf81,
E24011,,,,DHd655dbc069f7,
E24012,,,,DHae555b3fa66d,
E24013,,,,DHb0494c37505b,
E24014,,,,DH7e38a00b06d1,
E24015,,,,DH9d2b93ce9d0a,
E24016,,,,DHbf6218ad6bcd,
E24017,,,,DH6369e8eb8ba7,
E24018,,,,DH3b0071eefbc7,
E24019,,,,DH5d8b5d28ffb8,
E24020,,,,DH2705fbe0ad60,
E24021,,,,DH101553868856,
E24022,,,,DH348dff5e0dfb,
E24023,,,,DH8c06b553fe39,
E24024,,,,DHe819670429f0,
E24025,,,,DHc3ac5fb2de56,
E24026,,,,DH38195013c430,
E24027,,,,DHbdf6a7e69baa,
E24028,,,,DH15e4d32aa4e6,
E24029,,,,DHc01828887d31,
E24030,,,,DH80dafc9c850a,
E24031,,,,DHd5185c22a9bc,
E24032,,,,DHa49cc428f08e,
E24033,,,,DH53bb0d711b67,
E24034,,,,DH893977349f42,
E24035,,,,DH4fcc06810fe6,
E24036,,,,DH81a6cd5d1904,
E24037,,,,DHb363b9f127c6,
E24038,,,,DH203b49a657e0,
E24039,,,,DH42c456950a3d,
E24040,,,,DHfa83de229a31,
E24041,,,,DHe4ec9f35571f,
E24042,,,,DH486cf043e28e,
E24043,,,,DH0d7764e7d5b6,
E24044,,,,DH2cb0ef7e9d7d,
E24045,,,,DH9232e8332025,
E24046,,,,DHfc00a50ba802,
E24047,,,,DH6dd16da4a664,
E24048,,,,DH12d745082013,
E24049,,,,DHbcbd68edfd2f,
E24050,,,,DHfa512082024f,
E24051,,,,DH69aef3703977,
E24052,,,,DHf504648a62e0,
E24053,,,,DH09ee71b7fc0e,
E24054,,,,DH8a04590d9d65,
E24055,,,,DH2c4435415f94,
E24056,,,,DH872e259a158e,
E24057,,,,DHbe6fb2af70b1,
E24058,,,,DH15ac594eceaf,
E24059,,,,DHbdd679677beb,
E24060,,,,DH656935bcbe71,
E24061,,,,DH88384fe87dc6,
E24062,,,,DHc4400f2fd5b0,
E24063,,,,DH2102fe7b3c82,
E24064,,,,DH2595a710762d,
E24065,,,,DH38e9d987595b,
E24066,,,,DH10ecd6d711bc,
E24067,,,,DH34a1a6d6012d,
E24068,,,,DH9ae288a81722,
E24069,,,,DH08ce0a70a361,
E24070,,,,DH23d1d9412d6d,
E24071,,,,DHfa7d7a6529be,
E24072,,,,DHb3b07aa80a98,
E24073,,,,DHcbbfdc937c16,
E24074,,,,DHae6d871c93d2,
E24075,,,,DH4d485260ff13,
E24076,,,,DH59c58f0172b9,
E24077,,,,DH54e4227905f7,
E24078,,,,DH0f034407d78a,
E24079,,,,DH3ea74d02ab46,
E24080,,,,DH836515f44652,
E24081,,,,DH12a7e034e09e,
E24082,,,,DH4bd0f263e01a,
E24083,,,,DH53fb2ed6cc01,
E24084,,,,DHc3060a6a4dda,
E24085,,,,DHfa8c9c8aaaf9,
E24086,,,,DHb82c223f40f1,
E24087,,,,DHb91b0495f7ad,
E24088,,,,DH85b26103c3b6,
E24089,,,,DH539f27d0f718,
E24090,,,,DH043c831ab8cf,
E24091,,,,DH3c23c48c9e1d,
E24092,,,,DH9902b4dc2c08,
E24093,,,,DH201675074839,
E24094,,,,DH4b5116f31e78,
E24095,,,,DHd9627a991537,
E24096,,,,DHc086e5302c58,
E24097,,,,DH03a67557678d,
E24098,,,,DH43ab555df971,
E24099,,,,DH242314c6f59b,
E24100,,,,DH6c9cfe8ff8a7,
E24101,,,,DH5f2fc0eadd20,
E24102,,,,DHca5bb381c085,
E24103,,,,DHb4e7fa867dfc,
E24104,,,,DHb7f2defa9762,
E24105,,,,DH2ccf54e42b5e,
E24106,,,,DH370a6d152f3c,
E24107,,,,DHb835b20469bd,
E24108,,,,DH2676782003b4,
E24109,,,,DH99345d8c501c,
E24110,,,,DHacaf9a71d9a0,
E24111,,,,DHe9811a7ec2ef,
E24112,,,,DH4fb401a0d719,
E24113,,,,DH2167c07c8050,
E24114,,,,DHf40d0c30646b,
E24115,,,,DH5f960834b482,
E24116,,,,DH2278cd1e52c1,
E24117,,,,DH5b4c15e5b4ea,
E24118,,,,DH8cd4b32b583b,
E24119,,,,DHf2cef740def5,
E24120,,,,DH2b0bcba37ddb,
E24121,,,,DH50a3123d7c67,
E24122,,,,DH9c6cf8eada0c,
E24123,,,,DH08f47e7c9119,
E24124,,,,DHee76a45e0bda,
E24125,,,,DH515e6c7595fd,
E24126,,,,DH201281fb21f4,
E24127,,,,DHe673dd21e80b,
E24128,,,,DHb877717dd0f5,
E24129,,,,DH2fdfc73e2d05,
E24130,,,,DH542b0e6e3192,
E24131,,,,DHfde9097135e7,
E24132,,,,DHa5b3b8896419,
E24133,,,,DH11b2cdf9a08d,
E24134,,,,DH0040bb84b9a6,
E24135,,,,DH80de9344e7e6,
E24136,,,,DH8c8ea0f907d2,
E24137,,,,DH10017b91d1c5,
E24138,,,,DH1319f0e11f10,
E24139,,,,DH4aed1d97851f,
E24140,,,,DH99d59b7dd0cf,
E24141,,,,DH437c8d0a088d,
E24142,,,,DH130b9bb10a68,
E24143,,,,DH8731cd7546a0,
E24144,,,,DH165e6527657b,
E24145,,,,DH7b77349bc966,
E24146,,,,DHf4ac81d21ec8,
E24147,,,,DH9630497ed772,
E24148,,,,DH69e3c0457aa6,
E24149,,,,DHe41603a54457,
E24150,,,,DH794f35b656c2,
E24151,,,,DH6eb8e26b4349,
E24152,,,,DH21000721a7d1,
E24153,,,,DHdad84882a59e,
E24154,,,,DH57c2ba9fe7e8,
E24155,,,,DHa762aaeb2fa4,
E24156,,,,DH13f866f84866,
E24157,,,,DH3eb47abed670,
E24158,,,,DH5707989f2dc1,
E24159,,,,DH3aca3db6b11e,
E24160,,,,DH6ded4ad25139,
E24161,,,,DH77fa7346fc37,
E24162,,,,DH40e1bb82dcda,
E24163,,,,DHf736425f3056,
E24164,,,,DHec2f5c1cbb95,
E24165,,,,DH7f2fc10cb3e5,
E24166,,,,DHa779ce30492a,
E24167,,,,DH7edf5f786599,
E24168,,,,DHce144b708822,
E24169,,,,DHf253fa8b38a3,
E24170,,,,DHbd5efa84d5e8,
E24171,,,,DH032453377f88,
E24172,,,,DH5863b5efd6e6,
E24173,,,,DH0f020ac35f83,
E24174,,,,DHb700d4057d5d,
E24175,,,,DHaf3323c000c4,
E24176,,,,DH5db5249772ed,
E24177,,,,DH83582c08825c,
E24178,,,,DH9a751e67c61e,
E24179,,,,DH5f12a2643a39,
E24180,,,,DH392dce6ba8a1,
E24181,,,,DH527c3d79a09c,
E24182,,,,DH939b598bf14b,
E24183,,,,DH950805033aca,
E24184,,,,DH07dd1eacbaff,
E24185,,,,DH3273679bdaaa,
E24186,,,,DHe6bee6dcaff1,
E24187,,,,DH7893e6d88a02,
E24188,,,,DH3a083df5e627,
E24189,,,,DH8bf38074092c,
E24190,,,,DHbc88eedb4b7a,
E24191,,,,DH31650f24b2b9,
E24192,,,,DHf0eeee05c538,
E24193,,,,DH60ce62eceeae,
E24194,,,,DH82660e427657,
E24195,,,,DHe5ae3941a000,
E24196,,,,DH7c76dd979082,
E24197,,,,DH32c24803d646,
E24198,,,,DH7c46cd557bf6,
E24199,,,,DH97a450a8f92c,
E24200,,,,DH3552512354d2,
E24201,,,,DH2bdb41123965,
E24202,,,,DH659cc07bd000,
E24203,,,,DH927550e46080,
E24204,,,,DHf1c171f251e6,
E24205,,,,DHeabb9524bd2a,
E24206,,,,DH4a6ab56a519a,
E24207,,,,DH5489393025d1,
E24208,,,,DHb375f33d7241,
E24209,,,,DH8a376a632a8d,
E24210,,,,DH8494fe66331e,
E24211,,,,DH3c5ce7e703c1,
E24212,,,,DH0bc90f21b4ae,
E24213,,,,DHcff0bb960234,
E24214,,,,DHd07232a37f97,
E24215,,,,DH4b841121b94a,
E24216,,,,DH5ccc92a53f84,
E24217,,,,DH729144e45a49,
E24218,,,,DH3b6fdaac57b8,
E24219,,,,DHb68ebd559fa4,
E24220,,,,DHd52532bc1abb,
E24221,,,,DH6f2245bf3156,
E24222,,,,DHbe9ff1ff9503,
E24223,,,,DHad837005e9ec,
E24224,,,,DH25dda0ed5794,
E24225,,,,DHc401b7e7b9be,
E24226,,,,DHa53042238822,
E24227,,,,DH3600590b4e1e,
E24228,,,,DH38b821f73f00,
E24229,,,,DHcc128fd15af4,
E24230,,,,DH0870ab678d84,
E24231,,,,DHe850a5f92d58,
E24232,,,,DH5c9c0c8ec902,
E24233,,,,DH7e3d86073275,
E24234,,,,DHc83aa5f9932e,
E24235,,,,DHaf767b6e3ba8,
E24236,,,,DH4b10abc8a721,
E24237,,,,DH2d627d782e79,
E24238,,,,DHf31d2da1b4c0,
E24239,,,,DH448b63d26509,
E24240,,,,DHad91564efa86,
E24241,,,,DHde7357f0e2db,
E24242,,,,DH764659a444f8,
E24243,,,,DH323c748275d7,
E24244,,,,DHe812a9db8ad0,
E24245,,,,DH7a6157610673,
E24246,,,,DH6a8e54e0aefd,
E24247,,,,DH309a584913b6,
E24248,,,,DH5ec57e704f99,
E24249,,,,DH58b726287790,
E24250,,,,DHb03cabe5171a,
E24251,,,,DHab7e92e410fc,
E24252,,,,DHe3552334a710,
E24253,,,,DHb56a93735b1a,
E24254,,,,DHaf112e0ca80c,
E24255,,,,DH18bcbcf78a98,
E24256,,,,DH676f9f2b34ff,
E24257,,,,DH9e234873bdb5,
E24258,,,,DH3449743c69ca,
E24259,,,,DH5bcac7cd42b0,
E24260,,,,DHb6a342be6ef4,
E24261,,,,DHc8fedcf23247,
E24262,,,,DHe8f82825ed70,
E24263,,,,DH84e7477ed749,
E24264,,,,DH15f67789ceda,
E24265,,,,DH47b4cd3e1e73,
E24266,,,,DH48a252fb2e60,
E24267,,,,DH080f19f50d0f,
E24268,,,,DH3e40b7c6a92a,
E24269,,,,DH723f216d2fd4,
E24270,,,,DHf77d599d029d,
E24271,,,,DH9bc6b1bbfc3c,
E24272,,,,DH35cd66e87131,
E24273,,,,DHca21fbf67c36,
E24274,,,,DH8ba911c79506,
E24275,,,,DH926d5e383e03,
E24276,,,,DHe5f9736ff391,
E24277,,,,DH8c7427fc7523,
E24278,,,,DH77319da75fef,
E24279,,,,DHde9d2ae33e8b,
E24280,,,,DH08bcbed346dd,
E24281,,,,DHb4b79af284b1,
E24282,,,,DH8125387c390d,
E24283,,,,DH67a1d86588fb,
E24284,,,,DH95bb7188f76f,
E24285,,,,DH649e1ae85a11,
E24286,,,,DH132dec8aa67f,
E24287,,,,DH28a4f8120ec7,
E24288,,,,DHc701f9f01791,
E24289,,,,DHd89064abd301,
E24290,,,,DH7f2b8b6a3905,
E24291,,,,DH40e2a6812448,
E24292,,,,DH8c6ed49146e6,
E24293,,,,DH00d5481899ee,
E24294,,,,DH3a9e01921303,
E24295,,,,DHa3109cad8d34,
E24296,,,,DH94b09229079a,
E24297,,,,DH65408b8f3260,
E24298,,,,DH31a2a33f1fc3,
E24299,,,,DH69fceb2d8208,
E24300,,,,DH1c3bc1592063,
E24301,,,,DH1b24ed21000f,
E24302,,,,DH32708d264b6e,
E24303,,,,DHdd3c70c53db3,
E24304,,,,DHe7bfd9217d35,
E24305,,,,DHb910b0591a36,
E24306,,,,DH56062c61f4fa,
E24307,,,,DH620d2e06ec57,
E24308,,,,DH0644b1b3a383,
E24309,,,,DH9924eab6cca4,
E24310,,,,DH04455dc25d56,
E24311,,,,DH0596a01a7630,
E24312,,,,DH2305387598cf,
E24313,,,,DH9ae3ada04cdb,
E24314,,,,DHe1393d8096ae,
E24315,,,,DH7a5f80cb6e8d,
E24316,,,,DHbba9c2870f39,
E24317,,,,DH05b6ceb69c37,
E24318,,,,DH1ece7b2842f2,
E24319,,,,DH9fce350faf8a,
E24320,,,,DH972017e94281,
E24321,,,,DHdb5ed91af475,
E24322,,,,DH373133507acc,
E24323,,,,DH344dbf767e2b,
E24324,,,,DH1e32c3b2d029,
E24325,,,,DH95c67f4d6a48,
E24326,,,,DH5ff005527807,
E24327,,,,DH08b5e0343b72,
E24328,,,,DH24e0be0ec8b1,
E24329,,,,DH9ee5e447495e,
E24330,,,,DH9eed9f670e7f,
E24331,,,,DH9af1b2f0c324,
E24332,,,,DHc7089b958750,
E24333,,,,DH43b71250fb79,
E24334,,,,DHde69fa98e895,
E24335,,,,DH5d6b9b6beadd,
E24336,,,,DH86ba6f977a89,
E24337,,,,DH1233c77f0b10,
E24338,,,,DHfe0f5af4d05f,
E24339,,,,DH920db13ee449,
E24340,,,,DH2f1f2000689b,
E24341,,,,DH08cac52025cb,
E24342,,,,DH38a200f47257,
E24343,,,,DHd1621b593a3a,
E24344,,,,DH29b2cd0e15e7,
E24345,,,,DHdf3da498514a,
E24346,,,,DHbe17ba018ae4,
E24347,,,,DH1ed3fd108a1c,
E24348,,,,DH5b31018e7b64,
E24349,,,,DHeba22f5e7cf3,
E24350,,,,DH79b30763cb99,
E24351,,,,DH32c090bf4f94,
E24352,,,,DHf0f6debe4b75,
E24353,,,,DH76227137eabb,
E24354,,,,DHb3aabed2462c,
E24355,,,,DHedc1acc899ac,
E24356,,,,DH440f07b4fd72,
E24357,,,,DHffbde56b3857,
E24358,,,,DH127f3b8f365c,
E24359,,,,DH774ace14c07b,
E24360,,,,DH33058e99011b,
E24361,,,,DH201afb05de51,
E24362,,,,DHd4ecfa5d5b2d,
E24363,,,,DH2e6d64276675,
E24364,,,,DH027360c001d4,
E24365,,,,DH4e5bca2e9675,
E24366,,,,DH39375f510d32,
E24367,,,,DH717c5ea1f59d,
E24368,,,,DH4a9715f03adf,
E24369,,,,DHcbd181852b30,
E24370,,,,DH569529ec119e,
E24371,,,,DH0e9db39589ac,
E24372,,,,DH0be006f7cca9,
E24373,,,,DH324aa93e0876,
E24374,,,,DH20eb1f310b58,
E24375,,,,DH39d6cae6c921,
E24376,,,,DH98d3343f3a3a,
E24377,,,,DHf3d808bd1117,
E24378,,,,DH6c68eb1427dd,
E24379,,,,DH4ce47085c515,
E24380,,,,DH62148b9e3b4d,
E24381,,,,DHea72ec599e0d,
E24382,,,,DH9fa7084beacd,
E24383,,,,DH6ece4d2e83b8,
E24384,,,,DH4d9041d521cd,
E24385,,,,DH284cd54b0117,
E24386,,,,DHd5f52bd32ff4,
E24387,,,,DH836e16daa803,
E24388,,,,DHe06997a24522,
E24389,,,,DHe2b98170f70d,
E24390,,,,DH3493d95f6b52,
E24391,,,,DH690cb659f2cd,
E24392,,,,DH9632de62e824,
E24393,,,,DH141e07391ef5,
E24394,,,,DH64bd1d105242,
E24395,,,,DH11e6ca01859a,
E24396,,,,DH14d8899c9f05,
E24397,,,,DHece94a1199ea,
E24398,,,,DHc2da14d09284,
E24399,,,,DHaabfc1794506,
E24400,,,,DH044f3fdc3dae,
E24401,,,,DH03e680a796b1,
E24402,,,,DHef9b3ff44e7d,
E24403,,,,DHc1d1064e84fb,
E24404,,,,DHd33fca83ec92,
E24405,,,,DHdcddbbae263f,
E24406,,,,DH0c9c21342704,
E24407,,,,DHb52ff2fcee4f,
E24408,,,,DHcfccf81f0080,
E24409,,,,DH444a4c3ecc19,
E24410,,,,DHfed2af653b43,
E24411,,,,DHe2fc416e6282,
E24412,,,,DH00d6779a177d,
E24413,,,,DH7001e3bcdda2,
E24414,,,,DH817214147453,
E24415,,,,DH145d937c19e3,
E24416,,,,DHa5321571faa6,
E24417,,,,DH647737cd08e1,
E24418,,,,DH25ffd6f1a4c8,
E24419,,,,DH3100ff1e3d6c,
E24420,,,,DH85de0681ee9b,
E24421,,,,DH06921aee319e,
E24422,,,,DH89a08b74967c,
E24423,,,,DH7bbb915d391e,
E24424,,,,DHf4bb041b0340,
E24425,,,,DHb23c444c7ee1,
E24426,,,,DH77366203e4f2,
E24427,,,,DHfd131388c7a0,
E24428,,,,DH0e3dcac63e29,
E24429,,,,DH011c6557017b,
E24430,,,,DH28b08766ad25,
E24431,,,,DH31a24d83f231,
E24432,,,,DH8671aaa30fe2,
E24433,,,,DH5521451d70cc,
E24434,,,,DH153a94f01a13,
E24435,,,,DH38c4aecc7ca2,
E24436,,,,DH789beaad932f,
E24437,,,,DH5fff4530d005,
E24438,,,,DH682c91615448,
E24439,,,,DH940c49e3a6ed,
E24440,,,,DH4b993a8802d1,
E24441,,,,DH050d178450b2,
E24442,,,,DH20bdc21ca0b1,
E24443,,,,DH6138a3384a53,
E24444,,,,DHe5b0a514e5ae,
E24445,,,,DH3549d188e85e,
E24446,,,,DH8315a793648d,
E24447,,,,DHba7f0f1c2f1b,
E24448,,,,DHd095c317aa68,
E24449,,,,DHc79c62dd523c,
E24450,,,,DH13cb9061b904,
E24451,,,,DHf7e83d65f903,
E24452,,,,DH11d4d12e711c,
E24453,,,,DH0aacdb2350f3,
E24454,,,,DH4c420271c39f,
E24455,,,,DH8d8e19f04b8b,
E24456,,,,DH70af0e7e4a43,
E24457,,,,DH12daad48c447,
E24458,,,,DH9b8b1070d1b0,
E24459,,,,DH5e6f109af21e,
E24460,,,,DHdd4b57107a24,
E24461,,,,DHa9a437fd5e5e,
E24462,,,,DHd3f82836f79e,
E24463,,,,DH23a1fb264bf0,
E24464,,,,DH0c4343d2fa86,
E24465,,,,DHaf9a45380a1e,
E24466,,,,DH0059289163ae,
E24467,,,,DH50db7f09702a,
E24468,,,,DH0bf91c3372f2,
E24469,,,,DH9d479f67f4d8,
E24470,,,,DH0b51141c8f3a,
E24471,,,,DH0ad3c37384d0,
E24472,,,,DHf34f97adf01b,
E24473,,,,DHe02a7d6c4c26,
E24474,,,,DH9c9a63d1ba3c,
E24475,,,,DHc2d995c90eb7,
E24476,,,,DH51ce6815065c,
E24477,,,,DH5e2a74b27439,
E24478,,,,DH75ba10facfb4,
E24479,,,,DH1df9c251f34c,
E24480,,,,DH3384ceae5090,
E24481,,,,DH5d8abe67cdf7,
E24482,,,,DHa9ad43024687,
E24483,,,,DHd35855a02996,
E24484,,,,DH69489c279cac,
E24485,,,,DH9cea4f57b7a9,
E24486,,,,DH4c1e5afd7a7e,
E24487,,,,DH28f5fa91e20a,
E24488,,,,DH7b401de46629,
E24489,,,,DHd5d6148e5ea5,
E24490,,,,DHb2647b959c2b,
E24491,,,,DH4e8f15fe6398,
E24492,,,,DHdd6e21177d65,
E24493,,,,DH864508ed5d01,
E24494,,,,DH4eb9d83ffb2e,
E24495,,,,DHe2c148e87f10,
E24496,,,,DH675013099ee4,
E24497,,,,DH3fb5e6f4f66d,
E24498,,,,DH61c49b13561e,
E24499,,,,DH117adf0236e3,
E24500,,,,DH8c448e756c2d,
E24501,,,,DH9710a98a72bf,
E24502,,,,DH7707b866d942,
E24503,,,,DH3833d7279d6b,
E24504,,,,DH118272193077,
E24505,,,,DH03ce07cf582b,
E24506,,,,DHa7efdc662d5c,
E24507,,,,DHb42555b2762f,
E24508,,,,DH76a120dce899,
E24509,,,,DHacd9a2c7259a,
E24510,,,,DHef25b7110c18,
E24511,,,,DHe120171c2ed6,
E24512,,,,DH0703af24f34e,
E24513,,,,DH544b3f164cec,
E24514,,,,DHab60e4e60ea2,
E24515,,,,DH81bc157865b9,
E24516,,,,DH239a381146d3,
E24517,,,,DH462620b49755,
E24518,,,,DHa8ef08d9d13b,
E24519,,,,DH55d60f2574a3,
E24520,,,,DH7240f46f3871,
E24521,,,,DH651f8ae7b845,
E24522,,,,DH7b2b2dab2279,
E24523,,,,DHd3d59d800cf7,
E24524,,,,DH307f67663941,
E24525,,,,DHe10b596b5fa1,
E24526,,,,DHcf0f09bc99f5,
E24527,,,,DH673f2eeb4a3c,
E24528,,,,DH132821ba2b12,
E24529,,,,DHd36b5d30e146,
E24530,,,,DHf09afe57e571,
E24531,,,,DH3c9408149692,
E24532,,,,DH3ac80de95120,
E24533,,,,DH2efad3aefb4d,
E24534,,,,DH02fa22c86e7f,
E24535,,,,DH195e48cb3510,
E24536,,,,DH8417d98a010f,
E24537,,,,DHd11b812bb999,
E24538,,,,DHe9997375ff1c,
E24539,,,,DHb1c78f42b4c5,
E24540,,,,DH6bcd6a817fa2,
E24541,,,,DH3f02f613e3a0,
E24542,,,,DHe810bf6e86f3,
E24543,,,,DH27fd5d3098ad,
E24544,,,,DHe71288a0e58d,
E24545,,,,DH65c7d87e1308,
E24546,,,,DHef46d5647104,
E24547,,,,DHe69aa577e8f1,
E24548,,,,DH2a44d795e2e7,
E24549,,,,DH9e224b937902,
E24550,,,,DHc7d8aaed14cd,
E24551,,,,DH3ccb4e86e416,
E24552,,,,DHb3b702002f3f,
E24553,,,,DH693ee626c59f,
E24554,,,,DH2fce193ee286,
E24555,,,,DH9c95db39123d,
E24556,,,,DHec38211176d2,
E24557,,,,DHfc0cb564f723,
E24558,,,,DHd8623d2b53e2,
E24559,,,,DH2734461bfe63,
E24560,,,,DH33e69eac4ba1,
E24561,,,,DH2c2b5b50ca76,
E24562,,,,DH7cd588e89718,
E24563,,,,DH46d3e23cbaf0,
E24564,,,,DH18349d29a8c0,
E24565,,,,DH0037fdc7fcda,
E24566,,,,DHf1f4373dd0d9,
E24567,,,,DH7e151ce10c86,
E24568,,,,DH9dd279867884,
E24569,,,,DH74ee63e366be,
E24570,,,,DHcda9c612e2b7,
E24571,,,,DHc4b689100a9c,
E24572,,,,DH2167487981b6,
E24573,,,,DH36007f2f1b3d,
E24574,,,,DH22bf13a4a429,
E24575,,,,DHc67bde2dd120,
E24576,,,,DH099ceeabc3f7,
E24577,,,,DHd2e942c0665e,
E24578,,,,DH348ccd30aa46,
E24579,,,,DH8903fb4c4d7d,
E24580,,,,DH2601ec9f9c07,
E24581,,,,DH1600aa845141,
E24582,,,,DH9bf920e340ca,
E24583,,,,DHbb7d08046716,
E24584,,,,DHeb074a203e5b,
E24585,,,,DH7e0eb2453072,
E24586,,,,DH9abae776df67,
E24587,,,,DHa001e2bd1173,
E24588,,,,DH4c83f750d39a,
E24589,,,,DHb605673a2829,
E24590,,,,DH58f3b124abbe,
E24591,,,,DH8bbde190968b,
E24592,,,,DHfcdc72ed5276,
E24593,,,,DHa6640c76a0db,
E24594,,,,DHff75e4dad949,
E24595,,,,DHe357952440b3,
E24596,,,,DHffba264a25c2,
E24597,,,,DH285b5025cf7b,
E24598,,,,DH74d07e0dfe02,
E24599,,,,DHf3e893c8f3cc,
E24600,,,,DH318ea52e4578,
E24601,,,,DHc16fe9264c91,
E24602,,,,DH4bd86418fccf,
E24603,,,,DH629ead137cc5,
E24604,,,,DH43ec26bccdb3,
E24605,,,,DHc3f78127d2b2,
E24606,,,,DH6a3a08cd96f3,
E24607,,,,DH525b015e6ac9,
E24608,,,,DHdf7e5a5c0b44,
E24609,,,,DH593fde7c0e54,
E24610,,,,DH26371c1c0fd4,
E24611,,,,DHad5915cd768a,
E24612,,,,DH5c07b5682da4,
E24613,,,,DH3e8b31f4d9ab,
E24614,,,,DH644211d5c456,
E24615,,,,DHe580a2d752a1,
E24616,,,,DHc06cd24063b4,
E24617,,,,DH04108188cfb0,
E24618,,,,DHc1ffc99517de,
E24619,,,,DHf3c90f20ace4,
E24620,,,,DHd1b9f492299b,
E24621,,,,DH2f249f4bba47,
E24622,,,,DH02bb7f5c55d7,
E24623,,,,DH5501f01b63f0,
E24624,,,,DH6464fed9eb4e,
E24625,,,,DH84bed37a41b3,
E24626,,,,DH4045b480a734,
E24627,,,,DH056d1cbb2de7,
E24628,,,,DH6e29e74b9c28,
E24629,,,,DH4e238856dd80,
E24630,,,,DH610cd68bdf89,
E24631,,,,DH299c8b580ff8,
E24632,,,,DH3130d7fa60e1,
E24633,,,,DHc716df002afe,
E24634,,,,DH9db9b91e83fc,
E24635,,,,DHd535428e5fa0,
E24636,,,,DH0b141cc9c94a,
E24637,,,,DHaeef8426a82e,
E24638,,,,DH3b2338fc9d01,
E24639,,,,DH43f45c196fcc,
E24640,,,,DH20ed95150aea,
E24641,,,,DH3a498dab96d2,
E24642,,,,DH3fc43cff5612,
E24643,,,,DH27d2775a34a4,
E24644,,,,DHaa5ad6af0b46,
E24645,,,,DH1e033dbee3a4,
E24646,,,,DH689e13d3a1a6,
E24647,,,,DHd27b01dfb677,
E24648,,,,DHa22e77b8650c,
E24649,,,,DHfe8e61815c1d,
E24650,,,,DH9ce2fff1d778,
E24651,,,,DH4e971aa2910f,
E24652,,,,DH11dd2344529d,
E24653,,,,DHe3b6ab018c9b,
E24654,,,,DH33e9d277ba9e,
E24655,,,,DH7a0b4835c1a4,
E24656,,,,DHd32756e61678,
E24657,,,,DH0545384a6d38,
E24658,,,,DH645205316e9f,
E24659,,,,DHf6c6e08d7ef1,
E24660,,,,DHd34b6488c18f,
E24661,,,,DHa43d4c64fb34,
E24662,,,,DHe066dcfe3514,
E24663,,,,DH5fc6d21b9e91,
E24664,,,,DH0784b693365c,
E24665,,,,DHd1515e6bb6cf,
E24666,,,,DHdaa53bdf9631,
E24667,,,,DH36e4a94fc42d,
E24668,,,,DHe1881caa9d90,
E24669,,,,DHd2b3d65be273,
E24670,,,,DH97554c85f291,
E24671,,,,DH75dc5623c78c,
E24672,,,,DH1fd406f438f8,
E24673,,,,DH97fac9f0eb67,
E24674,,,,DHb38435fcb577,
E24675,,,,DHc18f92e8eac1,
E24676,,,,DH4ca4681174e2,
E24677,,,,DHadd5ea298fce,
E24678,,,,DH3b17c8aabd7a,
E24679,,,,DH4a7193836ff0,
E24680,,,,DHd4f4dde33ae4,
E24681,,,,DH6bf49a910510,
E24682,,,,DHaed32a02f000,
E24683,,,,DHfe7b01a42442,
E24684,,,,DHb8522dcf6375,
E24685,,,,DH648bfbc8a8a5,
E24686,,,,DHe918eaf6162c,
E24687,,,,DHda6c1940ab68,
E24688,,,,DHabc4966afa35,
E24689,,,,DHe71ad38e4dac,
E24690,,,,DHecc1cde5904d,
E24691,,,,DHf284348f7f3c,
E24692,,,,DH5dcf3eac60cb,
E24693,,,,DH303617cf6493,
E24694,,,,DHe990278026c4,
E24695,,,,DH1d0475908d98,
E24696,,,,DHa8dbc640c770,
E24697,,,,DH268914d3f88e,
E24698,,,,DH3d4e0873239c,
E24699,,,,DH00dacb08a330,
E24700,,,,DH9eb72fa78d09,
E24701,,,,DHf48a972caf68,
E24702,,,,DHe01c38c66943,
E24703,,,,DHbef29416e8c2,
E24704,,,,DHb2127b25a0f4,
E24705,,,,DHef48e52206d2,
E24706,,,,DH8fa6433d5d49,
E24707,,,,DH7c36bec697f8,
E24708,,,,DH8267a404ba29,
E24709,,,,DH15293fb3c2d0,
E24710,,,,DHa71a0b32d698,
E24711,,,,DHb78b59f01e33,
E24712,,,,DH738b0316a3fa,
E24713,,,,DHc0f698163db2,
E24714,,,,DHcc1bbaacd86e,
E24715,,,,DH5975f2d97f24,
E24716,,,,DHb5cfa208db78,
E24717,,,,DH324689d2c1b5,
E24718,,,,DHe2c3f7023d71,
E24719,,,,DHfe5ee0877fe2,
E24720,,,,DH56cd607d66ab,
E24721,,,,DHd4536d2201fc,
E24722,,,,DH3cfa6662163a,
E24723,,,,DH57b6e04d4348,
E24724,,,,DH5a8e5ba804f1,
E24725,,,,DH7188add50501,
E24726,,,,DH9de73637f077,
E24727,,,,DHd7025b741d4a,
E24728,,,,DH2b7772f87525,
E24729,,,,DHafc4227c8c85,
E24730,,,,DH43e010b61619,
E24731,,,,DH1d19c11dfca7,
E24732,,,,DH7cc7c545cfec,
E24733,,,,DHf3377ba7c633,
E24734,,,,DHe1b51e21a5d6,
E24735,,,,DHf9c421f69e13,
E24736,,,,DHddf27f99ba30,
E24737,,,,DHfc058540ea5e,
E24738,,,,DH89e321d301e2,
E24739,,,,DHbba92ced3fb2,
E24740,,,,DH8f6cfc70c70e,
E24741,,,,DHdd7110810b64,
E24742,,,,DH1fa445a4dc61,
E24743,,,,DH99ded9308b99,
E24744,,,,DHcca492165a67,
E24745,,,,DH0ad0f0b3a667,
E24746,,,,DH8d33b9da941a,
E24747,,,,DH54277d27fd99,
E24748,,,,DH2c34cf1ff053,
E24749,,,,DH77dd9d910c76,
E24750,,,,DHc9695784f223,
E24751,,,,DH20b455709e2a,
E24752,,,,DHbd6f8d8a59e3,
E24753,,,,DH863c0c9cb664,
E24754,,,,DHc169ab5c6f15,
E24755,,,,DHe2857ed3b435,
E24756,,,,DHbf3a3cd92d04,
E24757,,,,DHefd7e0da00c2,
E24758,,,,DHc8d5daaee8ba,
E24759,,,,DHb62b65c6ec01,
E24760,,,,DHd2dc67f34b88,
E24761,,,,DHcb039b5ce4d9,
E24762,,,,DH2b769d809da8,
E24763,,,,DHf77cff90e9de,
E24764,,,,DH0cfbfc9de6a1,
E24765,,,,DHf5f8c931c7e2,
E24766,,,,DH4465d2ca8a17,
E24767,,,,DH246f9bc90849,
E24768,,,,DHac5b266a9881,
E24769,,,,DH152dd81d8798,
E24770,,,,DH2cc7cb8d9b5f,
E24771,,,,DH0a31a4c7f96a,
E24772,,,,DH52fa4786b516,
E24773,,,,DH3a114a6f00a1,
E24774,,,,DH0d7bda303456,
E24775,,,,DHe1e35752fcf9,
E24776,,,,DH84f1849f9e65,
E24777,,,,DH72d95bc94690,
E24778,,,,DH7d95ae888f46,
E24779,,,,DH26d9c138c1e3,
E24780,,,,DH99e7ae5e085f,
E24781,,,,DH8ed00cc7127f,
E24782,,,,DH3542590c0d23,
E24783,,,,DH22d4423f773d,
E24784,,,,DH1b48bc67a35f,
E24785,,,,DH3ca10098d4fc,
E24786,,,,DH105dcda9c339,
E24787,,,,DH4caeaab2c55e,
E24788,,,,DH31b0bc62686b,
E24789,,,,DH42b300dd5d97,
E24790,,,,DHe3d736c023a2,
E24791,,,,DH1d43d9bdbe1b,
E24792,,,,DHb48982439754,
E24793,,,,DH297905dba728,
E24794,,,,DH042eb0baf846,
E24795,,,,DH37468925d79c,
E24796,,,,DHc97d72bb4bcc,
E24797,,,,DH0d5971a20757,
E24798,,,,DHcd89a918ff03,
E24799,,,,DH51427d80cb77,
E24800,,,,DH6b4fbc64fa94,
E24801,,,,DH6fb434fe67f5,
E24802,,,,DHf75ebe28dde9,
E24803,,,,DH4786d947d09d,
E24804,,,,DHae9d5fdd7de5,
E24805,,,,DH9d823ce339fe,
E24806,,,,DHf4b23b06eb32,
E24807,,,,DH794ebf969b62,
E24808,,,,DH92c2a4e84ca3,
E24809,,,,DHdd86ce3bf871,
E24810,,,,DH79d0247f685a,
E24811,,,,DH9b7ce6652e76,
E24812,,,,DH7fd4ac8a56b7,
E24813,,,,DH3b1e00a66adc,
E24814,,,,DHa591d6f1b811,
E24815,,,,DHc27ed1eaea0d,
E24816,,,,DHcf67ef617c94,
E24817,,,,DH7fee5c987e5d,
E24818,,,,DHdc99f184fbb4,
E24819,,,,DH7ab9b6d46f4e,
E24820,,,,DH4a06bb4586af,
E24821,,,,DH21cff9eb2394,
E24822,,,,DH094e699f7cff,
E24823,,,,DHb083be89d58d,
E24824,,,,DH8abdced623e1,
E24825,,,,DHa1aab4dbcb17,
E24826,,,,DH6f0b358739b5,
E24827,,,,DH555a319c212e,
E24828,,,,DH9d09c68bfefd,
E24829,,,,DH2cda41200be9,
E24830,,,,DHd461f12c9f9a,
E24831,,,,DH73d4ac0decd1,
E24832,,,,DHa00530030895,
E24833,,,,DHe46e87ccfbb2,
E24834,,,,DHfe4741470f7a,
E24835,,,,DHdb1d45c1ad70,
E24836,,,,DHbae1ac790664,
E24837,,,,DH07808c2d67db,
E24838,,,,DHb0ff093e13be,
E24839,,,,DHe3c377078bde,
E24840,,,,DHb44ce924bd3e,
E24841,,,,DH366b514658aa,
E24842,,,,DH25b45a476b4b,
E24843,,,,DH00705179eade,
E24844,,,,DH399bae76ae6a,
E24845,,,,DH3a6eab41a029,
E24846,,,,DH95dd3d1406d7,
E24847,,,,DH7aa3c7cedc6f,
E24848,,,,DHd0783208286a,
E24849,,,,DH6362f4eed451,
E24850,,,,DHd351410d220c,
E24851,,,,DHe4a0113a977f,
E24852,,,,DH30b61ef1f886,
E24853,,,,DHa353d4cb094e,
E24854,,,,DH8a81e675cd99,
E24855,,,,DHb679f098bee0,
E24856,,,,DH869929852e70,
E24857,,,,DH57b33c47579a,
E24858,,,,DH9267a8a85597,
E24859,,,,DH0a78740604ea,
E24860,,,,DH35c16d7ec5a4,
E24861,,,,DHf22a7c0ede21,
E24862,,,,DH775f4ae79c99,
E24863,,,,DHdbe57d8908f1,
E24864,,,,DH6201fe1cada2,
E24865,,,,DHb798edaa4ae4,
E24866,,,,DH879f4e737d83,
E24867,,,,DH2caab1b839f7,
E24868,,,,DH6061a27a8f4d,
E24869,,,,DH9ced47d5f6a4,
E24870,,,,DHd792ca07abde,
E24871,,,,DH85ecc6a104e8,
E24872,,,,DH0896258211d6,
E24873,,,,DH42611bc07782,
E24874,,,,DH684066814029,
E24875,,,,DHb27b95cea172,
E24876,,,,DH112624ac9a9d,
E24877,,,,DH1bf0d9083342,
E24878,,,,DHfc1b0bf19ba7,
E24879,,,,DH0455948e084a,
E24880,,,,DH429a69f32aad,
E24881,,,,DH3a04006c54f2,
E24882,,,,DH3dd87e2a9d1b,
E24883,,,,DHa39d98790a84,
E24884,,,,DH29f7396c1183,
E24885,,,,DH82a160d36dff,
E24886,,,,DH05430bcdf1a1,
E24887,,,,DHb2bcec71b040,
E24888,,,,DHe0df6496ab1b,
E24889,,,,DHcbb266ce875b,
E24890,,,,DH5a66a42c494a,
E24891,,,,DH39ebc93a3d53,
E24892,,,,DHd76cee13bd6e,
E24893,,,,DH9ee2b5d1d188,
E24894,,,,DH6f5247817bdf,
E24895,,,,DH8fb63db5cbfc,
E24896,,,,DH13be176d8f8b,
E24897,,,,DHb8ece96aa316,
E24898,,,,DH37502d94442c,
E24899,,,,DH9417084f27da,
E24900,,,,DHa17d9fe77ca5,
E24901,,,,DH303a46a2db89,
E24902,,,,DH070cafd9a804,
E24903,,,,DHe3bfc03a849b,
E24904,,,,DH4321c58ab40e,
E24905,,,,DH4b3dc048466a,
E24906,,,,DH3b95ba7b13ff,
E24907,,,,DH5e0f0f4a2cfa,
E24908,,,,DHb71fdfe2b31d,
E24909,,,,DHf0f9372c5c56,
E24910,,,,DH10bb4ce37a9b,
E24911,,,,DH0f293b0558cd,
E24912,,,,DH0acc5f5574b9,
E24913,,,,DH63ee90981584,
E24914,,,,DH0a51017e4320,
E24915,,,,DH1d0f3c0adbae,
E24916,,,,DHf9028cf71051,
E24917,,,,DHc9d2969636fc,
E24918,,,,DH301dee480ce0,
E24919,,,,DHe8f4acd94e6c,
E24920,,,,DH51939bb0c8e8,
E24921,,,,DH595574d2e29c,
E24922,,,,DH21dd7aa4b87a,
E24923,,,,DH6ebd1a9267c7,
E24924,,,,DH8035834db897,
E24925,,,,DH18884fc0535f,
E24926,,,,DH5d8454e09e44,
E24927,,,,DHe013ac02b796,
E24928,,,,DH14d9e96d4f0f,
E24929,,,,DH4b9a6bfa8e8f,
E24930,,,,DH35228d9c20af,
E24931,,,,DHa609b643ec12,
E24932,,,,DH85336fd90a82,
E24933,,,,DHb2981ff22e7f,
E24934,,,,DH62cad8940011,
E24935,,,,DH838de94319be,
E24936,,,,DH8eff7c681a3d,
E24937,,,,DHb93cfa810e01,
E24938,,,,DHe2018b8b9809,
E24939,,,,DHcdbfea1648a4,
E24940,,,,DH24637a2f6c0c,
E24941,,,,DH4dc10d435f3b,
E24942,,,,DH410cbf48140a,
E24943,,,,DH17536f9e4137,
E24944,,,,DHcb2b9b96e89e,
E24945,,,,DH84697fd88821,
E24946,,,,DHa30000c4d45e,
E24947,,,,DH21680a860131,
E24948,,,,DHcfe6a0661715,
E24949,,,,DH6a0be7a66ed3,
E24950,,,,DH9d053fde7d3c,
E24951,,,,DHb796c55fecc0,
E24952,,,,DH706e3db996dc,
E24953,,,,DH3e898fa5efd5,
E24954,,,,DHd0bb1c1dab84,
E24955,,,,DHa172d9db11ac,
E24956,,,,DHab8a590e8fc9,
E24957,,,,DHc99a421c2d51,
E24958,,,,DHd350c236b3ba,
E24959,,,,DHf4633548e7a6,
E24960,,,,DHdeea4fcf517a,
E24961,,,,DH52787c94531b,
E24962,,,,DH7ab10d7f6a72,
E24963,,,,DH41ddf1f4dfcb,
E24964,,,,DHf28b3a1291b3,
E24965,,,,DH7cb18a79a47b,
E24966,,,,DHf9f935632550,
E24967,,,,DHebe25af9e8aa,
E24968,,,,DH6fc16806424a,
E24969,,,,DH98fb5bb62e1c,
E24970,,,,DH023b72a10367,
E24971,,,,DHe1255d5fe597,
E24972,,,,DH88c6ed89597b,
E24973,,,,DHa5893d3d626e,
E24974,,,,DH77071c5cf90f,
E24975,,,,DH0eb2b0686e4c,
E24976,,,,DHc433f6dbce71,
E24977,,,,DHdb9a68fdac4d,
E24978,,,,DH2d8ce01d9e3e,
E24979,,,,DHd1b8a3a7c155,
E24980,,,,DH03c6bdf90b76,
E24981,,,,DH189c4acfc3b4,
E24982,,,,DH5d959e74203e,
E24983,,,,DH34ee4ae73734,
E24984,,,,DH8c10b7c27627,
E24985,,,,DHce5f1ef5b907,
E24986,,,,DH23491911e43f,
E24987,,,,DH2d07b22eb94b,
E24988,,,,DHfb51d6e8004d,
E24989,,,,DHf31279dabb7c,
E24990,,,,DHba3ca6023a1d,
E24991,,,,DHe2d18a54b5ce,
E24992,,,,DH5e0aa32a559a,
E24993,,,,DH5a8e8bfcf513,
E24994,,,,DH4912ed356400,
E24995,,,,DH6488c0c272d3,
E24996,,,,DH1e8c99d8aea8,
E24997,,,,DH8203ceb6c69d,
E24998,,,,DH781ee8d867d0,
E24999,,,,DHe1edd9fc593d,
E25000,,,,DH188893055528,
E25001,,,,DH71fab24c02a0,
E25002,,,,DHf824ce4bb089,
E25003,,,,DH6d2e773d217b,
E25004,,,,DH07f1b90ae8a8,
E25005,,,,DHa55fd5280727,
E25006,,,,DH8265a157ec46,
E25007,,,,DH5211be0fad9a,
E25008,,,,DH1b69fcdf773b,
E25009,,,,DH6bb3b110822e,
E25010,,,,DHb34b9ee705b8,
E25011,,,,DH9d2aef030025,
E25012,,,,DH2941c68b4d4f,
E25013,,,,DH8554de762421,
E25014,,,,DH06b05d644c8c,
E25015,,,,DH482f41b280ce,
E25016,,,,DH9368e672c81f,
E25017,,,,DHb02800eb71f0,
E25018,,,,DH84e8cd78e2a3,
E25019,,,,DHbcc29c471da2,
E25020,,,,DH70e15f18bb14,
E25021,,,,DH492dd0168d25,
E25022,,,,DHebcd5770f6b2,
E25023,,,,DH9acb5145c8d5,
E25024,,,,DHd1190716c9f7,
E25025,,,,DHc95d426fba78,
E25026,,,,DH50da1e87a43a,
E25027,,,,DH1da0274a5c38,
E25028,,,,DH9fb2b26f8d79,
E25029,,,,DH054d85fa94ac,
E25030,,,,DHe389d6597851,
E25031,,,,DH6e161ac95236,
E25032,,,,DHa6fcdbdeeee8,
E25033,,,,DHb3745b583e8a,
E25034,,,,DH7be9be0fb1f5,
E25035,,,,DH241c3c8ab945,
E25036,,,,DHed58739832bc,
E25037,,,,DHabf067c94f83,
E25038,,,,DH563a64731b59,
E25039,,,,DHfdc0f95b0404,
E25040,,,,DHc247dee1de06,
E25041,,,,DHe504cc2fcd33,
E25042,,,,DH80e5497a2f24,
E25043,,,,DH6ba5b81ed15c,
E25044,,,,DH7e1fdae3aa85,
E25045,,,,DHbaa8eb72ac55,
E25046,,,,DH610a6cbfc9d0,
E25047,,,,DH607672e562d1,
E25048,,,,DH28f98866e48a,
E25049,,,,DH750441f33ab8,
E25050,,,,DH15a64b5307c9,
E25051,,,,DH7ca54f3a547f,
E25052,,,,DH4712e69ed588,
E25053,,,,DHc2be0eccfe90,
E25054,,,,DH465b792a6ce6,
E25055,,,,DH7b2493f93707,
E25056,,,,DH8e0f9295bf58,
E25057,,,,DH5ead76a2c088,
E25058,,,,DH0236fa3a1c19,
E25059,,,,DHda37eec3ccde,
E25060,,,,DH85b421e15e06,
E25061,,,,DHde28cf68219e,
E25062,,,,DHf40a7f75c146,
E25063,,,,DH968bee94400d,
E25064,,,,DHf04b98c18101,
E25065,,,,DHa0e31b55a3fd,
E25066,,,,DH1e744cbf0a98,
E25067,,,,DH137bb195d3e1,
E25068,,,,DHf3a328d16b41,
E25069,,,,DH00abdd6030da,
E25070,,,,DH88f6a681ed05,
E25071,,,,DH25896c6735a5,
E25072,,,,DH5973c392633b,
E25073,,,,DHf0dff4f6df6e,
E25074,,,,DHb501b4e7811b,
E25075,,,,DH79fcacadc84c,
E25076,,,,DHb373aad45997,
E25077,,,,DH881befa5bf82,
E25078,,,,DH613e897b37de,
E25079,,,,DH5696fdc3ef2b,
E25080,,,,DH42981159a753,
E25081,,,,DH8c8f0f6ba20f,
E25082,,,,DHcbf426983f75,
E25083,,,,DH5a5e247705be,
E25084,,,,DH51c022cc6767,
E25085,,,,DH07298051394e,
E25086,,,,DH02dce4481aaf,
E25087,,,,DHa4d64246fd98,
E25088,,,,DH0518756aff20,
E25089,,,,DHf41d33ad0fb2,
E25090,,,,DH63ceb414559a,
E25091,,,,DHf629554af407,
E25092,,,,DH5815c699e7c7,
E25093,,,,DHd25a23895a5d,
E25094,,,,DH88ed5ec9a6de,
E25095,,,,DH7b8c61853df8,
E25096,,,,DH06922aaeb78f,
E25097,,,,DH0ad8aa2377fa,
E25098,,,,DH71f8a91049a1,
E25099,,,,DHf4805949247f,
E25100,,,,DH00108c986161,
E25101,,,,DHbad4b5139d62,
E25102,,,,DHd0ca727fe69a,
E25103,,,,DHe19a72324a6b,
E25104,,,,DHbf26baeac118,
E25105,,,,DH0996fcb95793,
E25106,,,,DH3281ccf47376,
E25107,,,,DHc73d8e6945fc,
E25108,,,,DH7d348eb50271,
E25109,,,,DH8ce2ac849f73,
E25110,,,,DH6636bcf05698,
E25111,,,,DH0352c2db575a,
E25112,,,,DH38ad2527da3a,
E25113,,,,DH22d59841966d,
E25114,,,,DH594cf1327f82,
E25115,,,,DHada3e41d6f5e,
E25116,,,,DHc0dc4e421e66,
E25117,,,,DH8be26ce57061,
E25118,,,,DH9ac562be6e9b,
E25119,,,,DH66541a3c606c,
E25120,,,,DHae6a86c9b75b,
E25121,,,,DH7fd0898d30da,
E25122,,,,DH4f633ce5068c,
E25123,,,,DH21cf75c223a9,
E25124,,,,DH36d1158e4724,
E25125,,,,DH48a2e5551660,
E25126,,,,DHc38f9c5698b3,
E25127,,,,DH07a8bc0ae4f7,
E25128,,,,DHe6b78586fc83,
E25129,,,,DHe0c2695158be,
E25130,,,,DH3c772589d358,
E25131,,,,DH41362c5e4c11,
E25132,,,,DHb8469e1397f2,
E25133,,,,DHf0f6aa086000,
E25134,,,,DHa20b5b222237,
E25135,,,,DH2b61ca39af1a,
E25136,,,,DHe7cc96505bea,
E25137,,,,DH7f2956cfb070,
E25138,,,,DHc2fb8183cc03,
E25139,,,,DHe75c871bc64d,
E25140,,,,DH826297665d57,
E25141,,,,DHfcb9bd2d1d44,
E25142,,,,DHf1bba2b695d2,
E25143,,,,DHf6279352ae38,
E25144,,,,DH7356af6ca62d,
E25145,,,,DH049b3ce182bc,
E25146,,,,DH8c1238d3dcb1,
E25147,,,,DH53e222c9dde2,
E25148,,,,DH8eba6c7a1eba,
E25149,,,,DH06e994a1bb27,
E25150,,,,DHfef3f3e9ec2e,
E25151,,,,DH8404bd33fc3f,
E25152,,,,DH0a7c6c53c277,
E25153,,,,DH79c621e6e946,
E25154,,,,DH8f04524953e7,
E25155,,,,DH593e6f7eefb8,
E25156,,,,DH43197cf0ee97,
E25157,,,,DH904a52334934,
E25158,,,,DHe50596c9c5a7,
E25159,,,,DH03440aa7f641,
E25160,,,,DH4767a69eaebf,
E25161,,,,DHa2fc6c7946bc,
E25162,,,,DHc2228f51d2f1,
E25163,,,,DHdcfc33fc4831,
E25164,,,,DH1e2f48cb11a4,
E25165,,,,DH8c0f7f5fb521,
E25166,,,,DH1d5d5f52bdf0,
E25167,,,,DH27f03cd85e7d,
E25168,,,,DHe0901837c4d2,
E25169,,,,DH743df6cde822,
E25170,,,,DHd85b969bd741,
E25171,,,,DH85594ffe0d1d,
E25172,,,,DH15de687aad23,
E25173,,,,DH3766ba81e582,
E25174,,,,DHe95865f68600,
E25175,,,,DHb87b1e420977,
E25176,,,,DHc96af8ccd596,
E25177,,,,DH1bf6104383dc,
E25178,,,,DHbb91d5494f65,
E25179,,,,DH51792aac8981,
E25180,,,,DH852fe724b922,
E25181,,,,DH2e117566cb9d,
E25182,,,,DH92d59537edad,
E25183,,,,DH9d1dca8a7e2a,
E25184,,,,DH0ff870fc0052,
E25185,,,,DH95c92ceca9a9,
E25186,,,,DHa87c7df9b5ff,
E25187,,,,DHfa656c7ebba9,
E25188,,,,DH95900688b9f7,
E25189,,,,DH83c6021b49ff,
E25190,,,,DHe26e2b596b86,
E25191,,,,DHaa5dcfaed3b0,
E25192,,,,DHa25f3a776243,
E25193,,,,DH9115aef727a3,
E25194,,,,DHf79dbd68f76a,
E25195,,,,DHb4c6bb4a0f1b,
E25196,,,,DHa10afaf4f89d,
E25197,,,,DH3dcc5fed3a0d,
E25198,,,,DHd4c455fd24f5,
E25199,,,,DH5bc402b71568,
E25200,,,,DH396014586cbd,
E25201,,,,DH6a852cda1287,
E25202,,,,DH5bcd48e6b780,
E25203,,,,DH2b76b843f8ab,
E25204,,,,DH29f5f3489501,
E25205,,,,DH92c862c5ab7e,
E25206,,,,DH8dc035330133,
E25207,,,,DH05a405171ca8,
E25208,,,,DH747ca5a30ff4,
E25209,,,,DHd5005bc0e797,
E25210,,,,DH6d01020c2913,
E25211,,,,DH8b4ebc9cd7ec,
E25212,,,,DHa48708a25166,
E25213,,,,DH8a40a6c2531c,
E25214,,,,DH26ec87899c36,
E25215,,,,DH3724b75dfa69,
E25216,,,,DHa458a5c72633,
E25217,,,,DH49db82bff276,
E25218,,,,DHdf93779e0569,
E25219,,,,DH6a53d65193e6,
E25220,,,,DH845b4444ee98,
E25221,,,,DHd812f0296dea,
E25222,,,,DHd2a16b0a0a65,
E25223,,,,DH89f8822032f4,
E25224,,,,DH00e191d54497,
E25225,,,,DHd985a5e5c94c,
E25226,,,,DH0b34fc34c576,
E25227,,,,DH77b7fe2184e3,
E25228,,,,DH970fa57c4406,
E25229,,,,DH8a4e71187b08,
E25230,,,,DH4778c879285e,
E25231,,,,DH93949ef34d3d,
E25232,,,,DH924b18411e6c,
E25233,,,,DHc33ad711a35a,
E25234,,,,DH5129d505fe5e,
E25235,,,,DHe23a76beec43,
E25236,,,,DH6a3136eabb87,
E25237,,,,DHc71ac5275676,
E25238,,,,DH9f3043a1de9e,
E25239,,,,DH79cb39c10041,
E25240,,,,DH5c33dd766081,
E25241,,,,DHa980407fb6ef,
E25242,,,,DHb8e0901607d5,
E25243,,,,DH1a317414b05f,
E25244,,,,DH946be7c5298b,
E25245,,,,DH70573ed2f969,
E25246,,,,DH2dafb355e8fd,
E25247,,,,DH0420507aa6cb,
E25248,,,,DH457dd64e300f,
E25249,,,,DHb4f6f454b329,
E25250,,,,DHad5592c1c9a5,
E25251,,,,DHc7f4ce49177b,
E25252,,,,DH6815cd883fe5,
E25253,,,,DH4685769ecaa9,
E25254,,,,DH503a2289b7e2,
E25255,,,,DH23bd074f29bb,
E25256,,,,DH2bba77f6c7ab,
E25257,,,,DHd031fc02e5d6,
E25258,,,,DHb4316b3551cc,
E25259,,,,DHca3d2c1ca772,
E25260,,,,DHd385ec313c76,
E25261,,,,DH716e513d4aad,
E25262,,,,DH40bf6b0efc44,
E25263,,,,DH5a27555e1bb1,
E25264,,,,DH0544b0dc0955,
E25265,,,,DH56c4823bf8be,
E25266,,,,DHb3a9a316a9b9,
E25267,,,,DH1411d6a6ef14,
E25268,,,,DH4ee9b5a13f7e,
E25269,,,,DH4c06c755a985,
E25270,,,,DH381d0821b8c5,
E25271,,,,DH3cc273fb1cdf,
E25272,,,,DH403c83a8178b,
E25273,,,,DHf59dec29ac02,
E25274,,,,DH8a1e7482c675,
E25275,,,,DH6e7ddf021eee,
E25276,,,,DHc7546191c2c2,
E25277,,,,DH62107e47625e,
E25278,,,,DHb88b96ee343d,
E25279,,,,DHbff358b43d32,
E25280,,,,DH9eb3d3a6cec5,
E25281,,,,DHe14449513486,
E25282,,,,DH2b0832b144ad,
E25283,,,,DH3604d0272800,
E25284,,,,DH49e3bfe28c43,
E25285,,,,DH186cb59a186d,
E25286,,,,DH4f9d9a34c131,
E25287,,,,DH82141e39fe4d,
E25288,,,,DHaa79fc809362,
E25289,,,,DHc9f25fd78c3a,
E25290,,,,DH64606774e80e,
E25291,,,,DH239ba6418a67,
E25292,,,,DH161bd972d4cf,
E25293,,,,DH28de7d08c58a,
E25294,,,,DHfcd3f2ca0b9d,
E25295,,,,DH57e7c562f550,
