card_id,location_id,timestamp,entity_id,student_id,email,device_hash,face_id,activity_type,ap_id,checkout_id,book_id,booking_id,room_id,start_time,end_time,attended (YES/NO),frame_id,note_id,category,text
C7151,GYM,2025-09-13 14:02:40,E001,,,,,campus_card_swipe,,,,,,,,,,,,
C7151,ADMIN_LOBBY,2025-09-15 05:21:08,E001,,,,,campus_card_swipe,,,,,,,,,,,,
C7151,LIB_ENT,2025-09-16 04:15:09,E001,,,,,campus_card_swipe,,,,,,,,,,,,
C7151,ADMIN_LOBBY,2025-09-21 03:13:32,E001,,,,,campus_card_swipe,,,,,,,,,,,,
C7151,LAB_101,,E001,,,,,cctv_frames,,,,,,,,,FR600000,,,
C7151,LIB_ENT,,E001,,,,,cctv_frames,,,,,,,,,FR600001,,,
C7151,ADMIN_LOBBY,,E001,,,,,cctv_frames,,,,,,,,,FR600004,,,
C7151,LIB_ENT,,E001,,,,,cctv_frames,,,,,,,,,FR600005,,,
C7151,GYM,,E001,,,,,cctv_frames,,,,,,,,,FR600006,,,
C7151,LAB_305,,E001,,,,,cctv_frames,,,,,,,,,FR600008,,,
C7151,HOSTEL_GATE,,E001,,,,,cctv_frames,,,,,,,,,FR600010,,,
C7151,HOSTEL_GATE,,E001,,,,,cctv_frames,,,,,,,,,FR600011,,,
C7151,CAF_01,,E001,,,,,cctv_frames,,,,,,,,,FR600015,,,
C7151,LIB_ENT,,E001,,,,,cctv_frames,,,,,,,,,FR600020,,,
C7151,LAB_101,,E001,,,,,cctv_frames,,,,,,,,,FR600024,,,
C7151,LAB_101,,E001,,,,,cctv_frames,,,,,,,,,FR600027,,,
C7151,HOSTEL_GATE,,E001,,,,,cctv_frames,,,,,,,,,FR600028,,,
C7151,HOSTEL_GATE,,E001,,,,,cctv_frames,,,,,,,,,FR600030,,,
C7151,GYM,,E001,,,,,cctv_frames,,,,,,,,,FR600032,,,
C7151,GYM,,E001,,,,,cctv_frames,,,,,,,,,FR600034,,,
C7151,ADMIN_LOBBY,,E001,,,,,cctv_frames,,,,,,,,,FR600036,,,
C7151,LAB_101,,E001,,,,,cctv_frames,,,,,,,,,FR600040,,,
C7151,ADMIN_LOBBY,,E001,,,,,cctv_frames,,,,,,,,,FR600041,,,
C7151,ADMIN_LOBBY,,E001,,,,,cctv_frames,,,,,,,,,FR600042,,,
C7151,LIB_ENT,,E001,,,,,cctv_frames,,,,,,,,,FR600046,,,
C7151,ADMIN_LOBBY,,E001,,,,,cctv_frames,,,,,,,,,FR600047,,,
C7151,CAF_01,,E001,,,,,cctv_frames,,,,,,,,,FR600051,,,
C7151,AUDITORIUM,,E001,,,,,cctv_frames,,,,,,,,,FR600052,,,
C7151,LIB_ENT,,E001,,,,,cctv_frames,,,,,,,,,FR600058,,,
C7151,AUDITORIUM,,E001,,,,,cctv_frames,,,,,,,,,FR600060,,,
C7151,LAB_305,,E001,,,,,cctv_frames,,,,,,,,,FR600061,,,
C7151,AUDITORIUM,,E001,,,,,cctv_frames,,,,,,,,,FR600062,,,
C7151,LIB_ENT,,E001,,,,,cctv_frames,,,,,,,,,FR600063,,,
C7151,CAF_01,,E001,,,,,cctv_frames,,,,,,,,,FR600064,,,
C7151,CAF_01,,E001,,,,,cctv_frames,,,,,,,,,FR600065,,,
C7151,LAB_305,,E001,,,,,cctv_frames,,,,,,,,,FR600066,,,
C7151,CAF_01,,E001,,,,,cctv_frames,,,,,,,,,FR600070,,,
C7151,HOSTEL_GATE,,E001,,,,,cctv_frames,,,,,,,,,FR600072,,,
C7151,LAB_305,,E001,,,,,cctv_frames,,,,,,,,,FR600073,,,
C7151,ADMIN_LOBBY,,E001,,,,,cctv_frames,,,,,,,,,FR600075,,,
C7151,LAB_305,,E001,,,,,cctv_frames,,,,,,,,,FR600077,,,
C7151,HOSTEL_GATE,,E001,,,,,cctv_frames,,,,,,,,,FR600078,,,
C7151,ADMIN_LOBBY,,E001,,,,,cctv_frames,,,,,,,,,FR600080,,,
C7151,ADMIN_LOBBY,,E001,,,,,cctv_frames,,,,,,,,,FR600081,,,
C7151,ADMIN_LOBBY,,E001,,,,,cctv_frames,,,,,,,,,FR600083,,,
C7151,CAF_01,,E001,,,,,cctv_frames,,,,,,,,,FR600084,,,
C7151,LIB_ENT,,E001,,,,,cctv_frames,,,,,,,,,FR600088,,,
C7151,HOSTEL_GATE,,E001,,,,,cctv_frames,,,,,,,,,FR600091,,,
C7151,LAB_305,,E001,,,,,cctv_frames,,,,,,,,,FR600092,,,
C7151,LAB_305,,E001,,,,,cctv_frames,,,,,,,,,FR600094,,,
C7151,LAB_305,,E001,,,,,cctv_frames,,,,,,,,,FR600095,,,
C7151,HOSTEL_GATE,,E001,,,,,cctv_frames,,,,,,,,,FR600096,,,
C7151,ADMIN_LOBBY,,E001,,,,,cctv_frames,,,,,,,,,FR600097,,,
C7151,HOSTEL_GATE,,E001,,,,,cctv_frames,,,,,,,,,FR600099,,,
C7151,LAB_305,,E001,,,,,cctv_frames,,,,,,,,,FR600102,,,
C7151,ADMIN_LOBBY,,E001,,,,,cctv_frames,,,,,,,,,FR600105,,,
C7151,LIB_ENT,,E001,,,,,cctv_frames,,,,,,,,,FR600106,,,
C7151,AUDITORIUM,,E001,,,,,cctv_frames,,,,,,,,,FR600111,,,
C7151,LIB_ENT,,E001,,,,,cctv_frames,,,,,,,,,FR600112,,,
C7151,HOSTEL_GATE,,E001,,,,,cctv_frames,,,,,,,,,FR600119,,,
C7151,HOSTEL_GATE,,E001,,,,,cctv_frames,,,,,,,,,FR600121,,,
C7151,LIB_ENT,,E001,,,,,cctv_frames,,,,,,,,,FR600125,,,
C7151,LAB_305,,E001,,,,,cctv_frames,,,,,,,,,FR600127,,,
C7151,LAB_305,,E001,,,,,cctv_frames,,,,,,,,,FR600128,,,
C7151,ADMIN_LOBBY,,E001,,,,,cctv_frames,,,,,,,,,FR600129,,,
C7151,AUDITORIUM,,E001,,,,,cctv_frames,,,,,,,,,FR600131,,,
C7151,GYM,,E001,,,,,cctv_frames,,,,,,,,,FR600133,,,
C7151,GYM,,E001,,,,,cctv_frames,,,,,,,,,FR600135,,,
C7151,LIB_ENT,,E001,,,,,cctv_frames,,,,,,,,,FR600136,,,
C7151,CAF_01,,E001,,,,,cctv_frames,,,,,,,,,FR600138,,,
C7151,CAF_01,,E001,,,,,cctv_frames,,,,,,,,,FR600141,,,
C7151,HOSTEL_GATE,,E001,,,,,cctv_frames,,,,,,,,,FR600142,,,
C7151,LIB_ENT,,E001,,,,,cctv_frames,,,,,,,,,FR600145,,,
C7151,LAB_305,,E001,,,,,cctv_frames,,,,,,,,,FR600151,,,
C7151,AUDITORIUM,,E001,,,,,cctv_frames,,,,,,,,,FR600155,,,
C7151,LIB_ENT,,E001,,,,,cctv_frames,,,,,,,,,FR600156,,,
C7151,CAF_01,,E001,,,,,cctv_frames,,,,,,,,,FR600157,,,
C7151,LIB_ENT,,E001,,,,,cctv_frames,,,,,,,,,FR600159,,,
C7151,AUDITORIUM,,E001,,,,,cctv_frames,,,,,,,,,FR600161,,,
C7151,LIB_ENT,,E001,,,,,cctv_frames,,,,,,,,,FR600163,,,
C7151,HOSTEL_GATE,,E001,,,,,cctv_frames,,,,,,,,,FR600164,,,
C7151,LIB_ENT,,E001,,,,,cctv_frames,,,,,,,,,FR600165,,,
C7151,LIB_ENT,,E001,,,,,cctv_frames,,,,,,,,,FR600167,,,
C7151,CAF_01,,E001,,,,,cctv_frames,,,,,,,,,FR600169,,,
C7151,HOSTEL_GATE,,E001,,,,,cctv_frames,,,,,,,,,FR600175,,,
C7151,ADMIN_LOBBY,,E001,,,,,cctv_frames,,,,,,,,,FR600176,,,
C7151,LIB_ENT,,E001,,,,,cctv_frames,,,,,,,,,FR600177,,,
C7151,AUDITORIUM,,E001,,,,,cctv_frames,,,,,,,,,FR600179,,,
C7151,ADMIN_LOBBY,,E001,,,,,cctv_frames,,,,,,,,,FR600180,,,
C7151,ADMIN_LOBBY,,E001,,,,,cctv_frames,,,,,,,,,FR600185,,,
C7151,CAF_01,,E001,,,,,cctv_frames,,,,,,,,,FR600186,,,
C7151,AUDITORIUM,,E001,,,,,cctv_frames,,,,,,,,,FR600187,,,
C7151,ADMIN_LOBBY,,E001,,,,,cctv_frames,,,,,,,,,FR600188,,,
C7151,GYM,,E001,,,,,cctv_frames,,,,,,,,,FR600190,,,
C7151,LAB_101,,E001,,,,,cctv_frames,,,,,,,,,FR600192,,,
C7151,HOSTEL_GATE,,E001,,,,,cctv_frames,,,,,,,,,FR600198,,,
C7151,CAF_01,,E001,,,,,cctv_frames,,,,,,,,,FR600199,,,
C7151,LAB_305,,E001,,,,,cctv_frames,,,,,,,,,FR600200,,,
C7151,LIB_ENT,,E001,,,,,cctv_frames,,,,,,,,,FR600201,,,
C7151,AUDITORIUM,,E001,,,,,cctv_frames,,,,,,,,,FR600202,,,
C7151,ADMIN_LOBBY,,E001,,,,,cctv_frames,,,,,,,,,FR600203,,,
C7151,LAB_101,,E001,,,,,cctv_frames,,,,,,,,,FR600206,,,
C7151,AUDITORIUM,,E001,,,,,cctv_frames,,,,,,,,,FR600208,,,
C7151,LAB_305,,E001,,,,,cctv_frames,,,,,,,,,FR600209,,,
C7151,LAB_305,,E001,,,,,cctv_frames,,,,,,,,,FR600216,,,
C7151,LAB_101,,E001,,,,,cctv_frames,,,,,,,,,FR600218,,,
C7151,GYM,,E001,,,,,cctv_frames,,,,,,,,,FR600220,,,
C7151,CAF_01,,E001,,,,,cctv_frames,,,,,,,,,FR600222,,,
C7151,GYM,,E001,,,,,cctv_frames,,,,,,,,,FR600225,,,
C7151,GYM,,E001,,,,,cctv_frames,,,,,,,,,FR600227,,,
C7151,LAB_101,,E001,,,,,cctv_frames,,,,,,,,,FR600228,,,
C7151,ADMIN_LOBBY,,E001,,,,,cctv_frames,,,,,,,,,FR600230,,,
C7151,CAF_01,,E001,,,,,cctv_frames,,,,,,,,,FR600233,,,
C7151,CAF_01,,E001,,,,,cctv_frames,,,,,,,,,FR600235,,,
C7151,CAF_01,,E001,,,,,cctv_frames,,,,,,,,,FR600236,,,
C7151,LIB_ENT,,E001,,,,,cctv_frames,,,,,,,,,FR600237,,,
C7151,ADMIN_LOBBY,,E001,,,,,cctv_frames,,,,,,,,,FR600240,,,
C7151,AUDITORIUM,,E001,,,,,cctv_frames,,,,,,,,,FR600244,,,
C7151,HOSTEL_GATE,,E001,,,,,cctv_frames,,,,,,,,,FR600252,,,
C7151,CAF_01,,E001,,,,,cctv_frames,,,,,,,,,FR600253,,,
C7151,HOSTEL_GATE,,E001,,,,,cctv_frames,,,,,,,,,FR600254,,,
C7151,LAB_101,,E001,,,,,cctv_frames,,,,,,,,,FR600258,,,
C7151,LIB_ENT,,E001,,,,,cctv_frames,,,,,,,,,FR600259,,,
C7151,LAB_101,,E001,,,,,cctv_frames,,,,,,,,,FR600260,,,
C7151,AUDITORIUM,,E001,,,,,cctv_frames,,,,,,,,,FR600261,,,
C7151,LIB_ENT,,E001,,,,,cctv_frames,,,,,,,,,FR600263,,,
C7151,CAF_01,,E001,,,,,cctv_frames,,,,,,,,,FR600265,,,
C7151,CAF_01,,E001,,,,,cctv_frames,,,,,,,,,FR600267,,,
C7151,CAF_01,,E001,,,,,cctv_frames,,,,,,,,,FR600272,,,
C7151,HOSTEL_GATE,,E001,,,,,cctv_frames,,,,,,,,,FR600278,,,
C7151,CAF_01,,E001,,,,,cctv_frames,,,,,,,,,FR600279,,,
C7151,GYM,,E001,,,,,cctv_frames,,,,,,,,,FR600280,,,
C7151,CAF_01,,E001,,,,,cctv_frames,,,,,,,,,FR600281,,,
C7151,GYM,,E001,,,,,cctv_frames,,,,,,,,,FR600284,,,
C7151,HOSTEL_GATE,,E001,,,,,cctv_frames,,,,,,,,,FR600285,,,
C7151,LAB_305,,E001,,,,,cctv_frames,,,,,,,,,FR600286,,,
C7151,LIB_ENT,,E001,,,,,cctv_frames,,,,,,,,,FR600292,,,
C7151,HOSTEL_GATE,,E001,,,,,cctv_frames,,,,,,,,,FR600294,,,
C7151,LAB_101,,E001,,,,,cctv_frames,,,,,,,,,FR600298,,,
C7151,LAB_305,,E001,,,,,cctv_frames,,,,,,,,,FR600300,,,
C7151,AUDITORIUM,,E001,,,,,cctv_frames,,,,,,,,,FR600301,,,
C7151,LAB_305,,E001,,,,,cctv_frames,,,,,,,,,FR600302,,,
C7151,LAB_101,,E001,,,,,cctv_frames,,,,,,,,,FR600306,,,
C7151,GYM,,E001,,,,,cctv_frames,,,,,,,,,FR600307,,,
C7151,LIB_ENT,,E001,,,,,cctv_frames,,,,,,,,,FR600308,,,
C7151,CAF_01,,E001,,,,,cctv_frames,,,,,,,,,FR600310,,,
C7151,AUDITORIUM,,E001,,,,,cctv_frames,,,,,,,,,FR600312,,,
C7151,AUDITORIUM,,E001,,,,,cctv_frames,,,,,,,,,FR600314,,,
C7151,GYM,,E001,,,,,cctv_frames,,,,,,,,,FR600317,,,
C7151,HOSTEL_GATE,,E001,,,,,cctv_frames,,,,,,,,,FR600321,,,
C7151,HOSTEL_GATE,,E001,,,,,cctv_frames,,,,,,,,,FR600325,,,
C7151,HOSTEL_GATE,,E001,,,,,cctv_frames,,,,,,,,,FR600326,,,
C7151,LAB_101,,E001,,,,,cctv_frames,,,,,,,,,FR600327,,,
C7151,HOSTEL_GATE,,E001,,,,,cctv_frames,,,,,,,,,FR600329,,,
C7151,AUDITORIUM,,E001,,,,,cctv_frames,,,,,,,,,FR600330,,,
C7151,LIB_ENT,,E001,,,,,cctv_frames,,,,,,,,,FR600333,,,
C7151,LIB_ENT,,E001,,,,,cctv_frames,,,,,,,,,FR600334,,,
C7151,AUDITORIUM,,E001,,,,,cctv_frames,,,,,,,,,FR600336,,,
C7151,AUDITORIUM,,E001,,,,,cctv_frames,,,,,,,,,FR600337,,,
C7151,GYM,,E001,,,,,cctv_frames,,,,,,,,,FR600343,,,
C7151,HOSTEL_GATE,,E001,,,,,cctv_frames,,,,,,,,,FR600344,,,
C7151,HOSTEL_GATE,,E001,,,,,cctv_frames,,,,,,,,,FR600348,,,
C7151,GYM,,E001,,,,,cctv_frames,,,,,,,,,FR600349,,,
C7151,AUDITORIUM,,E001,,,,,cctv_frames,,,,,,,,,FR600353,,,
C7151,ADMIN_LOBBY,,E001,,,,,cctv_frames,,,,,,,,,FR600354,,,
C7151,GYM,,E001,,,,,cctv_frames,,,,,,,,,FR600355,,,
C7151,GYM,,E001,,,,,cctv_frames,,,,,,,,,FR600358,,,
C7151,LAB_101,,E001,,,,,cctv_frames,,,,,,,,,FR600360,,,
C7151,GYM,,E001,,,,,cctv_frames,,,,,,,,,FR600362,,,
C7151,AUDITORIUM,,E001,,,,,cctv_frames,,,,,,,,,FR600365,,,
C7151,AUDITORIUM,,E001,,,,,cctv_frames,,,,,,,,,FR600368,,,
C7151,LAB_305,,E001,,,,,cctv_frames,,,,,,,,,FR600370,,,
C7151,LAB_305,,E001,,,,,cctv_frames,,,,,,,,,FR600373,,,
C7151,CAF_01,,E001,,,,,cctv_frames,,,,,,,,,FR600377,,,
C7151,AUDITORIUM,,E001,,,,,cctv_frames,,,,,,,,,FR600378,,,
C7151,HOSTEL_GATE,,E001,,,,,cctv_frames,,,,,,,,,FR600379,,,
C7151,AUDITORIUM,,E001,,,,,cctv_frames,,,,,,,,,FR600380,,,
C7151,AUDITORIUM,,E001,,,,,cctv_frames,,,,,,,,,FR600381,,,
C7151,CAF_01,,E001,,,,,cctv_frames,,,,,,,,,FR600382,,,
C7151,HOSTEL_GATE,,E001,,,,,cctv_frames,,,,,,,,,FR600385,,,
C7151,LAB_101,,E001,,,,,cctv_frames,,,,,,,,,FR600386,,,
C7151,LIB_ENT,,E001,,,,,cctv_frames,,,,,,,,,FR600388,,,
C7151,AUDITORIUM,,E001,,,,,cctv_frames,,,,,,,,,FR600393,,,
C7151,LIB_ENT,,E001,,,,,cctv_frames,,,,,,,,,FR600395,,,
C7151,LIB_ENT,,E001,,,,,cctv_frames,,,,,,,,,FR600396,,,
C7151,HOSTEL_GATE,,E001,,,,,cctv_frames,,,,,,,,,FR600397,,,
C7151,CAF_01,,E001,,,,,cctv_frames,,,,,,,,,FR600399,,,
C7151,GYM,,E001,,,,,cctv_frames,,,,,,,,,FR600402,,,
C7151,LAB_305,,E001,,,,,cctv_frames,,,,,,,,,FR600405,,,
C7151,HOSTEL_GATE,,E001,,,,,cctv_frames,,,,,,,,,FR600407,,,
C7151,LAB_305,,E001,,,,,cctv_frames,,,,,,,,,FR600414,,,
C7151,ADMIN_LOBBY,,E001,,,,,cctv_frames,,,,,,,,,FR600416,,,
C7151,GYM,,E001,,,,,cctv_frames,,,,,,,,,FR600419,,,
C7151,LAB_101,,E001,,,,,cctv_frames,,,,,,,,,FR600420,,,
C7151,GYM,,E001,,,,,cctv_frames,,,,,,,,,FR600421,,,
C7151,CAF_01,,E001,,,,,cctv_frames,,,,,,,,,FR600424,,,
C7151,LIB_ENT,,E001,,,,,cctv_frames,,,,,,,,,FR600427,,,
C7151,LIB_ENT,,E001,,,,,cctv_frames,,,,,,,,,FR600430,,,
C7151,ADMIN_LOBBY,,E001,,,,,cctv_frames,,,,,,,,,FR600432,,,
C7151,LAB_305,,E001,,,,,cctv_frames,,,,,,,,,FR600437,,,
C7151,AUDITORIUM,,E001,,,,,cctv_frames,,,,,,,,,FR600442,,,
C7151,LAB_305,,E001,,,,,cctv_frames,,,,,,,,,FR600445,,,
C7151,CAF_01,,E001,,,,,cctv_frames,,,,,,,,,FR600448,,,
C7151,LIB_ENT,,E001,,,,,cctv_frames,,,,,,,,,FR600451,,,
C7151,HOSTEL_GATE,,E001,,,,,cctv_frames,,,,,,,,,FR600452,,,
C7151,GYM,,E001,,,,,cctv_frames,,,,,,,,,FR600456,,,
C7151,CAF_01,,E001,,,,,cctv_frames,,,,,,,,,FR600458,,,
C7151,HOSTEL_GATE,,E001,,,,,cctv_frames,,,,,,,,,FR600461,,,
C7151,HOSTEL_GATE,,E001,,,,,cctv_frames,,,,,,,,,FR600464,,,
C7151,HOSTEL_GATE,,E001,,,,,cctv_frames,,,,,,,,,FR600473,,,
C7151,AUDITORIUM,,E001,,,,,cctv_frames,,,,,,,,,FR600475,,,
C7151,LAB_305,,E001,,,,,cctv_frames,,,,,,,,,FR600476,,,
C7151,LAB_305,,E001,,,,,cctv_frames,,,,,,,,,FR600477,,,
C7151,LAB_101,,E001,,,,,cctv_frames,,,,,,,,,FR600478,,,
C7151,LAB_101,,E001,,,,,cctv_frames,,,,,,,,,FR600481,,,
C7151,LIB_ENT,,E001,,,,,cctv_frames,,,,,,,,,FR600482,,,
C7151,HOSTEL_GATE,,E001,,,,,cctv_frames,,,,,,,,,FR600487,,,
C7151,LAB_305,,E001,,,,,cctv_frames,,,,,,,,,FR600492,,,
C7151,GYM,,E001,,,,,cctv_frames,,,,,,,,,FR600494,,,
C7151,AUDITORIUM,,E001,,,,,cctv_frames,,,,,,,,,FR600496,,,
C7151,GYM,,E001,,,,,cctv_frames,,,,,,,,,FR600497,,,
C7151,HOSTEL_GATE,,E001,,,,,cctv_frames,,,,,,,,,FR600500,,,
C7151,ADMIN_LOBBY,,E001,,,,,cctv_frames,,,,,,,,,FR600502,,,
C7151,CAF_01,,E001,,,,,cctv_frames,,,,,,,,,FR600506,,,
C7151,LAB_305,,E001,,,,,cctv_frames,,,,,,,,,FR600508,,,
C7151,GYM,,E001,,,,,cctv_frames,,,,,,,,,FR600509,,,
C7151,HOSTEL_GATE,,E001,,,,,cctv_frames,,,,,,,,,FR600510,,,
C7151,ADMIN_LOBBY,,E001,,,,,cctv_frames,,,,,,,,,FR600511,,,
C7151,GYM,,E001,,,,,cctv_frames,,,,,,,,,FR600514,,,
C7151,ADMIN_LOBBY,,E001,,,,,cctv_frames,,,,,,,,,FR600516,,,
C7151,HOSTEL_GATE,,E001,,,,,cctv_frames,,,,,,,,,FR600517,,,
C7151,CAF_01,,E001,,,,,cctv_frames,,,,,,,,,FR600518,,,
C7151,LIB_ENT,,E001,,,,,cctv_frames,,,,,,,,,FR600520,,,
C7151,CAF_01,,E001,,,,,cctv_frames,,,,,,,,,FR600522,,,
C7151,ADMIN_LOBBY,,E001,,,,,cctv_frames,,,,,,,,,FR600523,,,
C7151,ADMIN_LOBBY,,E001,,,,,cctv_frames,,,,,,,,,FR600525,,,
C7151,GYM,,E001,,,,,cctv_frames,,,,,,,,,FR600526,,,
C7151,LIB_ENT,,E001,,,,,cctv_frames,,,,,,,,,FR600529,,,
C7151,GYM,,E001,,,,,cctv_frames,,,,,,,,,FR600531,,,
C7151,LAB_305,,E001,,,,,cctv_frames,,,,,,,,,FR600533,,,
C7151,HOSTEL_GATE,,E001,,,,,cctv_frames,,,,,,,,,FR600534,,,
C7151,HOSTEL_GATE,,E001,,,,,cctv_frames,,,,,,,,,FR600535,,,
C7151,LAB_101,,E001,,,,,cctv_frames,,,,,,,,,FR600536,,,
C7151,LAB_305,,E001,,,,,cctv_frames,,,,,,,,,FR600537,,,
C7151,HOSTEL_GATE,,E001,,,,,cctv_frames,,,,,,,,,FR600538,,,
C7151,AUDITORIUM,,E001,,,,,cctv_frames,,,,,,,,,FR600539,,,
C7151,HOSTEL_GATE,,E001,,,,,cctv_frames,,,,,,,,,FR600548,,,
C7151,CAF_01,,E001,,,,,cctv_frames,,,,,,,,,FR600552,,,
C7151,ADMIN_LOBBY,,E001,,,,,cctv_frames,,,,,,,,,FR600554,,,
C7151,GYM,,E001,,,,,cctv_frames,,,,,,,,,FR600558,,,
C7151,GYM,,E001,,,,,cctv_frames,,,,,,,,,FR600565,,,
C7151,AUDITORIUM,,E001,,,,,cctv_frames,,,,,,,,,FR600571,,,
C7151,HOSTEL_GATE,,E001,,,,,cctv_frames,,,,,,,,,FR600575,,,
C7151,LIB_ENT,,E001,,,,,cctv_frames,,,,,,,,,FR600580,,,
C7151,LAB_101,,E001,,,,,cctv_frames,,,,,,,,,FR600582,,,
C7151,LAB_305,,E001,,,,,cctv_frames,,,,,,,,,FR600584,,,
C7151,HOSTEL_GATE,,E001,,,,,cctv_frames,,,,,,,,,FR600585,,,
C7151,LAB_305,,E001,,,,,cctv_frames,,,,,,,,,FR600586,,,
C7151,LAB_101,,E001,,,,,cctv_frames,,,,,,,,,FR600587,,,
C7151,HOSTEL_GATE,,E001,,,,,cctv_frames,,,,,,,,,FR600588,,,
C7151,AUDITORIUM,,E001,,,,,cctv_frames,,,,,,,,,FR600590,,,
C7151,CAF_01,,E001,,,,,cctv_frames,,,,,,,,,FR600591,,,
C7151,ADMIN_LOBBY,,E001,,,,,cctv_frames,,,,,,,,,FR600592,,,
C7151,AUDITORIUM,,E001,,,,,cctv_frames,,,,,,,,,FR600593,,,
C7151,GYM,,E001,,,,,cctv_frames,,,,,,,,,FR600598,,,
C7151,AUDITORIUM,,E001,,,,,cctv_frames,,,,,,,,,FR600602,,,
C7151,LIB_ENT,,E001,,,,,cctv_frames,,,,,,,,,FR600614,,,
C7151,LIB_ENT,,E001,,,,,cctv_frames,,,,,,,,,FR600617,,,
C7151,AUDITORIUM,,E001,,,,,cctv_frames,,,,,,,,,FR600618,,,
C7151,HOSTEL_GATE,,E001,,,,,cctv_frames,,,,,,,,,FR600619,,,
C7151,LAB_101,,E001,,,,,cctv_frames,,,,,,,,,FR600620,,,
C7151,LIB_ENT,,E001,,,,,cctv_frames,,,,,,,,,FR600621,,,
C7151,CAF_01,,E001,,,,,cctv_frames,,,,,,,,,FR600622,,,
C7151,GYM,,E001,,,,,cctv_frames,,,,,,,,,FR600624,,,
C7151,LAB_305,,E001,,,,,cctv_frames,,,,,,,,,FR600629,,,
C7151,LAB_305,,E001,,,,,cctv_frames,,,,,,,,,FR600632,,,
C7151,HOSTEL_GATE,,E001,,,,,cctv_frames,,,,,,,,,FR600634,,,
C7151,ADMIN_LOBBY,,E001,,,,,cctv_frames,,,,,,,,,FR600638,,,
C7151,GYM,,E001,,,,,cctv_frames,,,,,,,,,FR600640,,,
C7151,HOSTEL_GATE,,E001,,,,,cctv_frames,,,,,,,,,FR600641,,,
C7151,CAF_01,,E001,,,,,cctv_frames,,,,,,,,,FR600645,,,
C7151,CAF_01,,E001,,,,,cctv_frames,,,,,,,,,FR600650,,,
C7151,LAB_101,,E001,,,,,cctv_frames,,,,,,,,,FR600656,,,
C7151,AUDITORIUM,,E001,,,,,cctv_frames,,,,,,,,,FR600658,,,
C7151,HOSTEL_GATE,,E001,,,,,cctv_frames,,,,,,,,,FR600661,,,
C7151,GYM,,E001,,,,,cctv_frames,,,,,,,,,FR600662,,,
C7151,AUDITORIUM,,E001,,,,,cctv_frames,,,,,,,,,FR600665,,,
C7151,AUDITORIUM,,E001,,,,,cctv_frames,,,,,,,,,FR600669,,,
C7151,LAB_305,,E001,,,,,cctv_frames,,,,,,,,,FR600671,,,
C7151,HOSTEL_GATE,,E001,,,,,cctv_frames,,,,,,,,,FR600675,,,
C7151,CAF_01,,E001,,,,,cctv_frames,,,,,,,,,FR600677,,,
C7151,HOSTEL_GATE,,E001,,,,,cctv_frames,,,,,,,,,FR600678,,,
C7151,ADMIN_LOBBY,,E001,,,,,cctv_frames,,,,,,,,,FR600680,,,
C7151,ADMIN_LOBBY,,E001,,,,,cctv_frames,,,,,,,,,FR600684,,,
C7151,LAB_305,,E001,,,,,cctv_frames,,,,,,,,,FR600685,,,
C7151,LIB_ENT,,E001,,,,,cctv_frames,,,,,,,,,FR600686,,,
C7151,CAF_01,,E001,,,,,cctv_frames,,,,,,,,,FR600687,,,
C7151,LAB_305,,E001,,,,,cctv_frames,,,,,,,,,FR600688,,,
C7151,ADMIN_LOBBY,,E001,,,,,cctv_frames,,,,,,,,,FR600689,,,
C7151,HOSTEL_GATE,,E001,,,,,cctv_frames,,,,,,,,,FR600690,,,
C7151,GYM,,E001,,,,,cctv_frames,,,,,,,,,FR600694,,,
C7151,LAB_305,,E001,,,,,cctv_frames,,,,,,,,,FR600696,,,
C7151,LAB_101,,E001,,,,,cctv_frames,,,,,,,,,FR600698,,,
C7151,LAB_101,,E001,,,,,cctv_frames,,,,,,,,,FR600699,,,
C7151,AUDITORIUM,,E001,,,,,cctv_frames,,,,,,,,,FR600703,,,
C7151,LAB_101,,E001,,,,,cctv_frames,,,,,,,,,FR600709,,,
C7151,ADMIN_LOBBY,,E001,,,,,cctv_frames,,,,,,,,,FR600712,,,
C7151,CAF_01,,E001,,,,,cctv_frames,,,,,,,,,FR600715,,,
C7151,CAF_01,,E001,,,,,cctv_frames,,,,,,,,,FR600720,,,
C7151,ADMIN_LOBBY,,E001,,,,,cctv_frames,,,,,,,,,FR600721,,,
C7151,GYM,,E001,,,,,cctv_frames,,,,,,,,,FR600723,,,
C7151,LIB_ENT,,E001,,,,,cctv_frames,,,,,,,,,FR600724,,,
C7151,ADMIN_LOBBY,,E001,,,,,cctv_frames,,,,,,,,,FR600736,,,
C7151,LAB_101,,E001,,,,,cctv_frames,,,,,,,,,FR600740,,,
C7151,LAB_101,,E001,,,,,cctv_frames,,,,,,,,,FR600743,,,
C7151,AUDITORIUM,,E001,,,,,cctv_frames,,,,,,,,,FR600748,,,
C7151,ADMIN_LOBBY,,E001,,,,,cctv_frames,,,,,,,,,FR600749,,,
C7151,AUDITORIUM,,E001,,,,,cctv_frames,,,,,,,,,FR600752,,,
C7151,GYM,,E001,,,,,cctv_frames,,,,,,,,,FR600754,,,
C7151,ADMIN_LOBBY,,E001,,,,,cctv_frames,,,,,,,,,FR600758,,,
C7151,LAB_305,,E001,,,,,cctv_frames,,,,,,,,,FR600759,,,
C7151,CAF_01,,E001,,,,,cctv_frames,,,,,,,,,FR600762,,,
C7151,ADMIN_LOBBY,,E001,,,,,cctv_frames,,,,,,,,,FR600763,,,
C7151,GYM,,E001,,,,,cctv_frames,,,,,,,,,FR600766,,,
C7151,CAF_01,,E001,,,,,cctv_frames,,,,,,,,,FR600767,,,
C7151,ADMIN_LOBBY,,E001,,,,,cctv_frames,,,,,,,,,FR600770,,,
C7151,AUDITORIUM,,E001,,,,,cctv_frames,,,,,,,,,FR600771,,,
C7151,CAF_01,,E001,,,,,cctv_frames,,,,,,,,,FR600777,,,
C7151,AUDITORIUM,,E001,,,,,cctv_frames,,,,,,,,,FR600778,,,
C7151,HOSTEL_GATE,,E001,,,,,cctv_frames,,,,,,,,,FR600780,,,
C7151,LIB_ENT,,E001,,,,,cctv_frames,,,,,,,,,FR600781,,,
C7151,GYM,,E001,,,,,cctv_frames,,,,,,,,,FR600784,,,
C7151,GYM,,E001,,,,,cctv_frames,,,,,,,,,FR600786,,,
C7151,LAB_305,,E001,,,,,cctv_frames,,,,,,,,,FR600788,,,
C7151,AUDITORIUM,,E001,,,,,cctv_frames,,,,,,,,,FR600792,,,
C7151,CAF_01,,E001,,,,,cctv_frames,,,,,,,,,FR600801,,,
C7151,HOSTEL_GATE,,E001,,,,,cctv_frames,,,,,,,,,FR600803,,,
C7151,LAB_305,,E001,,,,,cctv_frames,,,,,,,,,FR600808,,,
C7151,ADMIN_LOBBY,,E001,,,,,cctv_frames,,,,,,,,,FR600809,,,
C7151,CAF_01,,E001,,,,,cctv_frames,,,,,,,,,FR600815,,,
C7151,LAB_101,,E001,,,,,cctv_frames,,,,,,,,,FR600817,,,
C7151,LAB_305,,E001,,,,,cctv_frames,,,,,,,,,FR600821,,,
C7151,LAB_101,,E001,,,,,cctv_frames,,,,,,,,,FR600823,,,
C7151,LAB_305,,E001,,,,,cctv_frames,,,,,,,,,FR600825,,,
C7151,LAB_305,,E001,,,,,cctv_frames,,,,,,,,,FR600827,,,
C7151,LAB_305,,E001,,,,,cctv_frames,,,,,,,,,FR600828,,,
C7151,LIB_ENT,,E001,,,,,cctv_frames,,,,,,,,,FR600829,,,
C7151,LAB_101,,E001,,,,,cctv_frames,,,,,,,,,FR600830,,,
C7151,GYM,,E001,,,,,cctv_frames,,,,,,,,,FR600831,,,
C7151,LIB_ENT,,E001,,,,,cctv_frames,,,,,,,,,FR600834,,,
C7151,CAF_01,,E001,,,,,cctv_frames,,,,,,,,,FR600835,,,
C7151,LIB_ENT,,E001,,,,,cctv_frames,,,,,,,,,FR600837,,,
C7151,LAB_305,,E001,,,,,cctv_frames,,,,,,,,,FR600838,,,
C7151,CAF_01,,E001,,,,,cctv_frames,,,,,,,,,FR600841,,,
C7151,LAB_101,,E001,,,,,cctv_frames,,,,,,,,,FR600842,,,
C7151,CAF_01,,E001,,,,,cctv_frames,,,,,,,,,FR600844,,,
C7151,HOSTEL_GATE,,E001,,,,,cctv_frames,,,,,,,,,FR600846,,,
C7151,AUDITORIUM,,E001,,,,,cctv_frames,,,,,,,,,FR600847,,,
C7151,LAB_101,,E001,,,,,cctv_frames,,,,,,,,,FR600850,,,
C7151,CAF_01,,E001,,,,,cctv_frames,,,,,,,,,FR600851,,,
C7151,ADMIN_LOBBY,,E001,,,,,cctv_frames,,,,,,,,,FR600852,,,
C7151,CAF_01,,E001,,,,,cctv_frames,,,,,,,,,FR600853,,,
C7151,CAF_01,,E001,,,,,cctv_frames,,,,,,,,,FR600860,,,
C7151,CAF_01,,E001,,,,,cctv_frames,,,,,,,,,FR600861,,,
C7151,LAB_305,,E001,,,,,cctv_frames,,,,,,,,,FR600863,,,
C7151,AUDITORIUM,,E001,,,,,cctv_frames,,,,,,,,,FR600864,,,
C7151,HOSTEL_GATE,,E001,,,,,cctv_frames,,,,,,,,,FR600865,,,
C7151,HOSTEL_GATE,,E001,,,,,cctv_frames,,,,,,,,,FR600868,,,
C7151,LIB_ENT,,E001,,,,,cctv_frames,,,,,,,,,FR600869,,,
C7151,CAF_01,,E001,,,,,cctv_frames,,,,,,,,,FR600870,,,
C7151,ADMIN_LOBBY,,E001,,,,,cctv_frames,,,,,,,,,FR600872,,,
C7151,LAB_101,,E001,,,,,cctv_frames,,,,,,,,,FR600874,,,
C7151,LAB_305,,E001,,,,,cctv_frames,,,,,,,,,FR600876,,,
C7151,LIB_ENT,,E001,,,,,cctv_frames,,,,,,,,,FR600877,,,
C7151,LIB_ENT,,E001,,,,,cctv_frames,,,,,,,,,FR600879,,,
C7151,GYM,,E001,,,,,cctv_frames,,,,,,,,,FR600880,,,
C7151,LAB_305,,E001,,,,,cctv_frames,,,,,,,,,FR600881,,,
C7151,AUDITORIUM,,E001,,,,,cctv_frames,,,,,,,,,FR600882,,,
C7151,ADMIN_LOBBY,,E001,,,,,cctv_frames,,,,,,,,,FR600885,,,
C7151,HOSTEL_GATE,,E001,,,,,cctv_frames,,,,,,,,,FR600889,,,
C7151,LAB_101,,E001,,,,,cctv_frames,,,,,,,,,FR600891,,,
C7151,LIB_ENT,,E001,,,,,cctv_frames,,,,,,,,,FR600893,,,
C7151,CAF_01,,E001,,,,,cctv_frames,,,,,,,,,FR600899,,,
C7151,HOSTEL_GATE,,E001,,,,,cctv_frames,,,,,,,,,FR600902,,,
C7151,GYM,,E001,,,,,cctv_frames,,,,,,,,,FR600907,,,
C7151,LAB_101,,E001,,,,,cctv_frames,,,,,,,,,FR600908,,,
C7151,LAB_305,,E001,,,,,cctv_frames,,,,,,,,,FR600911,,,
C7151,ADMIN_LOBBY,,E001,,,,,cctv_frames,,,,,,,,,FR600912,,,
C7151,HOSTEL_GATE,,E001,,,,,cctv_frames,,,,,,,,,FR600913,,,
C7151,LAB_305,,E001,,,,,cctv_frames,,,,,,,,,FR600917,,,
C7151,AUDITORIUM,,E001,,,,,cctv_frames,,,,,,,,,FR600919,,,
C7151,AUDITORIUM,,E001,,,,,cctv_frames,,,,,,,,,FR600926,,,
C7151,GYM,,E001,,,,,cctv_frames,,,,,,,,,FR600929,,,
C7151,LIB_ENT,,E001,,,,,cctv_frames,,,,,,,,,FR600931,,,
C7151,AUDITORIUM,,E001,,,,,cctv_frames,,,,,,,,,FR600932,,,
C7151,ADMIN_LOBBY,,E001,,,,,cctv_frames,,,,,,,,,FR600933,,,
C7151,CAF_01,,E001,,,,,cctv_frames,,,,,,,,,FR600935,,,
C7151,ADMIN_LOBBY,,E001,,,,,cctv_frames,,,,,,,,,FR600936,,,
C7151,LIB_ENT,,E001,,,,,cctv_frames,,,,,,,,,FR600939,,,
C7151,HOSTEL_GATE,,E001,,,,,cctv_frames,,,,,,,,,FR600942,,,
C7151,AUDITORIUM,,E001,,,,,cctv_frames,,,,,,,,,FR600947,,,
C7151,LIB_ENT,,E001,,,,,cctv_frames,,,,,,,,,FR600949,,,
C7151,HOSTEL_GATE,,E001,,,,,cctv_frames,,,,,,,,,FR600953,,,
C7151,CAF_01,,E001,,,,,cctv_frames,,,,,,,,,FR600957,,,
C7151,LAB_101,,E001,,,,,cctv_frames,,,,,,,,,FR600959,,,
C7151,GYM,,E001,,,,,cctv_frames,,,,,,,,,FR600961,,,
C7151,LAB_101,,E001,,,,,cctv_frames,,,,,,,,,FR600962,,,
C7151,LAB_305,,E001,,,,,cctv_frames,,,,,,,,,FR600964,,,
C7151,CAF_01,,E001,,,,,cctv_frames,,,,,,,,,FR600966,,,
C7151,LIB_ENT,,E001,,,,,cctv_frames,,,,,,,,,FR600967,,,
C7151,AUDITORIUM,,E001,,,,,cctv_frames,,,,,,,,,FR600970,,,
C7151,ADMIN_LOBBY,,E001,,,,,cctv_frames,,,,,,,,,FR600971,,,
C7151,HOSTEL_GATE,,E001,,,,,cctv_frames,,,,,,,,,FR600974,,,
C7151,LAB_305,,E001,,,,,cctv_frames,,,,,,,,,FR600979,,,
C7151,LAB_305,,E001,,,,,cctv_frames,,,,,,,,,FR600981,,,
C7151,CAF_01,,E001,,,,,cctv_frames,,,,,,,,,FR600982,,,
C7151,HOSTEL_GATE,,E001,,,,,cctv_frames,,,,,,,,,FR600983,,,
C7151,LAB_101,,E001,,,,,cctv_frames,,,,,,,,,FR600986,,,
C7151,GYM,,E001,,,,,cctv_frames,,,,,,,,,FR600987,,,
C7151,CAF_01,,E001,,,,,cctv_frames,,,,,,,,,FR600988,,,
C7151,LAB_305,,E001,,,,,cctv_frames,,,,,,,,,FR600990,,,
C7151,LAB_101,,E001,,,,,cctv_frames,,,,,,,,,FR600991,,,
C7151,ADMIN_LOBBY,,E001,,,,,cctv_frames,,,,,,,,,FR600997,,,
C7151,GYM,,E001,,,,,cctv_frames,,,,,,,,,FR601000,,,
C7151,GYM,,E001,,,,,cctv_frames,,,,,,,,,FR601002,,,
C7151,ADMIN_LOBBY,,E001,,,,,cctv_frames,,,,,,,,,FR601004,,,
C7151,LAB_101,,E001,,,,,cctv_frames,,,,,,,,,FR601006,,,
C7151,LAB_305,,E001,,,,,cctv_frames,,,,,,,,,FR601007,,,
C7151,LIB_ENT,,E001,,,,,cctv_frames,,,,,,,,,FR601008,,,
C7151,LAB_101,,E001,,,,,cctv_frames,,,,,,,,,FR601011,,,
C7151,GYM,,E001,,,,,cctv_frames,,,,,,,,,FR601015,,,
C7151,HOSTEL_GATE,,E001,,,,,cctv_frames,,,,,,,,,FR601017,,,
C7151,LAB_305,,E001,,,,,cctv_frames,,,,,,,,,FR601020,,,
C7151,LAB_305,,E001,,,,,cctv_frames,,,,,,,,,FR601021,,,
C7151,GYM,,E001,,,,,cctv_frames,,,,,,,,,FR601022,,,
C7151,LAB_101,,E001,,,,,cctv_frames,,,,,,,,,FR601023,,,
C7151,LIB_ENT,,E001,,,,,cctv_frames,,,,,,,,,FR601026,,,
C7151,ADMIN_LOBBY,,E001,,,,,cctv_frames,,,,,,,,,FR601027,,,
C7151,GYM,,E001,,,,,cctv_frames,,,,,,,,,FR601030,,,
C7151,LAB_101,,E001,,,,,cctv_frames,,,,,,,,,FR601035,,,
C7151,LAB_305,,E001,,,,,cctv_frames,,,,,,,,,FR601038,,,
C7151,LIB_ENT,,E001,,,,,cctv_frames,,,,,,,,,FR601039,,,
C7151,ADMIN_LOBBY,,E001,,,,,cctv_frames,,,,,,,,,FR601044,,,
C7151,LAB_305,,E001,,,,,cctv_frames,,,,,,,,,FR601051,,,
C7151,AUDITORIUM,,E001,,,,,cctv_frames,,,,,,,,,FR601052,,,
C7151,HOSTEL_GATE,,E001,,,,,cctv_frames,,,,,,,,,FR601053,,,
C7151,LAB_305,,E001,,,,,cctv_frames,,,,,,,,,FR601054,,,
C7151,AUDITORIUM,,E001,,,,,cctv_frames,,,,,,,,,FR601055,,,
C7151,LAB_305,,E001,,,,,cctv_frames,,,,,,,,,FR601058,,,
C7151,CAF_01,,E001,,,,,cctv_frames,,,,,,,,,FR601063,,,
C7151,LAB_101,,E001,,,,,cctv_frames,,,,,,,,,FR601067,,,
C7151,HOSTEL_GATE,,E001,,,,,cctv_frames,,,,,,,,,FR601071,,,
C7151,GYM,,E001,,,,,cctv_frames,,,,,,,,,FR601080,,,
C7151,LIB_ENT,,E001,,,,,cctv_frames,,,,,,,,,FR601084,,,
C7151,LAB_101,,E001,,,,,cctv_frames,,,,,,,,,FR601087,,,
C7151,HOSTEL_GATE,,E001,,,,,cctv_frames,,,,,,,,,FR601089,,,
C7151,LAB_305,,E001,,,,,cctv_frames,,,,,,,,,FR601092,,,
C7151,CAF_01,,E001,,,,,cctv_frames,,,,,,,,,FR601093,,,
C7151,ADMIN_LOBBY,,E001,,,,,cctv_frames,,,,,,,,,FR601097,,,
C7151,LAB_101,,E001,,,,,cctv_frames,,,,,,,,,FR601099,,,
C7151,HOSTEL_GATE,,E001,,,,,cctv_frames,,,,,,,,,FR601102,,,
C7151,HOSTEL_GATE,,E001,,,,,cctv_frames,,,,,,,,,FR601103,,,
C7151,LIB_ENT,,E001,,,,,cctv_frames,,,,,,,,,FR601104,,,
C7151,GYM,,E001,,,,,cctv_frames,,,,,,,,,FR601109,,,
C7151,HOSTEL_GATE,,E001,,,,,cctv_frames,,,,,,,,,FR601113,,,
C7151,ADMIN_LOBBY,,E001,,,,,cctv_frames,,,,,,,,,FR601115,,,
C7151,GYM,,E001,,,,,cctv_frames,,,,,,,,,FR601116,,,
C7151,AUDITORIUM,,E001,,,,,cctv_frames,,,,,,,,,FR601117,,,
C7151,GYM,,E001,,,,,cctv_frames,,,,,,,,,FR601124,,,
C7151,LIB_ENT,,E001,,,,,cctv_frames,,,,,,,,,FR601125,,,
C7151,LAB_305,,E001,,,,,cctv_frames,,,,,,,,,FR601126,,,
C7151,LAB_305,,E001,,,,,cctv_frames,,,,,,,,,FR601130,,,
C7151,CAF_01,,E001,,,,,cctv_frames,,,,,,,,,FR601131,,,
C7151,AUDITORIUM,,E001,,,,,cctv_frames,,,,,,,,,FR601141,,,
C7151,ADMIN_LOBBY,,E001,,,,,cctv_frames,,,,,,,,,FR601144,,,
C7151,CAF_01,,E001,,,,,cctv_frames,,,,,,,,,FR601149,,,
C7151,HOSTEL_GATE,,E001,,,,,cctv_frames,,,,,,,,,FR601152,,,
C7151,CAF_01,,E001,,,,,cctv_frames,,,,,,,,,FR601158,,,
C7151,CAF_01,,E001,,,,,cctv_frames,,,,,,,,,FR601159,,,
C7151,HOSTEL_GATE,,E001,,,,,cctv_frames,,,,,,,,,FR601161,,,
C7151,LAB_101,,E001,,,,,cctv_frames,,,,,,,,,FR601167,,,
C7151,HOSTEL_GATE,,E001,,,,,cctv_frames,,,,,,,,,FR601170,,,
C7151,HOSTEL_GATE,,E001,,,,,cctv_frames,,,,,,,,,FR601181,,,
C7151,GYM,,E001,,,,,cctv_frames,,,,,,,,,FR601182,,,
C7151,HOSTEL_GATE,,E001,,,,,cctv_frames,,,,,,,,,FR601183,,,
C7151,CAF_01,,E001,,,,,cctv_frames,,,,,,,,,FR601184,,,
C7151,LIB_ENT,,E001,,,,,cctv_frames,,,,,,,,,FR601192,,,
C7151,LIB_ENT,,E001,,,,,cctv_frames,,,,,,,,,FR601197,,,
C7151,ADMIN_LOBBY,,E001,,,,,cctv_frames,,,,,,,,,FR601201,,,
C7151,HOSTEL_GATE,,E001,,,,,cctv_frames,,,,,,,,,FR601202,,,
C7151,LAB_305,,E001,,,,,cctv_frames,,,,,,,,,FR601203,,,
C7151,ADMIN_LOBBY,,E001,,,,,cctv_frames,,,,,,,,,FR601204,,,
C7151,LAB_305,,E001,,,,,cctv_frames,,,,,,,,,FR601205,,,
C7151,GYM,,E001,,,,,cctv_frames,,,,,,,,,FR601206,,,
C7151,HOSTEL_GATE,,E001,,,,,cctv_frames,,,,,,,,,FR601207,,,
C7151,CAF_01,,E001,,,,,cctv_frames,,,,,,,,,FR601209,,,
C7151,LIB_ENT,,E001,,,,,cctv_frames,,,,,,,,,FR601210,,,
C7151,HOSTEL_GATE,,E001,,,,,cctv_frames,,,,,,,,,FR601214,,,
C7151,GYM,,E001,,,,,cctv_frames,,,,,,,,,FR601215,,,
C7151,LAB_101,,E001,,,,,cctv_frames,,,,,,,,,FR601218,,,
C7151,ADMIN_LOBBY,,E001,,,,,cctv_frames,,,,,,,,,FR601219,,,
C7151,LAB_305,,E001,,,,,cctv_frames,,,,,,,,,FR601222,,,
C7151,HOSTEL_GATE,,E001,,,,,cctv_frames,,,,,,,,,FR601225,,,
C7151,GYM,,E001,,,,,cctv_frames,,,,,,,,,FR601228,,,
C7151,LAB_101,,E001,,,,,cctv_frames,,,,,,,,,FR601229,,,
C7151,LAB_305,,E001,,,,,cctv_frames,,,,,,,,,FR601230,,,
C7151,LAB_305,,E001,,,,,cctv_frames,,,,,,,,,FR601237,,,
C7151,HOSTEL_GATE,,E001,,,,,cctv_frames,,,,,,,,,FR601238,,,
C7151,GYM,,E001,,,,,cctv_frames,,,,,,,,,FR601239,,,
C7151,CAF_01,,E001,,,,,cctv_frames,,,,,,,,,FR601244,,,
C7151,HOSTEL_GATE,,E001,,,,,cctv_frames,,,,,,,,,FR601246,,,
C7151,GYM,,E001,,,,,cctv_frames,,,,,,,,,FR601248,,,
C7151,AUDITORIUM,,E001,,,,,cctv_frames,,,,,,,,,FR601250,,,
C7151,LIB_ENT,,E001,,,,,cctv_frames,,,,,,,,,FR601251,,,
C7151,AUDITORIUM,,E001,,,,,cctv_frames,,,,,,,,,FR601254,,,
C7151,ADMIN_LOBBY,,E001,,,,,cctv_frames,,,,,,,,,FR601255,,,
C7151,ADMIN_LOBBY,,E001,,,,,cctv_frames,,,,,,,,,FR601260,,,
C7151,HOSTEL_GATE,,E001,,,,,cctv_frames,,,,,,,,,FR601261,,,
C7151,ADMIN_LOBBY,,E001,,,,,cctv_frames,,,,,,,,,FR601263,,,
C7151,LAB_305,,E001,,,,,cctv_frames,,,,,,,,,FR601266,,,
C7151,HOSTEL_GATE,,E001,,,,,cctv_frames,,,,,,,,,FR601267,,,
C7151,LIB_ENT,,E001,,,,,cctv_frames,,,,,,,,,FR601268,,,
C7151,LAB_305,,E001,,,,,cctv_frames,,,,,,,,,FR601269,,,
C7151,AUDITORIUM,,E001,,,,,cctv_frames,,,,,,,,,FR601270,,,
C7151,LIB_ENT,,E001,,,,,cctv_frames,,,,,,,,,FR601272,,,
C7151,HOSTEL_GATE,,E001,,,,,cctv_frames,,,,,,,,,FR601273,,,
C7151,GYM,,E001,,,,,cctv_frames,,,,,,,,,FR601276,,,
C7151,CAF_01,,E001,,,,,cctv_frames,,,,,,,,,FR601278,,,
C7151,HOSTEL_GATE,,E001,,,,,cctv_frames,,,,,,,,,FR601279,,,
C7151,HOSTEL_GATE,,E001,,,,,cctv_frames,,,,,,,,,FR601280,,,
C7151,CAF_01,,E001,,,,,cctv_frames,,,,,,,,,FR601281,,,
C7151,ADMIN_LOBBY,,E001,,,,,cctv_frames,,,,,,,,,FR601282,,,
C7151,LAB_305,,E001,,,,,cctv_frames,,,,,,,,,FR601285,,,
C7151,AUDITORIUM,,E001,,,,,cctv_frames,,,,,,,,,FR601291,,,
C7151,LIB_ENT,,E001,,,,,cctv_frames,,,,,,,,,FR601292,,,
C7151,ADMIN_LOBBY,,E001,,,,,cctv_frames,,,,,,,,,FR601297,,,
C7151,ADMIN_LOBBY,,E001,,,,,cctv_frames,,,,,,,,,FR601298,,,
C7151,GYM,,E001,,,,,cctv_frames,,,,,,,,,FR601302,,,
C7151,HOSTEL_GATE,,E001,,,,,cctv_frames,,,,,,,,,FR601310,,,
C7151,ADMIN_LOBBY,,E001,,,,,cctv_frames,,,,,,,,,FR601311,,,
C7151,CAF_01,,E001,,,,,cctv_frames,,,,,,,,,FR601315,,,
C7151,HOSTEL_GATE,,E001,,,,,cctv_frames,,,,,,,,,FR601317,,,
C7151,ADMIN_LOBBY,,E001,,,,,cctv_frames,,,,,,,,,FR601321,,,
C7151,GYM,,E001,,,,,cctv_frames,,,,,,,,,FR601322,,,
C7151,AUDITORIUM,,E001,,,,,cctv_frames,,,,,,,,,FR601323,,,
C7151,CAF_01,,E001,,,,,cctv_frames,,,,,,,,,FR601325,,,
C7151,LAB_101,,E001,,,,,cctv_frames,,,,,,,,,FR601327,,,
C7151,LAB_101,,E001,,,,,cctv_frames,,,,,,,,,FR601329,,,
C7151,CAF_01,,E001,,,,,cctv_frames,,,,,,,,,FR601334,,,
C7151,LIB_ENT,,E001,,,,,cctv_frames,,,,,,,,,FR601336,,,
C7151,AUDITORIUM,,E001,,,,,cctv_frames,,,,,,,,,FR601338,,,
C7151,AUDITORIUM,,E001,,,,,cctv_frames,,,,,,,,,FR601343,,,
C7151,AUDITORIUM,,E001,,,,,cctv_frames,,,,,,,,,FR601346,,,
C7151,ADMIN_LOBBY,,E001,,,,,cctv_frames,,,,,,,,,FR601350,,,
C7151,CAF_01,,E001,,,,,cctv_frames,,,,,,,,,FR601351,,,
C7151,HOSTEL_GATE,,E001,,,,,cctv_frames,,,,,,,,,FR601353,,,
C7151,LAB_101,,E001,,,,,cctv_frames,,,,,,,,,FR601358,,,
C7151,LAB_305,,E001,,,,,cctv_frames,,,,,,,,,FR601359,,,
C7151,HOSTEL_GATE,,E001,,,,,cctv_frames,,,,,,,,,FR601362,,,
C7151,LIB_ENT,,E001,,,,,cctv_frames,,,,,,,,,FR601365,,,
C7151,LAB_101,,E001,,,,,cctv_frames,,,,,,,,,FR601368,,,
C7151,CAF_01,,E001,,,,,cctv_frames,,,,,,,,,FR601370,,,
C7151,AUDITORIUM,,E001,,,,,cctv_frames,,,,,,,,,FR601372,,,
C7151,GYM,,E001,,,,,cctv_frames,,,,,,,,,FR601376,,,
C7151,LAB_101,,E001,,,,,cctv_frames,,,,,,,,,FR601378,,,
C7151,AUDITORIUM,,E001,,,,,cctv_frames,,,,,,,,,FR601379,,,
C7151,GYM,,E001,,,,,cctv_frames,,,,,,,,,FR601380,,,
C7151,GYM,,E001,,,,,cctv_frames,,,,,,,,,FR601384,,,
C7151,LAB_305,,E001,,,,,cctv_frames,,,,,,,,,FR601386,,,
C7151,GYM,,E001,,,,,cctv_frames,,,,,,,,,FR601394,,,
C7151,GYM,,E001,,,,,cctv_frames,,,,,,,,,FR601395,,,
C7151,LAB_101,,E001,,,,,cctv_frames,,,,,,,,,FR601398,,,
C7151,GYM,,E001,,,,,cctv_frames,,,,,,,,,FR601399,,,
C7151,LIB_ENT,,E001,,,,,cctv_frames,,,,,,,,,FR601402,,,
C7151,CAF_01,,E001,,,,,cctv_frames,,,,,,,,,FR601404,,,
C7151,LAB_101,,E001,,,,,cctv_frames,,,,,,,,,FR601410,,,
C7151,LAB_305,,E001,,,,,cctv_frames,,,,,,,,,FR601413,,,
C7151,CAF_01,,E001,,,,,cctv_frames,,,,,,,,,FR601417,,,
C7151,LAB_305,,E001,,,,,cctv_frames,,,,,,,,,FR601423,,,
C7151,CAF_01,,E001,,,,,cctv_frames,,,,,,,,,FR601429,,,
C7151,HOSTEL_GATE,,E001,,,,,cctv_frames,,,,,,,,,FR601431,,,
C7151,LIB_ENT,,E001,,,,,cctv_frames,,,,,,,,,FR601434,,,
C7151,CAF_01,,E001,,,,,cctv_frames,,,,,,,,,FR601435,,,
C7151,LAB_305,,E001,,,,,cctv_frames,,,,,,,,,FR601437,,,
C7151,LIB_ENT,,E001,,,,,cctv_frames,,,,,,,,,FR601439,,,
C7151,CAF_01,,E001,,,,,cctv_frames,,,,,,,,,FR601448,,,
C7151,AUDITORIUM,,E001,,,,,cctv_frames,,,,,,,,,FR601451,,,
C7151,LAB_101,,E001,,,,,cctv_frames,,,,,,,,,FR601455,,,
C7151,LIB_ENT,,E001,,,,,cctv_frames,,,,,,,,,FR601456,,,
C7151,GYM,,E001,,,,,cctv_frames,,,,,,,,,FR601463,,,
C7151,LIB_ENT,,E001,,,,,cctv_frames,,,,,,,,,FR601465,,,
C7151,LAB_305,,E001,,,,,cctv_frames,,,,,,,,,FR601469,,,
C7151,ADMIN_LOBBY,,E001,,,,,cctv_frames,,,,,,,,,FR601471,,,
C7151,LAB_101,,E001,,,,,cctv_frames,,,,,,,,,FR601472,,,
C7151,LAB_305,,E001,,,,,cctv_frames,,,,,,,,,FR601473,,,
C7151,ADMIN_LOBBY,,E001,,,,,cctv_frames,,,,,,,,,FR601474,,,
C7151,CAF_01,,E001,,,,,cctv_frames,,,,,,,,,FR601478,,,
C7151,LIB_ENT,,E001,,,,,cctv_frames,,,,,,,,,FR601481,,,
C7151,ADMIN_LOBBY,,E001,,,,,cctv_frames,,,,,,,,,FR601485,,,
C7151,GYM,,E001,,,,,cctv_frames,,,,,,,,,FR601486,,,
C7151,CAF_01,,E001,,,,,cctv_frames,,,,,,,,,FR601490,,,
C7151,LAB_305,,E001,,,,,cctv_frames,,,,,,,,,FR601492,,,
C7151,LAB_101,,E001,,,,,cctv_frames,,,,,,,,,FR601503,,,
C7151,ADMIN_LOBBY,,E001,,,,,cctv_frames,,,,,,,,,FR601504,,,
C7151,ADMIN_LOBBY,,E001,,,,,cctv_frames,,,,,,,,,FR601506,,,
C7151,GYM,,E001,,,,,cctv_frames,,,,,,,,,FR601513,,,
C7151,ADMIN_LOBBY,,E001,,,,,cctv_frames,,,,,,,,,FR601517,,,
C7151,LAB_101,,E001,,,,,cctv_frames,,,,,,,,,FR601520,,,
C7151,AUDITORIUM,,E001,,,,,cctv_frames,,,,,,,,,FR601522,,,
C7151,LAB_101,,E001,,,,,cctv_frames,,,,,,,,,FR601525,,,
C7151,GYM,,E001,,,,,cctv_frames,,,,,,,,,FR601526,,,
C7151,AUDITORIUM,,E001,,,,,cctv_frames,,,,,,,,,FR601530,,,
C7151,ADMIN_LOBBY,,E001,,,,,cctv_frames,,,,,,,,,FR601532,,,
C7151,LAB_101,,E001,,,,,cctv_frames,,,,,,,,,FR601534,,,
C7151,CAF_01,,E001,,,,,cctv_frames,,,,,,,,,FR601535,,,
C7151,LAB_305,,E001,,,,,cctv_frames,,,,,,,,,FR601537,,,
C7151,HOSTEL_GATE,,E001,,,,,cctv_frames,,,,,,,,,FR601538,,,
C7151,LAB_101,,E001,,,,,cctv_frames,,,,,,,,,FR601539,,,
C7151,ADMIN_LOBBY,,E001,,,,,cctv_frames,,,,,,,,,FR601543,,,
C7151,LIB_ENT,,E001,,,,,cctv_frames,,,,,,,,,FR601545,,,
C7151,HOSTEL_GATE,,E001,,,,,cctv_frames,,,,,,,,,FR601548,,,
C7151,LIB_ENT,,E001,,,,,cctv_frames,,,,,,,,,FR601551,,,
C7151,LAB_305,,E001,,,,,cctv_frames,,,,,,,,,FR601554,,,
C7151,ADMIN_LOBBY,,E001,,,,,cctv_frames,,,,,,,,,FR601556,,,
C7151,LAB_305,,E001,,,,,cctv_frames,,,,,,,,,FR601559,,,
C7151,CAF_01,,E001,,,,,cctv_frames,,,,,,,,,FR601563,,,
C7151,CAF_01,,E001,,,,,cctv_frames,,,,,,,,,FR601566,,,
C7151,CAF_01,,E001,,,,,cctv_frames,,,,,,,,,FR601567,,,
C7151,ADMIN_LOBBY,,E001,,,,,cctv_frames,,,,,,,,,FR601568,,,
C7151,HOSTEL_GATE,,E001,,,,,cctv_frames,,,,,,,,,FR601569,,,
C7151,LAB_305,,E001,,,,,cctv_frames,,,,,,,,,FR601571,,,
C7151,AUDITORIUM,,E001,,,,,cctv_frames,,,,,,,,,FR601573,,,
C7151,LAB_101,,E001,,,,,cctv_frames,,,,,,,,,FR601577,,,
C7151,CAF_01,,E001,,,,,cctv_frames,,,,,,,,,FR601578,,,
C7151,GYM,,E001,,,,,cctv_frames,,,,,,,,,FR601579,,,
C7151,LAB_305,,E001,,,,,cctv_frames,,,,,,,,,FR601583,,,
C7151,LAB_101,,E001,,,,,cctv_frames,,,,,,,,,FR601584,,,
C7151,LAB_101,,E001,,,,,cctv_frames,,,,,,,,,FR601589,,,
C7151,LAB_101,,E001,,,,,cctv_frames,,,,,,,,,FR601593,,,
C7151,AUDITORIUM,,E001,,,,,cctv_frames,,,,,,,,,FR601594,,,
C7151,LIB_ENT,,E001,,,,,cctv_frames,,,,,,,,,FR601596,,,
C7151,AUDITORIUM,,E001,,,,,cctv_frames,,,,,,,,,FR601605,,,
C7151,CAF_01,,E001,,,,,cctv_frames,,,,,,,,,FR601606,,,
C7151,AUDITORIUM,,E001,,,,,cctv_frames,,,,,,,,,FR601613,,,
C7151,LIB_ENT,,E001,,,,,cctv_frames,,,,,,,,,FR601614,,,
C7151,LIB_ENT,,E001,,,,,cctv_frames,,,,,,,,,FR601621,,,
C7151,CAF_01,,E001,,,,,cctv_frames,,,,,,,,,FR601622,,,
C7151,LAB_305,,E001,,,,,cctv_frames,,,,,,,,,FR601623,,,
C7151,ADMIN_LOBBY,,E001,,,,,cctv_frames,,,,,,,,,FR601624,,,
C7151,GYM,,E001,,,,,cctv_frames,,,,,,,,,FR601625,,,
C7151,LAB_305,,E001,,,,,cctv_frames,,,,,,,,,FR601626,,,
C7151,LAB_305,,E001,,,,,cctv_frames,,,,,,,,,FR601629,,,
C7151,CAF_01,,E001,,,,,cctv_frames,,,,,,,,,FR601630,,,
C7151,AUDITORIUM,,E001,,,,,cctv_frames,,,,,,,,,FR601631,,,
C7151,AUDITORIUM,,E001,,,,,cctv_frames,,,,,,,,,FR601632,,,
C7151,LAB_305,,E001,,,,,cctv_frames,,,,,,,,,FR601635,,,
C7151,CAF_01,,E001,,,,,cctv_frames,,,,,,,,,FR601641,,,
C7151,GYM,,E001,,,,,cctv_frames,,,,,,,,,FR601642,,,
C7151,LIB_ENT,,E001,,,,,cctv_frames,,,,,,,,,FR601645,,,
C7151,HOSTEL_GATE,,E001,,,,,cctv_frames,,,,,,,,,FR601647,,,
C7151,AUDITORIUM,,E001,,,,,cctv_frames,,,,,,,,,FR601648,,,
C7151,LIB_ENT,,E001,,,,,cctv_frames,,,,,,,,,FR601650,,,
C7151,LAB_305,,E001,,,,,cctv_frames,,,,,,,,,FR601653,,,
C7151,LIB_ENT,,E001,,,,,cctv_frames,,,,,,,,,FR601654,,,
C7151,LAB_101,,E001,,,,,cctv_frames,,,,,,,,,FR601658,,,
C7151,LAB_305,,E001,,,,,cctv_frames,,,,,,,,,FR601660,,,
C7151,LIB_ENT,,E001,,,,,cctv_frames,,,,,,,,,FR601661,,,
C7151,ADMIN_LOBBY,,E001,,,,,cctv_frames,,,,,,,,,FR601662,,,
C7151,ADMIN_LOBBY,,E001,,,,,cctv_frames,,,,,,,,,FR601663,,,
C7151,LAB_305,,E001,,,,,cctv_frames,,,,,,,,,FR601664,,,
C7151,LAB_305,,E001,,,,,cctv_frames,,,,,,,,,FR601666,,,
C7151,LAB_305,,E001,,,,,cctv_frames,,,,,,,,,FR601667,,,
C7151,GYM,,E001,,,,,cctv_frames,,,,,,,,,FR601669,,,
C7151,LAB_305,,E001,,,,,cctv_frames,,,,,,,,,FR601674,,,
C7151,HOSTEL_GATE,,E001,,,,,cctv_frames,,,,,,,,,FR601676,,,
C7151,GYM,,E001,,,,,cctv_frames,,,,,,,,,FR601677,,,
C7151,HOSTEL_GATE,,E001,,,,,cctv_frames,,,,,,,,,FR601681,,,
C7151,LAB_101,,E001,,,,,cctv_frames,,,,,,,,,FR601682,,,
C7151,ADMIN_LOBBY,,E001,,,,,cctv_frames,,,,,,,,,FR601683,,,
C7151,ADMIN_LOBBY,,E001,,,,,cctv_frames,,,,,,,,,FR601686,,,
C7151,LAB_305,,E001,,,,,cctv_frames,,,,,,,,,FR601689,,,
C7151,HOSTEL_GATE,,E001,,,,,cctv_frames,,,,,,,,,FR601691,,,
C7151,ADMIN_LOBBY,,E001,,,,,cctv_frames,,,,,,,,,FR601693,,,
C7151,GYM,,E001,,,,,cctv_frames,,,,,,,,,FR601694,,,
C7151,CAF_01,,E001,,,,,cctv_frames,,,,,,,,,FR601698,,,
C7151,HOSTEL_GATE,,E001,,,,,cctv_frames,,,,,,,,,FR601702,,,
C7151,HOSTEL_GATE,,E001,,,,,cctv_frames,,,,,,,,,FR601706,,,
C7151,LAB_305,,E001,,,,,cctv_frames,,,,,,,,,FR601707,,,
C7151,HOSTEL_GATE,,E001,,,,,cctv_frames,,,,,,,,,FR601709,,,
C7151,LIB_ENT,,E001,,,,,cctv_frames,,,,,,,,,FR601710,,,
C7151,CAF_01,,E001,,,,,cctv_frames,,,,,,,,,FR601712,,,
C7151,AUDITORIUM,,E001,,,,,cctv_frames,,,,,,,,,FR601713,,,
C7151,AUDITORIUM,,E001,,,,,cctv_frames,,,,,,,,,FR601714,,,
C7151,GYM,,E001,,,,,cctv_frames,,,,,,,,,FR601716,,,
C7151,CAF_01,,E001,,,,,cctv_frames,,,,,,,,,FR601721,,,
C7151,AUDITORIUM,,E001,,,,,cctv_frames,,,,,,,,,FR601722,,,
C7151,LAB_101,,E001,,,,,cctv_frames,,,,,,,,,FR601724,,,
C7151,LIB_ENT,,E001,,,,,cctv_frames,,,,,,,,,FR601725,,,
C7151,ADMIN_LOBBY,,E001,,,,,cctv_frames,,,,,,,,,FR601730,,,
C7151,GYM,,E001,,,,,cctv_frames,,,,,,,,,FR601731,,,
C7151,CAF_01,,E001,,,,,cctv_frames,,,,,,,,,FR601734,,,
C7151,LAB_305,,E001,,,,,cctv_frames,,,,,,,,,FR601737,,,
C7151,LIB_ENT,,E001,,,,,cctv_frames,,,,,,,,,FR601740,,,
C7151,HOSTEL_GATE,,E001,,,,,cctv_frames,,,,,,,,,FR601741,,,
C7151,CAF_01,,E001,,,,,cctv_frames,,,,,,,,,FR601743,,,
C7151,LAB_101,,E001,,,,,cctv_frames,,,,,,,,,FR601747,,,
C7151,HOSTEL_GATE,,E001,,,,,cctv_frames,,,,,,,,,FR601755,,,
C7151,AUDITORIUM,,E001,,,,,cctv_frames,,,,,,,,,FR601756,,,
C7151,ADMIN_LOBBY,,E001,,,,,cctv_frames,,,,,,,,,FR601757,,,
C7151,ADMIN_LOBBY,,E001,,,,,cctv_frames,,,,,,,,,FR601760,,,
C7151,LAB_101,,E001,,,,,cctv_frames,,,,,,,,,FR601764,,,
C7151,AUDITORIUM,,E001,,,,,cctv_frames,,,,,,,,,FR601765,,,
C7151,HOSTEL_GATE,,E001,,,,,cctv_frames,,,,,,,,,FR601769,,,
C7151,ADMIN_LOBBY,,E001,,,,,cctv_frames,,,,,,,,,FR601778,,,
C7151,ADMIN_LOBBY,,E001,,,,,cctv_frames,,,,,,,,,FR601779,,,
C7151,ADMIN_LOBBY,,E001,,,,,cctv_frames,,,,,,,,,FR601780,,,
C7151,AUDITORIUM,,E001,,,,,cctv_frames,,,,,,,,,FR601782,,,
C7151,LAB_101,,E001,,,,,cctv_frames,,,,,,,,,FR601786,,,
C7151,LAB_305,,E001,,,,,cctv_frames,,,,,,,,,FR601787,,,
C7151,LAB_101,,E001,,,,,cctv_frames,,,,,,,,,FR601789,,,
C7151,LIB_ENT,,E001,,,,,cctv_frames,,,,,,,,,FR601792,,,
C7151,GYM,,E001,,,,,cctv_frames,,,,,,,,,FR601793,,,
C7151,LIB_ENT,,E001,,,,,cctv_frames,,,,,,,,,FR601794,,,
C7151,LIB_ENT,,E001,,,,,cctv_frames,,,,,,,,,FR601800,,,
C7151,LAB_101,,E001,,,,,cctv_frames,,,,,,,,,FR601801,,,
C7151,GYM,,E001,,,,,cctv_frames,,,,,,,,,FR601804,,,
C7151,ADMIN_LOBBY,,E001,,,,,cctv_frames,,,,,,,,,FR601806,,,
C7151,CAF_01,,E001,,,,,cctv_frames,,,,,,,,,FR601809,,,
C7151,AUDITORIUM,,E001,,,,,cctv_frames,,,,,,,,,FR601812,,,
C7151,LAB_305,,E001,,,,,cctv_frames,,,,,,,,,FR601814,,,
C7151,LIB_ENT,,E001,,,,,cctv_frames,,,,,,,,,FR601816,,,
C7151,HOSTEL_GATE,,E001,,,,,cctv_frames,,,,,,,,,FR601817,,,
C7151,ADMIN_LOBBY,,E001,,,,,cctv_frames,,,,,,,,,FR601818,,,
C7151,LAB_305,,E001,,,,,cctv_frames,,,,,,,,,FR601819,,,
C7151,LIB_ENT,,E001,,,,,cctv_frames,,,,,,,,,FR601820,,,
C7151,GYM,,E001,,,,,cctv_frames,,,,,,,,,FR601829,,,
C7151,GYM,,E001,,,,,cctv_frames,,,,,,,,,FR601830,,,
C7151,HOSTEL_GATE,,E001,,,,,cctv_frames,,,,,,,,,FR601831,,,
C7151,LAB_101,,E001,,,,,cctv_frames,,,,,,,,,FR601835,,,
C7151,ADMIN_LOBBY,,E001,,,,,cctv_frames,,,,,,,,,FR601836,,,
C7151,AUDITORIUM,,E001,,,,,cctv_frames,,,,,,,,,FR601839,,,
C7151,LAB_101,,E001,,,,,cctv_frames,,,,,,,,,FR601843,,,
C7151,HOSTEL_GATE,,E001,,,,,cctv_frames,,,,,,,,,FR601845,,,
C7151,AUDITORIUM,,E001,,,,,cctv_frames,,,,,,,,,FR601848,,,
C7151,AUDITORIUM,,E001,,,,,cctv_frames,,,,,,,,,FR601853,,,
C7151,GYM,,E001,,,,,cctv_frames,,,,,,,,,FR601858,,,
C7151,LAB_305,,E001,,,,,cctv_frames,,,,,,,,,FR601859,,,
C7151,LAB_101,,E001,,,,,cctv_frames,,,,,,,,,FR601864,,,
C7151,LAB_101,,E001,,,,,cctv_frames,,,,,,,,,FR601866,,,
C7151,LIB_ENT,,E001,,,,,cctv_frames,,,,,,,,,FR601868,,,
C7151,LAB_305,,E001,,,,,cctv_frames,,,,,,,,,FR601870,,,
C7151,LAB_101,,E001,,,,,cctv_frames,,,,,,,,,FR601871,,,
C7151,LAB_101,,E001,,,,,cctv_frames,,,,,,,,,FR601875,,,
C7151,LIB_ENT,,E001,,,,,cctv_frames,,,,,,,,,FR601877,,,
C7151,HOSTEL_GATE,,E001,,,,,cctv_frames,,,,,,,,,FR601878,,,
C7151,HOSTEL_GATE,,E001,,,,,cctv_frames,,,,,,,,,FR601881,,,
C7151,LAB_305,,E001,,,,,cctv_frames,,,,,,,,,FR601887,,,
C7151,LAB_101,,E001,,,,,cctv_frames,,,,,,,,,FR601890,,,
C7151,LAB_305,,E001,,,,,cctv_frames,,,,,,,,,FR601898,,,
C7151,CAF_01,,E001,,,,,cctv_frames,,,,,,,,,FR601901,,,
C7151,ADMIN_LOBBY,,E001,,,,,cctv_frames,,,,,,,,,FR601903,,,
C7151,LAB_305,,E001,,,,,cctv_frames,,,,,,,,,FR601904,,,
C7151,LAB_101,,E001,,,,,cctv_frames,,,,,,,,,FR601905,,,
C7151,LAB_305,,E001,,,,,cctv_frames,,,,,,,,,FR601906,,,
C7151,LIB_ENT,,E001,,,,,cctv_frames,,,,,,,,,FR601911,,,
C7151,LIB_ENT,,E001,,,,,cctv_frames,,,,,,,,,FR601912,,,
C7151,CAF_01,,E001,,,,,cctv_frames,,,,,,,,,FR601915,,,
C7151,LAB_305,,E001,,,,,cctv_frames,,,,,,,,,FR601916,,,
C7151,CAF_01,,E001,,,,,cctv_frames,,,,,,,,,FR601917,,,
C7151,LAB_101,,E001,,,,,cctv_frames,,,,,,,,,FR601920,,,
C7151,LAB_101,,E001,,,,,cctv_frames,,,,,,,,,FR601921,,,
C7151,HOSTEL_GATE,,E001,,,,,cctv_frames,,,,,,,,,FR601922,,,
C7151,LAB_101,,E001,,,,,cctv_frames,,,,,,,,,FR601927,,,
C7151,ADMIN_LOBBY,,E001,,,,,cctv_frames,,,,,,,,,FR601928,,,
C7151,CAF_01,,E001,,,,,cctv_frames,,,,,,,,,FR601929,,,
C7151,GYM,,E001,,,,,cctv_frames,,,,,,,,,FR601930,,,
C7151,LIB_ENT,,E001,,,,,cctv_frames,,,,,,,,,FR601932,,,
C7151,GYM,,E001,,,,,cctv_frames,,,,,,,,,FR601934,,,
C7151,ADMIN_LOBBY,,E001,,,,,cctv_frames,,,,,,,,,FR601936,,,
C7151,GYM,,E001,,,,,cctv_frames,,,,,,,,,FR601937,,,
C7151,AUDITORIUM,,E001,,,,,cctv_frames,,,,,,,,,FR601938,,,
C7151,HOSTEL_GATE,,E001,,,,,cctv_frames,,,,,,,,,FR601941,,,
C7151,LIB_ENT,,E001,,,,,cctv_frames,,,,,,,,,FR601945,,,
C7151,AUDITORIUM,,E001,,,,,cctv_frames,,,,,,,,,FR601946,,,
C7151,AUDITORIUM,,E001,,,,,cctv_frames,,,,,,,,,FR601947,,,
C7151,HOSTEL_GATE,,E001,,,,,cctv_frames,,,,,,,,,FR601948,,,
C7151,LAB_305,,E001,,,,,cctv_frames,,,,,,,,,FR601952,,,
C7151,GYM,,E001,,,,,cctv_frames,,,,,,,,,FR601953,,,
C7151,GYM,,E001,,,,,cctv_frames,,,,,,,,,FR601954,,,
C7151,AUDITORIUM,,E001,,,,,cctv_frames,,,,,,,,,FR601955,,,
C7151,GYM,,E001,,,,,cctv_frames,,,,,,,,,FR601960,,,
C7151,LAB_305,,E001,,,,,cctv_frames,,,,,,,,,FR601961,,,
C7151,LAB_101,,E001,,,,,cctv_frames,,,,,,,,,FR601963,,,
C7151,CAF_01,,E001,,,,,cctv_frames,,,,,,,,,FR601964,,,
C7151,LIB_ENT,,E001,,,,,cctv_frames,,,,,,,,,FR601966,,,
C7151,LIB_ENT,,E001,,,,,cctv_frames,,,,,,,,,FR601968,,,
C7151,LAB_101,,E001,,,,,cctv_frames,,,,,,,,,FR601969,,,
C7151,LAB_101,,E001,,,,,cctv_frames,,,,,,,,,FR601970,,,
C7151,LAB_305,,E001,,,,,cctv_frames,,,,,,,,,FR601971,,,
C7151,ADMIN_LOBBY,,E001,,,,,cctv_frames,,,,,,,,,FR601972,,,
C7151,LAB_305,,E001,,,,,cctv_frames,,,,,,,,,FR601974,,,
C7151,LAB_101,,E001,,,,,cctv_frames,,,,,,,,,FR601977,,,
C7151,CAF_01,,E001,,,,,cctv_frames,,,,,,,,,FR601988,,,
C7151,LIB_ENT,,E001,,,,,cctv_frames,,,,,,,,,FR601991,,,
C7151,AUDITORIUM,,E001,,,,,cctv_frames,,,,,,,,,FR601992,,,
C7151,LAB_101,,E001,,,,,cctv_frames,,,,,,,,,FR601993,,,
C7151,LIB_ENT,,E001,,,,,cctv_frames,,,,,,,,,FR601997,,,
C7151,GYM,,E001,,,,,cctv_frames,,,,,,,,,FR601999,,,
C7151,LAB_101,,E001,,,,,cctv_frames,,,,,,,,,FR602000,,,
C7151,LAB_101,,E001,,,,,cctv_frames,,,,,,,,,FR602004,,,
C7151,ADMIN_LOBBY,,E001,,,,,cctv_frames,,,,,,,,,FR602008,,,
C7151,HOSTEL_GATE,,E001,,,,,cctv_frames,,,,,,,,,FR602009,,,
C7151,LIB_ENT,,E001,,,,,cctv_frames,,,,,,,,,FR602010,,,
C7151,HOSTEL_GATE,,E001,,,,,cctv_frames,,,,,,,,,FR602016,,,
C7151,LAB_101,,E001,,,,,cctv_frames,,,,,,,,,FR602018,,,
C7151,ADMIN_LOBBY,,E001,,,,,cctv_frames,,,,,,,,,FR602021,,,
C7151,LAB_101,,E001,,,,,cctv_frames,,,,,,,,,FR602022,,,
C7151,LAB_305,,E001,,,,,cctv_frames,,,,,,,,,FR602029,,,
C7151,LIB_ENT,,E001,,,,,cctv_frames,,,,,,,,,FR602031,,,
C7151,LAB_101,,E001,,,,,cctv_frames,,,,,,,,,FR602033,,,
C7151,AUDITORIUM,,E001,,,,,cctv_frames,,,,,,,,,FR602037,,,
C7151,AUDITORIUM,,E001,,,,,cctv_frames,,,,,,,,,FR602042,,,
C7151,AUDITORIUM,,E001,,,,,cctv_frames,,,,,,,,,FR602044,,,
C7151,HOSTEL_GATE,,E001,,,,,cctv_frames,,,,,,,,,FR602045,,,
C7151,CAF_01,,E001,,,,,cctv_frames,,,,,,,,,FR602048,,,
C7151,LAB_101,,E001,,,,,cctv_frames,,,,,,,,,FR602049,,,
C7151,HOSTEL_GATE,,E001,,,,,cctv_frames,,,,,,,,,FR602051,,,
C7151,HOSTEL_GATE,,E001,,,,,cctv_frames,,,,,,,,,FR602052,,,
C7151,AUDITORIUM,,E001,,,,,cctv_frames,,,,,,,,,FR602053,,,
C7151,CAF_01,,E001,,,,,cctv_frames,,,,,,,,,FR602054,,,
C7151,AUDITORIUM,,E001,,,,,cctv_frames,,,,,,,,,FR602059,,,
C7151,LAB_101,,E001,,,,,cctv_frames,,,,,,,,,FR602065,,,
C7151,LAB_101,,E001,,,,,cctv_frames,,,,,,,,,FR602067,,,
C7151,LAB_101,,E001,,,,,cctv_frames,,,,,,,,,FR602068,,,
C7151,ADMIN_LOBBY,,E001,,,,,cctv_frames,,,,,,,,,FR602069,,,
C7151,ADMIN_LOBBY,,E001,,,,,cctv_frames,,,,,,,,,FR602071,,,
C7151,HOSTEL_GATE,,E001,,,,,cctv_frames,,,,,,,,,FR602072,,,
C7151,HOSTEL_GATE,,E001,,,,,cctv_frames,,,,,,,,,FR602073,,,
C7151,LAB_101,,E001,,,,,cctv_frames,,,,,,,,,FR602076,,,
C7151,LIB_ENT,,E001,,,,,cctv_frames,,,,,,,,,FR602077,,,
C7151,LAB_305,,E001,,,,,cctv_frames,,,,,,,,,FR602079,,,
C7151,LIB_ENT,,E001,,,,,cctv_frames,,,,,,,,,FR602082,,,
C7151,ADMIN_LOBBY,,E001,,,,,cctv_frames,,,,,,,,,FR602085,,,
C7151,GYM,,E001,,,,,cctv_frames,,,,,,,,,FR602087,,,
C7151,LAB_101,,E001,,,,,cctv_frames,,,,,,,,,FR602088,,,
C7151,GYM,,E001,,,,,cctv_frames,,,,,,,,,FR602092,,,
C7151,AUDITORIUM,,E001,,,,,cctv_frames,,,,,,,,,FR602094,,,
C7151,ADMIN_LOBBY,,E001,,,,,cctv_frames,,,,,,,,,FR602097,,,
C7151,HOSTEL_GATE,,E001,,,,,cctv_frames,,,,,,,,,FR602098,,,
C7151,AUDITORIUM,,E001,,,,,cctv_frames,,,,,,,,,FR602100,,,
C7151,LIB_ENT,,E001,,,,,cctv_frames,,,,,,,,,FR602103,,,
C7151,HOSTEL_GATE,,E001,,,,,cctv_frames,,,,,,,,,FR602105,,,
C7151,ADMIN_LOBBY,,E001,,,,,cctv_frames,,,,,,,,,FR602106,,,
C7151,HOSTEL_GATE,,E001,,,,,cctv_frames,,,,,,,,,FR602108,,,
C7151,LAB_305,,E001,,,,,cctv_frames,,,,,,,,,FR602111,,,
C7151,LIB_ENT,,E001,,,,,cctv_frames,,,,,,,,,FR602112,,,
C7151,AUDITORIUM,,E001,,,,,cctv_frames,,,,,,,,,FR602117,,,
C7151,LAB_101,,E001,,,,,cctv_frames,,,,,,,,,FR602119,,,
C7151,AUDITORIUM,,E001,,,,,cctv_frames,,,,,,,,,FR602121,,,
C7151,HOSTEL_GATE,,E001,,,,,cctv_frames,,,,,,,,,FR602124,,,
C7151,AUDITORIUM,,E001,,,,,cctv_frames,,,,,,,,,FR602125,,,
C7151,LAB_101,,E001,,,,,cctv_frames,,,,,,,,,FR602129,,,
C7151,ADMIN_LOBBY,,E001,,,,,cctv_frames,,,,,,,,,FR602132,,,
C7151,LIB_ENT,,E001,,,,,cctv_frames,,,,,,,,,FR602135,,,
C7151,LAB_305,,E001,,,,,cctv_frames,,,,,,,,,FR602137,,,
C7151,GYM,,E001,,,,,cctv_frames,,,,,,,,,FR602138,,,
C7151,CAF_01,,E001,,,,,cctv_frames,,,,,,,,,FR602139,,,
C7151,LAB_305,,E001,,,,,cctv_frames,,,,,,,,,FR602143,,,
C7151,LIB_ENT,,E001,,,,,cctv_frames,,,,,,,,,FR602144,,,
C7151,LAB_305,,E001,,,,,cctv_frames,,,,,,,,,FR602145,,,
C7151,LAB_101,,E001,,,,,cctv_frames,,,,,,,,,FR602146,,,
C7151,ADMIN_LOBBY,,E001,,,,,cctv_frames,,,,,,,,,FR602150,,,
C7151,CAF_01,,E001,,,,,cctv_frames,,,,,,,,,FR602151,,,
C7151,ADMIN_LOBBY,,E001,,,,,cctv_frames,,,,,,,,,FR602153,,,
C7151,CAF_01,,E001,,,,,cctv_frames,,,,,,,,,FR602159,,,
C7151,CAF_01,,E001,,,,,cctv_frames,,,,,,,,,FR602160,,,
C7151,ADMIN_LOBBY,,E001,,,,,cctv_frames,,,,,,,,,FR602161,,,
C7151,GYM,,E001,,,,,cctv_frames,,,,,,,,,FR602162,,,
C7151,LAB_305,,E001,,,,,cctv_frames,,,,,,,,,FR602164,,,
C7151,ADMIN_LOBBY,,E001,,,,,cctv_frames,,,,,,,,,FR602165,,,
C7151,GYM,,E001,,,,,cctv_frames,,,,,,,,,FR602168,,,
C7151,LAB_305,,E001,,,,,cctv_frames,,,,,,,,,FR602170,,,
C7151,ADMIN_LOBBY,,E001,,,,,cctv_frames,,,,,,,,,FR602171,,,
C7151,CAF_01,,E001,,,,,cctv_frames,,,,,,,,,FR602172,,,
C7151,LAB_305,,E001,,,,,cctv_frames,,,,,,,,,FR602177,,,
C7151,GYM,,E001,,,,,cctv_frames,,,,,,,,,FR602182,,,
C7151,LAB_101,,E001,,,,,cctv_frames,,,,,,,,,FR602194,,,
C7151,CAF_01,,E001,,,,,cctv_frames,,,,,,,,,FR602197,,,
C7151,LIB_ENT,,E001,,,,,cctv_frames,,,,,,,,,FR602198,,,
C7151,AUDITORIUM,,E001,,,,,cctv_frames,,,,,,,,,FR602199,,,
C7151,AUDITORIUM,,E001,,,,,cctv_frames,,,,,,,,,FR602203,,,
C7151,GYM,,E001,,,,,cctv_frames,,,,,,,,,FR602204,,,
C7151,LAB_305,,E001,,,,,cctv_frames,,,,,,,,,FR602205,,,
C7151,LAB_101,,E001,,,,,cctv_frames,,,,,,,,,FR602208,,,
C7151,LIB_ENT,,E001,,,,,cctv_frames,,,,,,,,,FR602209,,,
C7151,ADMIN_LOBBY,,E001,,,,,cctv_frames,,,,,,,,,FR602211,,,
C7151,GYM,,E001,,,,,cctv_frames,,,,,,,,,FR602215,,,
C7151,HOSTEL_GATE,,E001,,,,,cctv_frames,,,,,,,,,FR602216,,,
C7151,HOSTEL_GATE,,E001,,,,,cctv_frames,,,,,,,,,FR602217,,,
C7151,HOSTEL_GATE,,E001,,,,,cctv_frames,,,,,,,,,FR602218,,,
C7151,LIB_ENT,,E001,,,,,cctv_frames,,,,,,,,,FR602221,,,
C7151,GYM,,E001,,,,,cctv_frames,,,,,,,,,FR602222,,,
C7151,HOSTEL_GATE,,E001,,,,,cctv_frames,,,,,,,,,FR602223,,,
C7151,CAF_01,,E001,,,,,cctv_frames,,,,,,,,,FR602224,,,
C7151,CAF_01,,E001,,,,,cctv_frames,,,,,,,,,FR602227,,,
C7151,LAB_101,,E001,,,,,cctv_frames,,,,,,,,,FR602228,,,
C7151,ADMIN_LOBBY,,E001,,,,,cctv_frames,,,,,,,,,FR602229,,,
C7151,LAB_101,,E001,,,,,cctv_frames,,,,,,,,,FR602234,,,
C7151,LIB_ENT,,E001,,,,,cctv_frames,,,,,,,,,FR602235,,,
C7151,CAF_01,,E001,,,,,cctv_frames,,,,,,,,,FR602240,,,
C7151,CAF_01,,E001,,,,,cctv_frames,,,,,,,,,FR602241,,,
C7151,LIB_ENT,,E001,,,,,cctv_frames,,,,,,,,,FR602242,,,
C7151,CAF_01,,E001,,,,,cctv_frames,,,,,,,,,FR602245,,,
C7151,ADMIN_LOBBY,,E001,,,,,cctv_frames,,,,,,,,,FR602251,,,
C7151,HOSTEL_GATE,,E001,,,,,cctv_frames,,,,,,,,,FR602252,,,
C7151,LAB_101,,E001,,,,,cctv_frames,,,,,,,,,FR602254,,,
C7151,LAB_101,,E001,,,,,cctv_frames,,,,,,,,,FR602257,,,
C7151,CAF_01,,E001,,,,,cctv_frames,,,,,,,,,FR602261,,,
C7151,GYM,,E001,,,,,cctv_frames,,,,,,,,,FR602262,,,
C7151,ADMIN_LOBBY,,E001,,,,,cctv_frames,,,,,,,,,FR602263,,,
C7151,HOSTEL_GATE,,E001,,,,,cctv_frames,,,,,,,,,FR602266,,,
C7151,LAB_101,,E001,,,,,cctv_frames,,,,,,,,,FR602267,,,
C7151,ADMIN_LOBBY,,E001,,,,,cctv_frames,,,,,,,,,FR602270,,,
C7151,HOSTEL_GATE,,E001,,,,,cctv_frames,,,,,,,,,FR602277,,,
C7151,HOSTEL_GATE,,E001,,,,,cctv_frames,,,,,,,,,FR602281,,,
C7151,AUDITORIUM,,E001,,,,,cctv_frames,,,,,,,,,FR602283,,,
C7151,CAF_01,,E001,,,,,cctv_frames,,,,,,,,,FR602287,,,
C7151,LAB_305,,E001,,,,,cctv_frames,,,,,,,,,FR602290,,,
C7151,LAB_305,,E001,,,,,cctv_frames,,,,,,,,,FR602292,,,
C7151,LAB_101,,E001,,,,,cctv_frames,,,,,,,,,FR602293,,,
C7151,LIB_ENT,,E001,,,,,cctv_frames,,,,,,,,,FR602297,,,
C7151,CAF_01,,E001,,,,,cctv_frames,,,,,,,,,FR602298,,,
C7151,CAF_01,,E001,,,,,cctv_frames,,,,,,,,,FR602301,,,
C7151,CAF_01,,E001,,,,,cctv_frames,,,,,,,,,FR602302,,,
C7151,LIB_ENT,,E001,,,,,cctv_frames,,,,,,,,,FR602305,,,
C7151,LAB_305,,E001,,,,,cctv_frames,,,,,,,,,FR602307,,,
C7151,LAB_305,,E001,,,,,cctv_frames,,,,,,,,,FR602308,,,
C7151,LAB_101,,E001,,,,,cctv_frames,,,,,,,,,FR602310,,,
C7151,HOSTEL_GATE,,E001,,,,,cctv_frames,,,,,,,,,FR602311,,,
C7151,HOSTEL_GATE,,E001,,,,,cctv_frames,,,,,,,,,FR602312,,,
C7151,GYM,,E001,,,,,cctv_frames,,,,,,,,,FR602313,,,
C7151,LAB_305,,E001,,,,,cctv_frames,,,,,,,,,FR602315,,,
C7151,GYM,,E001,,,,,cctv_frames,,,,,,,,,FR602322,,,
C7151,AUDITORIUM,,E001,,,,,cctv_frames,,,,,,,,,FR602324,,,
C7151,CAF_01,,E001,,,,,cctv_frames,,,,,,,,,FR602325,,,
C7151,CAF_01,,E001,,,,,cctv_frames,,,,,,,,,FR602327,,,
C7151,CAF_01,,E001,,,,,cctv_frames,,,,,,,,,FR602329,,,
C7151,GYM,,E001,,,,,cctv_frames,,,,,,,,,FR602330,,,
C7151,HOSTEL_GATE,,E001,,,,,cctv_frames,,,,,,,,,FR602332,,,
C7151,CAF_01,,E001,,,,,cctv_frames,,,,,,,,,FR602333,,,
C7151,LAB_101,,E001,,,,,cctv_frames,,,,,,,,,FR602334,,,
C7151,LIB_ENT,,E001,,,,,cctv_frames,,,,,,,,,FR602338,,,
C7151,CAF_01,,E001,,,,,cctv_frames,,,,,,,,,FR602339,,,
C7151,LIB_ENT,,E001,,,,,cctv_frames,,,,,,,,,FR602340,,,
C7151,GYM,,E001,,,,,cctv_frames,,,,,,,,,FR602341,,,
C7151,GYM,,E001,,,,,cctv_frames,,,,,,,,,FR602342,,,
C7151,LIB_ENT,,E001,,,,,cctv_frames,,,,,,,,,FR602343,,,
C7151,GYM,,E001,,,,,cctv_frames,,,,,,,,,FR602345,,,
C7151,LAB_305,,E001,,,,,cctv_frames,,,,,,,,,FR602348,,,
C7151,LAB_101,,E001,,,,,cctv_frames,,,,,,,,,FR602354,,,
C7151,HOSTEL_GATE,,E001,,,,,cctv_frames,,,,,,,,,FR602355,,,
C7151,CAF_01,,E001,,,,,cctv_frames,,,,,,,,,FR602356,,,
C7151,LIB_ENT,,E001,,,,,cctv_frames,,,,,,,,,FR602358,,,
C7151,GYM,,E001,,,,,cctv_frames,,,,,,,,,FR602360,,,
C7151,LAB_305,,E001,,,,,cctv_frames,,,,,,,,,FR602365,,,
C7151,HOSTEL_GATE,,E001,,,,,cctv_frames,,,,,,,,,FR602369,,,
C7151,LAB_305,,E001,,,,,cctv_frames,,,,,,,,,FR602372,,,
C7151,HOSTEL_GATE,,E001,,,,,cctv_frames,,,,,,,,,FR602374,,,
C7151,AUDITORIUM,,E001,,,,,cctv_frames,,,,,,,,,FR602376,,,
C7151,GYM,,E001,,,,,cctv_frames,,,,,,,,,FR602377,,,
C7151,CAF_01,,E001,,,,,cctv_frames,,,,,,,,,FR602378,,,
C7151,CAF_01,,E001,,,,,cctv_frames,,,,,,,,,FR602379,,,
C7151,HOSTEL_GATE,,E001,,,,,cctv_frames,,,,,,,,,FR602380,,,
C7151,AUDITORIUM,,E001,,,,,cctv_frames,,,,,,,,,FR602381,,,
C7151,LAB_101,,E001,,,,,cctv_frames,,,,,,,,,FR602382,,,
C7151,ADMIN_LOBBY,,E001,,,,,cctv_frames,,,,,,,,,FR602385,,,
C7151,GYM,,E001,,,,,cctv_frames,,,,,,,,,FR602386,,,
C7151,LIB_ENT,,E001,,,,,cctv_frames,,,,,,,,,FR602394,,,
C7151,CAF_01,,E001,,,,,cctv_frames,,,,,,,,,FR602397,,,
C7151,CAF_01,,E001,,,,,cctv_frames,,,,,,,,,FR602398,,,
C7151,AUDITORIUM,,E001,,,,,cctv_frames,,,,,,,,,FR602402,,,
C7151,AUDITORIUM,,E001,,,,,cctv_frames,,,,,,,,,FR602408,,,
C7151,ADMIN_LOBBY,,E001,,,,,cctv_frames,,,,,,,,,FR602409,,,
C7151,LAB_305,,E001,,,,,cctv_frames,,,,,,,,,FR602418,,,
C7151,HOSTEL_GATE,,E001,,,,,cctv_frames,,,,,,,,,FR602419,,,
C7151,LAB_305,,E001,,,,,cctv_frames,,,,,,,,,FR602423,,,
C7151,LAB_101,,E001,,,,,cctv_frames,,,,,,,,,FR602424,,,
C7151,LAB_305,,E001,,,,,cctv_frames,,,,,,,,,FR602426,,,
C7151,LAB_101,,E001,,,,,cctv_frames,,,,,,,,,FR602428,,,
C7151,LIB_ENT,,E001,,,,,cctv_frames,,,,,,,,,FR602436,,,
C7151,ADMIN_LOBBY,,E001,,,,,cctv_frames,,,,,,,,,FR602442,,,
C7151,LAB_305,,E001,,,,,cctv_frames,,,,,,,,,FR602443,,,
C7151,GYM,,E001,,,,,cctv_frames,,,,,,,,,FR602446,,,
C7151,LAB_101,,E001,,,,,cctv_frames,,,,,,,,,FR602449,,,
C7151,LIB_ENT,,E001,,,,,cctv_frames,,,,,,,,,FR602451,,,
C7151,LAB_305,,E001,,,,,cctv_frames,,,,,,,,,FR602456,,,
C7151,LIB_ENT,,E001,,,,,cctv_frames,,,,,,,,,FR602457,,,
C7151,AUDITORIUM,,E001,,,,,cctv_frames,,,,,,,,,FR602466,,,
C7151,AUDITORIUM,,E001,,,,,cctv_frames,,,,,,,,,FR602467,,,
C7151,ADMIN_LOBBY,,E001,,,,,cctv_frames,,,,,,,,,FR602468,,,
C7151,LIB_ENT,,E001,,,,,cctv_frames,,,,,,,,,FR602470,,,
C7151,AUDITORIUM,,E001,,,,,cctv_frames,,,,,,,,,FR602471,,,
C7151,AUDITORIUM,,E001,,,,,cctv_frames,,,,,,,,,FR602476,,,
C7151,HOSTEL_GATE,,E001,,,,,cctv_frames,,,,,,,,,FR602479,,,
C7151,HOSTEL_GATE,,E001,,,,,cctv_frames,,,,,,,,,FR602482,,,
C7151,ADMIN_LOBBY,,E001,,,,,cctv_frames,,,,,,,,,FR602488,,,
C7151,HOSTEL_GATE,,E001,,,,,cctv_frames,,,,,,,,,FR602498,,,
C7151,LIB_ENT,,E001,,,,,cctv_frames,,,,,,,,,FR602499,,,
C7151,ADMIN_LOBBY,,E001,,,,,cctv_frames,,,,,,,,,FR602500,,,
C7151,LAB_101,,E001,,,,,cctv_frames,,,,,,,,,FR602502,,,
C7151,ADMIN_LOBBY,,E001,,,,,cctv_frames,,,,,,,,,FR602504,,,
C7151,AUDITORIUM,,E001,,,,,cctv_frames,,,,,,,,,FR602506,,,
C7151,CAF_01,,E001,,,,,cctv_frames,,,,,,,,,FR602508,,,
C7151,ADMIN_LOBBY,,E001,,,,,cctv_frames,,,,,,,,,FR602511,,,
C7151,CAF_01,,E001,,,,,cctv_frames,,,,,,,,,FR602515,,,
C7151,CAF_01,,E001,,,,,cctv_frames,,,,,,,,,FR602521,,,
C7151,AUDITORIUM,,E001,,,,,cctv_frames,,,,,,,,,FR602522,,,
C7151,ADMIN_LOBBY,,E001,,,,,cctv_frames,,,,,,,,,FR602523,,,
C7151,CAF_01,,E001,,,,,cctv_frames,,,,,,,,,FR602526,,,
C7151,HOSTEL_GATE,,E001,,,,,cctv_frames,,,,,,,,,FR602527,,,
C7151,LIB_ENT,,E001,,,,,cctv_frames,,,,,,,,,FR602529,,,
C7151,ADMIN_LOBBY,,E001,,,,,cctv_frames,,,,,,,,,FR602530,,,
C7151,LIB_ENT,,E001,,,,,cctv_frames,,,,,,,,,FR602531,,,
C7151,LAB_305,,E001,,,,,cctv_frames,,,,,,,,,FR602533,,,
C7151,AUDITORIUM,,E001,,,,,cctv_frames,,,,,,,,,FR602535,,,
C7151,LAB_101,,E001,,,,,cctv_frames,,,,,,,,,FR602538,,,
C7151,LIB_ENT,,E001,,,,,cctv_frames,,,,,,,,,FR602539,,,
C7151,LAB_101,,E001,,,,,cctv_frames,,,,,,,,,FR602543,,,
C7151,LAB_101,,E001,,,,,cctv_frames,,,,,,,,,FR602546,,,
C7151,LAB_305,,E001,,,,,cctv_frames,,,,,,,,,FR602549,,,
C7151,ADMIN_LOBBY,,E001,,,,,cctv_frames,,,,,,,,,FR602550,,,
C7151,HOSTEL_GATE,,E001,,,,,cctv_frames,,,,,,,,,FR602554,,,
C7151,CAF_01,,E001,,,,,cctv_frames,,,,,,,,,FR602558,,,
C7151,CAF_01,,E001,,,,,cctv_frames,,,,,,,,,FR602561,,,
C7151,LIB_ENT,,E001,,,,,cctv_frames,,,,,,,,,FR602562,,,
C7151,GYM,,E001,,,,,cctv_frames,,,,,,,,,FR602563,,,
C7151,LAB_305,,E001,,,,,cctv_frames,,,,,,,,,FR602565,,,
C7151,HOSTEL_GATE,,E001,,,,,cctv_frames,,,,,,,,,FR602568,,,
C7151,LAB_101,,E001,,,,,cctv_frames,,,,,,,,,FR602574,,,
C7151,CAF_01,,E001,,,,,cctv_frames,,,,,,,,,FR602575,,,
C7151,GYM,,E001,,,,,cctv_frames,,,,,,,,,FR602576,,,
C7151,GYM,,E001,,,,,cctv_frames,,,,,,,,,FR602578,,,
C7151,AUDITORIUM,,E001,,,,,cctv_frames,,,,,,,,,FR602580,,,
C7151,CAF_01,,E001,,,,,cctv_frames,,,,,,,,,FR602583,,,
C7151,LAB_305,,E001,,,,,cctv_frames,,,,,,,,,FR602584,,,
C7151,GYM,,E001,,,,,cctv_frames,,,,,,,,,FR602590,,,
C7151,HOSTEL_GATE,,E001,,,,,cctv_frames,,,,,,,,,FR602591,,,
C7151,LIB_ENT,,E001,,,,,cctv_frames,,,,,,,,,FR602592,,,
C7151,CAF_01,,E001,,,,,cctv_frames,,,,,,,,,FR602594,,,
C7151,LIB_ENT,,E001,,,,,cctv_frames,,,,,,,,,FR602597,,,
C7151,AUDITORIUM,,E001,,,,,cctv_frames,,,,,,,,,FR602598,,,
C7151,LIB_ENT,,E001,,,,,cctv_frames,,,,,,,,,FR602605,,,
C7151,HOSTEL_GATE,,E001,,,,,cctv_frames,,,,,,,,,FR602607,,,
C7151,ADMIN_LOBBY,,E001,,,,,cctv_frames,,,,,,,,,FR602609,,,
C7151,LAB_305,,E001,,,,,cctv_frames,,,,,,,,,FR602610,,,
C7151,LAB_101,,E001,,,,,cctv_frames,,,,,,,,,FR602611,,,
C7151,LAB_305,,E001,,,,,cctv_frames,,,,,,,,,FR602616,,,
C7151,LAB_101,,E001,,,,,cctv_frames,,,,,,,,,FR602619,,,
C7151,ADMIN_LOBBY,,E001,,,,,cctv_frames,,,,,,,,,FR602625,,,
C7151,LIB_ENT,,E001,,,,,cctv_frames,,,,,,,,,FR602627,,,
C7151,LAB_305,,E001,,,,,cctv_frames,,,,,,,,,FR602631,,,
C7151,ADMIN_LOBBY,,E001,,,,,cctv_frames,,,,,,,,,FR602632,,,
C7151,AUDITORIUM,,E001,,,,,cctv_frames,,,,,,,,,FR602634,,,
C7151,LAB_305,,E001,,,,,cctv_frames,,,,,,,,,FR602635,,,
C7151,HOSTEL_GATE,,E001,,,,,cctv_frames,,,,,,,,,FR602636,,,
C7151,HOSTEL_GATE,,E001,,,,,cctv_frames,,,,,,,,,FR602641,,,
C7151,GYM,,E001,,,,,cctv_frames,,,,,,,,,FR602642,,,
C7151,LAB_305,,E001,,,,,cctv_frames,,,,,,,,,FR602644,,,
C7151,ADMIN_LOBBY,,E001,,,,,cctv_frames,,,,,,,,,FR602646,,,
C7151,CAF_01,,E001,,,,,cctv_frames,,,,,,,,,FR602652,,,
C7151,HOSTEL_GATE,,E001,,,,,cctv_frames,,,,,,,,,FR602654,,,
C7151,LIB_ENT,,E001,,,,,cctv_frames,,,,,,,,,FR602661,,,
C7151,AUDITORIUM,,E001,,,,,cctv_frames,,,,,,,,,FR602662,,,
C7151,LIB_ENT,,E001,,,,,cctv_frames,,,,,,,,,FR602667,,,
C7151,LAB_101,,E001,,,,,cctv_frames,,,,,,,,,FR602668,,,
C7151,CAF_01,,E001,,,,,cctv_frames,,,,,,,,,FR602672,,,
C7151,LIB_ENT,,E001,,,,,cctv_frames,,,,,,,,,FR602675,,,
C7151,HOSTEL_GATE,,E001,,,,,cctv_frames,,,,,,,,,FR602680,,,
C7151,GYM,,E001,,,,,cctv_frames,,,,,,,,,FR602682,,,
C7151,LAB_101,,E001,,,,,cctv_frames,,,,,,,,,FR602684,,,
C7151,LAB_305,,E001,,,,,cctv_frames,,,,,,,,,FR602689,,,
C7151,AUDITORIUM,,E001,,,,,cctv_frames,,,,,,,,,FR602692,,,
C7151,LAB_305,,E001,,,,,cctv_frames,,,,,,,,,FR602696,,,
C7151,GYM,,E001,,,,,cctv_frames,,,,,,,,,FR602702,,,
C7151,AUDITORIUM,,E001,,,,,cctv_frames,,,,,,,,,FR602703,,,
C7151,LAB_101,,E001,,,,,cctv_frames,,,,,,,,,FR602704,,,
C7151,LAB_305,,E001,,,,,cctv_frames,,,,,,,,,FR602705,,,
C7151,LAB_305,,E001,,,,,cctv_frames,,,,,,,,,FR602708,,,
C7151,GYM,,E001,,,,,cctv_frames,,,,,,,,,FR602710,,,
C7151,LAB_101,,E001,,,,,cctv_frames,,,,,,,,,FR602712,,,
C7151,HOSTEL_GATE,,E001,,,,,cctv_frames,,,,,,,,,FR602717,,,
C7151,CAF_01,,E001,,,,,cctv_frames,,,,,,,,,FR602718,,,
C7151,GYM,,E001,,,,,cctv_frames,,,,,,,,,FR602720,,,
C7151,LAB_305,,E001,,,,,cctv_frames,,,,,,,,,FR602722,,,
C7151,LIB_ENT,,E001,,,,,cctv_frames,,,,,,,,,FR602723,,,
C7151,GYM,,E001,,,,,cctv_frames,,,,,,,,,FR602726,,,
C7151,ADMIN_LOBBY,,E001,,,,,cctv_frames,,,,,,,,,FR602728,,,
C7151,LIB_ENT,,E001,,,,,cctv_frames,,,,,,,,,FR602730,,,
C7151,HOSTEL_GATE,,E001,,,,,cctv_frames,,,,,,,,,FR602736,,,
C7151,LAB_305,,E001,,,,,cctv_frames,,,,,,,,,FR602738,,,
C7151,GYM,,E001,,,,,cctv_frames,,,,,,,,,FR602739,,,
C7151,AUDITORIUM,,E001,,,,,cctv_frames,,,,,,,,,FR602740,,,
C7151,LAB_101,,E001,,,,,cctv_frames,,,,,,,,,FR602744,,,
C7151,HOSTEL_GATE,,E001,,,,,cctv_frames,,,,,,,,,FR602745,,,
C7151,AUDITORIUM,,E001,,,,,cctv_frames,,,,,,,,,FR602746,,,
C7151,HOSTEL_GATE,,E001,,,,,cctv_frames,,,,,,,,,FR602748,,,
C7151,GYM,,E001,,,,,cctv_frames,,,,,,,,,FR602750,,,
C7151,GYM,,E001,,,,,cctv_frames,,,,,,,,,FR602758,,,
C7151,AUDITORIUM,,E001,,,,,cctv_frames,,,,,,,,,FR602760,,,
C7151,LAB_305,,E001,,,,,cctv_frames,,,,,,,,,FR602764,,,
C7151,ADMIN_LOBBY,,E001,,,,,cctv_frames,,,,,,,,,FR602766,,,
C7151,HOSTEL_GATE,,E001,,,,,cctv_frames,,,,,,,,,FR602768,,,
C7151,LIB_ENT,,E001,,,,,cctv_frames,,,,,,,,,FR602775,,,
C7151,ADMIN_LOBBY,,E001,,,,,cctv_frames,,,,,,,,,FR602791,,,
C7151,LAB_101,,E001,,,,,cctv_frames,,,,,,,,,FR602793,,,
C7151,HOSTEL_GATE,,E001,,,,,cctv_frames,,,,,,,,,FR602794,,,
C7151,CAF_01,,E001,,,,,cctv_frames,,,,,,,,,FR602796,,,
C7151,CAF_01,,E001,,,,,cctv_frames,,,,,,,,,FR602798,,,
C7151,CAF_01,,E001,,,,,cctv_frames,,,,,,,,,FR602801,,,
C7151,AUDITORIUM,,E001,,,,,cctv_frames,,,,,,,,,FR602806,,,
C7151,LAB_101,,E001,,,,,cctv_frames,,,,,,,,,FR602810,,,
C7151,ADMIN_LOBBY,,E001,,,,,cctv_frames,,,,,,,,,FR602811,,,
C7151,LAB_305,,E001,,,,,cctv_frames,,,,,,,,,FR602812,,,
C7151,LAB_101,,E001,,,,,cctv_frames,,,,,,,,,FR602813,,,
C7151,AUDITORIUM,,E001,,,,,cctv_frames,,,,,,,,,FR602822,,,
C7151,CAF_01,,E001,,,,,cctv_frames,,,,,,,,,FR602823,,,
C7151,LAB_101,,E001,,,,,cctv_frames,,,,,,,,,FR602829,,,
C7151,GYM,,E001,,,,,cctv_frames,,,,,,,,,FR602830,,,
C7151,LAB_305,,E001,,,,,cctv_frames,,,,,,,,,FR602834,,,
C7151,LAB_305,,E001,,,,,cctv_frames,,,,,,,,,FR602840,,,
C7151,CAF_01,,E001,,,,,cctv_frames,,,,,,,,,FR602843,,,
C7151,HOSTEL_GATE,,E001,,,,,cctv_frames,,,,,,,,,FR602846,,,
C7151,AUDITORIUM,,E001,,,,,cctv_frames,,,,,,,,,FR602847,,,
C7151,LAB_101,,E001,,,,,cctv_frames,,,,,,,,,FR602848,,,
C7151,AUDITORIUM,,E001,,,,,cctv_frames,,,,,,,,,FR602851,,,
C7151,AUDITORIUM,,E001,,,,,cctv_frames,,,,,,,,,FR602852,,,
C7151,GYM,,E001,,,,,cctv_frames,,,,,,,,,FR602855,,,
C7151,LAB_305,,E001,,,,,cctv_frames,,,,,,,,,FR602860,,,
C7151,CAF_01,,E001,,,,,cctv_frames,,,,,,,,,FR602868,,,
C7151,CAF_01,,E001,,,,,cctv_frames,,,,,,,,,FR602869,,,
C7151,LAB_101,,E001,,,,,cctv_frames,,,,,,,,,FR602871,,,
C7151,CAF_01,,E001,,,,,cctv_frames,,,,,,,,,FR602875,,,
C7151,CAF_01,,E001,,,,,cctv_frames,,,,,,,,,FR602877,,,
C7151,HOSTEL_GATE,,E001,,,,,cctv_frames,,,,,,,,,FR602881,,,
C7151,AUDITORIUM,,E001,,,,,cctv_frames,,,,,,,,,FR602887,,,
C7151,LAB_305,,E001,,,,,cctv_frames,,,,,,,,,FR602890,,,
C7151,AUDITORIUM,,E001,,,,,cctv_frames,,,,,,,,,FR602891,,,
C7151,GYM,,E001,,,,,cctv_frames,,,,,,,,,FR602892,,,
C7151,CAF_01,,E001,,,,,cctv_frames,,,,,,,,,FR602894,,,
C7151,HOSTEL_GATE,,E001,,,,,cctv_frames,,,,,,,,,FR602897,,,
C7151,LIB_ENT,,E001,,,,,cctv_frames,,,,,,,,,FR602898,,,
C7151,LAB_305,,E001,,,,,cctv_frames,,,,,,,,,FR602901,,,
C7151,LAB_305,,E001,,,,,cctv_frames,,,,,,,,,FR602903,,,
C7151,GYM,,E001,,,,,cctv_frames,,,,,,,,,FR602905,,,
C7151,ADMIN_LOBBY,,E001,,,,,cctv_frames,,,,,,,,,FR602906,,,
C7151,ADMIN_LOBBY,,E001,,,,,cctv_frames,,,,,,,,,FR602910,,,
C7151,ADMIN_LOBBY,,E001,,,,,cctv_frames,,,,,,,,,FR602916,,,
C7151,LIB_ENT,,E001,,,,,cctv_frames,,,,,,,,,FR602918,,,
C7151,LAB_101,,E001,,,,,cctv_frames,,,,,,,,,FR602923,,,
C7151,ADMIN_LOBBY,,E001,,,,,cctv_frames,,,,,,,,,FR602924,,,
C7151,CAF_01,,E001,,,,,cctv_frames,,,,,,,,,FR602925,,,
C7151,HOSTEL_GATE,,E001,,,,,cctv_frames,,,,,,,,,FR602929,,,
C7151,LIB_ENT,,E001,,,,,cctv_frames,,,,,,,,,FR602933,,,
C7151,CAF_01,,E001,,,,,cctv_frames,,,,,,,,,FR602934,,,
C7151,CAF_01,,E001,,,,,cctv_frames,,,,,,,,,FR602937,,,
C7151,CAF_01,,E001,,,,,cctv_frames,,,,,,,,,FR602941,,,
C7151,LAB_305,,E001,,,,,cctv_frames,,,,,,,,,FR602942,,,
C7151,HOSTEL_GATE,,E001,,,,,cctv_frames,,,,,,,,,FR602943,,,
C7151,LAB_101,,E001,,,,,cctv_frames,,,,,,,,,FR602947,,,
C7151,ADMIN_LOBBY,,E001,,,,,cctv_frames,,,,,,,,,FR602951,,,
C7151,HOSTEL_GATE,,E001,,,,,cctv_frames,,,,,,,,,FR602959,,,
C7151,HOSTEL_GATE,,E001,,,,,cctv_frames,,,,,,,,,FR602962,,,
C7151,AUDITORIUM,,E001,,,,,cctv_frames,,,,,,,,,FR602966,,,
C7151,LAB_101,,E001,,,,,cctv_frames,,,,,,,,,FR602970,,,
C7151,HOSTEL_GATE,,E001,,,,,cctv_frames,,,,,,,,,FR602972,,,
C7151,LIB_ENT,,E001,,,,,cctv_frames,,,,,,,,,FR602980,,,
C7151,HOSTEL_GATE,,E001,,,,,cctv_frames,,,,,,,,,FR602983,,,
C7151,LAB_101,,E001,,,,,cctv_frames,,,,,,,,,FR602989,,,
C7151,LAB_305,,E001,,,,,cctv_frames,,,,,,,,,FR602991,,,
C7151,AUDITORIUM,,E001,,,,,cctv_frames,,,,,,,,,FR602992,,,
C7151,LIB_ENT,,E001,,,,,cctv_frames,,,,,,,,,FR603003,,,
C7151,AUDITORIUM,,E001,,,,,cctv_frames,,,,,,,,,FR603004,,,
C7151,LAB_101,,E001,,,,,cctv_frames,,,,,,,,,FR603005,,,
C7151,LIB_ENT,,E001,,,,,cctv_frames,,,,,,,,,FR603006,,,
C7151,GYM,,E001,,,,,cctv_frames,,,,,,,,,FR603011,,,
C7151,ADMIN_LOBBY,,E001,,,,,cctv_frames,,,,,,,,,FR603012,,,
C7151,HOSTEL_GATE,,E001,,,,,cctv_frames,,,,,,,,,FR603013,,,
C7151,ADMIN_LOBBY,,E001,,,,,cctv_frames,,,,,,,,,FR603016,,,
C7151,LIB_ENT,,E001,,,,,cctv_frames,,,,,,,,,FR603021,,,
C7151,ADMIN_LOBBY,,E001,,,,,cctv_frames,,,,,,,,,FR603025,,,
C7151,CAF_01,,E001,,,,,cctv_frames,,,,,,,,,FR603028,,,
C7151,ADMIN_LOBBY,,E001,,,,,cctv_frames,,,,,,,,,FR603031,,,
C7151,GYM,,E001,,,,,cctv_frames,,,,,,,,,FR603033,,,
C7151,AUDITORIUM,,E001,,,,,cctv_frames,,,,,,,,,FR603035,,,
C7151,LAB_305,,E001,,,,,cctv_frames,,,,,,,,,FR603036,,,
C7151,LAB_101,,E001,,,,,cctv_frames,,,,,,,,,FR603038,,,
C7151,ADMIN_LOBBY,,E001,,,,,cctv_frames,,,,,,,,,FR603044,,,
C7151,LAB_305,,E001,,,,,cctv_frames,,,,,,,,,FR603045,,,
C7151,GYM,,E001,,,,,cctv_frames,,,,,,,,,FR603049,,,
C7151,LAB_101,,E001,,,,,cctv_frames,,,,,,,,,FR603050,,,
C7151,GYM,,E001,,,,,cctv_frames,,,,,,,,,FR603052,,,
C7151,CAF_01,,E001,,,,,cctv_frames,,,,,,,,,FR603055,,,
C7151,CAF_01,,E001,,,,,cctv_frames,,,,,,,,,FR603057,,,
C7151,AUDITORIUM,,E001,,,,,cctv_frames,,,,,,,,,FR603060,,,
C7151,AUDITORIUM,,E001,,,,,cctv_frames,,,,,,,,,FR603064,,,
C7151,LAB_305,,E001,,,,,cctv_frames,,,,,,,,,FR603065,,,
C7151,HOSTEL_GATE,,E001,,,,,cctv_frames,,,,,,,,,FR603066,,,
C7151,HOSTEL_GATE,,E001,,,,,cctv_frames,,,,,,,,,FR603067,,,
C7151,AUDITORIUM,,E001,,,,,cctv_frames,,,,,,,,,FR603071,,,
C7151,LIB_ENT,,E001,,,,,cctv_frames,,,,,,,,,FR603073,,,
C7151,GYM,,E001,,,,,cctv_frames,,,,,,,,,FR603077,,,
C7151,ADMIN_LOBBY,,E001,,,,,cctv_frames,,,,,,,,,FR603079,,,
C7151,LIB_ENT,,E001,,,,,cctv_frames,,,,,,,,,FR603083,,,
C7151,LAB_101,,E001,,,,,cctv_frames,,,,,,,,,FR603089,,,
C7151,LAB_305,,E001,,,,,cctv_frames,,,,,,,,,FR603092,,,
C7151,AUDITORIUM,,E001,,,,,cctv_frames,,,,,,,,,FR603093,,,
C7151,GYM,,E001,,,,,cctv_frames,,,,,,,,,FR603094,,,
C7151,GYM,,E001,,,,,cctv_frames,,,,,,,,,FR603095,,,
C7151,GYM,,E001,,,,,cctv_frames,,,,,,,,,FR603098,,,
C7151,GYM,,E001,,,,,cctv_frames,,,,,,,,,FR603099,,,
C7151,GYM,,E001,,,,,cctv_frames,,,,,,,,,FR603100,,,
C7151,ADMIN_LOBBY,,E001,,,,,cctv_frames,,,,,,,,,FR603101,,,
C7151,CAF_01,,E001,,,,,cctv_frames,,,,,,,,,FR603102,,,
C7151,ADMIN_LOBBY,,E001,,,,,cctv_frames,,,,,,,,,FR603104,,,
C7151,AUDITORIUM,,E001,,,,,cctv_frames,,,,,,,,,FR603106,,,
C7151,CAF_01,,E001,,,,,cctv_frames,,,,,,,,,FR603107,,,
C7151,CAF_01,,E001,,,,,cctv_frames,,,,,,,,,FR603108,,,
C7151,CAF_01,,E001,,,,,cctv_frames,,,,,,,,,FR603109,,,
C7151,LAB_305,,E001,,,,,cctv_frames,,,,,,,,,FR603112,,,
C7151,LAB_101,,E001,,,,,cctv_frames,,,,,,,,,FR603115,,,
C7151,CAF_01,,E001,,,,,cctv_frames,,,,,,,,,FR603117,,,
C7151,ADMIN_LOBBY,,E001,,,,,cctv_frames,,,,,,,,,FR603119,,,
C7151,LAB_101,,E001,,,,,cctv_frames,,,,,,,,,FR603121,,,
C7151,AUDITORIUM,,E001,,,,,cctv_frames,,,,,,,,,FR603122,,,
C7151,LAB_305,,E001,,,,,cctv_frames,,,,,,,,,FR603123,,,
C7151,LIB_ENT,,E001,,,,,cctv_frames,,,,,,,,,FR603124,,,
C7151,CAF_01,,E001,,,,,cctv_frames,,,,,,,,,FR603126,,,
C7151,ADMIN_LOBBY,,E001,,,,,cctv_frames,,,,,,,,,FR603128,,,
C7151,LIB_ENT,,E001,,,,,cctv_frames,,,,,,,,,FR603135,,,
C7151,LAB_101,,E001,,,,,cctv_frames,,,,,,,,,FR603136,,,
C7151,GYM,,E001,,,,,cctv_frames,,,,,,,,,FR603138,,,
C7151,LAB_305,,E001,,,,,cctv_frames,,,,,,,,,FR603141,,,
C7151,ADMIN_LOBBY,,E001,,,,,cctv_frames,,,,,,,,,FR603142,,,
C7151,LIB_ENT,,E001,,,,,cctv_frames,,,,,,,,,FR603144,,,
C7151,HOSTEL_GATE,,E001,,,,,cctv_frames,,,,,,,,,FR603148,,,
C7151,CAF_01,,E001,,,,,cctv_frames,,,,,,,,,FR603152,,,
C7151,LAB_305,,E001,,,,,cctv_frames,,,,,,,,,FR603158,,,
C7151,HOSTEL_GATE,,E001,,,,,cctv_frames,,,,,,,,,FR603159,,,
C7151,LAB_101,,E001,,,,,cctv_frames,,,,,,,,,FR603160,,,
C7151,AUDITORIUM,,E001,,,,,cctv_frames,,,,,,,,,FR603161,,,
C7151,LIB_ENT,,E001,,,,,cctv_frames,,,,,,,,,FR603162,,,
C7151,LAB_101,,E001,,,,,cctv_frames,,,,,,,,,FR603165,,,
C7151,AUDITORIUM,,E001,,,,,cctv_frames,,,,,,,,,FR603167,,,
C7151,ADMIN_LOBBY,,E001,,,,,cctv_frames,,,,,,,,,FR603168,,,
C7151,AUDITORIUM,,E001,,,,,cctv_frames,,,,,,,,,FR603169,,,
C7151,GYM,,E001,,,,,cctv_frames,,,,,,,,,FR603171,,,
C7151,GYM,,E001,,,,,cctv_frames,,,,,,,,,FR603173,,,
C7151,GYM,,E001,,,,,cctv_frames,,,,,,,,,FR603174,,,
C7151,LIB_ENT,,E001,,,,,cctv_frames,,,,,,,,,FR603176,,,
C7151,LAB_101,,E001,,,,,cctv_frames,,,,,,,,,FR603178,,,
C7151,CAF_01,,E001,,,,,cctv_frames,,,,,,,,,FR603181,,,
C7151,ADMIN_LOBBY,,E001,,,,,cctv_frames,,,,,,,,,FR603183,,,
C7151,LAB_305,,E001,,,,,cctv_frames,,,,,,,,,FR603185,,,
C7151,LIB_ENT,,E001,,,,,cctv_frames,,,,,,,,,FR603186,,,
C7151,ADMIN_LOBBY,,E001,,,,,cctv_frames,,,,,,,,,FR603187,,,
C7151,HOSTEL_GATE,,E001,,,,,cctv_frames,,,,,,,,,FR603189,,,
C7151,HOSTEL_GATE,,E001,,,,,cctv_frames,,,,,,,,,FR603196,,,
C7151,LAB_305,,E001,,,,,cctv_frames,,,,,,,,,FR603198,,,
C7151,CAF_01,,E001,,,,,cctv_frames,,,,,,,,,FR603200,,,
C7151,HOSTEL_GATE,,E001,,,,,cctv_frames,,,,,,,,,FR603202,,,
C7151,AUDITORIUM,,E001,,,,,cctv_frames,,,,,,,,,FR603204,,,
C7151,ADMIN_LOBBY,,E001,,,,,cctv_frames,,,,,,,,,FR603205,,,
C7151,LAB_101,,E001,,,,,cctv_frames,,,,,,,,,FR603208,,,
C7151,CAF_01,,E001,,,,,cctv_frames,,,,,,,,,FR603214,,,
C7151,GYM,,E001,,,,,cctv_frames,,,,,,,,,FR603215,,,
C7151,LAB_101,,E001,,,,,cctv_frames,,,,,,,,,FR603218,,,
C7151,AUDITORIUM,,E001,,,,,cctv_frames,,,,,,,,,FR603220,,,
C7151,LIB_ENT,,E001,,,,,cctv_frames,,,,,,,,,FR603222,,,
C7151,HOSTEL_GATE,,E001,,,,,cctv_frames,,,,,,,,,FR603227,,,
C7151,LIB_ENT,,E001,,,,,cctv_frames,,,,,,,,,FR603228,,,
C7151,LAB_305,,E001,,,,,cctv_frames,,,,,,,,,FR603229,,,
C7151,AUDITORIUM,,E001,,,,,cctv_frames,,,,,,,,,FR603230,,,
C7151,HOSTEL_GATE,,E001,,,,,cctv_frames,,,,,,,,,FR603233,,,
C7151,ADMIN_LOBBY,,E001,,,,,cctv_frames,,,,,,,,,FR603236,,,
C7151,HOSTEL_GATE,,E001,,,,,cctv_frames,,,,,,,,,FR603240,,,
C7151,LAB_305,,E001,,,,,cctv_frames,,,,,,,,,FR603243,,,
C7151,AUDITORIUM,,E001,,,,,cctv_frames,,,,,,,,,FR603249,,,
C7151,LAB_101,,E001,,,,,cctv_frames,,,,,,,,,FR603250,,,
C7151,HOSTEL_GATE,,E001,,,,,cctv_frames,,,,,,,,,FR603254,,,
C7151,LAB_305,,E001,,,,,cctv_frames,,,,,,,,,FR603256,,,
C7151,LAB_101,,E001,,,,,cctv_frames,,,,,,,,,FR603259,,,
C7151,LIB_ENT,,E001,,,,,cctv_frames,,,,,,,,,FR603261,,,
C7151,GYM,,E001,,,,,cctv_frames,,,,,,,,,FR603262,,,
C7151,LAB_101,,E001,,,,,cctv_frames,,,,,,,,,FR603268,,,
C7151,LAB_305,,E001,,,,,cctv_frames,,,,,,,,,FR603270,,,
C7151,HOSTEL_GATE,,E001,,,,,cctv_frames,,,,,,,,,FR603272,,,
C7151,LAB_101,,E001,,,,,cctv_frames,,,,,,,,,FR603273,,,
C7151,LAB_305,,E001,,,,,cctv_frames,,,,,,,,,FR603275,,,
C7151,LAB_101,,E001,,,,,cctv_frames,,,,,,,,,FR603277,,,
C7151,LAB_305,,E001,,,,,cctv_frames,,,,,,,,,FR603284,,,
C7151,AUDITORIUM,,E001,,,,,cctv_frames,,,,,,,,,FR603288,,,
C7151,LAB_101,,E001,,,,,cctv_frames,,,,,,,,,FR603291,,,
C7151,LAB_305,,E001,,,,,cctv_frames,,,,,,,,,FR603292,,,
C7151,HOSTEL_GATE,,E001,,,,,cctv_frames,,,,,,,,,FR603293,,,
C7151,LAB_305,,E001,,,,,cctv_frames,,,,,,,,,FR603294,,,
C7151,LAB_101,,E001,,,,,cctv_frames,,,,,,,,,FR603296,,,
C7151,LAB_305,,E001,,,,,cctv_frames,,,,,,,,,FR603301,,,
C7151,AUDITORIUM,,E001,,,,,cctv_frames,,,,,,,,,FR603303,,,
C7151,AUDITORIUM,,E001,,,,,cctv_frames,,,,,,,,,FR603305,,,
C7151,CAF_01,,E001,,,,,cctv_frames,,,,,,,,,FR603311,,,
C7151,GYM,,E001,,,,,cctv_frames,,,,,,,,,FR603312,,,
C7151,GYM,,E001,,,,,cctv_frames,,,,,,,,,FR603315,,,
C7151,ADMIN_LOBBY,,E001,,,,,cctv_frames,,,,,,,,,FR603316,,,
C7151,AUDITORIUM,,E001,,,,,cctv_frames,,,,,,,,,FR603317,,,
C7151,GYM,,E001,,,,,cctv_frames,,,,,,,,,FR603326,,,
C7151,AUDITORIUM,,E001,,,,,cctv_frames,,,,,,,,,FR603335,,,
C7151,GYM,,E001,,,,,cctv_frames,,,,,,,,,FR603338,,,
C7151,GYM,,E001,,,,,cctv_frames,,,,,,,,,FR603339,,,
C7151,AUDITORIUM,,E001,,,,,cctv_frames,,,,,,,,,FR603341,,,
C7151,CAF_01,,E001,,,,,cctv_frames,,,,,,,,,FR603346,,,
C7151,HOSTEL_GATE,,E001,,,,,cctv_frames,,,,,,,,,FR603348,,,
C7151,LIB_ENT,,E001,,,,,cctv_frames,,,,,,,,,FR603349,,,
C7151,GYM,,E001,,,,,cctv_frames,,,,,,,,,FR603352,,,
C7151,GYM,,E001,,,,,cctv_frames,,,,,,,,,FR603354,,,
C7151,AUDITORIUM,,E001,,,,,cctv_frames,,,,,,,,,FR603356,,,
C7151,AUDITORIUM,,E001,,,,,cctv_frames,,,,,,,,,FR603359,,,
C7151,AUDITORIUM,,E001,,,,,cctv_frames,,,,,,,,,FR603360,,,
C7151,HOSTEL_GATE,,E001,,,,,cctv_frames,,,,,,,,,FR603361,,,
C7151,LAB_101,,E001,,,,,cctv_frames,,,,,,,,,FR603363,,,
C7151,LIB_ENT,,E001,,,,,cctv_frames,,,,,,,,,FR603364,,,
C7151,ADMIN_LOBBY,,E001,,,,,cctv_frames,,,,,,,,,FR603370,,,
C7151,CAF_01,,E001,,,,,cctv_frames,,,,,,,,,FR603373,,,
C7151,LIB_ENT,,E001,,,,,cctv_frames,,,,,,,,,FR603376,,,
C7151,LAB_101,,E001,,,,,cctv_frames,,,,,,,,,FR603380,,,
C7151,ADMIN_LOBBY,,E001,,,,,cctv_frames,,,,,,,,,FR603387,,,
C7151,AUDITORIUM,,E001,,,,,cctv_frames,,,,,,,,,FR603394,,,
C7151,LAB_101,,E001,,,,,cctv_frames,,,,,,,,,FR603396,,,
C7151,AUDITORIUM,,E001,,,,,cctv_frames,,,,,,,,,FR603399,,,
C7151,LIB_ENT,,E001,,,,,cctv_frames,,,,,,,,,FR603401,,,
C7151,AUDITORIUM,,E001,,,,,cctv_frames,,,,,,,,,FR603405,,,
C7151,HOSTEL_GATE,,E001,,,,,cctv_frames,,,,,,,,,FR603406,,,
C7151,ADMIN_LOBBY,,E001,,,,,cctv_frames,,,,,,,,,FR603408,,,
C7151,AUDITORIUM,,E001,,,,,cctv_frames,,,,,,,,,FR603411,,,
C7151,AUDITORIUM,,E001,,,,,cctv_frames,,,,,,,,,FR603414,,,
C7151,ADMIN_LOBBY,,E001,,,,,cctv_frames,,,,,,,,,FR603419,,,
C7151,GYM,,E001,,,,,cctv_frames,,,,,,,,,FR603421,,,
C7151,CAF_01,,E001,,,,,cctv_frames,,,,,,,,,FR603427,,,
C7151,LAB_305,,E001,,,,,cctv_frames,,,,,,,,,FR603429,,,
C7151,AUDITORIUM,,E001,,,,,cctv_frames,,,,,,,,,FR603431,,,
C7151,LIB_ENT,,E001,,,,,cctv_frames,,,,,,,,,FR603433,,,
C7151,CAF_01,,E001,,,,,cctv_frames,,,,,,,,,FR603435,,,
C7151,LIB_ENT,,E001,,,,,cctv_frames,,,,,,,,,FR603437,,,
C7151,LIB_ENT,,E001,,,,,cctv_frames,,,,,,,,,FR603438,,,
C7151,AUDITORIUM,,E001,,,,,cctv_frames,,,,,,,,,FR603440,,,
C7151,HOSTEL_GATE,,E001,,,,,cctv_frames,,,,,,,,,FR603443,,,
C7151,CAF_01,,E001,,,,,cctv_frames,,,,,,,,,FR603447,,,
C7151,AUDITORIUM,,E001,,,,,cctv_frames,,,,,,,,,FR603449,,,
C7151,LAB_101,,E001,,,,,cctv_frames,,,,,,,,,FR603450,,,
C7151,CAF_01,,E001,,,,,cctv_frames,,,,,,,,,FR603453,,,
C7151,CAF_01,,E001,,,,,cctv_frames,,,,,,,,,FR603454,,,
C7151,HOSTEL_GATE,,E001,,,,,cctv_frames,,,,,,,,,FR603456,,,
C7151,ADMIN_LOBBY,,E001,,,,,cctv_frames,,,,,,,,,FR603457,,,
C7151,AUDITORIUM,,E001,,,,,cctv_frames,,,,,,,,,FR603459,,,
C7151,LIB_ENT,,E001,,,,,cctv_frames,,,,,,,,,FR603460,,,
C7151,HOSTEL_GATE,,E001,,,,,cctv_frames,,,,,,,,,FR603461,,,
C7151,GYM,,E001,,,,,cctv_frames,,,,,,,,,FR603462,,,
C7151,HOSTEL_GATE,,E001,,,,,cctv_frames,,,,,,,,,FR603464,,,
C7151,LIB_ENT,,E001,,,,,cctv_frames,,,,,,,,,FR603466,,,
C7151,GYM,,E001,,,,,cctv_frames,,,,,,,,,FR603467,,,
C7151,AUDITORIUM,,E001,,,,,cctv_frames,,,,,,,,,FR603471,,,
C7151,AUDITORIUM,,E001,,,,,cctv_frames,,,,,,,,,FR603477,,,
C7151,LAB_101,,E001,,,,,cctv_frames,,,,,,,,,FR603478,,,
C7151,HOSTEL_GATE,,E001,,,,,cctv_frames,,,,,,,,,FR603479,,,
C7151,HOSTEL_GATE,,E001,,,,,cctv_frames,,,,,,,,,FR603483,,,
C7151,LAB_101,,E001,,,,,cctv_frames,,,,,,,,,FR603487,,,
C7151,CAF_01,,E001,,,,,cctv_frames,,,,,,,,,FR603490,,,
C7151,AUDITORIUM,,E001,,,,,cctv_frames,,,,,,,,,FR603492,,,
C7151,ADMIN_LOBBY,,E001,,,,,cctv_frames,,,,,,,,,FR603494,,,
C7151,CAF_01,,E001,,,,,cctv_frames,,,,,,,,,FR603495,,,
C7151,LIB_ENT,,E001,,,,,cctv_frames,,,,,,,,,FR603497,,,
C7151,CAF_01,,E001,,,,,cctv_frames,,,,,,,,,FR603498,,,
C7151,GYM,,E001,,,,,cctv_frames,,,,,,,,,FR603499,,,
C7151,AUDITORIUM,,E001,,,,,cctv_frames,,,,,,,,,FR603500,,,
C7151,AUDITORIUM,,E001,,,,,cctv_frames,,,,,,,,,FR603502,,,
C7151,LIB_ENT,,E001,,,,,cctv_frames,,,,,,,,,FR603504,,,
C7151,ADMIN_LOBBY,,E001,,,,,cctv_frames,,,,,,,,,FR603507,,,
C7151,LAB_101,,E001,,,,,cctv_frames,,,,,,,,,FR603509,,,
C7151,LAB_101,,E001,,,,,cctv_frames,,,,,,,,,FR603517,,,
C7151,AUDITORIUM,,E001,,,,,cctv_frames,,,,,,,,,FR603523,,,
C7151,LAB_305,,E001,,,,,cctv_frames,,,,,,,,,FR603525,,,
C7151,GYM,,E001,,,,,cctv_frames,,,,,,,,,FR603526,,,
C7151,CAF_01,,E001,,,,,cctv_frames,,,,,,,,,FR603527,,,
C7151,AUDITORIUM,,E001,,,,,cctv_frames,,,,,,,,,FR603528,,,
C7151,ADMIN_LOBBY,,E001,,,,,cctv_frames,,,,,,,,,FR603532,,,
C7151,LAB_305,,E001,,,,,cctv_frames,,,,,,,,,FR603533,,,
C7151,LIB_ENT,,E001,,,,,cctv_frames,,,,,,,,,FR603535,,,
C7151,LAB_305,,E001,,,,,cctv_frames,,,,,,,,,FR603537,,,
C7151,AUDITORIUM,,E001,,,,,cctv_frames,,,,,,,,,FR603539,,,
C7151,AUDITORIUM,,E001,,,,,cctv_frames,,,,,,,,,FR603542,,,
C7151,LAB_101,,E001,,,,,cctv_frames,,,,,,,,,FR603543,,,
C7151,ADMIN_LOBBY,,E001,,,,,cctv_frames,,,,,,,,,FR603550,,,
C7151,HOSTEL_GATE,,E001,,,,,cctv_frames,,,,,,,,,FR603552,,,
C7151,CAF_01,,E001,,,,,cctv_frames,,,,,,,,,FR603556,,,
C7151,HOSTEL_GATE,,E001,,,,,cctv_frames,,,,,,,,,FR603561,,,
C7151,LAB_305,,E001,,,,,cctv_frames,,,,,,,,,FR603563,,,
C7151,LIB_ENT,,E001,,,,,cctv_frames,,,,,,,,,FR603568,,,
C7151,CAF_01,,E001,,,,,cctv_frames,,,,,,,,,FR603572,,,
C7151,ADMIN_LOBBY,,E001,,,,,cctv_frames,,,,,,,,,FR603579,,,
C7151,LAB_305,,E001,,,,,cctv_frames,,,,,,,,,FR603584,,,
C7151,CAF_01,,E001,,,,,cctv_frames,,,,,,,,,FR603586,,,
C7151,GYM,,E001,,,,,cctv_frames,,,,,,,,,FR603587,,,
C7151,GYM,,E001,,,,,cctv_frames,,,,,,,,,FR603588,,,
C7151,LIB_ENT,,E001,,,,,cctv_frames,,,,,,,,,FR603589,,,
C7151,LIB_ENT,,E001,,,,,cctv_frames,,,,,,,,,FR603590,,,
C7151,GYM,,E001,,,,,cctv_frames,,,,,,,,,FR603591,,,
C7151,HOSTEL_GATE,,E001,,,,,cctv_frames,,,,,,,,,FR603592,,,
C7151,HOSTEL_GATE,,E001,,,,,cctv_frames,,,,,,,,,FR603593,,,
C7151,CAF_01,,E001,,,,,cctv_frames,,,,,,,,,FR603594,,,
C7151,HOSTEL_GATE,,E001,,,,,cctv_frames,,,,,,,,,FR603600,,,
C7151,LAB_101,,E001,,,,,cctv_frames,,,,,,,,,FR603601,,,
C7151,ADMIN_LOBBY,,E001,,,,,cctv_frames,,,,,,,,,FR603603,,,
C7151,AUDITORIUM,,E001,,,,,cctv_frames,,,,,,,,,FR603608,,,
C7151,LIB_ENT,,E001,,,,,cctv_frames,,,,,,,,,FR603610,,,
C7151,LAB_305,,E001,,,,,cctv_frames,,,,,,,,,FR603612,,,
C7151,HOSTEL_GATE,,E001,,,,,cctv_frames,,,,,,,,,FR603615,,,
C7151,HOSTEL_GATE,,E001,,,,,cctv_frames,,,,,,,,,FR603616,,,
C7151,GYM,,E001,,,,,cctv_frames,,,,,,,,,FR603618,,,
C7151,ADMIN_LOBBY,,E001,,,,,cctv_frames,,,,,,,,,FR603619,,,
C7151,CAF_01,,E001,,,,,cctv_frames,,,,,,,,,FR603621,,,
C7151,GYM,,E001,,,,,cctv_frames,,,,,,,,,FR603625,,,
C7151,AUDITORIUM,,E001,,,,,cctv_frames,,,,,,,,,FR603627,,,
C7151,LIB_ENT,,E001,,,,,cctv_frames,,,,,,,,,FR603630,,,
C7151,HOSTEL_GATE,,E001,,,,,cctv_frames,,,,,,,,,FR603631,,,
C7151,HOSTEL_GATE,,E001,,,,,cctv_frames,,,,,,,,,FR603633,,,
C7151,LAB_305,,E001,,,,,cctv_frames,,,,,,,,,FR603635,,,
C7151,GYM,,E001,,,,,cctv_frames,,,,,,,,,FR603640,,,
C7151,GYM,,E001,,,,,cctv_frames,,,,,,,,,FR603643,,,
C7151,GYM,,E001,,,,,cctv_frames,,,,,,,,,FR603647,,,
C7151,HOSTEL_GATE,,E001,,,,,cctv_frames,,,,,,,,,FR603648,,,
C7151,LAB_101,,E001,,,,,cctv_frames,,,,,,,,,FR603649,,,
C7151,ADMIN_LOBBY,,E001,,,,,cctv_frames,,,,,,,,,FR603651,,,
C7151,LAB_101,,E001,,,,,cctv_frames,,,,,,,,,FR603653,,,
C7151,AUDITORIUM,,E001,,,,,cctv_frames,,,,,,,,,FR603655,,,
C7151,CAF_01,,E001,,,,,cctv_frames,,,,,,,,,FR603657,,,
C7151,LIB_ENT,,E001,,,,,cctv_frames,,,,,,,,,FR603661,,,
C7151,LAB_101,,E001,,,,,cctv_frames,,,,,,,,,FR603662,,,
C7151,AUDITORIUM,,E001,,,,,cctv_frames,,,,,,,,,FR603663,,,
C7151,LAB_101,,E001,,,,,cctv_frames,,,,,,,,,FR603664,,,
C7151,LAB_305,,E001,,,,,cctv_frames,,,,,,,,,FR603666,,,
C7151,CAF_01,,E001,,,,,cctv_frames,,,,,,,,,FR603668,,,
C7151,LAB_305,,E001,,,,,cctv_frames,,,,,,,,,FR603670,,,
C7151,ADMIN_LOBBY,,E001,,,,,cctv_frames,,,,,,,,,FR603672,,,
C7151,HOSTEL_GATE,,E001,,,,,cctv_frames,,,,,,,,,FR603674,,,
C7151,HOSTEL_GATE,,E001,,,,,cctv_frames,,,,,,,,,FR603676,,,
C7151,LAB_101,,E001,,,,,cctv_frames,,,,,,,,,FR603677,,,
C7151,AUDITORIUM,,E001,,,,,cctv_frames,,,,,,,,,FR603678,,,
C7151,LIB_ENT,,E001,,,,,cctv_frames,,,,,,,,,FR603679,,,
C7151,CAF_01,,E001,,,,,cctv_frames,,,,,,,,,FR603681,,,
C7151,ADMIN_LOBBY,,E001,,,,,cctv_frames,,,,,,,,,FR603683,,,
C7151,AUDITORIUM,,E001,,,,,cctv_frames,,,,,,,,,FR603686,,,
C7151,ADMIN_LOBBY,,E001,,,,,cctv_frames,,,,,,,,,FR603690,,,
C7151,LAB_305,,E001,,,,,cctv_frames,,,,,,,,,FR603692,,,
C7151,GYM,,E001,,,,,cctv_frames,,,,,,,,,FR603695,,,
C7151,AUDITORIUM,,E001,,,,,cctv_frames,,,,,,,,,FR603697,,,
C7151,HOSTEL_GATE,,E001,,,,,cctv_frames,,,,,,,,,FR603698,,,
C7151,LAB_305,,E001,,,,,cctv_frames,,,,,,,,,FR603701,,,
C7151,LAB_101,,E001,,,,,cctv_frames,,,,,,,,,FR603711,,,
C7151,ADMIN_LOBBY,,E001,,,,,cctv_frames,,,,,,,,,FR603714,,,
C7151,ADMIN_LOBBY,,E001,,,,,cctv_frames,,,,,,,,,FR603716,,,
C7151,CAF_01,,E001,,,,,cctv_frames,,,,,,,,,FR603717,,,
C7151,AUDITORIUM,,E001,,,,,cctv_frames,,,,,,,,,FR603722,,,
C7151,LAB_305,,E001,,,,,cctv_frames,,,,,,,,,FR603724,,,
C7151,LAB_305,,E001,,,,,cctv_frames,,,,,,,,,FR603728,,,
C7151,GYM,,E001,,,,,cctv_frames,,,,,,,,,FR603732,,,
C7151,AUDITORIUM,,E001,,,,,cctv_frames,,,,,,,,,FR603733,,,
C7151,LAB_305,,E001,,,,,cctv_frames,,,,,,,,,FR603736,,,
C7151,LAB_305,,E001,,,,,cctv_frames,,,,,,,,,FR603739,,,
C7151,LAB_305,,E001,,,,,cctv_frames,,,,,,,,,FR603741,,,
C7151,GYM,,E001,,,,,cctv_frames,,,,,,,,,FR603742,,,
C7151,LIB_ENT,,E001,,,,,cctv_frames,,,,,,,,,FR603746,,,
C7151,LAB_101,,E001,,,,,cctv_frames,,,,,,,,,FR603751,,,
C7151,AUDITORIUM,,E001,,,,,cctv_frames,,,,,,,,,FR603757,,,
C7151,LIB_ENT,,E001,,,,,cctv_frames,,,,,,,,,FR603759,,,
C7151,GYM,,E001,,,,,cctv_frames,,,,,,,,,FR603768,,,
C7151,LAB_101,,E001,,,,,cctv_frames,,,,,,,,,FR603771,,,
C7151,LAB_305,,E001,,,,,cctv_frames,,,,,,,,,FR603775,,,
C7151,AUDITORIUM,,E001,,,,,cctv_frames,,,,,,,,,FR603776,,,
C7151,LAB_305,,E001,,,,,cctv_frames,,,,,,,,,FR603777,,,
C7151,LAB_305,,E001,,,,,cctv_frames,,,,,,,,,FR603778,,,
C7151,AUDITORIUM,,E001,,,,,cctv_frames,,,,,,,,,FR603782,,,
C7151,HOSTEL_GATE,,E001,,,,,cctv_frames,,,,,,,,,FR603783,,,
C7151,CAF_01,,E001,,,,,cctv_frames,,,,,,,,,FR603786,,,
C7151,HOSTEL_GATE,,E001,,,,,cctv_frames,,,,,,,,,FR603788,,,
C7151,LAB_305,,E001,,,,,cctv_frames,,,,,,,,,FR603791,,,
C7151,AUDITORIUM,,E001,,,,,cctv_frames,,,,,,,,,FR603795,,,
C7151,LAB_305,,E001,,,,,cctv_frames,,,,,,,,,FR603796,,,
C7151,HOSTEL_GATE,,E001,,,,,cctv_frames,,,,,,,,,FR603797,,,
C7151,HOSTEL_GATE,,E001,,,,,cctv_frames,,,,,,,,,FR603799,,,
C7151,LIB_ENT,,E001,,,,,cctv_frames,,,,,,,,,FR603800,,,
C7151,GYM,,E001,,,,,cctv_frames,,,,,,,,,FR603803,,,
C7151,LIB_ENT,,E001,,,,,cctv_frames,,,,,,,,,FR603804,,,
C7151,LAB_305,,E001,,,,,cctv_frames,,,,,,,,,FR603809,,,
C7151,AUDITORIUM,,E001,,,,,cctv_frames,,,,,,,,,FR603810,,,
C7151,HOSTEL_GATE,,E001,,,,,cctv_frames,,,,,,,,,FR603811,,,
C7151,LAB_305,,E001,,,,,cctv_frames,,,,,,,,,FR603813,,,
C7151,ADMIN_LOBBY,,E001,,,,,cctv_frames,,,,,,,,,FR603815,,,
C7151,HOSTEL_GATE,,E001,,,,,cctv_frames,,,,,,,,,FR603816,,,
C7151,AUDITORIUM,,E001,,,,,cctv_frames,,,,,,,,,FR603818,,,
C7151,ADMIN_LOBBY,,E001,,,,,cctv_frames,,,,,,,,,FR603819,,,
C7151,GYM,,E001,,,,,cctv_frames,,,,,,,,,FR603820,,,
C7151,CAF_01,,E001,,,,,cctv_frames,,,,,,,,,FR603823,,,
C7151,LAB_101,,E001,,,,,cctv_frames,,,,,,,,,FR603824,,,
C7151,LAB_101,,E001,,,,,cctv_frames,,,,,,,,,FR603827,,,
C7151,AUDITORIUM,,E001,,,,,cctv_frames,,,,,,,,,FR603831,,,
C7151,HOSTEL_GATE,,E001,,,,,cctv_frames,,,,,,,,,FR603840,,,
C7151,LAB_305,,E001,,,,,cctv_frames,,,,,,,,,FR603841,,,
C7151,LIB_ENT,,E001,,,,,cctv_frames,,,,,,,,,FR603843,,,
C7151,AUDITORIUM,,E001,,,,,cctv_frames,,,,,,,,,FR603844,,,
C7151,LAB_305,,E001,,,,,cctv_frames,,,,,,,,,FR603845,,,
C7151,LAB_101,,E001,,,,,cctv_frames,,,,,,,,,FR603846,,,
C7151,GYM,,E001,,,,,cctv_frames,,,,,,,,,FR603847,,,
C7151,LAB_305,,E001,,,,,cctv_frames,,,,,,,,,FR603851,,,
C7151,GYM,,E001,,,,,cctv_frames,,,,,,,,,FR603852,,,
C7151,AUDITORIUM,,E001,,,,,cctv_frames,,,,,,,,,FR603853,,,
C7151,AUDITORIUM,,E001,,,,,cctv_frames,,,,,,,,,FR603854,,,
C7151,CAF_01,,E001,,,,,cctv_frames,,,,,,,,,FR603855,,,
C7151,HOSTEL_GATE,,E001,,,,,cctv_frames,,,,,,,,,FR603857,,,
C7151,AUDITORIUM,,E001,,,,,cctv_frames,,,,,,,,,FR603861,,,
C7151,LIB_ENT,,E001,,,,,cctv_frames,,,,,,,,,FR603862,,,
C7151,AUDITORIUM,,E001,,,,,cctv_frames,,,,,,,,,FR603864,,,
C7151,LAB_305,,E001,,,,,cctv_frames,,,,,,,,,FR603865,,,
C7151,CAF_01,,E001,,,,,cctv_frames,,,,,,,,,FR603866,,,
C7151,ADMIN_LOBBY,,E001,,,,,cctv_frames,,,,,,,,,FR603869,,,
C7151,ADMIN_LOBBY,,E001,,,,,cctv_frames,,,,,,,,,FR603871,,,
C7151,LAB_305,,E001,,,,,cctv_frames,,,,,,,,,FR603872,,,
C7151,LIB_ENT,,E001,,,,,cctv_frames,,,,,,,,,FR603878,,,
C7151,LAB_305,,E001,,,,,cctv_frames,,,,,,,,,FR603879,,,
C7151,CAF_01,,E001,,,,,cctv_frames,,,,,,,,,FR603881,,,
C7151,AUDITORIUM,,E001,,,,,cctv_frames,,,,,,,,,FR603882,,,
C7151,ADMIN_LOBBY,,E001,,,,,cctv_frames,,,,,,,,,FR603883,,,
C7151,LAB_305,,E001,,,,,cctv_frames,,,,,,,,,FR603885,,,
C7151,ADMIN_LOBBY,,E001,,,,,cctv_frames,,,,,,,,,FR603887,,,
C7151,GYM,,E001,,,,,cctv_frames,,,,,,,,,FR603888,,,
C7151,HOSTEL_GATE,,E001,,,,,cctv_frames,,,,,,,,,FR603893,,,
C7151,LIB_ENT,,E001,,,,,cctv_frames,,,,,,,,,FR603896,,,
C7151,ADMIN_LOBBY,,E001,,,,,cctv_frames,,,,,,,,,FR603898,,,
C7151,LAB_101,,E001,,,,,cctv_frames,,,,,,,,,FR603900,,,
C7151,CAF_01,,E001,,,,,cctv_frames,,,,,,,,,FR603901,,,
C7151,GYM,,E001,,,,,cctv_frames,,,,,,,,,FR603903,,,
C7151,CAF_01,,E001,,,,,cctv_frames,,,,,,,,,FR603904,,,
C7151,LAB_305,,E001,,,,,cctv_frames,,,,,,,,,FR603905,,,
C7151,AUDITORIUM,,E001,,,,,cctv_frames,,,,,,,,,FR603907,,,
C7151,GYM,,E001,,,,,cctv_frames,,,,,,,,,FR603910,,,
C7151,LAB_101,,E001,,,,,cctv_frames,,,,,,,,,FR603911,,,
C7151,HOSTEL_GATE,,E001,,,,,cctv_frames,,,,,,,,,FR603912,,,
C7151,CAF_01,,E001,,,,,cctv_frames,,,,,,,,,FR603913,,,
C7151,LAB_101,,E001,,,,,cctv_frames,,,,,,,,,FR603914,,,
C7151,GYM,,E001,,,,,cctv_frames,,,,,,,,,FR603915,,,
C7151,GYM,,E001,,,,,cctv_frames,,,,,,,,,FR603917,,,
C7151,GYM,,E001,,,,,cctv_frames,,,,,,,,,FR603919,,,
C7151,LAB_101,,E001,,,,,cctv_frames,,,,,,,,,FR603926,,,
C7151,CAF_01,,E001,,,,,cctv_frames,,,,,,,,,FR603927,,,
C7151,AUDITORIUM,,E001,,,,,cctv_frames,,,,,,,,,FR603929,,,
C7151,GYM,,E001,,,,,cctv_frames,,,,,,,,,FR603930,,,
C7151,GYM,,E001,,,,,cctv_frames,,,,,,,,,FR603932,,,
C7151,LAB_101,,E001,,,,,cctv_frames,,,,,,,,,FR603938,,,
C7151,LIB_ENT,,E001,,,,,cctv_frames,,,,,,,,,FR603941,,,
C7151,GYM,,E001,,,,,cctv_frames,,,,,,,,,FR603943,,,
C7151,CAF_01,,E001,,,,,cctv_frames,,,,,,,,,FR603944,,,
C7151,GYM,,E001,,,,,cctv_frames,,,,,,,,,FR603949,,,
C7151,ADMIN_LOBBY,,E001,,,,,cctv_frames,,,,,,,,,FR603951,,,
C7151,HOSTEL_GATE,,E001,,,,,cctv_frames,,,,,,,,,FR603952,,,
C7151,GYM,,E001,,,,,cctv_frames,,,,,,,,,FR603955,,,
C7151,LIB_ENT,,E001,,,,,cctv_frames,,,,,,,,,FR603962,,,
C7151,CAF_01,,E001,,,,,cctv_frames,,,,,,,,,FR603963,,,
C7151,AUDITORIUM,,E001,,,,,cctv_frames,,,,,,,,,FR603965,,,
C7151,LAB_305,,E001,,,,,cctv_frames,,,,,,,,,FR603966,,,
C7151,GYM,,E001,,,,,cctv_frames,,,,,,,,,FR603969,,,
C7151,LIB_ENT,,E001,,,,,cctv_frames,,,,,,,,,FR603974,,,
C7151,GYM,,E001,,,,,cctv_frames,,,,,,,,,FR603976,,,
C7151,LAB_305,,E001,,,,,cctv_frames,,,,,,,,,FR603979,,,
C7151,ADMIN_LOBBY,,E001,,,,,cctv_frames,,,,,,,,,FR603980,,,
C7151,GYM,,E001,,,,,cctv_frames,,,,,,,,,FR603982,,,
C7151,AUDITORIUM,,E001,,,,,cctv_frames,,,,,,,,,FR603983,,,
C7151,LIB_ENT,,E001,,,,,cctv_frames,,,,,,,,,FR603985,,,
C7151,GYM,,E001,,,,,cctv_frames,,,,,,,,,FR603987,,,
C7151,GYM,,E001,,,,,cctv_frames,,,,,,,,,FR603990,,,
C7151,GYM,,E001,,,,,cctv_frames,,,,,,,,,FR603992,,,
C7151,GYM,,E001,,,,,cctv_frames,,,,,,,,,FR603993,,,
C7151,ADMIN_LOBBY,,E001,,,,,cctv_frames,,,,,,,,,FR603994,,,
C7151,HOSTEL_GATE,,E001,,,,,cctv_frames,,,,,,,,,FR603995,,,
C7151,HOSTEL_GATE,,E001,,,,,cctv_frames,,,,,,,,,FR603996,,,
C7151,LIB_ENT,,E001,,,,,cctv_frames,,,,,,,,,FR603999,,,
C7151,ADMIN_LOBBY,,E001,,,,,cctv_frames,,,,,,,,,FR604000,,,
C7151,GYM,,E001,,,,,cctv_frames,,,,,,,,,FR604001,,,
C7151,HOSTEL_GATE,,E001,,,,,cctv_frames,,,,,,,,,FR604002,,,
C7151,LAB_305,,E001,,,,,cctv_frames,,,,,,,,,FR604003,,,
C7151,AUDITORIUM,,E001,,,,,cctv_frames,,,,,,,,,FR604006,,,
C7151,GYM,,E001,,,,,cctv_frames,,,,,,,,,FR604013,,,
C7151,AUDITORIUM,,E001,,,,,cctv_frames,,,,,,,,,FR604014,,,
C7151,HOSTEL_GATE,,E001,,,,,cctv_frames,,,,,,,,,FR604016,,,
C7151,LAB_305,,E001,,,,,cctv_frames,,,,,,,,,FR604017,,,
C7151,LAB_101,,E001,,,,,cctv_frames,,,,,,,,,FR604019,,,
C7151,HOSTEL_GATE,,E001,,,,,cctv_frames,,,,,,,,,FR604026,,,
C7151,LIB_ENT,,E001,,,,,cctv_frames,,,,,,,,,FR604028,,,
C7151,LAB_305,,E001,,,,,cctv_frames,,,,,,,,,FR604029,,,
C7151,ADMIN_LOBBY,,E001,,,,,cctv_frames,,,,,,,,,FR604035,,,
C7151,HOSTEL_GATE,,E001,,,,,cctv_frames,,,,,,,,,FR604036,,,
C7151,HOSTEL_GATE,,E001,,,,,cctv_frames,,,,,,,,,FR604038,,,
C7151,HOSTEL_GATE,,E001,,,,,cctv_frames,,,,,,,,,FR604040,,,
C7151,LAB_305,,E001,,,,,cctv_frames,,,,,,,,,FR604041,,,
C7151,HOSTEL_GATE,,E001,,,,,cctv_frames,,,,,,,,,FR604043,,,
C7151,CAF_01,,E001,,,,,cctv_frames,,,,,,,,,FR604046,,,
C7151,LAB_305,,E001,,,,,cctv_frames,,,,,,,,,FR604048,,,
C7151,ADMIN_LOBBY,,E001,,,,,cctv_frames,,,,,,,,,FR604052,,,
C7151,GYM,,E001,,,,,cctv_frames,,,,,,,,,FR604053,,,
C7151,GYM,,E001,,,,,cctv_frames,,,,,,,,,FR604055,,,
C7151,ADMIN_LOBBY,,E001,,,,,cctv_frames,,,,,,,,,FR604062,,,
C7151,CAF_01,,E001,,,,,cctv_frames,,,,,,,,,FR604064,,,
C7151,AUDITORIUM,,E001,,,,,cctv_frames,,,,,,,,,FR604066,,,
C7151,LAB_305,,E001,,,,,cctv_frames,,,,,,,,,FR604070,,,
C7151,LIB_ENT,,E001,,,,,cctv_frames,,,,,,,,,FR604074,,,
C7151,LAB_101,,E001,,,,,cctv_frames,,,,,,,,,FR604076,,,
C7151,CAF_01,,E001,,,,,cctv_frames,,,,,,,,,FR604079,,,
C7151,CAF_01,,E001,,,,,cctv_frames,,,,,,,,,FR604080,,,
C7151,CAF_01,,E001,,,,,cctv_frames,,,,,,,,,FR604085,,,
C7151,ADMIN_LOBBY,,E001,,,,,cctv_frames,,,,,,,,,FR604087,,,
C7151,GYM,,E001,,,,,cctv_frames,,,,,,,,,FR604090,,,
C7151,ADMIN_LOBBY,,E001,,,,,cctv_frames,,,,,,,,,FR604092,,,
C7151,AUDITORIUM,,E001,,,,,cctv_frames,,,,,,,,,FR604093,,,
C7151,LAB_305,,E001,,,,,cctv_frames,,,,,,,,,FR604094,,,
C7151,GYM,,E001,,,,,cctv_frames,,,,,,,,,FR604095,,,
C7151,AUDITORIUM,,E001,,,,,cctv_frames,,,,,,,,,FR604096,,,
C7151,LAB_101,,E001,,,,,cctv_frames,,,,,,,,,FR604099,,,
C7151,LAB_305,,E001,,,,,cctv_frames,,,,,,,,,FR604101,,,
C7151,LAB_101,,E001,,,,,cctv_frames,,,,,,,,,FR604106,,,
C7151,LIB_ENT,,E001,,,,,cctv_frames,,,,,,,,,FR604108,,,
C7151,ADMIN_LOBBY,,E001,,,,,cctv_frames,,,,,,,,,FR604111,,,
C7151,HOSTEL_GATE,,E001,,,,,cctv_frames,,,,,,,,,FR604114,,,
C7151,ADMIN_LOBBY,,E001,,,,,cctv_frames,,,,,,,,,FR604116,,,
C7151,LAB_101,,E001,,,,,cctv_frames,,,,,,,,,FR604117,,,
C7151,CAF_01,,E001,,,,,cctv_frames,,,,,,,,,FR604122,,,
C7151,LAB_305,,E001,,,,,cctv_frames,,,,,,,,,FR604124,,,
C7151,HOSTEL_GATE,,E001,,,,,cctv_frames,,,,,,,,,FR604125,,,
C7151,AUDITORIUM,,E001,,,,,cctv_frames,,,,,,,,,FR604127,,,
C7151,AUDITORIUM,,E001,,,,,cctv_frames,,,,,,,,,FR604130,,,
C7151,LAB_101,,E001,,,,,cctv_frames,,,,,,,,,FR604131,,,
C7151,GYM,,E001,,,,,cctv_frames,,,,,,,,,FR604132,,,
C7151,CAF_01,,E001,,,,,cctv_frames,,,,,,,,,FR604133,,,
C7151,HOSTEL_GATE,,E001,,,,,cctv_frames,,,,,,,,,FR604135,,,
C7151,LAB_305,,E001,,,,,cctv_frames,,,,,,,,,FR604136,,,
C7151,LAB_101,,E001,,,,,cctv_frames,,,,,,,,,FR604140,,,
C7151,CAF_01,,E001,,,,,cctv_frames,,,,,,,,,FR604143,,,
C7151,LAB_305,,E001,,,,,cctv_frames,,,,,,,,,FR604147,,,
C7151,ADMIN_LOBBY,,E001,,,,,cctv_frames,,,,,,,,,FR604149,,,
C7151,GYM,,E001,,,,,cctv_frames,,,,,,,,,FR604151,,,
C7151,LAB_101,,E001,,,,,cctv_frames,,,,,,,,,FR604155,,,
C7151,AUDITORIUM,,E001,,,,,cctv_frames,,,,,,,,,FR604156,,,
C7151,CAF_01,,E001,,,,,cctv_frames,,,,,,,,,FR604159,,,
C7151,AUDITORIUM,,E001,,,,,cctv_frames,,,,,,,,,FR604162,,,
C7151,HOSTEL_GATE,,E001,,,,,cctv_frames,,,,,,,,,FR604163,,,
C7151,ADMIN_LOBBY,,E001,,,,,cctv_frames,,,,,,,,,FR604164,,,
C7151,AUDITORIUM,,E001,,,,,cctv_frames,,,,,,,,,FR604168,,,
C7151,GYM,,E001,,,,,cctv_frames,,,,,,,,,FR604171,,,
C7151,ADMIN_LOBBY,,E001,,,,,cctv_frames,,,,,,,,,FR604174,,,
C7151,GYM,,E001,,,,,cctv_frames,,,,,,,,,FR604181,,,
C7151,GYM,,E001,,,,,cctv_frames,,,,,,,,,FR604183,,,
C7151,LIB_ENT,,E001,,,,,cctv_frames,,,,,,,,,FR604185,,,
C7151,CAF_01,,E001,,,,,cctv_frames,,,,,,,,,FR604186,,,
C7151,AUDITORIUM,,E001,,,,,cctv_frames,,,,,,,,,FR604188,,,
C7151,LAB_305,,E001,,,,,cctv_frames,,,,,,,,,FR604191,,,
C7151,GYM,,E001,,,,,cctv_frames,,,,,,,,,FR604192,,,
C7151,GYM,,E001,,,,,cctv_frames,,,,,,,,,FR604195,,,
C7151,GYM,,E001,,,,,cctv_frames,,,,,,,,,FR604197,,,
C7151,HOSTEL_GATE,,E001,,,,,cctv_frames,,,,,,,,,FR604204,,,
C7151,AUDITORIUM,,E001,,,,,cctv_frames,,,,,,,,,FR604206,,,
C7151,LIB_ENT,,E001,,,,,cctv_frames,,,,,,,,,FR604208,,,
C7151,LAB_305,,E001,,,,,cctv_frames,,,,,,,,,FR604215,,,
C7151,LAB_101,,E001,,,,,cctv_frames,,,,,,,,,FR604218,,,
C7151,ADMIN_LOBBY,,E001,,,,,cctv_frames,,,,,,,,,FR604220,,,
C7151,LIB_ENT,,E001,,,,,cctv_frames,,,,,,,,,FR604223,,,
C7151,LAB_101,,E001,,,,,cctv_frames,,,,,,,,,FR604224,,,
C7151,AUDITORIUM,,E001,,,,,cctv_frames,,,,,,,,,FR604229,,,
C7151,ADMIN_LOBBY,,E001,,,,,cctv_frames,,,,,,,,,FR604230,,,
C7151,AUDITORIUM,,E001,,,,,cctv_frames,,,,,,,,,FR604234,,,
C7151,GYM,,E001,,,,,cctv_frames,,,,,,,,,FR604236,,,
C7151,ADMIN_LOBBY,,E001,,,,,cctv_frames,,,,,,,,,FR604237,,,
C7151,CAF_01,,E001,,,,,cctv_frames,,,,,,,,,FR604238,,,
C7151,ADMIN_LOBBY,,E001,,,,,cctv_frames,,,,,,,,,FR604239,,,
C7151,HOSTEL_GATE,,E001,,,,,cctv_frames,,,,,,,,,FR604240,,,
C7151,LAB_101,,E001,,,,,cctv_frames,,,,,,,,,FR604241,,,
C7151,LIB_ENT,,E001,,,,,cctv_frames,,,,,,,,,FR604244,,,
C7151,GYM,,E001,,,,,cctv_frames,,,,,,,,,FR604245,,,
C7151,GYM,,E001,,,,,cctv_frames,,,,,,,,,FR604246,,,
C7151,LAB_305,,E001,,,,,cctv_frames,,,,,,,,,FR604247,,,
C7151,LAB_101,,E001,,,,,cctv_frames,,,,,,,,,FR604248,,,
C7151,LAB_305,,E001,,,,,cctv_frames,,,,,,,,,FR604249,,,
C7151,CAF_01,,E001,,,,,cctv_frames,,,,,,,,,FR604259,,,
C7151,ADMIN_LOBBY,,E001,,,,,cctv_frames,,,,,,,,,FR604261,,,
C7151,ADMIN_LOBBY,,E001,,,,,cctv_frames,,,,,,,,,FR604263,,,
C7151,LAB_101,,E001,,,,,cctv_frames,,,,,,,,,FR604268,,,
C7151,LAB_101,,E001,,,,,cctv_frames,,,,,,,,,FR604270,,,
C7151,LAB_305,,E001,,,,,cctv_frames,,,,,,,,,FR604272,,,
C7151,GYM,,E001,,,,,cctv_frames,,,,,,,,,FR604276,,,
C7151,LAB_101,,E001,,,,,cctv_frames,,,,,,,,,FR604282,,,
C7151,LAB_101,,E001,,,,,cctv_frames,,,,,,,,,FR604283,,,
C7151,LAB_101,,E001,,,,,cctv_frames,,,,,,,,,FR604284,,,
C7151,LIB_ENT,,E001,,,,,cctv_frames,,,,,,,,,FR604285,,,
C7151,HOSTEL_GATE,,E001,,,,,cctv_frames,,,,,,,,,FR604288,,,
C7151,LIB_ENT,,E001,,,,,cctv_frames,,,,,,,,,FR604291,,,
C7151,CAF_01,,E001,,,,,cctv_frames,,,,,,,,,FR604294,,,
C7151,CAF_01,,E001,,,,,cctv_frames,,,,,,,,,FR604302,,,
C7151,ADMIN_LOBBY,,E001,,,,,cctv_frames,,,,,,,,,FR604310,,,
C7151,AUDITORIUM,,E001,,,,,cctv_frames,,,,,,,,,FR604311,,,
C7151,CAF_01,,E001,,,,,cctv_frames,,,,,,,,,FR604312,,,
C7151,LAB_305,,E001,,,,,cctv_frames,,,,,,,,,FR604313,,,
C7151,LIB_ENT,,E001,,,,,cctv_frames,,,,,,,,,FR604316,,,
C7151,HOSTEL_GATE,,E001,,,,,cctv_frames,,,,,,,,,FR604317,,,
C7151,HOSTEL_GATE,,E001,,,,,cctv_frames,,,,,,,,,FR604322,,,
C7151,HOSTEL_GATE,,E001,,,,,cctv_frames,,,,,,,,,FR604324,,,
C7151,LAB_305,,E001,,,,,cctv_frames,,,,,,,,,FR604325,,,
C7151,AUDITORIUM,,E001,,,,,cctv_frames,,,,,,,,,FR604326,,,
C7151,CAF_01,,E001,,,,,cctv_frames,,,,,,,,,FR604327,,,
C7151,CAF_01,,E001,,,,,cctv_frames,,,,,,,,,FR604330,,,
C7151,CAF_01,,E001,,,,,cctv_frames,,,,,,,,,FR604333,,,
C7151,AUDITORIUM,,E001,,,,,cctv_frames,,,,,,,,,FR604337,,,
C7151,CAF_01,,E001,,,,,cctv_frames,,,,,,,,,FR604338,,,
C7151,ADMIN_LOBBY,,E001,,,,,cctv_frames,,,,,,,,,FR604341,,,
C7151,GYM,,E001,,,,,cctv_frames,,,,,,,,,FR604346,,,
C7151,LIB_ENT,,E001,,,,,cctv_frames,,,,,,,,,FR604355,,,
C7151,LIB_ENT,,E001,,,,,cctv_frames,,,,,,,,,FR604356,,,
C7151,LAB_101,,E001,,,,,cctv_frames,,,,,,,,,FR604360,,,
C7151,LAB_101,,E001,,,,,cctv_frames,,,,,,,,,FR604361,,,
C7151,CAF_01,,E001,,,,,cctv_frames,,,,,,,,,FR604369,,,
C7151,ADMIN_LOBBY,,E001,,,,,cctv_frames,,,,,,,,,FR604373,,,
C7151,GYM,,E001,,,,,cctv_frames,,,,,,,,,FR604375,,,
C7151,GYM,,E001,,,,,cctv_frames,,,,,,,,,FR604379,,,
C7151,ADMIN_LOBBY,,E001,,,,,cctv_frames,,,,,,,,,FR604381,,,
C7151,GYM,,E001,,,,,cctv_frames,,,,,,,,,FR604382,,,
C7151,ADMIN_LOBBY,,E001,,,,,cctv_frames,,,,,,,,,FR604383,,,
C7151,GYM,,E001,,,,,cctv_frames,,,,,,,,,FR604387,,,
C7151,LIB_ENT,,E001,,,,,cctv_frames,,,,,,,,,FR604389,,,
C7151,LIB_ENT,,E001,,,,,cctv_frames,,,,,,,,,FR604391,,,
C7151,ADMIN_LOBBY,,E001,,,,,cctv_frames,,,,,,,,,FR604395,,,
C7151,CAF_01,,E001,,,,,cctv_frames,,,,,,,,,FR604396,,,
C7151,LAB_101,,E001,,,,,cctv_frames,,,,,,,,,FR604398,,,
C7151,ADMIN_LOBBY,,E001,,,,,cctv_frames,,,,,,,,,FR604399,,,
C7151,LIB_ENT,,E001,,,,,cctv_frames,,,,,,,,,FR604401,,,
C7151,LAB_101,,E001,,,,,cctv_frames,,,,,,,,,FR604404,,,
C7151,LAB_305,,E001,,,,,cctv_frames,,,,,,,,,FR604405,,,
C7151,HOSTEL_GATE,,E001,,,,,cctv_frames,,,,,,,,,FR604407,,,
C7151,LAB_305,,E001,,,,,cctv_frames,,,,,,,,,FR604408,,,
C7151,LIB_ENT,,E001,,,,,cctv_frames,,,,,,,,,FR604409,,,
C7151,ADMIN_LOBBY,,E001,,,,,cctv_frames,,,,,,,,,FR604412,,,
C7151,LIB_ENT,,E001,,,,,cctv_frames,,,,,,,,,FR604413,,,
C7151,LIB_ENT,,E001,,,,,cctv_frames,,,,,,,,,FR604415,,,
C7151,LAB_101,,E001,,,,,cctv_frames,,,,,,,,,FR604419,,,
C7151,AUDITORIUM,,E001,,,,,cctv_frames,,,,,,,,,FR604424,,,
C7151,HOSTEL_GATE,,E001,,,,,cctv_frames,,,,,,,,,FR604425,,,
C7151,GYM,,E001,,,,,cctv_frames,,,,,,,,,FR604426,,,
C7151,CAF_01,,E001,,,,,cctv_frames,,,,,,,,,FR604427,,,
C7151,GYM,,E001,,,,,cctv_frames,,,,,,,,,FR604428,,,
C7151,ADMIN_LOBBY,,E001,,,,,cctv_frames,,,,,,,,,FR604430,,,
C7151,LAB_305,,E001,,,,,cctv_frames,,,,,,,,,FR604431,,,
C7151,HOSTEL_GATE,,E001,,,,,cctv_frames,,,,,,,,,FR604435,,,
C7151,AUDITORIUM,,E001,,,,,cctv_frames,,,,,,,,,FR604438,,,
C7151,HOSTEL_GATE,,E001,,,,,cctv_frames,,,,,,,,,FR604440,,,
C7151,HOSTEL_GATE,,E001,,,,,cctv_frames,,,,,,,,,FR604442,,,
C7151,ADMIN_LOBBY,,E001,,,,,cctv_frames,,,,,,,,,FR604444,,,
C7151,HOSTEL_GATE,,E001,,,,,cctv_frames,,,,,,,,,FR604445,,,
C7151,CAF_01,,E001,,,,,cctv_frames,,,,,,,,,FR604448,,,
C7151,GYM,,E001,,,,,cctv_frames,,,,,,,,,FR604449,,,
C7151,HOSTEL_GATE,,E001,,,,,cctv_frames,,,,,,,,,FR604451,,,
C7151,LIB_ENT,,E001,,,,,cctv_frames,,,,,,,,,FR604455,,,
C7151,CAF_01,,E001,,,,,cctv_frames,,,,,,,,,FR604463,,,
C7151,AUDITORIUM,,E001,,,,,cctv_frames,,,,,,,,,FR604464,,,
C7151,LAB_305,,E001,,,,,cctv_frames,,,,,,,,,FR604469,,,
C7151,AUDITORIUM,,E001,,,,,cctv_frames,,,,,,,,,FR604470,,,
C7151,LAB_305,,E001,,,,,cctv_frames,,,,,,,,,FR604471,,,
C7151,ADMIN_LOBBY,,E001,,,,,cctv_frames,,,,,,,,,FR604473,,,
C7151,LAB_101,,E001,,,,,cctv_frames,,,,,,,,,FR604475,,,
C7151,GYM,,E001,,,,,cctv_frames,,,,,,,,,FR604477,,,
C7151,HOSTEL_GATE,,E001,,,,,cctv_frames,,,,,,,,,FR604478,,,
C7151,CAF_01,,E001,,,,,cctv_frames,,,,,,,,,FR604480,,,
C7151,GYM,,E001,,,,,cctv_frames,,,,,,,,,FR604481,,,
C7151,HOSTEL_GATE,,E001,,,,,cctv_frames,,,,,,,,,FR604483,,,
C7151,GYM,,E001,,,,,cctv_frames,,,,,,,,,FR604485,,,
C7151,AUDITORIUM,,E001,,,,,cctv_frames,,,,,,,,,FR604486,,,
C7151,CAF_01,,E001,,,,,cctv_frames,,,,,,,,,FR604488,,,
C7151,GYM,,E001,,,,,cctv_frames,,,,,,,,,FR604489,,,
C7151,LAB_305,,E001,,,,,cctv_frames,,,,,,,,,FR604490,,,
C7151,LIB_ENT,,E001,,,,,cctv_frames,,,,,,,,,FR604491,,,
C7151,GYM,,E001,,,,,cctv_frames,,,,,,,,,FR604500,,,
C7151,AUDITORIUM,,E001,,,,,cctv_frames,,,,,,,,,FR604502,,,
C7151,LAB_101,,E001,,,,,cctv_frames,,,,,,,,,FR604503,,,
C7151,GYM,,E001,,,,,cctv_frames,,,,,,,,,FR604505,,,
C7151,CAF_01,,E001,,,,,cctv_frames,,,,,,,,,FR604506,,,
C7151,LAB_101,,E001,,,,,cctv_frames,,,,,,,,,FR604508,,,
C7151,CAF_01,,E001,,,,,cctv_frames,,,,,,,,,FR604513,,,
C7151,LAB_305,,E001,,,,,cctv_frames,,,,,,,,,FR604514,,,
C7151,LAB_101,,E001,,,,,cctv_frames,,,,,,,,,FR604519,,,
C7151,ADMIN_LOBBY,,E001,,,,,cctv_frames,,,,,,,,,FR604523,,,
C7151,ADMIN_LOBBY,,E001,,,,,cctv_frames,,,,,,,,,FR604524,,,
C7151,ADMIN_LOBBY,,E001,,,,,cctv_frames,,,,,,,,,FR604526,,,
C7151,LIB_ENT,,E001,,,,,cctv_frames,,,,,,,,,FR604531,,,
C7151,AUDITORIUM,,E001,,,,,cctv_frames,,,,,,,,,FR604534,,,
C7151,HOSTEL_GATE,,E001,,,,,cctv_frames,,,,,,,,,FR604535,,,
C7151,GYM,,E001,,,,,cctv_frames,,,,,,,,,FR604536,,,
C7151,CAF_01,,E001,,,,,cctv_frames,,,,,,,,,FR604539,,,
C7151,ADMIN_LOBBY,,E001,,,,,cctv_frames,,,,,,,,,FR604541,,,
C7151,ADMIN_LOBBY,,E001,,,,,cctv_frames,,,,,,,,,FR604547,,,
C7151,ADMIN_LOBBY,,E001,,,,,cctv_frames,,,,,,,,,FR604550,,,
C7151,HOSTEL_GATE,,E001,,,,,cctv_frames,,,,,,,,,FR604551,,,
C7151,LAB_101,,E001,,,,,cctv_frames,,,,,,,,,FR604552,,,
C7151,AUDITORIUM,,E001,,,,,cctv_frames,,,,,,,,,FR604561,,,
C7151,ADMIN_LOBBY,,E001,,,,,cctv_frames,,,,,,,,,FR604564,,,
C7151,LIB_ENT,,E001,,,,,cctv_frames,,,,,,,,,FR604567,,,
C7151,LIB_ENT,,E001,,,,,cctv_frames,,,,,,,,,FR604569,,,
C7151,GYM,,E001,,,,,cctv_frames,,,,,,,,,FR604571,,,
C7151,GYM,,E001,,,,,cctv_frames,,,,,,,,,FR604573,,,
C7151,LAB_305,,E001,,,,,cctv_frames,,,,,,,,,FR604577,,,
C7151,LIB_ENT,,E001,,,,,cctv_frames,,,,,,,,,FR604581,,,
C7151,LIB_ENT,,E001,,,,,cctv_frames,,,,,,,,,FR604584,,,
C7151,LAB_305,,E001,,,,,cctv_frames,,,,,,,,,FR604585,,,
C7151,GYM,,E001,,,,,cctv_frames,,,,,,,,,FR604586,,,
C7151,CAF_01,,E001,,,,,cctv_frames,,,,,,,,,FR604588,,,
C7151,LAB_305,,E001,,,,,cctv_frames,,,,,,,,,FR604589,,,
C7151,HOSTEL_GATE,,E001,,,,,cctv_frames,,,,,,,,,FR604591,,,
C7151,CAF_01,,E001,,,,,cctv_frames,,,,,,,,,FR604592,,,
C7151,HOSTEL_GATE,,E001,,,,,cctv_frames,,,,,,,,,FR604593,,,
C7151,HOSTEL_GATE,,E001,,,,,cctv_frames,,,,,,,,,FR604595,,,
C7151,LAB_101,,E001,,,,,cctv_frames,,,,,,,,,FR604597,,,
C7151,CAF_01,,E001,,,,,cctv_frames,,,,,,,,,FR604599,,,
C7151,CAF_01,,E001,,,,,cctv_frames,,,,,,,,,FR604600,,,
C7151,HOSTEL_GATE,,E001,,,,,cctv_frames,,,,,,,,,FR604604,,,
C7151,LIB_ENT,,E001,,,,,cctv_frames,,,,,,,,,FR604608,,,
C7151,ADMIN_LOBBY,,E001,,,,,cctv_frames,,,,,,,,,FR604609,,,
C7151,AUDITORIUM,,E001,,,,,cctv_frames,,,,,,,,,FR604611,,,
C7151,AUDITORIUM,,E001,,,,,cctv_frames,,,,,,,,,FR604612,,,
C7151,AUDITORIUM,,E001,,,,,cctv_frames,,,,,,,,,FR604613,,,
C7151,LAB_101,,E001,,,,,cctv_frames,,,,,,,,,FR604615,,,
C7151,HOSTEL_GATE,,E001,,,,,cctv_frames,,,,,,,,,FR604616,,,
C7151,LAB_101,,E001,,,,,cctv_frames,,,,,,,,,FR604619,,,
C7151,GYM,,E001,,,,,cctv_frames,,,,,,,,,FR604622,,,
C7151,LAB_101,,E001,,,,,cctv_frames,,,,,,,,,FR604623,,,
C7151,LAB_305,,E001,,,,,cctv_frames,,,,,,,,,FR604624,,,
C7151,LIB_ENT,,E001,,,,,cctv_frames,,,,,,,,,FR604625,,,
C7151,AUDITORIUM,,E001,,,,,cctv_frames,,,,,,,,,FR604626,,,
C7151,CAF_01,,E001,,,,,cctv_frames,,,,,,,,,FR604629,,,
C7151,ADMIN_LOBBY,,E001,,,,,cctv_frames,,,,,,,,,FR604630,,,
C7151,LAB_101,,E001,,,,,cctv_frames,,,,,,,,,FR604631,,,
C7151,LIB_ENT,,E001,,,,,cctv_frames,,,,,,,,,FR604632,,,
C7151,ADMIN_LOBBY,,E001,,,,,cctv_frames,,,,,,,,,FR604634,,,
C7151,CAF_01,,E001,,,,,cctv_frames,,,,,,,,,FR604635,,,
C7151,AUDITORIUM,,E001,,,,,cctv_frames,,,,,,,,,FR604636,,,
C7151,AUDITORIUM,,E001,,,,,cctv_frames,,,,,,,,,FR604637,,,
C7151,LAB_101,,E001,,,,,cctv_frames,,,,,,,,,FR604639,,,
C7151,CAF_01,,E001,,,,,cctv_frames,,,,,,,,,FR604641,,,
C7151,ADMIN_LOBBY,,E001,,,,,cctv_frames,,,,,,,,,FR604642,,,
C7151,LIB_ENT,,E001,,,,,cctv_frames,,,,,,,,,FR604646,,,
C7151,HOSTEL_GATE,,E001,,,,,cctv_frames,,,,,,,,,FR604647,,,
C7151,ADMIN_LOBBY,,E001,,,,,cctv_frames,,,,,,,,,FR604652,,,
C7151,LAB_101,,E001,,,,,cctv_frames,,,,,,,,,FR604653,,,
C7151,ADMIN_LOBBY,,E001,,,,,cctv_frames,,,,,,,,,FR604655,,,
C7151,GYM,,E001,,,,,cctv_frames,,,,,,,,,FR604657,,,
C7151,LAB_101,,E001,,,,,cctv_frames,,,,,,,,,FR604659,,,
C7151,LIB_ENT,,E001,,,,,cctv_frames,,,,,,,,,FR604663,,,
C7151,LAB_101,,E001,,,,,cctv_frames,,,,,,,,,FR604664,,,
C7151,LAB_101,,E001,,,,,cctv_frames,,,,,,,,,FR604669,,,
C7151,LAB_305,,E001,,,,,cctv_frames,,,,,,,,,FR604670,,,
C7151,LIB_ENT,,E001,,,,,cctv_frames,,,,,,,,,FR604672,,,
C7151,LAB_305,,E001,,,,,cctv_frames,,,,,,,,,FR604674,,,
C7151,GYM,,E001,,,,,cctv_frames,,,,,,,,,FR604676,,,
C7151,LAB_305,,E001,,,,,cctv_frames,,,,,,,,,FR604679,,,
C7151,LAB_305,,E001,,,,,cctv_frames,,,,,,,,,FR604683,,,
C7151,LIB_ENT,,E001,,,,,cctv_frames,,,,,,,,,FR604685,,,
C7151,CAF_01,,E001,,,,,cctv_frames,,,,,,,,,FR604687,,,
C7151,HOSTEL_GATE,,E001,,,,,cctv_frames,,,,,,,,,FR604692,,,
C7151,ADMIN_LOBBY,,E001,,,,,cctv_frames,,,,,,,,,FR604693,,,
C7151,HOSTEL_GATE,,E001,,,,,cctv_frames,,,,,,,,,FR604694,,,
C7151,AUDITORIUM,,E001,,,,,cctv_frames,,,,,,,,,FR604695,,,
C7151,ADMIN_LOBBY,,E001,,,,,cctv_frames,,,,,,,,,FR604697,,,
C7151,LAB_305,,E001,,,,,cctv_frames,,,,,,,,,FR604698,,,
C7151,LAB_101,,E001,,,,,cctv_frames,,,,,,,,,FR604700,,,
C7151,LAB_305,,E001,,,,,cctv_frames,,,,,,,,,FR604704,,,
C7151,GYM,,E001,,,,,cctv_frames,,,,,,,,,FR604710,,,
C7151,CAF_01,,E001,,,,,cctv_frames,,,,,,,,,FR604712,,,
C7151,GYM,,E001,,,,,cctv_frames,,,,,,,,,FR604715,,,
C7151,GYM,,E001,,,,,cctv_frames,,,,,,,,,FR604718,,,
C7151,GYM,,E001,,,,,cctv_frames,,,,,,,,,FR604719,,,
C7151,LAB_305,,E001,,,,,cctv_frames,,,,,,,,,FR604720,,,
C7151,AUDITORIUM,,E001,,,,,cctv_frames,,,,,,,,,FR604724,,,
C7151,LIB_ENT,,E001,,,,,cctv_frames,,,,,,,,,FR604726,,,
C7151,CAF_01,,E001,,,,,cctv_frames,,,,,,,,,FR604730,,,
C7151,AUDITORIUM,,E001,,,,,cctv_frames,,,,,,,,,FR604731,,,
C7151,HOSTEL_GATE,,E001,,,,,cctv_frames,,,,,,,,,FR604734,,,
C7151,ADMIN_LOBBY,,E001,,,,,cctv_frames,,,,,,,,,FR604736,,,
C7151,LAB_305,,E001,,,,,cctv_frames,,,,,,,,,FR604737,,,
C7151,CAF_01,,E001,,,,,cctv_frames,,,,,,,,,FR604739,,,
C7151,LAB_101,,E001,,,,,cctv_frames,,,,,,,,,FR604742,,,
C7151,HOSTEL_GATE,,E001,,,,,cctv_frames,,,,,,,,,FR604747,,,
C7151,AUDITORIUM,,E001,,,,,cctv_frames,,,,,,,,,FR604750,,,
C7151,AUDITORIUM,,E001,,,,,cctv_frames,,,,,,,,,FR604752,,,
C7151,HOSTEL_GATE,,E001,,,,,cctv_frames,,,,,,,,,FR604756,,,
C7151,AUDITORIUM,,E001,,,,,cctv_frames,,,,,,,,,FR604761,,,
C7151,LAB_101,,E001,,,,,cctv_frames,,,,,,,,,FR604763,,,
C7151,GYM,,E001,,,,,cctv_frames,,,,,,,,,FR604765,,,
C7151,AUDITORIUM,,E001,,,,,cctv_frames,,,,,,,,,FR604767,,,
C7151,LAB_101,,E001,,,,,cctv_frames,,,,,,,,,FR604769,,,
C7151,HOSTEL_GATE,,E001,,,,,cctv_frames,,,,,,,,,FR604771,,,
C7151,LIB_ENT,,E001,,,,,cctv_frames,,,,,,,,,FR604772,,,
C7151,AUDITORIUM,,E001,,,,,cctv_frames,,,,,,,,,FR604774,,,
C7151,HOSTEL_GATE,,E001,,,,,cctv_frames,,,,,,,,,FR604775,,,
C7151,HOSTEL_GATE,,E001,,,,,cctv_frames,,,,,,,,,FR604778,,,
C7151,GYM,,E001,,,,,cctv_frames,,,,,,,,,FR604787,,,
C7151,LIB_ENT,,E001,,,,,cctv_frames,,,,,,,,,FR604788,,,
C7151,GYM,,E001,,,,,cctv_frames,,,,,,,,,FR604789,,,
C7151,CAF_01,,E001,,,,,cctv_frames,,,,,,,,,FR604792,,,
C7151,GYM,,E001,,,,,cctv_frames,,,,,,,,,FR604793,,,
C7151,LAB_101,,E001,,,,,cctv_frames,,,,,,,,,FR604797,,,
C7151,AUDITORIUM,,E001,,,,,cctv_frames,,,,,,,,,FR604800,,,
C7151,LAB_101,,E001,,,,,cctv_frames,,,,,,,,,FR604801,,,
C7151,HOSTEL_GATE,,E001,,,,,cctv_frames,,,,,,,,,FR604802,,,
C7151,LAB_101,,E001,,,,,cctv_frames,,,,,,,,,FR604804,,,
C7151,AUDITORIUM,,E001,,,,,cctv_frames,,,,,,,,,FR604805,,,
C7151,LAB_305,,E001,,,,,cctv_frames,,,,,,,,,FR604808,,,
C7151,LAB_305,,E001,,,,,cctv_frames,,,,,,,,,FR604811,,,
C7151,ADMIN_LOBBY,,E001,,,,,cctv_frames,,,,,,,,,FR604815,,,
C7151,CAF_01,,E001,,,,,cctv_frames,,,,,,,,,FR604816,,,
C7151,GYM,,E001,,,,,cctv_frames,,,,,,,,,FR604819,,,
C7151,LAB_305,,E001,,,,,cctv_frames,,,,,,,,,FR604821,,,
C7151,CAF_01,,E001,,,,,cctv_frames,,,,,,,,,FR604825,,,
C7151,LAB_305,,E001,,,,,cctv_frames,,,,,,,,,FR604827,,,
C7151,CAF_01,,E001,,,,,cctv_frames,,,,,,,,,FR604829,,,
C7151,LIB_ENT,,E001,,,,,cctv_frames,,,,,,,,,FR604833,,,
C7151,HOSTEL_GATE,,E001,,,,,cctv_frames,,,,,,,,,FR604842,,,
C7151,ADMIN_LOBBY,,E001,,,,,cctv_frames,,,,,,,,,FR604844,,,
C7151,GYM,,E001,,,,,cctv_frames,,,,,,,,,FR604847,,,
C7151,LAB_101,,E001,,,,,cctv_frames,,,,,,,,,FR604850,,,
C7151,LIB_ENT,,E001,,,,,cctv_frames,,,,,,,,,FR604851,,,
C7151,HOSTEL_GATE,,E001,,,,,cctv_frames,,,,,,,,,FR604852,,,
C7151,LAB_101,,E001,,,,,cctv_frames,,,,,,,,,FR604855,,,
C7151,CAF_01,,E001,,,,,cctv_frames,,,,,,,,,FR604857,,,
C7151,LAB_101,,E001,,,,,cctv_frames,,,,,,,,,FR604860,,,
C7151,LAB_101,,E001,,,,,cctv_frames,,,,,,,,,FR604861,,,
C7151,HOSTEL_GATE,,E001,,,,,cctv_frames,,,,,,,,,FR604867,,,
C7151,ADMIN_LOBBY,,E001,,,,,cctv_frames,,,,,,,,,FR604868,,,
C7151,GYM,,E001,,,,,cctv_frames,,,,,,,,,FR604869,,,
C7151,HOSTEL_GATE,,E001,,,,,cctv_frames,,,,,,,,,FR604870,,,
C7151,AUDITORIUM,,E001,,,,,cctv_frames,,,,,,,,,FR604873,,,
C7151,LIB_ENT,,E001,,,,,cctv_frames,,,,,,,,,FR604875,,,
C7151,ADMIN_LOBBY,,E001,,,,,cctv_frames,,,,,,,,,FR604876,,,
C7151,CAF_01,,E001,,,,,cctv_frames,,,,,,,,,FR604877,,,
C7151,LAB_101,,E001,,,,,cctv_frames,,,,,,,,,FR604879,,,
C7151,LAB_305,,E001,,,,,cctv_frames,,,,,,,,,FR604880,,,
C7151,CAF_01,,E001,,,,,cctv_frames,,,,,,,,,FR604882,,,
C7151,GYM,,E001,,,,,cctv_frames,,,,,,,,,FR604885,,,
C7151,ADMIN_LOBBY,,E001,,,,,cctv_frames,,,,,,,,,FR604889,,,
C7151,LAB_101,,E001,,,,,cctv_frames,,,,,,,,,FR604891,,,
C7151,AUDITORIUM,,E001,,,,,cctv_frames,,,,,,,,,FR604895,,,
C7151,ADMIN_LOBBY,,E001,,,,,cctv_frames,,,,,,,,,FR604896,,,
C7151,LAB_305,,E001,,,,,cctv_frames,,,,,,,,,FR604897,,,
C7151,LAB_101,,E001,,,,,cctv_frames,,,,,,,,,FR604898,,,
C7151,LIB_ENT,,E001,,,,,cctv_frames,,,,,,,,,FR604900,,,
C7151,LAB_305,,E001,,,,,cctv_frames,,,,,,,,,FR604904,,,
C7151,ADMIN_LOBBY,,E001,,,,,cctv_frames,,,,,,,,,FR604906,,,
C7151,AUDITORIUM,,E001,,,,,cctv_frames,,,,,,,,,FR604908,,,
C7151,GYM,,E001,,,,,cctv_frames,,,,,,,,,FR604909,,,
C7151,LAB_101,,E001,,,,,cctv_frames,,,,,,,,,FR604910,,,
C7151,CAF_01,,E001,,,,,cctv_frames,,,,,,,,,FR604911,,,
C7151,CAF_01,,E001,,,,,cctv_frames,,,,,,,,,FR604913,,,
C7151,AUDITORIUM,,E001,,,,,cctv_frames,,,,,,,,,FR604915,,,
C7151,AUDITORIUM,,E001,,,,,cctv_frames,,,,,,,,,FR604916,,,
C7151,LAB_305,,E001,,,,,cctv_frames,,,,,,,,,FR604923,,,
C7151,AUDITORIUM,,E001,,,,,cctv_frames,,,,,,,,,FR604924,,,
C7151,CAF_01,,E001,,,,,cctv_frames,,,,,,,,,FR604935,,,
C7151,GYM,,E001,,,,,cctv_frames,,,,,,,,,FR604937,,,
C7151,LIB_ENT,,E001,,,,,cctv_frames,,,,,,,,,FR604938,,,
C7151,AUDITORIUM,,E001,,,,,cctv_frames,,,,,,,,,FR604939,,,
C7151,AUDITORIUM,,E001,,,,,cctv_frames,,,,,,,,,FR604943,,,
C7151,HOSTEL_GATE,,E001,,,,,cctv_frames,,,,,,,,,FR604950,,,
C7151,LIB_ENT,,E001,,,,,cctv_frames,,,,,,,,,FR604952,,,
C7151,AUDITORIUM,,E001,,,,,cctv_frames,,,,,,,,,FR604953,,,
C7151,HOSTEL_GATE,,E001,,,,,cctv_frames,,,,,,,,,FR604954,,,
C7151,LAB_305,,E001,,,,,cctv_frames,,,,,,,,,FR604956,,,
C7151,AUDITORIUM,,E001,,,,,cctv_frames,,,,,,,,,FR604957,,,
C7151,LIB_ENT,,E001,,,,,cctv_frames,,,,,,,,,FR604959,,,
C7151,LAB_305,,E001,,,,,cctv_frames,,,,,,,,,FR604961,,,
C7151,CAF_01,,E001,,,,,cctv_frames,,,,,,,,,FR604962,,,
C7151,LAB_101,,E001,,,,,cctv_frames,,,,,,,,,FR604963,,,
C7151,ADMIN_LOBBY,,E001,,,,,cctv_frames,,,,,,,,,FR604967,,,
C7151,HOSTEL_GATE,,E001,,,,,cctv_frames,,,,,,,,,FR604970,,,
C7151,LAB_101,,E001,,,,,cctv_frames,,,,,,,,,FR604972,,,
C7151,GYM,,E001,,,,,cctv_frames,,,,,,,,,FR604973,,,
C7151,AUDITORIUM,,E001,,,,,cctv_frames,,,,,,,,,FR604975,,,
C7151,AUDITORIUM,,E001,,,,,cctv_frames,,,,,,,,,FR604980,,,
C7151,AUDITORIUM,,E001,,,,,cctv_frames,,,,,,,,,FR604981,,,
C7151,GYM,,E001,,,,,cctv_frames,,,,,,,,,FR604982,,,
C7151,AUDITORIUM,,E001,,,,,cctv_frames,,,,,,,,,FR604983,,,
C7151,GYM,,E001,,,,,cctv_frames,,,,,,,,,FR604991,,,
C7151,AUDITORIUM,,E001,,,,,cctv_frames,,,,,,,,,FR604993,,,
C7151,ADMIN_LOBBY,,E001,,,,,cctv_frames,,,,,,,,,FR604995,,,
C7151,CAF_01,,E001,,,,,cctv_frames,,,,,,,,,FR604998,,,
C7151,GYM,,E001,,,,,cctv_frames,,,,,,,,,FR605008,,,
C7151,LAB_305,,E001,,,,,cctv_frames,,,,,,,,,FR605009,,,
C7151,LAB_101,,E001,,,,,cctv_frames,,,,,,,,,FR605014,,,
C7151,LAB_305,,E001,,,,,cctv_frames,,,,,,,,,FR605016,,,
C7151,LIB_ENT,,E001,,,,,cctv_frames,,,,,,,,,FR605018,,,
C7151,ADMIN_LOBBY,,E001,,,,,cctv_frames,,,,,,,,,FR605020,,,
C7151,ADMIN_LOBBY,,E001,,,,,cctv_frames,,,,,,,,,FR605022,,,
C7151,HOSTEL_GATE,,E001,,,,,cctv_frames,,,,,,,,,FR605024,,,
C7151,LAB_305,,E001,,,,,cctv_frames,,,,,,,,,FR605027,,,
C7151,LIB_ENT,,E001,,,,,cctv_frames,,,,,,,,,FR605028,,,
C7151,CAF_01,,E001,,,,,cctv_frames,,,,,,,,,FR605031,,,
C7151,LAB_305,,E001,,,,,cctv_frames,,,,,,,,,FR605032,,,
C7151,GYM,,E001,,,,,cctv_frames,,,,,,,,,FR605033,,,
C7151,HOSTEL_GATE,,E001,,,,,cctv_frames,,,,,,,,,FR605035,,,
C7151,CAF_01,,E001,,,,,cctv_frames,,,,,,,,,FR605037,,,
C7151,ADMIN_LOBBY,,E001,,,,,cctv_frames,,,,,,,,,FR605038,,,
C7151,ADMIN_LOBBY,,E001,,,,,cctv_frames,,,,,,,,,FR605040,,,
C7151,GYM,,E001,,,,,cctv_frames,,,,,,,,,FR605042,,,
C7151,LAB_305,,E001,,,,,cctv_frames,,,,,,,,,FR605044,,,
C7151,HOSTEL_GATE,,E001,,,,,cctv_frames,,,,,,,,,FR605045,,,
C7151,ADMIN_LOBBY,,E001,,,,,cctv_frames,,,,,,,,,FR605047,,,
C7151,GYM,,E001,,,,,cctv_frames,,,,,,,,,FR605050,,,
C7151,AUDITORIUM,,E001,,,,,cctv_frames,,,,,,,,,FR605051,,,
C7151,LAB_101,,E001,,,,,cctv_frames,,,,,,,,,FR605053,,,
C7151,LIB_ENT,,E001,,,,,cctv_frames,,,,,,,,,FR605055,,,
C7151,HOSTEL_GATE,,E001,,,,,cctv_frames,,,,,,,,,FR605060,,,
C7151,LAB_101,,E001,,,,,cctv_frames,,,,,,,,,FR605061,,,
C7151,AUDITORIUM,,E001,,,,,cctv_frames,,,,,,,,,FR605064,,,
C7151,LAB_305,,E001,,,,,cctv_frames,,,,,,,,,FR605067,,,
C7151,LAB_305,,E001,,,,,cctv_frames,,,,,,,,,FR605073,,,
C7151,HOSTEL_GATE,,E001,,,,,cctv_frames,,,,,,,,,FR605075,,,
C7151,LAB_101,,E001,,,,,cctv_frames,,,,,,,,,FR605076,,,
C7151,LAB_305,,E001,,,,,cctv_frames,,,,,,,,,FR605077,,,
C7151,CAF_01,,E001,,,,,cctv_frames,,,,,,,,,FR605080,,,
C7151,CAF_01,,E001,,,,,cctv_frames,,,,,,,,,FR605081,,,
C7151,CAF_01,,E001,,,,,cctv_frames,,,,,,,,,FR605082,,,
C7151,AUDITORIUM,,E001,,,,,cctv_frames,,,,,,,,,FR605086,,,
C7151,LAB_101,,E001,,,,,cctv_frames,,,,,,,,,FR605089,,,
C7151,AUDITORIUM,,E001,,,,,cctv_frames,,,,,,,,,FR605090,,,
C7151,GYM,,E001,,,,,cctv_frames,,,,,,,,,FR605091,,,
C7151,AUDITORIUM,,E001,,,,,cctv_frames,,,,,,,,,FR605092,,,
C7151,LAB_305,,E001,,,,,cctv_frames,,,,,,,,,FR605096,,,
C7151,LIB_ENT,,E001,,,,,cctv_frames,,,,,,,,,FR605097,,,
C7151,GYM,,E001,,,,,cctv_frames,,,,,,,,,FR605098,,,
C7151,LAB_305,,E001,,,,,cctv_frames,,,,,,,,,FR605100,,,
C7151,HOSTEL_GATE,,E001,,,,,cctv_frames,,,,,,,,,FR605103,,,
C7151,HOSTEL_GATE,,E001,,,,,cctv_frames,,,,,,,,,FR605105,,,
C7151,LAB_305,,E001,,,,,cctv_frames,,,,,,,,,FR605108,,,
C7151,ADMIN_LOBBY,,E001,,,,,cctv_frames,,,,,,,,,FR605109,,,
C7151,ADMIN_LOBBY,,E001,,,,,cctv_frames,,,,,,,,,FR605110,,,
C7151,ADMIN_LOBBY,,E001,,,,,cctv_frames,,,,,,,,,FR605112,,,
C7151,LAB_305,,E001,,,,,cctv_frames,,,,,,,,,FR605113,,,
C7151,GYM,,E001,,,,,cctv_frames,,,,,,,,,FR605114,,,
C7151,HOSTEL_GATE,,E001,,,,,cctv_frames,,,,,,,,,FR605118,,,
C7151,CAF_01,,E001,,,,,cctv_frames,,,,,,,,,FR605124,,,
C7151,LAB_101,,E001,,,,,cctv_frames,,,,,,,,,FR605125,,,
C7151,LAB_101,,E001,,,,,cctv_frames,,,,,,,,,FR605127,,,
C7151,HOSTEL_GATE,,E001,,,,,cctv_frames,,,,,,,,,FR605131,,,
C7151,LAB_101,,E001,,,,,cctv_frames,,,,,,,,,FR605132,,,
C7151,CAF_01,,E001,,,,,cctv_frames,,,,,,,,,FR605133,,,
C7151,LAB_101,,E001,,,,,cctv_frames,,,,,,,,,FR605137,,,
C7151,GYM,,E001,,,,,cctv_frames,,,,,,,,,FR605141,,,
C7151,GYM,,E001,,,,,cctv_frames,,,,,,,,,FR605142,,,
C7151,LIB_ENT,,E001,,,,,cctv_frames,,,,,,,,,FR605143,,,
C7151,LAB_101,,E001,,,,,cctv_frames,,,,,,,,,FR605147,,,
C7151,LAB_101,,E001,,,,,cctv_frames,,,,,,,,,FR605152,,,
C7151,AUDITORIUM,,E001,,,,,cctv_frames,,,,,,,,,FR605155,,,
C7151,LAB_101,,E001,,,,,cctv_frames,,,,,,,,,FR605157,,,
C7151,LIB_ENT,,E001,,,,,cctv_frames,,,,,,,,,FR605161,,,
C7151,LAB_101,,E001,,,,,cctv_frames,,,,,,,,,FR605163,,,
C7151,ADMIN_LOBBY,,E001,,,,,cctv_frames,,,,,,,,,FR605169,,,
C7151,LIB_ENT,,E001,,,,,cctv_frames,,,,,,,,,FR605171,,,
C7151,CAF_01,,E001,,,,,cctv_frames,,,,,,,,,FR605172,,,
C7151,LIB_ENT,,E001,,,,,cctv_frames,,,,,,,,,FR605175,,,
C7151,LAB_305,,E001,,,,,cctv_frames,,,,,,,,,FR605176,,,
C7151,AUDITORIUM,,E001,,,,,cctv_frames,,,,,,,,,FR605178,,,
C7151,CAF_01,,E001,,,,,cctv_frames,,,,,,,,,FR605179,,,
C7151,GYM,,E001,,,,,cctv_frames,,,,,,,,,FR605180,,,
C7151,ADMIN_LOBBY,,E001,,,,,cctv_frames,,,,,,,,,FR605181,,,
C7151,CAF_01,,E001,,,,,cctv_frames,,,,,,,,,FR605188,,,
C7151,HOSTEL_GATE,,E001,,,,,cctv_frames,,,,,,,,,FR605189,,,
C7151,LAB_101,,E001,,,,,cctv_frames,,,,,,,,,FR605194,,,
C7151,CAF_01,,E001,,,,,cctv_frames,,,,,,,,,FR605196,,,
C7151,HOSTEL_GATE,,E001,,,,,cctv_frames,,,,,,,,,FR605197,,,
C7151,LIB_ENT,,E001,,,,,cctv_frames,,,,,,,,,FR605198,,,
C7151,LIB_ENT,,E001,,,,,cctv_frames,,,,,,,,,FR605201,,,
C7151,LIB_ENT,,E001,,,,,cctv_frames,,,,,,,,,FR605203,,,
C7151,HOSTEL_GATE,,E001,,,,,cctv_frames,,,,,,,,,FR605206,,,
C7151,LAB_305,,E001,,,,,cctv_frames,,,,,,,,,FR605208,,,
C7151,LIB_ENT,,E001,,,,,cctv_frames,,,,,,,,,FR605210,,,
C7151,LAB_305,,E001,,,,,cctv_frames,,,,,,,,,FR605212,,,
C7151,LIB_ENT,,E001,,,,,cctv_frames,,,,,,,,,FR605222,,,
C7151,CAF_01,,E001,,,,,cctv_frames,,,,,,,,,FR605223,,,
C7151,HOSTEL_GATE,,E001,,,,,cctv_frames,,,,,,,,,FR605224,,,
C7151,ADMIN_LOBBY,,E001,,,,,cctv_frames,,,,,,,,,FR605227,,,
C7151,LIB_ENT,,E001,,,,,cctv_frames,,,,,,,,,FR605233,,,
C7151,GYM,,E001,,,,,cctv_frames,,,,,,,,,FR605245,,,
C7151,LIB_ENT,,E001,,,,,cctv_frames,,,,,,,,,FR605246,,,
C7151,CAF_01,,E001,,,,,cctv_frames,,,,,,,,,FR605248,,,
C7151,HOSTEL_GATE,,E001,,,,,cctv_frames,,,,,,,,,FR605250,,,
C7151,CAF_01,,E001,,,,,cctv_frames,,,,,,,,,FR605253,,,
C7151,AUDITORIUM,,E001,,,,,cctv_frames,,,,,,,,,FR605257,,,
C7151,LIB_ENT,,E001,,,,,cctv_frames,,,,,,,,,FR605261,,,
C7151,ADMIN_LOBBY,,E001,,,,,cctv_frames,,,,,,,,,FR605263,,,
C7151,LIB_ENT,,E001,,,,,cctv_frames,,,,,,,,,FR605264,,,
C7151,LAB_101,,E001,,,,,cctv_frames,,,,,,,,,FR605270,,,
C7151,HOSTEL_GATE,,E001,,,,,cctv_frames,,,,,,,,,FR605271,,,
C7151,LAB_101,,E001,,,,,cctv_frames,,,,,,,,,FR605276,,,
C7151,ADMIN_LOBBY,,E001,,,,,cctv_frames,,,,,,,,,FR605281,,,
C7151,CAF_01,,E001,,,,,cctv_frames,,,,,,,,,FR605282,,,
C7151,ADMIN_LOBBY,,E001,,,,,cctv_frames,,,,,,,,,FR605285,,,
C7151,LAB_101,,E001,,,,,cctv_frames,,,,,,,,,FR605287,,,
C7151,GYM,,E001,,,,,cctv_frames,,,,,,,,,FR605289,,,
C7151,LAB_305,,E001,,,,,cctv_frames,,,,,,,,,FR605290,,,
C7151,CAF_01,,E001,,,,,cctv_frames,,,,,,,,,FR605291,,,
C7151,LAB_101,,E001,,,,,cctv_frames,,,,,,,,,FR605292,,,
C7151,CAF_01,,E001,,,,,cctv_frames,,,,,,,,,FR605294,,,
C7151,LIB_ENT,,E001,,,,,cctv_frames,,,,,,,,,FR605298,,,
C7151,HOSTEL_GATE,,E001,,,,,cctv_frames,,,,,,,,,FR605301,,,
C7151,LAB_101,,E001,,,,,cctv_frames,,,,,,,,,FR605302,,,
C7151,HOSTEL_GATE,,E001,,,,,cctv_frames,,,,,,,,,FR605304,,,
C7151,LAB_101,,E001,,,,,cctv_frames,,,,,,,,,FR605305,,,
C7151,GYM,,E001,,,,,cctv_frames,,,,,,,,,FR605306,,,
C7151,LAB_101,,E001,,,,,cctv_frames,,,,,,,,,FR605307,,,
C7151,HOSTEL_GATE,,E001,,,,,cctv_frames,,,,,,,,,FR605311,,,
C7151,GYM,,E001,,,,,cctv_frames,,,,,,,,,FR605315,,,
C7151,GYM,,E001,,,,,cctv_frames,,,,,,,,,FR605316,,,
C7151,GYM,,E001,,,,,cctv_frames,,,,,,,,,FR605322,,,
C7151,CAF_01,,E001,,,,,cctv_frames,,,,,,,,,FR605324,,,
C7151,ADMIN_LOBBY,,E001,,,,,cctv_frames,,,,,,,,,FR605326,,,
C7151,LIB_ENT,,E001,,,,,cctv_frames,,,,,,,,,FR605331,,,
C7151,LAB_305,,E001,,,,,cctv_frames,,,,,,,,,FR605335,,,
C7151,LIB_ENT,,E001,,,,,cctv_frames,,,,,,,,,FR605339,,,
C7151,GYM,,E001,,,,,cctv_frames,,,,,,,,,FR605340,,,
C7151,AUDITORIUM,,E001,,,,,cctv_frames,,,,,,,,,FR605344,,,
C7151,ADMIN_LOBBY,,E001,,,,,cctv_frames,,,,,,,,,FR605345,,,
C7151,GYM,,E001,,,,,cctv_frames,,,,,,,,,FR605347,,,
C7151,LAB_305,,E001,,,,,cctv_frames,,,,,,,,,FR605349,,,
C7151,LAB_101,,E001,,,,,cctv_frames,,,,,,,,,FR605350,,,
C7151,GYM,,E001,,,,,cctv_frames,,,,,,,,,FR605352,,,
C7151,LIB_ENT,,E001,,,,,cctv_frames,,,,,,,,,FR605355,,,
C7151,ADMIN_LOBBY,,E001,,,,,cctv_frames,,,,,,,,,FR605359,,,
C7151,CAF_01,,E001,,,,,cctv_frames,,,,,,,,,FR605360,,,
C7151,AUDITORIUM,,E001,,,,,cctv_frames,,,,,,,,,FR605363,,,
C7151,ADMIN_LOBBY,,E001,,,,,cctv_frames,,,,,,,,,FR605366,,,
C7151,LAB_101,,E001,,,,,cctv_frames,,,,,,,,,FR605367,,,
C7151,LIB_ENT,,E001,,,,,cctv_frames,,,,,,,,,FR605368,,,
C7151,CAF_01,,E001,,,,,cctv_frames,,,,,,,,,FR605370,,,
C7151,HOSTEL_GATE,,E001,,,,,cctv_frames,,,,,,,,,FR605371,,,
C7151,LAB_101,,E001,,,,,cctv_frames,,,,,,,,,FR605375,,,
C7151,CAF_01,,E001,,,,,cctv_frames,,,,,,,,,FR605376,,,
C7151,HOSTEL_GATE,,E001,,,,,cctv_frames,,,,,,,,,FR605378,,,
C7151,LAB_101,,E001,,,,,cctv_frames,,,,,,,,,FR605380,,,
C7151,AUDITORIUM,,E001,,,,,cctv_frames,,,,,,,,,FR605386,,,
C7151,AUDITORIUM,,E001,,,,,cctv_frames,,,,,,,,,FR605387,,,
C7151,LAB_101,,E001,,,,,cctv_frames,,,,,,,,,FR605391,,,
C7151,AUDITORIUM,,E001,,,,,cctv_frames,,,,,,,,,FR605393,,,
C7151,ADMIN_LOBBY,,E001,,,,,cctv_frames,,,,,,,,,FR605401,,,
C7151,LAB_305,,E001,,,,,cctv_frames,,,,,,,,,FR605402,,,
C7151,HOSTEL_GATE,,E001,,,,,cctv_frames,,,,,,,,,FR605403,,,
C7151,HOSTEL_GATE,,E001,,,,,cctv_frames,,,,,,,,,FR605409,,,
C7151,AUDITORIUM,,E001,,,,,cctv_frames,,,,,,,,,FR605413,,,
C7151,LAB_305,,E001,,,,,cctv_frames,,,,,,,,,FR605415,,,
C7151,AUDITORIUM,,E001,,,,,cctv_frames,,,,,,,,,FR605418,,,
C7151,HOSTEL_GATE,,E001,,,,,cctv_frames,,,,,,,,,FR605421,,,
C7151,CAF_01,,E001,,,,,cctv_frames,,,,,,,,,FR605422,,,
C7151,GYM,,E001,,,,,cctv_frames,,,,,,,,,FR605425,,,
C7151,HOSTEL_GATE,,E001,,,,,cctv_frames,,,,,,,,,FR605429,,,
C7151,GYM,,E001,,,,,cctv_frames,,,,,,,,,FR605432,,,
C7151,ADMIN_LOBBY,,E001,,,,,cctv_frames,,,,,,,,,FR605433,,,
C7151,ADMIN_LOBBY,,E001,,,,,cctv_frames,,,,,,,,,FR605436,,,
C7151,AUDITORIUM,,E001,,,,,cctv_frames,,,,,,,,,FR605438,,,
C7151,CAF_01,,E001,,,,,cctv_frames,,,,,,,,,FR605441,,,
C7151,LAB_101,,E001,,,,,cctv_frames,,,,,,,,,FR605444,,,
C7151,LAB_101,,E001,,,,,cctv_frames,,,,,,,,,FR605446,,,
C7151,AUDITORIUM,,E001,,,,,cctv_frames,,,,,,,,,FR605448,,,
C7151,GYM,,E001,,,,,cctv_frames,,,,,,,,,FR605449,,,
C7151,GYM,,E001,,,,,cctv_frames,,,,,,,,,FR605450,,,
C7151,HOSTEL_GATE,,E001,,,,,cctv_frames,,,,,,,,,FR605453,,,
C7151,ADMIN_LOBBY,,E001,,,,,cctv_frames,,,,,,,,,FR605456,,,
C7151,LIB_ENT,,E001,,,,,cctv_frames,,,,,,,,,FR605457,,,
C7151,CAF_01,,E001,,,,,cctv_frames,,,,,,,,,FR605459,,,
C7151,LIB_ENT,,E001,,,,,cctv_frames,,,,,,,,,FR605468,,,
C7151,LAB_305,,E001,,,,,cctv_frames,,,,,,,,,FR605469,,,
C7151,HOSTEL_GATE,,E001,,,,,cctv_frames,,,,,,,,,FR605471,,,
C7151,GYM,,E001,,,,,cctv_frames,,,,,,,,,FR605473,,,
C7151,HOSTEL_GATE,,E001,,,,,cctv_frames,,,,,,,,,FR605476,,,
C7151,AUDITORIUM,,E001,,,,,cctv_frames,,,,,,,,,FR605477,,,
C7151,LAB_305,,E001,,,,,cctv_frames,,,,,,,,,FR605479,,,
C7151,GYM,,E001,,,,,cctv_frames,,,,,,,,,FR605482,,,
C7151,LAB_305,,E001,,,,,cctv_frames,,,,,,,,,FR605486,,,
C7151,CAF_01,,E001,,,,,cctv_frames,,,,,,,,,FR605488,,,
C7151,GYM,,E001,,,,,cctv_frames,,,,,,,,,FR605491,,,
C7151,CAF_01,,E001,,,,,cctv_frames,,,,,,,,,FR605492,,,
C7151,HOSTEL_GATE,,E001,,,,,cctv_frames,,,,,,,,,FR605493,,,
C7151,CAF_01,,E001,,,,,cctv_frames,,,,,,,,,FR605497,,,
C7151,LIB_ENT,,E001,,,,,cctv_frames,,,,,,,,,FR605498,,,
C7151,LIB_ENT,,E001,,,,,cctv_frames,,,,,,,,,FR605500,,,
C7151,LAB_305,,E001,,,,,cctv_frames,,,,,,,,,FR605503,,,
C7151,LIB_ENT,,E001,,,,,cctv_frames,,,,,,,,,FR605506,,,
C7151,AUDITORIUM,,E001,,,,,cctv_frames,,,,,,,,,FR605507,,,
C7151,LAB_101,,E001,,,,,cctv_frames,,,,,,,,,FR605510,,,
C7151,CAF_01,,E001,,,,,cctv_frames,,,,,,,,,FR605512,,,
C7151,LIB_ENT,,E001,,,,,cctv_frames,,,,,,,,,FR605516,,,
C7151,AUDITORIUM,,E001,,,,,cctv_frames,,,,,,,,,FR605519,,,
C7151,GYM,,E001,,,,,cctv_frames,,,,,,,,,FR605527,,,
C7151,ADMIN_LOBBY,,E001,,,,,cctv_frames,,,,,,,,,FR605528,,,
C7151,HOSTEL_GATE,,E001,,,,,cctv_frames,,,,,,,,,FR605529,,,
C7151,LAB_101,,E001,,,,,cctv_frames,,,,,,,,,FR605530,,,
C7151,LAB_305,,E001,,,,,cctv_frames,,,,,,,,,FR605532,,,
C7151,ADMIN_LOBBY,,E001,,,,,cctv_frames,,,,,,,,,FR605533,,,
C7151,CAF_01,,E001,,,,,cctv_frames,,,,,,,,,FR605537,,,
C7151,CAF_01,,E001,,,,,cctv_frames,,,,,,,,,FR605539,,,
C7151,LAB_305,,E001,,,,,cctv_frames,,,,,,,,,FR605543,,,
C7151,AUDITORIUM,,E001,,,,,cctv_frames,,,,,,,,,FR605546,,,
C7151,ADMIN_LOBBY,,E001,,,,,cctv_frames,,,,,,,,,FR605547,,,
C7151,ADMIN_LOBBY,,E001,,,,,cctv_frames,,,,,,,,,FR605552,,,
C7151,LIB_ENT,,E001,,,,,cctv_frames,,,,,,,,,FR605553,,,
C7151,LAB_305,,E001,,,,,cctv_frames,,,,,,,,,FR605559,,,
C7151,LAB_101,,E001,,,,,cctv_frames,,,,,,,,,FR605565,,,
C7151,GYM,,E001,,,,,cctv_frames,,,,,,,,,FR605566,,,
C7151,AUDITORIUM,,E001,,,,,cctv_frames,,,,,,,,,FR605568,,,
C7151,HOSTEL_GATE,,E001,,,,,cctv_frames,,,,,,,,,FR605569,,,
C7151,LAB_305,,E001,,,,,cctv_frames,,,,,,,,,FR605571,,,
C7151,AUDITORIUM,,E001,,,,,cctv_frames,,,,,,,,,FR605572,,,
C7151,GYM,,E001,,,,,cctv_frames,,,,,,,,,FR605573,,,
C7151,GYM,,E001,,,,,cctv_frames,,,,,,,,,FR605575,,,
C7151,CAF_01,,E001,,,,,cctv_frames,,,,,,,,,FR605576,,,
C7151,LAB_305,,E001,,,,,cctv_frames,,,,,,,,,FR605580,,,
C7151,HOSTEL_GATE,,E001,,,,,cctv_frames,,,,,,,,,FR605583,,,
C7151,AUDITORIUM,,E001,,,,,cctv_frames,,,,,,,,,FR605584,,,
C7151,LIB_ENT,,E001,,,,,cctv_frames,,,,,,,,,FR605586,,,
C7151,LAB_101,,E001,,,,,cctv_frames,,,,,,,,,FR605589,,,
C7151,GYM,,E001,,,,,cctv_frames,,,,,,,,,FR605590,,,
C7151,CAF_01,,E001,,,,,cctv_frames,,,,,,,,,FR605591,,,
C7151,HOSTEL_GATE,,E001,,,,,cctv_frames,,,,,,,,,FR605592,,,
C7151,CAF_01,,E001,,,,,cctv_frames,,,,,,,,,FR605596,,,
C7151,HOSTEL_GATE,,E001,,,,,cctv_frames,,,,,,,,,FR605597,,,
C7151,HOSTEL_GATE,,E001,,,,,cctv_frames,,,,,,,,,FR605599,,,
C7151,LAB_305,,E001,,,,,cctv_frames,,,,,,,,,FR605600,,,
C7151,LAB_101,,E001,,,,,cctv_frames,,,,,,,,,FR605602,,,
C7151,LAB_305,,E001,,,,,cctv_frames,,,,,,,,,FR605605,,,
C7151,LAB_305,,E001,,,,,cctv_frames,,,,,,,,,FR605606,,,
C7151,GYM,,E001,,,,,cctv_frames,,,,,,,,,FR605610,,,
C7151,LIB_ENT,,E001,,,,,cctv_frames,,,,,,,,,FR605614,,,
C7151,GYM,,E001,,,,,cctv_frames,,,,,,,,,FR605615,,,
C7151,ADMIN_LOBBY,,E001,,,,,cctv_frames,,,,,,,,,FR605619,,,
C7151,HOSTEL_GATE,,E001,,,,,cctv_frames,,,,,,,,,FR605621,,,
C7151,HOSTEL_GATE,,E001,,,,,cctv_frames,,,,,,,,,FR605624,,,
C7151,CAF_01,,E001,,,,,cctv_frames,,,,,,,,,FR605627,,,
C7151,LAB_101,,E001,,,,,cctv_frames,,,,,,,,,FR605630,,,
C7151,GYM,,E001,,,,,cctv_frames,,,,,,,,,FR605631,,,
C7151,LAB_305,,E001,,,,,cctv_frames,,,,,,,,,FR605632,,,
C7151,GYM,,E001,,,,,cctv_frames,,,,,,,,,FR605633,,,
C7151,LAB_305,,E001,,,,,cctv_frames,,,,,,,,,FR605642,,,
C7151,GYM,,E001,,,,,cctv_frames,,,,,,,,,FR605646,,,
C7151,LAB_101,,E001,,,,,cctv_frames,,,,,,,,,FR605647,,,
C7151,CAF_01,,E001,,,,,cctv_frames,,,,,,,,,FR605648,,,
C7151,AUDITORIUM,,E001,,,,,cctv_frames,,,,,,,,,FR605651,,,
C7151,HOSTEL_GATE,,E001,,,,,cctv_frames,,,,,,,,,FR605657,,,
C7151,LIB_ENT,,E001,,,,,cctv_frames,,,,,,,,,FR605659,,,
C7151,LAB_305,,E001,,,,,cctv_frames,,,,,,,,,FR605660,,,
C7151,HOSTEL_GATE,,E001,,,,,cctv_frames,,,,,,,,,FR605663,,,
C7151,LIB_ENT,,E001,,,,,cctv_frames,,,,,,,,,FR605665,,,
C7151,LAB_101,,E001,,,,,cctv_frames,,,,,,,,,FR605667,,,
C7151,LIB_ENT,,E001,,,,,cctv_frames,,,,,,,,,FR605669,,,
C7151,GYM,,E001,,,,,cctv_frames,,,,,,,,,FR605671,,,
C7151,LAB_305,,E001,,,,,cctv_frames,,,,,,,,,FR605678,,,
C7151,AUDITORIUM,,E001,,,,,cctv_frames,,,,,,,,,FR605680,,,
C7151,LIB_ENT,,E001,,,,,cctv_frames,,,,,,,,,FR605681,,,
C7151,GYM,,E001,,,,,cctv_frames,,,,,,,,,FR605689,,,
C7151,LIB_ENT,,E001,,,,,cctv_frames,,,,,,,,,FR605690,,,
C7151,ADMIN_LOBBY,,E001,,,,,cctv_frames,,,,,,,,,FR605701,,,
C7151,LAB_101,,E001,,,,,cctv_frames,,,,,,,,,FR605704,,,
C7151,HOSTEL_GATE,,E001,,,,,cctv_frames,,,,,,,,,FR605708,,,
C7151,LAB_305,,E001,,,,,cctv_frames,,,,,,,,,FR605710,,,
C7151,LIB_ENT,,E001,,,,,cctv_frames,,,,,,,,,FR605713,,,
C7151,HOSTEL_GATE,,E001,,,,,cctv_frames,,,,,,,,,FR605717,,,
C7151,LAB_305,,E001,,,,,cctv_frames,,,,,,,,,FR605718,,,
C7151,GYM,,E001,,,,,cctv_frames,,,,,,,,,FR605721,,,
C7151,LAB_101,,E001,,,,,cctv_frames,,,,,,,,,FR605725,,,
C7151,AUDITORIUM,,E001,,,,,cctv_frames,,,,,,,,,FR605726,,,
C7151,HOSTEL_GATE,,E001,,,,,cctv_frames,,,,,,,,,FR605727,,,
C7151,CAF_01,,E001,,,,,cctv_frames,,,,,,,,,FR605733,,,
C7151,CAF_01,,E001,,,,,cctv_frames,,,,,,,,,FR605734,,,
C7151,LAB_101,,E001,,,,,cctv_frames,,,,,,,,,FR605735,,,
C7151,LAB_101,,E001,,,,,cctv_frames,,,,,,,,,FR605738,,,
C7151,LAB_101,,E001,,,,,cctv_frames,,,,,,,,,FR605739,,,
C7151,AUDITORIUM,,E001,,,,,cctv_frames,,,,,,,,,FR605747,,,
C7151,AUDITORIUM,,E001,,,,,cctv_frames,,,,,,,,,FR605750,,,
C7151,CAF_01,,E001,,,,,cctv_frames,,,,,,,,,FR605751,,,
C7151,ADMIN_LOBBY,,E001,,,,,cctv_frames,,,,,,,,,FR605752,,,
C7151,ADMIN_LOBBY,,E001,,,,,cctv_frames,,,,,,,,,FR605753,,,
C7151,ADMIN_LOBBY,,E001,,,,,cctv_frames,,,,,,,,,FR605755,,,
C7151,LIB_ENT,,E001,,,,,cctv_frames,,,,,,,,,FR605759,,,
C7151,HOSTEL_GATE,,E001,,,,,cctv_frames,,,,,,,,,FR605760,,,
C7151,CAF_01,,E001,,,,,cctv_frames,,,,,,,,,FR605761,,,
C7151,CAF_01,,E001,,,,,cctv_frames,,,,,,,,,FR605762,,,
C7151,GYM,,E001,,,,,cctv_frames,,,,,,,,,FR605767,,,
C7151,ADMIN_LOBBY,,E001,,,,,cctv_frames,,,,,,,,,FR605773,,,
C7151,AUDITORIUM,,E001,,,,,cctv_frames,,,,,,,,,FR605774,,,
C7151,AUDITORIUM,,E001,,,,,cctv_frames,,,,,,,,,FR605775,,,
C7151,CAF_01,,E001,,,,,cctv_frames,,,,,,,,,FR605776,,,
C7151,LAB_305,,E001,,,,,cctv_frames,,,,,,,,,FR605777,,,
C7151,ADMIN_LOBBY,,E001,,,,,cctv_frames,,,,,,,,,FR605778,,,
C7151,LAB_101,,E001,,,,,cctv_frames,,,,,,,,,FR605779,,,
C7151,AUDITORIUM,,E001,,,,,cctv_frames,,,,,,,,,FR605787,,,
C7151,HOSTEL_GATE,,E001,,,,,cctv_frames,,,,,,,,,FR605795,,,
C7151,ADMIN_LOBBY,,E001,,,,,cctv_frames,,,,,,,,,FR605796,,,
C7151,CAF_01,,E001,,,,,cctv_frames,,,,,,,,,FR605801,,,
C7151,AUDITORIUM,,E001,,,,,cctv_frames,,,,,,,,,FR605803,,,
C7151,LAB_101,,E001,,,,,cctv_frames,,,,,,,,,FR605804,,,
C7151,LIB_ENT,,E001,,,,,cctv_frames,,,,,,,,,FR605806,,,
C7151,LAB_101,,E001,,,,,cctv_frames,,,,,,,,,FR605807,,,
C7151,ADMIN_LOBBY,,E001,,,,,cctv_frames,,,,,,,,,FR605809,,,
C7151,LAB_305,,E001,,,,,cctv_frames,,,,,,,,,FR605814,,,
C7151,HOSTEL_GATE,,E001,,,,,cctv_frames,,,,,,,,,FR605820,,,
C7151,HOSTEL_GATE,,E001,,,,,cctv_frames,,,,,,,,,FR605824,,,
C7151,LAB_305,,E001,,,,,cctv_frames,,,,,,,,,FR605826,,,
C7151,CAF_01,,E001,,,,,cctv_frames,,,,,,,,,FR605828,,,
C7151,CAF_01,,E001,,,,,cctv_frames,,,,,,,,,FR605829,,,
C7151,ADMIN_LOBBY,,E001,,,,,cctv_frames,,,,,,,,,FR605832,,,
C7151,LIB_ENT,,E001,,,,,cctv_frames,,,,,,,,,FR605833,,,
C7151,CAF_01,,E001,,,,,cctv_frames,,,,,,,,,FR605834,,,
C7151,GYM,,E001,,,,,cctv_frames,,,,,,,,,FR605839,,,
C7151,CAF_01,,E001,,,,,cctv_frames,,,,,,,,,FR605841,,,
C7151,ADMIN_LOBBY,,E001,,,,,cctv_frames,,,,,,,,,FR605843,,,
C7151,LAB_101,,E001,,,,,cctv_frames,,,,,,,,,FR605853,,,
C7151,CAF_01,,E001,,,,,cctv_frames,,,,,,,,,FR605854,,,
C7151,LAB_305,,E001,,,,,cctv_frames,,,,,,,,,FR605856,,,
C7151,GYM,,E001,,,,,cctv_frames,,,,,,,,,FR605857,,,
C7151,ADMIN_LOBBY,,E001,,,,,cctv_frames,,,,,,,,,FR605858,,,
C7151,LIB_ENT,,E001,,,,,cctv_frames,,,,,,,,,FR605859,,,
C7151,AUDITORIUM,,E001,,,,,cctv_frames,,,,,,,,,FR605861,,,
C7151,ADMIN_LOBBY,,E001,,,,,cctv_frames,,,,,,,,,FR605863,,,
C7151,HOSTEL_GATE,,E001,,,,,cctv_frames,,,,,,,,,FR605865,,,
C7151,LAB_101,,E001,,,,,cctv_frames,,,,,,,,,FR605867,,,
C7151,LAB_305,,E001,,,,,cctv_frames,,,,,,,,,FR605869,,,
C7151,HOSTEL_GATE,,E001,,,,,cctv_frames,,,,,,,,,FR605878,,,
C7151,HOSTEL_GATE,,E001,,,,,cctv_frames,,,,,,,,,FR605879,,,
C7151,ADMIN_LOBBY,,E001,,,,,cctv_frames,,,,,,,,,FR605883,,,
C7151,ADMIN_LOBBY,,E001,,,,,cctv_frames,,,,,,,,,FR605888,,,
C7151,AUDITORIUM,,E001,,,,,cctv_frames,,,,,,,,,FR605892,,,
C7151,CAF_01,,E001,,,,,cctv_frames,,,,,,,,,FR605894,,,
C7151,ADMIN_LOBBY,,E001,,,,,cctv_frames,,,,,,,,,FR605895,,,
C7151,CAF_01,,E001,,,,,cctv_frames,,,,,,,,,FR605897,,,
C7151,AUDITORIUM,,E001,,,,,cctv_frames,,,,,,,,,FR605898,,,
C7151,LIB_ENT,,E001,,,,,cctv_frames,,,,,,,,,FR605900,,,
C7151,LAB_101,,E001,,,,,cctv_frames,,,,,,,,,FR605901,,,
C7151,GYM,,E001,,,,,cctv_frames,,,,,,,,,FR605902,,,
C7151,LIB_ENT,,E001,,,,,cctv_frames,,,,,,,,,FR605904,,,
C7151,LAB_305,,E001,,,,,cctv_frames,,,,,,,,,FR605905,,,
C7151,AUDITORIUM,,E001,,,,,cctv_frames,,,,,,,,,FR605906,,,
C7151,AUDITORIUM,,E001,,,,,cctv_frames,,,,,,,,,FR605907,,,
C7151,CAF_01,,E001,,,,,cctv_frames,,,,,,,,,FR605908,,,
C7151,ADMIN_LOBBY,,E001,,,,,cctv_frames,,,,,,,,,FR605912,,,
C7151,CAF_01,,E001,,,,,cctv_frames,,,,,,,,,FR605913,,,
C7151,CAF_01,,E001,,,,,cctv_frames,,,,,,,,,FR605914,,,
C7151,ADMIN_LOBBY,,E001,,,,,cctv_frames,,,,,,,,,FR605915,,,
C7151,LIB_ENT,,E001,,,,,cctv_frames,,,,,,,,,FR605916,,,
C7151,ADMIN_LOBBY,,E001,,,,,cctv_frames,,,,,,,,,FR605917,,,
C7151,ADMIN_LOBBY,,E001,,,,,cctv_frames,,,,,,,,,FR605918,,,
C7151,HOSTEL_GATE,,E001,,,,,cctv_frames,,,,,,,,,FR605923,,,
C7151,ADMIN_LOBBY,,E001,,,,,cctv_frames,,,,,,,,,FR605924,,,
C7151,LAB_101,,E001,,,,,cctv_frames,,,,,,,,,FR605927,,,
C7151,HOSTEL_GATE,,E001,,,,,cctv_frames,,,,,,,,,FR605928,,,
C7151,LIB_ENT,,E001,,,,,cctv_frames,,,,,,,,,FR605934,,,
C7151,HOSTEL_GATE,,E001,,,,,cctv_frames,,,,,,,,,FR605935,,,
C7151,GYM,,E001,,,,,cctv_frames,,,,,,,,,FR605937,,,
C7151,HOSTEL_GATE,,E001,,,,,cctv_frames,,,,,,,,,FR605939,,,
C7151,AUDITORIUM,,E001,,,,,cctv_frames,,,,,,,,,FR605940,,,
C7151,LAB_305,,E001,,,,,cctv_frames,,,,,,,,,FR605942,,,
C7151,LIB_ENT,,E001,,,,,cctv_frames,,,,,,,,,FR605943,,,
C7151,ADMIN_LOBBY,,E001,,,,,cctv_frames,,,,,,,,,FR605946,,,
C7151,ADMIN_LOBBY,,E001,,,,,cctv_frames,,,,,,,,,FR605948,,,
C7151,HOSTEL_GATE,,E001,,,,,cctv_frames,,,,,,,,,FR605953,,,
C7151,ADMIN_LOBBY,,E001,,,,,cctv_frames,,,,,,,,,FR605955,,,
C7151,ADMIN_LOBBY,,E001,,,,,cctv_frames,,,,,,,,,FR605957,,,
C7151,LAB_101,,E001,,,,,cctv_frames,,,,,,,,,FR605958,,,
C7151,LIB_ENT,,E001,,,,,cctv_frames,,,,,,,,,FR605959,,,
C7151,AUDITORIUM,,E001,,,,,cctv_frames,,,,,,,,,FR605961,,,
C7151,HOSTEL_GATE,,E001,,,,,cctv_frames,,,,,,,,,FR605962,,,
C7151,GYM,,E001,,,,,cctv_frames,,,,,,,,,FR605966,,,
C7151,HOSTEL_GATE,,E001,,,,,cctv_frames,,,,,,,,,FR605968,,,
C7151,HOSTEL_GATE,,E001,,,,,cctv_frames,,,,,,,,,FR605969,,,
C7151,LIB_ENT,,E001,,,,,cctv_frames,,,,,,,,,FR605970,,,
C7151,ADMIN_LOBBY,,E001,,,,,cctv_frames,,,,,,,,,FR605973,,,
C7151,HOSTEL_GATE,,E001,,,,,cctv_frames,,,,,,,,,FR605975,,,
C7151,LAB_305,,E001,,,,,cctv_frames,,,,,,,,,FR605976,,,
C7151,GYM,,E001,,,,,cctv_frames,,,,,,,,,FR605977,,,
C7151,CAF_01,,E001,,,,,cctv_frames,,,,,,,,,FR605978,,,
C7151,HOSTEL_GATE,,E001,,,,,cctv_frames,,,,,,,,,FR605979,,,
C7151,ADMIN_LOBBY,,E001,,,,,cctv_frames,,,,,,,,,FR605980,,,
C7151,GYM,,E001,,,,,cctv_frames,,,,,,,,,FR605981,,,
C7151,LAB_101,,E001,,,,,cctv_frames,,,,,,,,,FR605982,,,
C7151,LAB_101,,E001,,,,,cctv_frames,,,,,,,,,FR605983,,,
C7151,CAF_01,,E001,,,,,cctv_frames,,,,,,,,,FR605990,,,
C7151,HOSTEL_GATE,,E001,,,,,cctv_frames,,,,,,,,,FR605991,,,
C7151,LIB_ENT,,E001,,,,,cctv_frames,,,,,,,,,FR605996,,,
C7151,ADMIN_LOBBY,,E001,,,,,cctv_frames,,,,,,,,,FR606000,,,
C7151,LAB_305,,E001,,,,,cctv_frames,,,,,,,,,FR606005,,,
C7151,ADMIN_LOBBY,,E001,,,,,cctv_frames,,,,,,,,,FR606007,,,
C7151,ADMIN_LOBBY,,E001,,,,,cctv_frames,,,,,,,,,FR606008,,,
C7151,LAB_101,,E001,,,,,cctv_frames,,,,,,,,,FR606009,,,
C7151,LAB_305,,E001,,,,,cctv_frames,,,,,,,,,FR606010,,,
C7151,AUDITORIUM,,E001,,,,,cctv_frames,,,,,,,,,FR606014,,,
C7151,ADMIN_LOBBY,,E001,,,,,cctv_frames,,,,,,,,,FR606017,,,
C7151,AUDITORIUM,,E001,,,,,cctv_frames,,,,,,,,,FR606030,,,
C7151,LAB_305,,E001,,,,,cctv_frames,,,,,,,,,FR606031,,,
C7151,GYM,,E001,,,,,cctv_frames,,,,,,,,,FR606032,,,
C7151,CAF_01,,E001,,,,,cctv_frames,,,,,,,,,FR606033,,,
C7151,ADMIN_LOBBY,,E001,,,,,cctv_frames,,,,,,,,,FR606035,,,
C7151,AUDITORIUM,,E001,,,,,cctv_frames,,,,,,,,,FR606046,,,
C7151,ADMIN_LOBBY,,E001,,,,,cctv_frames,,,,,,,,,FR606048,,,
C7151,LAB_101,,E001,,,,,cctv_frames,,,,,,,,,FR606050,,,
C7151,LAB_305,,E001,,,,,cctv_frames,,,,,,,,,FR606051,,,
C7151,CAF_01,,E001,,,,,cctv_frames,,,,,,,,,FR606052,,,
C7151,LIB_ENT,,E001,,,,,cctv_frames,,,,,,,,,FR606053,,,
C7151,CAF_01,,E001,,,,,cctv_frames,,,,,,,,,FR606063,,,
C7151,LIB_ENT,,E001,,,,,cctv_frames,,,,,,,,,FR606067,,,
C7151,LIB_ENT,,E001,,,,,cctv_frames,,,,,,,,,FR606068,,,
C7151,ADMIN_LOBBY,,E001,,,,,cctv_frames,,,,,,,,,FR606076,,,
C7151,LAB_305,,E001,,,,,cctv_frames,,,,,,,,,FR606078,,,
C7151,CAF_01,,E001,,,,,cctv_frames,,,,,,,,,FR606086,,,
C7151,GYM,,E001,,,,,cctv_frames,,,,,,,,,FR606088,,,
C7151,CAF_01,,E001,,,,,cctv_frames,,,,,,,,,FR606089,,,
C7151,HOSTEL_GATE,,E001,,,,,cctv_frames,,,,,,,,,FR606090,,,
C7151,ADMIN_LOBBY,,E001,,,,,cctv_frames,,,,,,,,,FR606092,,,
C7151,ADMIN_LOBBY,,E001,,,,,cctv_frames,,,,,,,,,FR606094,,,
C7151,LAB_101,,E001,,,,,cctv_frames,,,,,,,,,FR606096,,,
C7151,LAB_305,,E001,,,,,cctv_frames,,,,,,,,,FR606097,,,
C7151,LAB_305,,E001,,,,,cctv_frames,,,,,,,,,FR606100,,,
C7151,LIB_ENT,,E001,,,,,cctv_frames,,,,,,,,,FR606103,,,
C7151,CAF_01,,E001,,,,,cctv_frames,,,,,,,,,FR606106,,,
C7151,ADMIN_LOBBY,,E001,,,,,cctv_frames,,,,,,,,,FR606114,,,
C7151,CAF_01,,E001,,,,,cctv_frames,,,,,,,,,FR606115,,,
C7151,GYM,,E001,,,,,cctv_frames,,,,,,,,,FR606118,,,
C7151,CAF_01,,E001,,,,,cctv_frames,,,,,,,,,FR606120,,,
C7151,ADMIN_LOBBY,,E001,,,,,cctv_frames,,,,,,,,,FR606122,,,
C7151,LAB_101,,E001,,,,,cctv_frames,,,,,,,,,FR606123,,,
C7151,LIB_ENT,,E001,,,,,cctv_frames,,,,,,,,,FR606126,,,
C7151,HOSTEL_GATE,,E001,,,,,cctv_frames,,,,,,,,,FR606128,,,
C7151,GYM,,E001,,,,,cctv_frames,,,,,,,,,FR606130,,,
C7151,LIB_ENT,,E001,,,,,cctv_frames,,,,,,,,,FR606132,,,
C7151,AUDITORIUM,,E001,,,,,cctv_frames,,,,,,,,,FR606133,,,
C7151,ADMIN_LOBBY,,E001,,,,,cctv_frames,,,,,,,,,FR606134,,,
C7151,HOSTEL_GATE,,E001,,,,,cctv_frames,,,,,,,,,FR606142,,,
C7151,HOSTEL_GATE,,E001,,,,,cctv_frames,,,,,,,,,FR606143,,,
C7151,AUDITORIUM,,E001,,,,,cctv_frames,,,,,,,,,FR606147,,,
C7151,GYM,,E001,,,,,cctv_frames,,,,,,,,,FR606150,,,
C7151,CAF_01,,E001,,,,,cctv_frames,,,,,,,,,FR606157,,,
C7151,HOSTEL_GATE,,E001,,,,,cctv_frames,,,,,,,,,FR606158,,,
C7151,LAB_101,,E001,,,,,cctv_frames,,,,,,,,,FR606164,,,
C7151,CAF_01,,E001,,,,,cctv_frames,,,,,,,,,FR606165,,,
C7151,HOSTEL_GATE,,E001,,,,,cctv_frames,,,,,,,,,FR606172,,,
C7151,ADMIN_LOBBY,,E001,,,,,cctv_frames,,,,,,,,,FR606174,,,
C7151,LAB_101,,E001,,,,,cctv_frames,,,,,,,,,FR606179,,,
C7151,HOSTEL_GATE,,E001,,,,,cctv_frames,,,,,,,,,FR606180,,,
C7151,LIB_ENT,,E001,,,,,cctv_frames,,,,,,,,,FR606184,,,
C7151,ADMIN_LOBBY,,E001,,,,,cctv_frames,,,,,,,,,FR606188,,,
C7151,LAB_305,,E001,,,,,cctv_frames,,,,,,,,,FR606190,,,
C7151,ADMIN_LOBBY,,E001,,,,,cctv_frames,,,,,,,,,FR606191,,,
C7151,CAF_01,,E001,,,,,cctv_frames,,,,,,,,,FR606195,,,
C7151,GYM,,E001,,,,,cctv_frames,,,,,,,,,FR606196,,,
C7151,ADMIN_LOBBY,,E001,,,,,cctv_frames,,,,,,,,,FR606197,,,
C7151,LAB_305,,E001,,,,,cctv_frames,,,,,,,,,FR606205,,,
C7151,ADMIN_LOBBY,,E001,,,,,cctv_frames,,,,,,,,,FR606206,,,
C7151,LAB_305,,E001,,,,,cctv_frames,,,,,,,,,FR606208,,,
C7151,HOSTEL_GATE,,E001,,,,,cctv_frames,,,,,,,,,FR606209,,,
C7151,LAB_101,,E001,,,,,cctv_frames,,,,,,,,,FR606213,,,
C7151,LAB_101,,E001,,,,,cctv_frames,,,,,,,,,FR606217,,,
C7151,LIB_ENT,,E001,,,,,cctv_frames,,,,,,,,,FR606218,,,
C7151,LIB_ENT,,E001,,,,,cctv_frames,,,,,,,,,FR606220,,,
C7151,HOSTEL_GATE,,E001,,,,,cctv_frames,,,,,,,,,FR606221,,,
C7151,GYM,,E001,,,,,cctv_frames,,,,,,,,,FR606222,,,
C7151,LAB_101,,E001,,,,,cctv_frames,,,,,,,,,FR606225,,,
C7151,CAF_01,,E001,,,,,cctv_frames,,,,,,,,,FR606227,,,
C7151,HOSTEL_GATE,,E001,,,,,cctv_frames,,,,,,,,,FR606230,,,
C7151,GYM,,E001,,,,,cctv_frames,,,,,,,,,FR606231,,,
C7151,LAB_101,,E001,,,,,cctv_frames,,,,,,,,,FR606234,,,
C7151,GYM,,E001,,,,,cctv_frames,,,,,,,,,FR606235,,,
C7151,LAB_101,,E001,,,,,cctv_frames,,,,,,,,,FR606236,,,
C7151,GYM,,E001,,,,,cctv_frames,,,,,,,,,FR606239,,,
C7151,ADMIN_LOBBY,,E001,,,,,cctv_frames,,,,,,,,,FR606240,,,
C7151,AUDITORIUM,,E001,,,,,cctv_frames,,,,,,,,,FR606242,,,
C7151,LAB_101,,E001,,,,,cctv_frames,,,,,,,,,FR606244,,,
C7151,LAB_305,,E001,,,,,cctv_frames,,,,,,,,,FR606247,,,
C7151,GYM,,E001,,,,,cctv_frames,,,,,,,,,FR606248,,,
C7151,LAB_305,,E001,,,,,cctv_frames,,,,,,,,,FR606252,,,
C7151,LAB_305,,E001,,,,,cctv_frames,,,,,,,,,FR606259,,,
C7151,HOSTEL_GATE,,E001,,,,,cctv_frames,,,,,,,,,FR606263,,,
C7151,ADMIN_LOBBY,,E001,,,,,cctv_frames,,,,,,,,,FR606264,,,
C7151,ADMIN_LOBBY,,E001,,,,,cctv_frames,,,,,,,,,FR606266,,,
C7151,LAB_305,,E001,,,,,cctv_frames,,,,,,,,,FR606267,,,
C7151,LAB_101,,E001,,,,,cctv_frames,,,,,,,,,FR606270,,,
C7151,GYM,,E001,,,,,cctv_frames,,,,,,,,,FR606275,,,
C7151,GYM,,E001,,,,,cctv_frames,,,,,,,,,FR606277,,,
C7151,AUDITORIUM,,E001,,,,,cctv_frames,,,,,,,,,FR606278,,,
C7151,LAB_305,,E001,,,,,cctv_frames,,,,,,,,,FR606279,,,
C7151,CAF_01,,E001,,,,,cctv_frames,,,,,,,,,FR606280,,,
C7151,LIB_ENT,,E001,,,,,cctv_frames,,,,,,,,,FR606281,,,
C7151,CAF_01,,E001,,,,,cctv_frames,,,,,,,,,FR606288,,,
C7151,LAB_101,,E001,,,,,cctv_frames,,,,,,,,,FR606291,,,
C7151,GYM,,E001,,,,,cctv_frames,,,,,,,,,FR606294,,,
C7151,ADMIN_LOBBY,,E001,,,,,cctv_frames,,,,,,,,,FR606295,,,
C7151,ADMIN_LOBBY,,E001,,,,,cctv_frames,,,,,,,,,FR606296,,,
C7151,ADMIN_LOBBY,,E001,,,,,cctv_frames,,,,,,,,,FR606297,,,
C7151,HOSTEL_GATE,,E001,,,,,cctv_frames,,,,,,,,,FR606299,,,
C7151,CAF_01,,E001,,,,,cctv_frames,,,,,,,,,FR606300,,,
C7151,LAB_101,,E001,,,,,cctv_frames,,,,,,,,,FR606301,,,
C7151,ADMIN_LOBBY,,E001,,,,,cctv_frames,,,,,,,,,FR606302,,,
C7151,AUDITORIUM,,E001,,,,,cctv_frames,,,,,,,,,FR606303,,,
C7151,LIB_ENT,,E001,,,,,cctv_frames,,,,,,,,,FR606304,,,
C7151,ADMIN_LOBBY,,E001,,,,,cctv_frames,,,,,,,,,FR606306,,,
C7151,LAB_305,,E001,,,,,cctv_frames,,,,,,,,,FR606307,,,
C7151,LIB_ENT,,E001,,,,,cctv_frames,,,,,,,,,FR606308,,,
C7151,CAF_01,,E001,,,,,cctv_frames,,,,,,,,,FR606309,,,
C7151,HOSTEL_GATE,,E001,,,,,cctv_frames,,,,,,,,,FR606311,,,
C7151,ADMIN_LOBBY,,E001,,,,,cctv_frames,,,,,,,,,FR606317,,,
C7151,AUDITORIUM,,E001,,,,,cctv_frames,,,,,,,,,FR606322,,,
C7151,LIB_ENT,,E001,,,,,cctv_frames,,,,,,,,,FR606324,,,
C7151,HOSTEL_GATE,,E001,,,,,cctv_frames,,,,,,,,,FR606327,,,
C7151,HOSTEL_GATE,,E001,,,,,cctv_frames,,,,,,,,,FR606328,,,
C7151,LIB_ENT,,E001,,,,,cctv_frames,,,,,,,,,FR606329,,,
C7151,HOSTEL_GATE,,E001,,,,,cctv_frames,,,,,,,,,FR606330,,,
C7151,LAB_101,,E001,,,,,cctv_frames,,,,,,,,,FR606331,,,
C7151,LIB_ENT,,E001,,,,,cctv_frames,,,,,,,,,FR606334,,,
C7151,CAF_01,,E001,,,,,cctv_frames,,,,,,,,,FR606335,,,
C7151,CAF_01,,E001,,,,,cctv_frames,,,,,,,,,FR606336,,,
C7151,ADMIN_LOBBY,,E001,,,,,cctv_frames,,,,,,,,,FR606341,,,
C7151,AUDITORIUM,,E001,,,,,cctv_frames,,,,,,,,,FR606344,,,
C7151,CAF_01,,E001,,,,,cctv_frames,,,,,,,,,FR606346,,,
C7151,ADMIN_LOBBY,,E001,,,,,cctv_frames,,,,,,,,,FR606347,,,
C7151,GYM,,E001,,,,,cctv_frames,,,,,,,,,FR606350,,,
C7151,LAB_101,,E001,,,,,cctv_frames,,,,,,,,,FR606351,,,
C7151,CAF_01,,E001,,,,,cctv_frames,,,,,,,,,FR606353,,,
C7151,ADMIN_LOBBY,,E001,,,,,cctv_frames,,,,,,,,,FR606355,,,
C7151,GYM,,E001,,,,,cctv_frames,,,,,,,,,FR606356,,,
C7151,CAF_01,,E001,,,,,cctv_frames,,,,,,,,,FR606357,,,
C7151,GYM,,E001,,,,,cctv_frames,,,,,,,,,FR606359,,,
C7151,LIB_ENT,,E001,,,,,cctv_frames,,,,,,,,,FR606366,,,
C7151,CAF_01,,E001,,,,,cctv_frames,,,,,,,,,FR606368,,,
C7151,GYM,,E001,,,,,cctv_frames,,,,,,,,,FR606370,,,
C7151,LAB_305,,E001,,,,,cctv_frames,,,,,,,,,FR606371,,,
C7151,AUDITORIUM,,E001,,,,,cctv_frames,,,,,,,,,FR606372,,,
C7151,LIB_ENT,,E001,,,,,cctv_frames,,,,,,,,,FR606373,,,
C7151,HOSTEL_GATE,,E001,,,,,cctv_frames,,,,,,,,,FR606375,,,
C7151,LIB_ENT,,E001,,,,,cctv_frames,,,,,,,,,FR606376,,,
C7151,ADMIN_LOBBY,,E001,,,,,cctv_frames,,,,,,,,,FR606377,,,
C7151,CAF_01,,E001,,,,,cctv_frames,,,,,,,,,FR606382,,,
C7151,LIB_ENT,,E001,,,,,cctv_frames,,,,,,,,,FR606383,,,
C7151,HOSTEL_GATE,,E001,,,,,cctv_frames,,,,,,,,,FR606385,,,
C7151,ADMIN_LOBBY,,E001,,,,,cctv_frames,,,,,,,,,FR606386,,,
C7151,HOSTEL_GATE,,E001,,,,,cctv_frames,,,,,,,,,FR606390,,,
C7151,CAF_01,,E001,,,,,cctv_frames,,,,,,,,,FR606392,,,
C7151,GYM,,E001,,,,,cctv_frames,,,,,,,,,FR606393,,,
C7151,GYM,,E001,,,,,cctv_frames,,,,,,,,,FR606394,,,
C7151,HOSTEL_GATE,,E001,,,,,cctv_frames,,,,,,,,,FR606395,,,
C7151,ADMIN_LOBBY,,E001,,,,,cctv_frames,,,,,,,,,FR606396,,,
C7151,ADMIN_LOBBY,,E001,,,,,cctv_frames,,,,,,,,,FR606398,,,
C7151,LIB_ENT,,E001,,,,,cctv_frames,,,,,,,,,FR606402,,,
C7151,HOSTEL_GATE,,E001,,,,,cctv_frames,,,,,,,,,FR606403,,,
C7151,LAB_305,,E001,,,,,cctv_frames,,,,,,,,,FR606405,,,
C7151,LAB_101,,E001,,,,,cctv_frames,,,,,,,,,FR606406,,,
C7151,HOSTEL_GATE,,E001,,,,,cctv_frames,,,,,,,,,FR606409,,,
C7151,HOSTEL_GATE,,E001,,,,,cctv_frames,,,,,,,,,FR606411,,,
C7151,CAF_01,,E001,,,,,cctv_frames,,,,,,,,,FR606414,,,
C7151,ADMIN_LOBBY,,E001,,,,,cctv_frames,,,,,,,,,FR606417,,,
C7151,ADMIN_LOBBY,,E001,,,,,cctv_frames,,,,,,,,,FR606428,,,
C7151,HOSTEL_GATE,,E001,,,,,cctv_frames,,,,,,,,,FR606433,,,
C7151,LIB_ENT,,E001,,,,,cctv_frames,,,,,,,,,FR606435,,,
C7151,AUDITORIUM,,E001,,,,,cctv_frames,,,,,,,,,FR606436,,,
C7151,GYM,,E001,,,,,cctv_frames,,,,,,,,,FR606438,,,
C7151,HOSTEL_GATE,,E001,,,,,cctv_frames,,,,,,,,,FR606444,,,
C7151,LAB_101,,E001,,,,,cctv_frames,,,,,,,,,FR606447,,,
C7151,AUDITORIUM,,E001,,,,,cctv_frames,,,,,,,,,FR606448,,,
C7151,ADMIN_LOBBY,,E001,,,,,cctv_frames,,,,,,,,,FR606450,,,
C7151,LAB_305,,E001,,,,,cctv_frames,,,,,,,,,FR606451,,,
C7151,LAB_305,,E001,,,,,cctv_frames,,,,,,,,,FR606453,,,
C7151,LIB_ENT,,E001,,,,,cctv_frames,,,,,,,,,FR606455,,,
C7151,GYM,,E001,,,,,cctv_frames,,,,,,,,,FR606460,,,
C7151,LAB_101,,E001,,,,,cctv_frames,,,,,,,,,FR606461,,,
C7151,ADMIN_LOBBY,,E001,,,,,cctv_frames,,,,,,,,,FR606468,,,
C7151,GYM,,E001,,,,,cctv_frames,,,,,,,,,FR606472,,,
C7151,LIB_ENT,,E001,,,,,cctv_frames,,,,,,,,,FR606473,,,
C7151,ADMIN_LOBBY,,E001,,,,,cctv_frames,,,,,,,,,FR606478,,,
C7151,AUDITORIUM,,E001,,,,,cctv_frames,,,,,,,,,FR606487,,,
C7151,GYM,,E001,,,,,cctv_frames,,,,,,,,,FR606488,,,
C7151,HOSTEL_GATE,,E001,,,,,cctv_frames,,,,,,,,,FR606493,,,
C7151,ADMIN_LOBBY,,E001,,,,,cctv_frames,,,,,,,,,FR606494,,,
C7151,LAB_305,,E001,,,,,cctv_frames,,,,,,,,,FR606495,,,
C7151,LIB_ENT,,E001,,,,,cctv_frames,,,,,,,,,FR606496,,,
C7151,LIB_ENT,,E001,,,,,cctv_frames,,,,,,,,,FR606497,,,
C7151,CAF_01,,E001,,,,,cctv_frames,,,,,,,,,FR606501,,,
C7151,LAB_101,,E001,,,,,cctv_frames,,,,,,,,,FR606504,,,
C7151,CAF_01,,E001,,,,,cctv_frames,,,,,,,,,FR606505,,,
C7151,LAB_305,,E001,,,,,cctv_frames,,,,,,,,,FR606508,,,
C7151,ADMIN_LOBBY,,E001,,,,,cctv_frames,,,,,,,,,FR606516,,,
C7151,AUDITORIUM,,E001,,,,,cctv_frames,,,,,,,,,FR606517,,,
C7151,HOSTEL_GATE,,E001,,,,,cctv_frames,,,,,,,,,FR606519,,,
C7151,ADMIN_LOBBY,,E001,,,,,cctv_frames,,,,,,,,,FR606524,,,
C7151,AUDITORIUM,,E001,,,,,cctv_frames,,,,,,,,,FR606525,,,
C7151,GYM,,E001,,,,,cctv_frames,,,,,,,,,FR606528,,,
C7151,LAB_101,,E001,,,,,cctv_frames,,,,,,,,,FR606530,,,
C7151,LIB_ENT,,E001,,,,,cctv_frames,,,,,,,,,FR606533,,,
C7151,LAB_305,,E001,,,,,cctv_frames,,,,,,,,,FR606534,,,
C7151,GYM,,E001,,,,,cctv_frames,,,,,,,,,FR606536,,,
C7151,LAB_101,,E001,,,,,cctv_frames,,,,,,,,,FR606538,,,
C7151,ADMIN_LOBBY,,E001,,,,,cctv_frames,,,,,,,,,FR606540,,,
C7151,GYM,,E001,,,,,cctv_frames,,,,,,,,,FR606543,,,
C7151,HOSTEL_GATE,,E001,,,,,cctv_frames,,,,,,,,,FR606546,,,
C7151,LIB_ENT,,E001,,,,,cctv_frames,,,,,,,,,FR606549,,,
C7151,GYM,,E001,,,,,cctv_frames,,,,,,,,,FR606550,,,
C7151,HOSTEL_GATE,,E001,,,,,cctv_frames,,,,,,,,,FR606551,,,
C7151,LAB_101,,E001,,,,,cctv_frames,,,,,,,,,FR606552,,,
C7151,LAB_305,,E001,,,,,cctv_frames,,,,,,,,,FR606553,,,
C7151,LIB_ENT,,E001,,,,,cctv_frames,,,,,,,,,FR606554,,,
C7151,ADMIN_LOBBY,,E001,,,,,cctv_frames,,,,,,,,,FR606556,,,
C7151,ADMIN_LOBBY,,E001,,,,,cctv_frames,,,,,,,,,FR606557,,,
C7151,AUDITORIUM,,E001,,,,,cctv_frames,,,,,,,,,FR606559,,,
C7151,ADMIN_LOBBY,,E001,,,,,cctv_frames,,,,,,,,,FR606560,,,
C7151,LIB_ENT,,E001,,,,,cctv_frames,,,,,,,,,FR606561,,,
C7151,AUDITORIUM,,E001,,,,,cctv_frames,,,,,,,,,FR606562,,,
C7151,LAB_305,,E001,,,,,cctv_frames,,,,,,,,,FR606563,,,
C7151,LAB_305,,E001,,,,,cctv_frames,,,,,,,,,FR606565,,,
C7151,ADMIN_LOBBY,,E001,,,,,cctv_frames,,,,,,,,,FR606566,,,
C7151,AUDITORIUM,,E001,,,,,cctv_frames,,,,,,,,,FR606567,,,
C7151,ADMIN_LOBBY,,E001,,,,,cctv_frames,,,,,,,,,FR606569,,,
C7151,ADMIN_LOBBY,,E001,,,,,cctv_frames,,,,,,,,,FR606573,,,
C7151,LAB_101,,E001,,,,,cctv_frames,,,,,,,,,FR606577,,,
C7151,CAF_01,,E001,,,,,cctv_frames,,,,,,,,,FR606580,,,
C7151,ADMIN_LOBBY,,E001,,,,,cctv_frames,,,,,,,,,FR606584,,,
C7151,LIB_ENT,,E001,,,,,cctv_frames,,,,,,,,,FR606585,,,
C7151,GYM,,E001,,,,,cctv_frames,,,,,,,,,FR606586,,,
C7151,LIB_ENT,,E001,,,,,cctv_frames,,,,,,,,,FR606590,,,
C7151,GYM,,E001,,,,,cctv_frames,,,,,,,,,FR606593,,,
C7151,LAB_305,,E001,,,,,cctv_frames,,,,,,,,,FR606596,,,
C7151,LAB_305,,E001,,,,,cctv_frames,,,,,,,,,FR606600,,,
C7151,ADMIN_LOBBY,,E001,,,,,cctv_frames,,,,,,,,,FR606606,,,
C7151,AUDITORIUM,,E001,,,,,cctv_frames,,,,,,,,,FR606609,,,
C7151,LAB_305,,E001,,,,,cctv_frames,,,,,,,,,FR606610,,,
C7151,HOSTEL_GATE,,E001,,,,,cctv_frames,,,,,,,,,FR606613,,,
C7151,GYM,,E001,,,,,cctv_frames,,,,,,,,,FR606617,,,
C7151,LIB_ENT,,E001,,,,,cctv_frames,,,,,,,,,FR606620,,,
C7151,LIB_ENT,,E001,,,,,cctv_frames,,,,,,,,,FR606623,,,
C7151,AUDITORIUM,,E001,,,,,cctv_frames,,,,,,,,,FR606628,,,
C7151,LAB_101,,E001,,,,,cctv_frames,,,,,,,,,FR606630,,,
C7151,LAB_101,,E001,,,,,cctv_frames,,,,,,,,,FR606631,,,
C7151,CAF_01,,E001,,,,,cctv_frames,,,,,,,,,FR606632,,,
C7151,HOSTEL_GATE,,E001,,,,,cctv_frames,,,,,,,,,FR606634,,,
C7151,LAB_101,,E001,,,,,cctv_frames,,,,,,,,,FR606635,,,
C7151,GYM,,E001,,,,,cctv_frames,,,,,,,,,FR606639,,,
C7151,AUDITORIUM,,E001,,,,,cctv_frames,,,,,,,,,FR606641,,,
C7151,HOSTEL_GATE,,E001,,,,,cctv_frames,,,,,,,,,FR606643,,,
C7151,ADMIN_LOBBY,,E001,,,,,cctv_frames,,,,,,,,,FR606650,,,
C7151,LIB_ENT,,E001,,,,,cctv_frames,,,,,,,,,FR606652,,,
C7151,HOSTEL_GATE,,E001,,,,,cctv_frames,,,,,,,,,FR606654,,,
C7151,HOSTEL_GATE,,E001,,,,,cctv_frames,,,,,,,,,FR606655,,,
C7151,LAB_305,,E001,,,,,cctv_frames,,,,,,,,,FR606658,,,
C7151,LIB_ENT,,E001,,,,,cctv_frames,,,,,,,,,FR606661,,,
C7151,AUDITORIUM,,E001,,,,,cctv_frames,,,,,,,,,FR606664,,,
C7151,LIB_ENT,,E001,,,,,cctv_frames,,,,,,,,,FR606666,,,
C7151,LAB_305,,E001,,,,,cctv_frames,,,,,,,,,FR606669,,,
C7151,HOSTEL_GATE,,E001,,,,,cctv_frames,,,,,,,,,FR606670,,,
C7151,CAF_01,,E001,,,,,cctv_frames,,,,,,,,,FR606671,,,
C7151,CAF_01,,E001,,,,,cctv_frames,,,,,,,,,FR606672,,,
C7151,LAB_305,,E001,,,,,cctv_frames,,,,,,,,,FR606674,,,
C7151,AUDITORIUM,,E001,,,,,cctv_frames,,,,,,,,,FR606678,,,
C7151,CAF_01,,E001,,,,,cctv_frames,,,,,,,,,FR606682,,,
C7151,CAF_01,,E001,,,,,cctv_frames,,,,,,,,,FR606684,,,
C7151,LIB_ENT,,E001,,,,,cctv_frames,,,,,,,,,FR606690,,,
C7151,ADMIN_LOBBY,,E001,,,,,cctv_frames,,,,,,,,,FR606696,,,
C7151,CAF_01,,E001,,,,,cctv_frames,,,,,,,,,FR606697,,,
C7151,LAB_101,,E001,,,,,cctv_frames,,,,,,,,,FR606702,,,
C7151,AUDITORIUM,,E001,,,,,cctv_frames,,,,,,,,,FR606707,,,
C7151,GYM,,E001,,,,,cctv_frames,,,,,,,,,FR606711,,,
C7151,HOSTEL_GATE,,E001,,,,,cctv_frames,,,,,,,,,FR606713,,,
C7151,AUDITORIUM,,E001,,,,,cctv_frames,,,,,,,,,FR606717,,,
C7151,GYM,,E001,,,,,cctv_frames,,,,,,,,,FR606718,,,
C7151,GYM,,E001,,,,,cctv_frames,,,,,,,,,FR606720,,,
C7151,CAF_01,,E001,,,,,cctv_frames,,,,,,,,,FR606721,,,
C7151,GYM,,E001,,,,,cctv_frames,,,,,,,,,FR606722,,,
C7151,ADMIN_LOBBY,,E001,,,,,cctv_frames,,,,,,,,,FR606726,,,
C7151,HOSTEL_GATE,,E001,,,,,cctv_frames,,,,,,,,,FR606727,,,
C7151,LAB_101,,E001,,,,,cctv_frames,,,,,,,,,FR606728,,,
C7151,GYM,,E001,,,,,cctv_frames,,,,,,,,,FR606729,,,
C7151,LIB_ENT,,E001,,,,,cctv_frames,,,,,,,,,FR606732,,,
C7151,AUDITORIUM,,E001,,,,,cctv_frames,,,,,,,,,FR606733,,,
C7151,CAF_01,,E001,,,,,cctv_frames,,,,,,,,,FR606734,,,
C7151,HOSTEL_GATE,,E001,,,,,cctv_frames,,,,,,,,,FR606735,,,
C7151,HOSTEL_GATE,,E001,,,,,cctv_frames,,,,,,,,,FR606743,,,
C7151,GYM,,E001,,,,,cctv_frames,,,,,,,,,FR606753,,,
C7151,LIB_ENT,,E001,,,,,cctv_frames,,,,,,,,,FR606754,,,
C7151,LAB_101,,E001,,,,,cctv_frames,,,,,,,,,FR606755,,,
C7151,HOSTEL_GATE,,E001,,,,,cctv_frames,,,,,,,,,FR606757,,,
C7151,LAB_305,,E001,,,,,cctv_frames,,,,,,,,,FR606759,,,
C7151,LAB_305,,E001,,,,,cctv_frames,,,,,,,,,FR606762,,,
C7151,AUDITORIUM,,E001,,,,,cctv_frames,,,,,,,,,FR606764,,,
C7151,ADMIN_LOBBY,,E001,,,,,cctv_frames,,,,,,,,,FR606769,,,
C7151,AUDITORIUM,,E001,,,,,cctv_frames,,,,,,,,,FR606770,,,
C7151,ADMIN_LOBBY,,E001,,,,,cctv_frames,,,,,,,,,FR606772,,,
C7151,CAF_01,,E001,,,,,cctv_frames,,,,,,,,,FR606776,,,
C7151,LAB_305,,E001,,,,,cctv_frames,,,,,,,,,FR606781,,,
C7151,LAB_305,,E001,,,,,cctv_frames,,,,,,,,,FR606782,,,
C7151,HOSTEL_GATE,,E001,,,,,cctv_frames,,,,,,,,,FR606783,,,
C7151,CAF_01,,E001,,,,,cctv_frames,,,,,,,,,FR606786,,,
C7151,LAB_101,,E001,,,,,cctv_frames,,,,,,,,,FR606787,,,
C7151,LAB_305,,E001,,,,,cctv_frames,,,,,,,,,FR606788,,,
C7151,LIB_ENT,,E001,,,,,cctv_frames,,,,,,,,,FR606789,,,
C7151,CAF_01,,E001,,,,,cctv_frames,,,,,,,,,FR606791,,,
C7151,LAB_305,,E001,,,,,cctv_frames,,,,,,,,,FR606798,,,
C7151,HOSTEL_GATE,,E001,,,,,cctv_frames,,,,,,,,,FR606800,,,
C7151,LIB_ENT,,E001,,,,,cctv_frames,,,,,,,,,FR606801,,,
C7151,AUDITORIUM,,E001,,,,,cctv_frames,,,,,,,,,FR606802,,,
C7151,LAB_101,,E001,,,,,cctv_frames,,,,,,,,,FR606809,,,
C7151,HOSTEL_GATE,,E001,,,,,cctv_frames,,,,,,,,,FR606810,,,
C7151,GYM,,E001,,,,,cctv_frames,,,,,,,,,FR606813,,,
C7151,CAF_01,,E001,,,,,cctv_frames,,,,,,,,,FR606818,,,
C7151,ADMIN_LOBBY,,E001,,,,,cctv_frames,,,,,,,,,FR606819,,,
C7151,LAB_101,,E001,,,,,cctv_frames,,,,,,,,,FR606830,,,
C7151,LAB_305,,E001,,,,,cctv_frames,,,,,,,,,FR606834,,,
C7151,LAB_305,,E001,,,,,cctv_frames,,,,,,,,,FR606838,,,
C7151,LIB_ENT,,E001,,,,,cctv_frames,,,,,,,,,FR606840,,,
C7151,AUDITORIUM,,E001,,,,,cctv_frames,,,,,,,,,FR606845,,,
C7151,LAB_101,,E001,,,,,cctv_frames,,,,,,,,,FR606846,,,
C7151,ADMIN_LOBBY,,E001,,,,,cctv_frames,,,,,,,,,FR606848,,,
C7151,LAB_305,,E001,,,,,cctv_frames,,,,,,,,,FR606851,,,
C7151,ADMIN_LOBBY,,E001,,,,,cctv_frames,,,,,,,,,FR606852,,,
C7151,GYM,,E001,,,,,cctv_frames,,,,,,,,,FR606858,,,
C7151,LAB_101,,E001,,,,,cctv_frames,,,,,,,,,FR606859,,,
C7151,HOSTEL_GATE,,E001,,,,,cctv_frames,,,,,,,,,FR606860,,,
C7151,HOSTEL_GATE,,E001,,,,,cctv_frames,,,,,,,,,FR606863,,,
C7151,LAB_101,,E001,,,,,cctv_frames,,,,,,,,,FR606867,,,
C7151,LAB_101,,E001,,,,,cctv_frames,,,,,,,,,FR606870,,,
C7151,ADMIN_LOBBY,,E001,,,,,cctv_frames,,,,,,,,,FR606874,,,
C7151,LIB_ENT,,E001,,,,,cctv_frames,,,,,,,,,FR606878,,,
C7151,LAB_101,,E001,,,,,cctv_frames,,,,,,,,,FR606883,,,
C7151,CAF_01,,E001,,,,,cctv_frames,,,,,,,,,FR606885,,,
C7151,LAB_305,,E001,,,,,cctv_frames,,,,,,,,,FR606888,,,
C7151,LIB_ENT,,E001,,,,,cctv_frames,,,,,,,,,FR606891,,,
C7151,HOSTEL_GATE,,E001,,,,,cctv_frames,,,,,,,,,FR606893,,,
C7151,LAB_101,,E001,,,,,cctv_frames,,,,,,,,,FR606897,,,
C7151,LIB_ENT,,E001,,,,,cctv_frames,,,,,,,,,FR606898,,,
C7151,CAF_01,,E001,,,,,cctv_frames,,,,,,,,,FR606901,,,
C7151,HOSTEL_GATE,,E001,,,,,cctv_frames,,,,,,,,,FR606908,,,
C7151,LIB_ENT,,E001,,,,,cctv_frames,,,,,,,,,FR606910,,,
C7151,LIB_ENT,,E001,,,,,cctv_frames,,,,,,,,,FR606911,,,
C7151,LAB_305,,E001,,,,,cctv_frames,,,,,,,,,FR606914,,,
C7151,ADMIN_LOBBY,,E001,,,,,cctv_frames,,,,,,,,,FR606915,,,
C7151,ADMIN_LOBBY,,E001,,,,,cctv_frames,,,,,,,,,FR606917,,,
C7151,LIB_ENT,,E001,,,,,cctv_frames,,,,,,,,,FR606919,,,
C7151,GYM,,E001,,,,,cctv_frames,,,,,,,,,FR606921,,,
C7151,LAB_305,,E001,,,,,cctv_frames,,,,,,,,,FR606922,,,
C7151,LIB_ENT,,E001,,,,,cctv_frames,,,,,,,,,FR606926,,,
C7151,LIB_ENT,,E001,,,,,cctv_frames,,,,,,,,,FR606928,,,
C7151,CAF_01,,E001,,,,,cctv_frames,,,,,,,,,FR606929,,,
C7151,LAB_305,,E001,,,,,cctv_frames,,,,,,,,,FR606930,,,
C7151,AUDITORIUM,,E001,,,,,cctv_frames,,,,,,,,,FR606931,,,
C7151,LAB_305,,E001,,,,,cctv_frames,,,,,,,,,FR606933,,,
C7151,LAB_101,,E001,,,,,cctv_frames,,,,,,,,,FR606938,,,
C7151,ADMIN_LOBBY,,E001,,,,,cctv_frames,,,,,,,,,FR606939,,,
C7151,HOSTEL_GATE,,E001,,,,,cctv_frames,,,,,,,,,FR606941,,,
C7151,LAB_101,,E001,,,,,cctv_frames,,,,,,,,,FR606942,,,
C7151,LIB_ENT,,E001,,,,,cctv_frames,,,,,,,,,FR606948,,,
C7151,LAB_305,,E001,,,,,cctv_frames,,,,,,,,,FR606951,,,
C7151,LAB_305,,E001,,,,,cctv_frames,,,,,,,,,FR606952,,,
C7151,CAF_01,,E001,,,,,cctv_frames,,,,,,,,,FR606954,,,
C7151,LAB_101,,E001,,,,,cctv_frames,,,,,,,,,FR606955,,,
C7151,AUDITORIUM,,E001,,,,,cctv_frames,,,,,,,,,FR606956,,,
C7151,LAB_101,,E001,,,,,cctv_frames,,,,,,,,,FR606958,,,
C7151,CAF_01,,E001,,,,,cctv_frames,,,,,,,,,FR606959,,,
C7151,GYM,,E001,,,,,cctv_frames,,,,,,,,,FR606961,,,
C7151,CAF_01,,E001,,,,,cctv_frames,,,,,,,,,FR606962,,,
C7151,GYM,,E001,,,,,cctv_frames,,,,,,,,,FR606964,,,
C7151,AUDITORIUM,,E001,,,,,cctv_frames,,,,,,,,,FR606967,,,
C7151,LAB_101,,E001,,,,,cctv_frames,,,,,,,,,FR606970,,,
C7151,GYM,,E001,,,,,cctv_frames,,,,,,,,,FR606971,,,
C7151,HOSTEL_GATE,,E001,,,,,cctv_frames,,,,,,,,,FR606973,,,
C7151,AUDITORIUM,,E001,,,,,cctv_frames,,,,,,,,,FR606974,,,
C7151,CAF_01,,E001,,,,,cctv_frames,,,,,,,,,FR606976,,,
C7151,CAF_01,,E001,,,,,cctv_frames,,,,,,,,,FR606977,,,
C7151,AUDITORIUM,,E001,,,,,cctv_frames,,,,,,,,,FR606981,,,
C7151,ADMIN_LOBBY,,E001,,,,,cctv_frames,,,,,,,,,FR606983,,,
C7151,HOSTEL_GATE,,E001,,,,,cctv_frames,,,,,,,,,FR606986,,,
C7151,GYM,,E001,,,,,cctv_frames,,,,,,,,,FR606987,,,
C7151,CAF_01,,E001,,,,,cctv_frames,,,,,,,,,FR606991,,,
C7151,LIB_ENT,,E001,,,,,cctv_frames,,,,,,,,,FR606992,,,
C7151,HOSTEL_GATE,,E001,,,,,cctv_frames,,,,,,,,,FR606995,,,
C4562,HOSTEL_GATE,2025-08-29 21:37:09,E002,,,,,campus_card_swipe,,,,,,,,,,,,
C4562,AUDITORIUM,2025-09-19 03:59:44,E002,,,,,campus_card_swipe,,,,,,,,,,,,
C4562,AUDITORIUM,2025-09-20 00:35:04,E002,,,,,campus_card_swipe,,,,,,,,,,,,
C4562,HOSTEL_GATE,2025-09-21 06:33:51,E002,,,,,campus_card_swipe,,,,,,,,,,,,
C4562,AUDITORIUM,2025-09-21 15:57:48,E002,,,,,campus_card_swipe,,,,,,,,,,,,
C4562,ADMIN_LOBBY,2025-09-22 00:16:08,E002,,,,,campus_card_swipe,,,,,,,,,,,,
C4562,LAB_101,,E002,,,,,cctv_frames,,,,,,,,,FR600000,,,
C4562,LIB_ENT,,E002,,,,,cctv_frames,,,,,,,,,FR600001,,,
C4562,ADMIN_LOBBY,,E002,,,,,cctv_frames,,,,,,,,,FR600004,,,
C4562,LIB_ENT,,E002,,,,,cctv_frames,,,,,,,,,FR600005,,,
C4562,GYM,,E002,,,,,cctv_frames,,,,,,,,,FR600006,,,
C4562,LAB_305,,E002,,,,,cctv_frames,,,,,,,,,FR600008,,,
C4562,HOSTEL_GATE,,E002,,,,,cctv_frames,,,,,,,,,FR600010,,,
C4562,HOSTEL_GATE,,E002,,,,,cctv_frames,,,,,,,,,FR600011,,,
C4562,CAF_01,,E002,,,,,cctv_frames,,,,,,,,,FR600015,,,
C4562,LIB_ENT,,E002,,,,,cctv_frames,,,,,,,,,FR600020,,,
C4562,LAB_101,,E002,,,,,cctv_frames,,,,,,,,,FR600024,,,
C4562,LAB_101,,E002,,,,,cctv_frames,,,,,,,,,FR600027,,,
C4562,HOSTEL_GATE,,E002,,,,,cctv_frames,,,,,,,,,FR600028,,,
C4562,HOSTEL_GATE,,E002,,,,,cctv_frames,,,,,,,,,FR600030,,,
C4562,GYM,,E002,,,,,cctv_frames,,,,,,,,,FR600032,,,
C4562,GYM,,E002,,,,,cctv_frames,,,,,,,,,FR600034,,,
C4562,ADMIN_LOBBY,,E002,,,,,cctv_frames,,,,,,,,,FR600036,,,
C4562,LAB_101,,E002,,,,,cctv_frames,,,,,,,,,FR600040,,,
C4562,ADMIN_LOBBY,,E002,,,,,cctv_frames,,,,,,,,,FR600041,,,
C4562,ADMIN_LOBBY,,E002,,,,,cctv_frames,,,,,,,,,FR600042,,,
C4562,LIB_ENT,,E002,,,,,cctv_frames,,,,,,,,,FR600046,,,
C4562,ADMIN_LOBBY,,E002,,,,,cctv_frames,,,,,,,,,FR600047,,,
C4562,CAF_01,,E002,,,,,cctv_frames,,,,,,,,,FR600051,,,
C4562,AUDITORIUM,,E002,,,,,cctv_frames,,,,,,,,,FR600052,,,
C4562,LIB_ENT,,E002,,,,,cctv_frames,,,,,,,,,FR600058,,,
C4562,AUDITORIUM,,E002,,,,,cctv_frames,,,,,,,,,FR600060,,,
C4562,LAB_305,,E002,,,,,cctv_frames,,,,,,,,,FR600061,,,
C4562,AUDITORIUM,,E002,,,,,cctv_frames,,,,,,,,,FR600062,,,
C4562,LIB_ENT,,E002,,,,,cctv_frames,,,,,,,,,FR600063,,,
C4562,CAF_01,,E002,,,,,cctv_frames,,,,,,,,,FR600064,,,
C4562,CAF_01,,E002,,,,,cctv_frames,,,,,,,,,FR600065,,,
C4562,LAB_305,,E002,,,,,cctv_frames,,,,,,,,,FR600066,,,
C4562,CAF_01,,E002,,,,,cctv_frames,,,,,,,,,FR600070,,,
C4562,HOSTEL_GATE,,E002,,,,,cctv_frames,,,,,,,,,FR600072,,,
C4562,LAB_305,,E002,,,,,cctv_frames,,,,,,,,,FR600073,,,
C4562,ADMIN_LOBBY,,E002,,,,,cctv_frames,,,,,,,,,FR600075,,,
C4562,LAB_305,,E002,,,,,cctv_frames,,,,,,,,,FR600077,,,
C4562,HOSTEL_GATE,,E002,,,,,cctv_frames,,,,,,,,,FR600078,,,
C4562,ADMIN_LOBBY,,E002,,,,,cctv_frames,,,,,,,,,FR600080,,,
C4562,ADMIN_LOBBY,,E002,,,,,cctv_frames,,,,,,,,,FR600081,,,
C4562,ADMIN_LOBBY,,E002,,,,,cctv_frames,,,,,,,,,FR600083,,,
C4562,CAF_01,,E002,,,,,cctv_frames,,,,,,,,,FR600084,,,
C4562,LIB_ENT,,E002,,,,,cctv_frames,,,,,,,,,FR600088,,,
C4562,HOSTEL_GATE,,E002,,,,,cctv_frames,,,,,,,,,FR600091,,,
C4562,LAB_305,,E002,,,,,cctv_frames,,,,,,,,,FR600092,,,
C4562,LAB_305,,E002,,,,,cctv_frames,,,,,,,,,FR600094,,,
C4562,LAB_305,,E002,,,,,cctv_frames,,,,,,,,,FR600095,,,
C4562,HOSTEL_GATE,,E002,,,,,cctv_frames,,,,,,,,,FR600096,,,
C4562,ADMIN_LOBBY,,E002,,,,,cctv_frames,,,,,,,,,FR600097,,,
C4562,HOSTEL_GATE,,E002,,,,,cctv_frames,,,,,,,,,FR600099,,,
C4562,LAB_305,,E002,,,,,cctv_frames,,,,,,,,,FR600102,,,
C4562,ADMIN_LOBBY,,E002,,,,,cctv_frames,,,,,,,,,FR600105,,,
C4562,LIB_ENT,,E002,,,,,cctv_frames,,,,,,,,,FR600106,,,
C4562,AUDITORIUM,,E002,,,,,cctv_frames,,,,,,,,,FR600111,,,
C4562,LIB_ENT,,E002,,,,,cctv_frames,,,,,,,,,FR600112,,,
C4562,HOSTEL_GATE,,E002,,,,,cctv_frames,,,,,,,,,FR600119,,,
C4562,HOSTEL_GATE,,E002,,,,,cctv_frames,,,,,,,,,FR600121,,,
C4562,LIB_ENT,,E002,,,,,cctv_frames,,,,,,,,,FR600125,,,
C4562,LAB_305,,E002,,,,,cctv_frames,,,,,,,,,FR600127,,,
C4562,LAB_305,,E002,,,,,cctv_frames,,,,,,,,,FR600128,,,
C4562,ADMIN_LOBBY,,E002,,,,,cctv_frames,,,,,,,,,FR600129,,,
C4562,AUDITORIUM,,E002,,,,,cctv_frames,,,,,,,,,FR600131,,,
C4562,GYM,,E002,,,,,cctv_frames,,,,,,,,,FR600133,,,
C4562,GYM,,E002,,,,,cctv_frames,,,,,,,,,FR600135,,,
C4562,LIB_ENT,,E002,,,,,cctv_frames,,,,,,,,,FR600136,,,
C4562,CAF_01,,E002,,,,,cctv_frames,,,,,,,,,FR600138,,,
C4562,CAF_01,,E002,,,,,cctv_frames,,,,,,,,,FR600141,,,
C4562,HOSTEL_GATE,,E002,,,,,cctv_frames,,,,,,,,,FR600142,,,
C4562,LIB_ENT,,E002,,,,,cctv_frames,,,,,,,,,FR600145,,,
C4562,LAB_305,,E002,,,,,cctv_frames,,,,,,,,,FR600151,,,
C4562,AUDITORIUM,,E002,,,,,cctv_frames,,,,,,,,,FR600155,,,
C4562,LIB_ENT,,E002,,,,,cctv_frames,,,,,,,,,FR600156,,,
C4562,CAF_01,,E002,,,,,cctv_frames,,,,,,,,,FR600157,,,
C4562,LIB_ENT,,E002,,,,,cctv_frames,,,,,,,,,FR600159,,,
C4562,AUDITORIUM,,E002,,,,,cctv_frames,,,,,,,,,FR600161,,,
C4562,LIB_ENT,,E002,,,,,cctv_frames,,,,,,,,,FR600163,,,
C4562,HOSTEL_GATE,,E002,,,,,cctv_frames,,,,,,,,,FR600164,,,
C4562,LIB_ENT,,E002,,,,,cctv_frames,,,,,,,,,FR600165,,,
C4562,LIB_ENT,,E002,,,,,cctv_frames,,,,,,,,,FR600167,,,
C4562,CAF_01,,E002,,,,,cctv_frames,,,,,,,,,FR600169,,,
C4562,HOSTEL_GATE,,E002,,,,,cctv_frames,,,,,,,,,FR600175,,,
C4562,ADMIN_LOBBY,,E002,,,,,cctv_frames,,,,,,,,,FR600176,,,
C4562,LIB_ENT,,E002,,,,,cctv_frames,,,,,,,,,FR600177,,,
C4562,AUDITORIUM,,E002,,,,,cctv_frames,,,,,,,,,FR600179,,,
C4562,ADMIN_LOBBY,,E002,,,,,cctv_frames,,,,,,,,,FR600180,,,
C4562,ADMIN_LOBBY,,E002,,,,,cctv_frames,,,,,,,,,FR600185,,,
C4562,CAF_01,,E002,,,,,cctv_frames,,,,,,,,,FR600186,,,
C4562,AUDITORIUM,,E002,,,,,cctv_frames,,,,,,,,,FR600187,,,
C4562,ADMIN_LOBBY,,E002,,,,,cctv_frames,,,,,,,,,FR600188,,,
C4562,GYM,,E002,,,,,cctv_frames,,,,,,,,,FR600190,,,
C4562,LAB_101,,E002,,,,,cctv_frames,,,,,,,,,FR600192,,,
C4562,HOSTEL_GATE,,E002,,,,,cctv_frames,,,,,,,,,FR600198,,,
C4562,CAF_01,,E002,,,,,cctv_frames,,,,,,,,,FR600199,,,
C4562,LAB_305,,E002,,,,,cctv_frames,,,,,,,,,FR600200,,,
C4562,LIB_ENT,,E002,,,,,cctv_frames,,,,,,,,,FR600201,,,
C4562,AUDITORIUM,,E002,,,,,cctv_frames,,,,,,,,,FR600202,,,
C4562,ADMIN_LOBBY,,E002,,,,,cctv_frames,,,,,,,,,FR600203,,,
C4562,LAB_101,,E002,,,,,cctv_frames,,,,,,,,,FR600206,,,
C4562,AUDITORIUM,,E002,,,,,cctv_frames,,,,,,,,,FR600208,,,
C4562,LAB_305,,E002,,,,,cctv_frames,,,,,,,,,FR600209,,,
C4562,LAB_305,,E002,,,,,cctv_frames,,,,,,,,,FR600216,,,
C4562,LAB_101,,E002,,,,,cctv_frames,,,,,,,,,FR600218,,,
C4562,GYM,,E002,,,,,cctv_frames,,,,,,,,,FR600220,,,
C4562,CAF_01,,E002,,,,,cctv_frames,,,,,,,,,FR600222,,,
C4562,GYM,,E002,,,,,cctv_frames,,,,,,,,,FR600225,,,
C4562,GYM,,E002,,,,,cctv_frames,,,,,,,,,FR600227,,,
C4562,LAB_101,,E002,,,,,cctv_frames,,,,,,,,,FR600228,,,
C4562,ADMIN_LOBBY,,E002,,,,,cctv_frames,,,,,,,,,FR600230,,,
C4562,CAF_01,,E002,,,,,cctv_frames,,,,,,,,,FR600233,,,
C4562,CAF_01,,E002,,,,,cctv_frames,,,,,,,,,FR600235,,,
C4562,CAF_01,,E002,,,,,cctv_frames,,,,,,,,,FR600236,,,
C4562,LIB_ENT,,E002,,,,,cctv_frames,,,,,,,,,FR600237,,,
C4562,ADMIN_LOBBY,,E002,,,,,cctv_frames,,,,,,,,,FR600240,,,
C4562,AUDITORIUM,,E002,,,,,cctv_frames,,,,,,,,,FR600244,,,
C4562,HOSTEL_GATE,,E002,,,,,cctv_frames,,,,,,,,,FR600252,,,
C4562,CAF_01,,E002,,,,,cctv_frames,,,,,,,,,FR600253,,,
C4562,HOSTEL_GATE,,E002,,,,,cctv_frames,,,,,,,,,FR600254,,,
C4562,LAB_101,,E002,,,,,cctv_frames,,,,,,,,,FR600258,,,
C4562,LIB_ENT,,E002,,,,,cctv_frames,,,,,,,,,FR600259,,,
C4562,LAB_101,,E002,,,,,cctv_frames,,,,,,,,,FR600260,,,
C4562,AUDITORIUM,,E002,,,,,cctv_frames,,,,,,,,,FR600261,,,
C4562,LIB_ENT,,E002,,,,,cctv_frames,,,,,,,,,FR600263,,,
C4562,CAF_01,,E002,,,,,cctv_frames,,,,,,,,,FR600265,,,
C4562,CAF_01,,E002,,,,,cctv_frames,,,,,,,,,FR600267,,,
C4562,CAF_01,,E002,,,,,cctv_frames,,,,,,,,,FR600272,,,
C4562,HOSTEL_GATE,,E002,,,,,cctv_frames,,,,,,,,,FR600278,,,
C4562,CAF_01,,E002,,,,,cctv_frames,,,,,,,,,FR600279,,,
C4562,GYM,,E002,,,,,cctv_frames,,,,,,,,,FR600280,,,
C4562,CAF_01,,E002,,,,,cctv_frames,,,,,,,,,FR600281,,,
C4562,GYM,,E002,,,,,cctv_frames,,,,,,,,,FR600284,,,
C4562,HOSTEL_GATE,,E002,,,,,cctv_frames,,,,,,,,,FR600285,,,
C4562,LAB_305,,E002,,,,,cctv_frames,,,,,,,,,FR600286,,,
C4562,LIB_ENT,,E002,,,,,cctv_frames,,,,,,,,,FR600292,,,
C4562,HOSTEL_GATE,,E002,,,,,cctv_frames,,,,,,,,,FR600294,,,
C4562,LAB_101,,E002,,,,,cctv_frames,,,,,,,,,FR600298,,,
C4562,LAB_305,,E002,,,,,cctv_frames,,,,,,,,,FR600300,,,
C4562,AUDITORIUM,,E002,,,,,cctv_frames,,,,,,,,,FR600301,,,
C4562,LAB_305,,E002,,,,,cctv_frames,,,,,,,,,FR600302,,,
C4562,LAB_101,,E002,,,,,cctv_frames,,,,,,,,,FR600306,,,
C4562,GYM,,E002,,,,,cctv_frames,,,,,,,,,FR600307,,,
C4562,LIB_ENT,,E002,,,,,cctv_frames,,,,,,,,,FR600308,,,
C4562,CAF_01,,E002,,,,,cctv_frames,,,,,,,,,FR600310,,,
C4562,AUDITORIUM,,E002,,,,,cctv_frames,,,,,,,,,FR600312,,,
C4562,AUDITORIUM,,E002,,,,,cctv_frames,,,,,,,,,FR600314,,,
C4562,GYM,,E002,,,,,cctv_frames,,,,,,,,,FR600317,,,
C4562,HOSTEL_GATE,,E002,,,,,cctv_frames,,,,,,,,,FR600321,,,
C4562,HOSTEL_GATE,,E002,,,,,cctv_frames,,,,,,,,,FR600325,,,
C4562,HOSTEL_GATE,,E002,,,,,cctv_frames,,,,,,,,,FR600326,,,
C4562,LAB_101,,E002,,,,,cctv_frames,,,,,,,,,FR600327,,,
C4562,HOSTEL_GATE,,E002,,,,,cctv_frames,,,,,,,,,FR600329,,,
C4562,AUDITORIUM,,E002,,,,,cctv_frames,,,,,,,,,FR600330,,,
C4562,LIB_ENT,,E002,,,,,cctv_frames,,,,,,,,,FR600333,,,
C4562,LIB_ENT,,E002,,,,,cctv_frames,,,,,,,,,FR600334,,,
C4562,AUDITORIUM,,E002,,,,,cctv_frames,,,,,,,,,FR600336,,,
C4562,AUDITORIUM,,E002,,,,,cctv_frames,,,,,,,,,FR600337,,,
C4562,GYM,,E002,,,,,cctv_frames,,,,,,,,,FR600343,,,
C4562,HOSTEL_GATE,,E002,,,,,cctv_frames,,,,,,,,,FR600344,,,
C4562,HOSTEL_GATE,,E002,,,,,cctv_frames,,,,,,,,,FR600348,,,
C4562,GYM,,E002,,,,,cctv_frames,,,,,,,,,FR600349,,,
C4562,AUDITORIUM,,E002,,,,,cctv_frames,,,,,,,,,FR600353,,,
C4562,ADMIN_LOBBY,,E002,,,,,cctv_frames,,,,,,,,,FR600354,,,
C4562,GYM,,E002,,,,,cctv_frames,,,,,,,,,FR600355,,,
C4562,GYM,,E002,,,,,cctv_frames,,,,,,,,,FR600358,,,
C4562,LAB_101,,E002,,,,,cctv_frames,,,,,,,,,FR600360,,,
C4562,GYM,,E002,,,,,cctv_frames,,,,,,,,,FR600362,,,
C4562,AUDITORIUM,,E002,,,,,cctv_frames,,,,,,,,,FR600365,,,
C4562,AUDITORIUM,,E002,,,,,cctv_frames,,,,,,,,,FR600368,,,
C4562,LAB_305,,E002,,,,,cctv_frames,,,,,,,,,FR600370,,,
C4562,LAB_305,,E002,,,,,cctv_frames,,,,,,,,,FR600373,,,
C4562,CAF_01,,E002,,,,,cctv_frames,,,,,,,,,FR600377,,,
C4562,AUDITORIUM,,E002,,,,,cctv_frames,,,,,,,,,FR600378,,,
C4562,HOSTEL_GATE,,E002,,,,,cctv_frames,,,,,,,,,FR600379,,,
C4562,AUDITORIUM,,E002,,,,,cctv_frames,,,,,,,,,FR600380,,,
C4562,AUDITORIUM,,E002,,,,,cctv_frames,,,,,,,,,FR600381,,,
C4562,CAF_01,,E002,,,,,cctv_frames,,,,,,,,,FR600382,,,
C4562,HOSTEL_GATE,,E002,,,,,cctv_frames,,,,,,,,,FR600385,,,
C4562,LAB_101,,E002,,,,,cctv_frames,,,,,,,,,FR600386,,,
C4562,LIB_ENT,,E002,,,,,cctv_frames,,,,,,,,,FR600388,,,
C4562,AUDITORIUM,,E002,,,,,cctv_frames,,,,,,,,,FR600393,,,
C4562,LIB_ENT,,E002,,,,,cctv_frames,,,,,,,,,FR600395,,,
C4562,LIB_ENT,,E002,,,,,cctv_frames,,,,,,,,,FR600396,,,
C4562,HOSTEL_GATE,,E002,,,,,cctv_frames,,,,,,,,,FR600397,,,
C4562,CAF_01,,E002,,,,,cctv_frames,,,,,,,,,FR600399,,,
C4562,GYM,,E002,,,,,cctv_frames,,,,,,,,,FR600402,,,
C4562,LAB_305,,E002,,,,,cctv_frames,,,,,,,,,FR600405,,,
C4562,HOSTEL_GATE,,E002,,,,,cctv_frames,,,,,,,,,FR600407,,,
C4562,LAB_305,,E002,,,,,cctv_frames,,,,,,,,,FR600414,,,
C4562,ADMIN_LOBBY,,E002,,,,,cctv_frames,,,,,,,,,FR600416,,,
C4562,GYM,,E002,,,,,cctv_frames,,,,,,,,,FR600419,,,
C4562,LAB_101,,E002,,,,,cctv_frames,,,,,,,,,FR600420,,,
C4562,GYM,,E002,,,,,cctv_frames,,,,,,,,,FR600421,,,
C4562,CAF_01,,E002,,,,,cctv_frames,,,,,,,,,FR600424,,,
C4562,LIB_ENT,,E002,,,,,cctv_frames,,,,,,,,,FR600427,,,
C4562,LIB_ENT,,E002,,,,,cctv_frames,,,,,,,,,FR600430,,,
C4562,ADMIN_LOBBY,,E002,,,,,cctv_frames,,,,,,,,,FR600432,,,
C4562,LAB_305,,E002,,,,,cctv_frames,,,,,,,,,FR600437,,,
C4562,AUDITORIUM,,E002,,,,,cctv_frames,,,,,,,,,FR600442,,,
C4562,LAB_305,,E002,,,,,cctv_frames,,,,,,,,,FR600445,,,
C4562,CAF_01,,E002,,,,,cctv_frames,,,,,,,,,FR600448,,,
C4562,LIB_ENT,,E002,,,,,cctv_frames,,,,,,,,,FR600451,,,
C4562,HOSTEL_GATE,,E002,,,,,cctv_frames,,,,,,,,,FR600452,,,
C4562,GYM,,E002,,,,,cctv_frames,,,,,,,,,FR600456,,,
C4562,CAF_01,,E002,,,,,cctv_frames,,,,,,,,,FR600458,,,
C4562,HOSTEL_GATE,,E002,,,,,cctv_frames,,,,,,,,,FR600461,,,
C4562,HOSTEL_GATE,,E002,,,,,cctv_frames,,,,,,,,,FR600464,,,
C4562,HOSTEL_GATE,,E002,,,,,cctv_frames,,,,,,,,,FR600473,,,
C4562,AUDITORIUM,,E002,,,,,cctv_frames,,,,,,,,,FR600475,,,
C4562,LAB_305,,E002,,,,,cctv_frames,,,,,,,,,FR600476,,,
C4562,LAB_305,,E002,,,,,cctv_frames,,,,,,,,,FR600477,,,
C4562,LAB_101,,E002,,,,,cctv_frames,,,,,,,,,FR600478,,,
C4562,LAB_101,,E002,,,,,cctv_frames,,,,,,,,,FR600481,,,
C4562,LIB_ENT,,E002,,,,,cctv_frames,,,,,,,,,FR600482,,,
C4562,HOSTEL_GATE,,E002,,,,,cctv_frames,,,,,,,,,FR600487,,,
C4562,LAB_305,,E002,,,,,cctv_frames,,,,,,,,,FR600492,,,
C4562,GYM,,E002,,,,,cctv_frames,,,,,,,,,FR600494,,,
C4562,AUDITORIUM,,E002,,,,,cctv_frames,,,,,,,,,FR600496,,,
C4562,GYM,,E002,,,,,cctv_frames,,,,,,,,,FR600497,,,
C4562,HOSTEL_GATE,,E002,,,,,cctv_frames,,,,,,,,,FR600500,,,
C4562,ADMIN_LOBBY,,E002,,,,,cctv_frames,,,,,,,,,FR600502,,,
C4562,CAF_01,,E002,,,,,cctv_frames,,,,,,,,,FR600506,,,
C4562,LAB_305,,E002,,,,,cctv_frames,,,,,,,,,FR600508,,,
C4562,GYM,,E002,,,,,cctv_frames,,,,,,,,,FR600509,,,
C4562,HOSTEL_GATE,,E002,,,,,cctv_frames,,,,,,,,,FR600510,,,
C4562,ADMIN_LOBBY,,E002,,,,,cctv_frames,,,,,,,,,FR600511,,,
C4562,GYM,,E002,,,,,cctv_frames,,,,,,,,,FR600514,,,
C4562,ADMIN_LOBBY,,E002,,,,,cctv_frames,,,,,,,,,FR600516,,,
C4562,HOSTEL_GATE,,E002,,,,,cctv_frames,,,,,,,,,FR600517,,,
C4562,CAF_01,,E002,,,,,cctv_frames,,,,,,,,,FR600518,,,
C4562,LIB_ENT,,E002,,,,,cctv_frames,,,,,,,,,FR600520,,,
C4562,CAF_01,,E002,,,,,cctv_frames,,,,,,,,,FR600522,,,
C4562,ADMIN_LOBBY,,E002,,,,,cctv_frames,,,,,,,,,FR600523,,,
C4562,ADMIN_LOBBY,,E002,,,,,cctv_frames,,,,,,,,,FR600525,,,
C4562,GYM,,E002,,,,,cctv_frames,,,,,,,,,FR600526,,,
C4562,LIB_ENT,,E002,,,,,cctv_frames,,,,,,,,,FR600529,,,
C4562,GYM,,E002,,,,,cctv_frames,,,,,,,,,FR600531,,,
C4562,LAB_305,,E002,,,,,cctv_frames,,,,,,,,,FR600533,,,
C4562,HOSTEL_GATE,,E002,,,,,cctv_frames,,,,,,,,,FR600534,,,
C4562,HOSTEL_GATE,,E002,,,,,cctv_frames,,,,,,,,,FR600535,,,
C4562,LAB_101,,E002,,,,,cctv_frames,,,,,,,,,FR600536,,,
C4562,LAB_305,,E002,,,,,cctv_frames,,,,,,,,,FR600537,,,
C4562,HOSTEL_GATE,,E002,,,,,cctv_frames,,,,,,,,,FR600538,,,
C4562,AUDITORIUM,,E002,,,,,cctv_frames,,,,,,,,,FR600539,,,
C4562,HOSTEL_GATE,,E002,,,,,cctv_frames,,,,,,,,,FR600548,,,
C4562,CAF_01,,E002,,,,,cctv_frames,,,,,,,,,FR600552,,,
C4562,ADMIN_LOBBY,,E002,,,,,cctv_frames,,,,,,,,,FR600554,,,
C4562,GYM,,E002,,,,,cctv_frames,,,,,,,,,FR600558,,,
C4562,GYM,,E002,,,,,cctv_frames,,,,,,,,,FR600565,,,
C4562,AUDITORIUM,,E002,,,,,cctv_frames,,,,,,,,,FR600571,,,
C4562,HOSTEL_GATE,,E002,,,,,cctv_frames,,,,,,,,,FR600575,,,
C4562,LIB_ENT,,E002,,,,,cctv_frames,,,,,,,,,FR600580,,,
C4562,LAB_101,,E002,,,,,cctv_frames,,,,,,,,,FR600582,,,
C4562,LAB_305,,E002,,,,,cctv_frames,,,,,,,,,FR600584,,,
C4562,HOSTEL_GATE,,E002,,,,,cctv_frames,,,,,,,,,FR600585,,,
C4562,LAB_305,,E002,,,,,cctv_frames,,,,,,,,,FR600586,,,
C4562,LAB_101,,E002,,,,,cctv_frames,,,,,,,,,FR600587,,,
C4562,HOSTEL_GATE,,E002,,,,,cctv_frames,,,,,,,,,FR600588,,,
C4562,AUDITORIUM,,E002,,,,,cctv_frames,,,,,,,,,FR600590,,,
C4562,CAF_01,,E002,,,,,cctv_frames,,,,,,,,,FR600591,,,
C4562,ADMIN_LOBBY,,E002,,,,,cctv_frames,,,,,,,,,FR600592,,,
C4562,AUDITORIUM,,E002,,,,,cctv_frames,,,,,,,,,FR600593,,,
C4562,GYM,,E002,,,,,cctv_frames,,,,,,,,,FR600598,,,
C4562,AUDITORIUM,,E002,,,,,cctv_frames,,,,,,,,,FR600602,,,
C4562,LIB_ENT,,E002,,,,,cctv_frames,,,,,,,,,FR600614,,,
C4562,LIB_ENT,,E002,,,,,cctv_frames,,,,,,,,,FR600617,,,
C4562,AUDITORIUM,,E002,,,,,cctv_frames,,,,,,,,,FR600618,,,
C4562,HOSTEL_GATE,,E002,,,,,cctv_frames,,,,,,,,,FR600619,,,
C4562,LAB_101,,E002,,,,,cctv_frames,,,,,,,,,FR600620,,,
C4562,LIB_ENT,,E002,,,,,cctv_frames,,,,,,,,,FR600621,,,
C4562,CAF_01,,E002,,,,,cctv_frames,,,,,,,,,FR600622,,,
C4562,GYM,,E002,,,,,cctv_frames,,,,,,,,,FR600624,,,
C4562,LAB_305,,E002,,,,,cctv_frames,,,,,,,,,FR600629,,,
C4562,LAB_305,,E002,,,,,cctv_frames,,,,,,,,,FR600632,,,
C4562,HOSTEL_GATE,,E002,,,,,cctv_frames,,,,,,,,,FR600634,,,
C4562,ADMIN_LOBBY,,E002,,,,,cctv_frames,,,,,,,,,FR600638,,,
C4562,GYM,,E002,,,,,cctv_frames,,,,,,,,,FR600640,,,
C4562,HOSTEL_GATE,,E002,,,,,cctv_frames,,,,,,,,,FR600641,,,
C4562,CAF_01,,E002,,,,,cctv_frames,,,,,,,,,FR600645,,,
C4562,CAF_01,,E002,,,,,cctv_frames,,,,,,,,,FR600650,,,
C4562,LAB_101,,E002,,,,,cctv_frames,,,,,,,,,FR600656,,,
C4562,AUDITORIUM,,E002,,,,,cctv_frames,,,,,,,,,FR600658,,,
C4562,HOSTEL_GATE,,E002,,,,,cctv_frames,,,,,,,,,FR600661,,,
C4562,GYM,,E002,,,,,cctv_frames,,,,,,,,,FR600662,,,
C4562,AUDITORIUM,,E002,,,,,cctv_frames,,,,,,,,,FR600665,,,
C4562,AUDITORIUM,,E002,,,,,cctv_frames,,,,,,,,,FR600669,,,
C4562,LAB_305,,E002,,,,,cctv_frames,,,,,,,,,FR600671,,,
C4562,HOSTEL_GATE,,E002,,,,,cctv_frames,,,,,,,,,FR600675,,,
C4562,CAF_01,,E002,,,,,cctv_frames,,,,,,,,,FR600677,,,
C4562,HOSTEL_GATE,,E002,,,,,cctv_frames,,,,,,,,,FR600678,,,
C4562,ADMIN_LOBBY,,E002,,,,,cctv_frames,,,,,,,,,FR600680,,,
C4562,ADMIN_LOBBY,,E002,,,,,cctv_frames,,,,,,,,,FR600684,,,
C4562,LAB_305,,E002,,,,,cctv_frames,,,,,,,,,FR600685,,,
C4562,LIB_ENT,,E002,,,,,cctv_frames,,,,,,,,,FR600686,,,
C4562,CAF_01,,E002,,,,,cctv_frames,,,,,,,,,FR600687,,,
C4562,LAB_305,,E002,,,,,cctv_frames,,,,,,,,,FR600688,,,
C4562,ADMIN_LOBBY,,E002,,,,,cctv_frames,,,,,,,,,FR600689,,,
C4562,HOSTEL_GATE,,E002,,,,,cctv_frames,,,,,,,,,FR600690,,,
C4562,GYM,,E002,,,,,cctv_frames,,,,,,,,,FR600694,,,
C4562,LAB_305,,E002,,,,,cctv_frames,,,,,,,,,FR600696,,,
C4562,LAB_101,,E002,,,,,cctv_frames,,,,,,,,,FR600698,,,
C4562,LAB_101,,E002,,,,,cctv_frames,,,,,,,,,FR600699,,,
C4562,AUDITORIUM,,E002,,,,,cctv_frames,,,,,,,,,FR600703,,,
C4562,LAB_101,,E002,,,,,cctv_frames,,,,,,,,,FR600709,,,
C4562,ADMIN_LOBBY,,E002,,,,,cctv_frames,,,,,,,,,FR600712,,,
C4562,CAF_01,,E002,,,,,cctv_frames,,,,,,,,,FR600715,,,
C4562,CAF_01,,E002,,,,,cctv_frames,,,,,,,,,FR600720,,,
C4562,ADMIN_LOBBY,,E002,,,,,cctv_frames,,,,,,,,,FR600721,,,
C4562,GYM,,E002,,,,,cctv_frames,,,,,,,,,FR600723,,,
C4562,LIB_ENT,,E002,,,,,cctv_frames,,,,,,,,,FR600724,,,
C4562,ADMIN_LOBBY,,E002,,,,,cctv_frames,,,,,,,,,FR600736,,,
C4562,LAB_101,,E002,,,,,cctv_frames,,,,,,,,,FR600740,,,
C4562,LAB_101,,E002,,,,,cctv_frames,,,,,,,,,FR600743,,,
C4562,AUDITORIUM,,E002,,,,,cctv_frames,,,,,,,,,FR600748,,,
C4562,ADMIN_LOBBY,,E002,,,,,cctv_frames,,,,,,,,,FR600749,,,
C4562,AUDITORIUM,,E002,,,,,cctv_frames,,,,,,,,,FR600752,,,
C4562,GYM,,E002,,,,,cctv_frames,,,,,,,,,FR600754,,,
C4562,ADMIN_LOBBY,,E002,,,,,cctv_frames,,,,,,,,,FR600758,,,
C4562,LAB_305,,E002,,,,,cctv_frames,,,,,,,,,FR600759,,,
C4562,CAF_01,,E002,,,,,cctv_frames,,,,,,,,,FR600762,,,
C4562,ADMIN_LOBBY,,E002,,,,,cctv_frames,,,,,,,,,FR600763,,,
C4562,GYM,,E002,,,,,cctv_frames,,,,,,,,,FR600766,,,
C4562,CAF_01,,E002,,,,,cctv_frames,,,,,,,,,FR600767,,,
C4562,ADMIN_LOBBY,,E002,,,,,cctv_frames,,,,,,,,,FR600770,,,
C4562,AUDITORIUM,,E002,,,,,cctv_frames,,,,,,,,,FR600771,,,
C4562,CAF_01,,E002,,,,,cctv_frames,,,,,,,,,FR600777,,,
C4562,AUDITORIUM,,E002,,,,,cctv_frames,,,,,,,,,FR600778,,,
C4562,HOSTEL_GATE,,E002,,,,,cctv_frames,,,,,,,,,FR600780,,,
C4562,LIB_ENT,,E002,,,,,cctv_frames,,,,,,,,,FR600781,,,
C4562,GYM,,E002,,,,,cctv_frames,,,,,,,,,FR600784,,,
C4562,GYM,,E002,,,,,cctv_frames,,,,,,,,,FR600786,,,
C4562,LAB_305,,E002,,,,,cctv_frames,,,,,,,,,FR600788,,,
C4562,AUDITORIUM,,E002,,,,,cctv_frames,,,,,,,,,FR600792,,,
C4562,CAF_01,,E002,,,,,cctv_frames,,,,,,,,,FR600801,,,
C4562,HOSTEL_GATE,,E002,,,,,cctv_frames,,,,,,,,,FR600803,,,
C4562,LAB_305,,E002,,,,,cctv_frames,,,,,,,,,FR600808,,,
C4562,ADMIN_LOBBY,,E002,,,,,cctv_frames,,,,,,,,,FR600809,,,
C4562,CAF_01,,E002,,,,,cctv_frames,,,,,,,,,FR600815,,,
C4562,LAB_101,,E002,,,,,cctv_frames,,,,,,,,,FR600817,,,
C4562,LAB_305,,E002,,,,,cctv_frames,,,,,,,,,FR600821,,,
C4562,LAB_101,,E002,,,,,cctv_frames,,,,,,,,,FR600823,,,
C4562,LAB_305,,E002,,,,,cctv_frames,,,,,,,,,FR600825,,,
C4562,LAB_305,,E002,,,,,cctv_frames,,,,,,,,,FR600827,,,
C4562,LAB_305,,E002,,,,,cctv_frames,,,,,,,,,FR600828,,,
C4562,LIB_ENT,,E002,,,,,cctv_frames,,,,,,,,,FR600829,,,
C4562,LAB_101,,E002,,,,,cctv_frames,,,,,,,,,FR600830,,,
C4562,GYM,,E002,,,,,cctv_frames,,,,,,,,,FR600831,,,
C4562,LIB_ENT,,E002,,,,,cctv_frames,,,,,,,,,FR600834,,,
C4562,CAF_01,,E002,,,,,cctv_frames,,,,,,,,,FR600835,,,
C4562,LIB_ENT,,E002,,,,,cctv_frames,,,,,,,,,FR600837,,,
C4562,LAB_305,,E002,,,,,cctv_frames,,,,,,,,,FR600838,,,
C4562,CAF_01,,E002,,,,,cctv_frames,,,,,,,,,FR600841,,,
C4562,LAB_101,,E002,,,,,cctv_frames,,,,,,,,,FR600842,,,
C4562,CAF_01,,E002,,,,,cctv_frames,,,,,,,,,FR600844,,,
C4562,HOSTEL_GATE,,E002,,,,,cctv_frames,,,,,,,,,FR600846,,,
C4562,AUDITORIUM,,E002,,,,,cctv_frames,,,,,,,,,FR600847,,,
C4562,LAB_101,,E002,,,,,cctv_frames,,,,,,,,,FR600850,,,
C4562,CAF_01,,E002,,,,,cctv_frames,,,,,,,,,FR600851,,,
C4562,ADMIN_LOBBY,,E002,,,,,cctv_frames,,,,,,,,,FR600852,,,
C4562,CAF_01,,E002,,,,,cctv_frames,,,,,,,,,FR600853,,,
C4562,CAF_01,,E002,,,,,cctv_frames,,,,,,,,,FR600860,,,
C4562,CAF_01,,E002,,,,,cctv_frames,,,,,,,,,FR600861,,,
C4562,LAB_305,,E002,,,,,cctv_frames,,,,,,,,,FR600863,,,
C4562,AUDITORIUM,,E002,,,,,cctv_frames,,,,,,,,,FR600864,,,
C4562,HOSTEL_GATE,,E002,,,,,cctv_frames,,,,,,,,,FR600865,,,
C4562,HOSTEL_GATE,,E002,,,,,cctv_frames,,,,,,,,,FR600868,,,
C4562,LIB_ENT,,E002,,,,,cctv_frames,,,,,,,,,FR600869,,,
C4562,CAF_01,,E002,,,,,cctv_frames,,,,,,,,,FR600870,,,
C4562,ADMIN_LOBBY,,E002,,,,,cctv_frames,,,,,,,,,FR600872,,,
C4562,LAB_101,,E002,,,,,cctv_frames,,,,,,,,,FR600874,,,
C4562,LAB_305,,E002,,,,,cctv_frames,,,,,,,,,FR600876,,,
C4562,LIB_ENT,,E002,,,,,cctv_frames,,,,,,,,,FR600877,,,
C4562,LIB_ENT,,E002,,,,,cctv_frames,,,,,,,,,FR600879,,,
C4562,GYM,,E002,,,,,cctv_frames,,,,,,,,,FR600880,,,
C4562,LAB_305,,E002,,,,,cctv_frames,,,,,,,,,FR600881,,,
C4562,AUDITORIUM,,E002,,,,,cctv_frames,,,,,,,,,FR600882,,,
C4562,ADMIN_LOBBY,,E002,,,,,cctv_frames,,,,,,,,,FR600885,,,
C4562,HOSTEL_GATE,,E002,,,,,cctv_frames,,,,,,,,,FR600889,,,
C4562,LAB_101,,E002,,,,,cctv_frames,,,,,,,,,FR600891,,,
C4562,LIB_ENT,,E002,,,,,cctv_frames,,,,,,,,,FR600893,,,
C4562,CAF_01,,E002,,,,,cctv_frames,,,,,,,,,FR600899,,,
C4562,HOSTEL_GATE,,E002,,,,,cctv_frames,,,,,,,,,FR600902,,,
C4562,GYM,,E002,,,,,cctv_frames,,,,,,,,,FR600907,,,
C4562,LAB_101,,E002,,,,,cctv_frames,,,,,,,,,FR600908,,,
C4562,LAB_305,,E002,,,,,cctv_frames,,,,,,,,,FR600911,,,
C4562,ADMIN_LOBBY,,E002,,,,,cctv_frames,,,,,,,,,FR600912,,,
C4562,HOSTEL_GATE,,E002,,,,,cctv_frames,,,,,,,,,FR600913,,,
C4562,LAB_305,,E002,,,,,cctv_frames,,,,,,,,,FR600917,,,
C4562,AUDITORIUM,,E002,,,,,cctv_frames,,,,,,,,,FR600919,,,
C4562,AUDITORIUM,,E002,,,,,cctv_frames,,,,,,,,,FR600926,,,
C4562,GYM,,E002,,,,,cctv_frames,,,,,,,,,FR600929,,,
C4562,LIB_ENT,,E002,,,,,cctv_frames,,,,,,,,,FR600931,,,
C4562,AUDITORIUM,,E002,,,,,cctv_frames,,,,,,,,,FR600932,,,
C4562,ADMIN_LOBBY,,E002,,,,,cctv_frames,,,,,,,,,FR600933,,,
C4562,CAF_01,,E002,,,,,cctv_frames,,,,,,,,,FR600935,,,
C4562,ADMIN_LOBBY,,E002,,,,,cctv_frames,,,,,,,,,FR600936,,,
C4562,LIB_ENT,,E002,,,,,cctv_frames,,,,,,,,,FR600939,,,
C4562,HOSTEL_GATE,,E002,,,,,cctv_frames,,,,,,,,,FR600942,,,
C4562,AUDITORIUM,,E002,,,,,cctv_frames,,,,,,,,,FR600947,,,
C4562,LIB_ENT,,E002,,,,,cctv_frames,,,,,,,,,FR600949,,,
C4562,HOSTEL_GATE,,E002,,,,,cctv_frames,,,,,,,,,FR600953,,,
C4562,CAF_01,,E002,,,,,cctv_frames,,,,,,,,,FR600957,,,
C4562,LAB_101,,E002,,,,,cctv_frames,,,,,,,,,FR600959,,,
C4562,GYM,,E002,,,,,cctv_frames,,,,,,,,,FR600961,,,
C4562,LAB_101,,E002,,,,,cctv_frames,,,,,,,,,FR600962,,,
C4562,LAB_305,,E002,,,,,cctv_frames,,,,,,,,,FR600964,,,
C4562,CAF_01,,E002,,,,,cctv_frames,,,,,,,,,FR600966,,,
C4562,LIB_ENT,,E002,,,,,cctv_frames,,,,,,,,,FR600967,,,
C4562,AUDITORIUM,,E002,,,,,cctv_frames,,,,,,,,,FR600970,,,
C4562,ADMIN_LOBBY,,E002,,,,,cctv_frames,,,,,,,,,FR600971,,,
C4562,HOSTEL_GATE,,E002,,,,,cctv_frames,,,,,,,,,FR600974,,,
C4562,LAB_305,,E002,,,,,cctv_frames,,,,,,,,,FR600979,,,
C4562,LAB_305,,E002,,,,,cctv_frames,,,,,,,,,FR600981,,,
C4562,CAF_01,,E002,,,,,cctv_frames,,,,,,,,,FR600982,,,
C4562,HOSTEL_GATE,,E002,,,,,cctv_frames,,,,,,,,,FR600983,,,
C4562,LAB_101,,E002,,,,,cctv_frames,,,,,,,,,FR600986,,,
C4562,GYM,,E002,,,,,cctv_frames,,,,,,,,,FR600987,,,
C4562,CAF_01,,E002,,,,,cctv_frames,,,,,,,,,FR600988,,,
C4562,LAB_305,,E002,,,,,cctv_frames,,,,,,,,,FR600990,,,
C4562,LAB_101,,E002,,,,,cctv_frames,,,,,,,,,FR600991,,,
C4562,ADMIN_LOBBY,,E002,,,,,cctv_frames,,,,,,,,,FR600997,,,
C4562,GYM,,E002,,,,,cctv_frames,,,,,,,,,FR601000,,,
C4562,GYM,,E002,,,,,cctv_frames,,,,,,,,,FR601002,,,
C4562,ADMIN_LOBBY,,E002,,,,,cctv_frames,,,,,,,,,FR601004,,,
C4562,LAB_101,,E002,,,,,cctv_frames,,,,,,,,,FR601006,,,
C4562,LAB_305,,E002,,,,,cctv_frames,,,,,,,,,FR601007,,,
C4562,LIB_ENT,,E002,,,,,cctv_frames,,,,,,,,,FR601008,,,
C4562,LAB_101,,E002,,,,,cctv_frames,,,,,,,,,FR601011,,,
C4562,GYM,,E002,,,,,cctv_frames,,,,,,,,,FR601015,,,
C4562,HOSTEL_GATE,,E002,,,,,cctv_frames,,,,,,,,,FR601017,,,
C4562,LAB_305,,E002,,,,,cctv_frames,,,,,,,,,FR601020,,,
C4562,LAB_305,,E002,,,,,cctv_frames,,,,,,,,,FR601021,,,
C4562,GYM,,E002,,,,,cctv_frames,,,,,,,,,FR601022,,,
C4562,LAB_101,,E002,,,,,cctv_frames,,,,,,,,,FR601023,,,
C4562,LIB_ENT,,E002,,,,,cctv_frames,,,,,,,,,FR601026,,,
C4562,ADMIN_LOBBY,,E002,,,,,cctv_frames,,,,,,,,,FR601027,,,
C4562,GYM,,E002,,,,,cctv_frames,,,,,,,,,FR601030,,,
C4562,LAB_101,,E002,,,,,cctv_frames,,,,,,,,,FR601035,,,
C4562,LAB_305,,E002,,,,,cctv_frames,,,,,,,,,FR601038,,,
C4562,LIB_ENT,,E002,,,,,cctv_frames,,,,,,,,,FR601039,,,
C4562,ADMIN_LOBBY,,E002,,,,,cctv_frames,,,,,,,,,FR601044,,,
C4562,LAB_305,,E002,,,,,cctv_frames,,,,,,,,,FR601051,,,
C4562,AUDITORIUM,,E002,,,,,cctv_frames,,,,,,,,,FR601052,,,
C4562,HOSTEL_GATE,,E002,,,,,cctv_frames,,,,,,,,,FR601053,,,
C4562,LAB_305,,E002,,,,,cctv_frames,,,,,,,,,FR601054,,,
C4562,AUDITORIUM,,E002,,,,,cctv_frames,,,,,,,,,FR601055,,,
C4562,LAB_305,,E002,,,,,cctv_frames,,,,,,,,,FR601058,,,
C4562,CAF_01,,E002,,,,,cctv_frames,,,,,,,,,FR601063,,,
C4562,LAB_101,,E002,,,,,cctv_frames,,,,,,,,,FR601067,,,
C4562,HOSTEL_GATE,,E002,,,,,cctv_frames,,,,,,,,,FR601071,,,
C4562,GYM,,E002,,,,,cctv_frames,,,,,,,,,FR601080,,,
C4562,LIB_ENT,,E002,,,,,cctv_frames,,,,,,,,,FR601084,,,
C4562,LAB_101,,E002,,,,,cctv_frames,,,,,,,,,FR601087,,,
C4562,HOSTEL_GATE,,E002,,,,,cctv_frames,,,,,,,,,FR601089,,,
C4562,LAB_305,,E002,,,,,cctv_frames,,,,,,,,,FR601092,,,
C4562,CAF_01,,E002,,,,,cctv_frames,,,,,,,,,FR601093,,,
C4562,ADMIN_LOBBY,,E002,,,,,cctv_frames,,,,,,,,,FR601097,,,
C4562,LAB_101,,E002,,,,,cctv_frames,,,,,,,,,FR601099,,,
C4562,HOSTEL_GATE,,E002,,,,,cctv_frames,,,,,,,,,FR601102,,,
C4562,HOSTEL_GATE,,E002,,,,,cctv_frames,,,,,,,,,FR601103,,,
C4562,LIB_ENT,,E002,,,,,cctv_frames,,,,,,,,,FR601104,,,
C4562,GYM,,E002,,,,,cctv_frames,,,,,,,,,FR601109,,,
C4562,HOSTEL_GATE,,E002,,,,,cctv_frames,,,,,,,,,FR601113,,,
C4562,ADMIN_LOBBY,,E002,,,,,cctv_frames,,,,,,,,,FR601115,,,
C4562,GYM,,E002,,,,,cctv_frames,,,,,,,,,FR601116,,,
C4562,AUDITORIUM,,E002,,,,,cctv_frames,,,,,,,,,FR601117,,,
C4562,GYM,,E002,,,,,cctv_frames,,,,,,,,,FR601124,,,
C4562,LIB_ENT,,E002,,,,,cctv_frames,,,,,,,,,FR601125,,,
C4562,LAB_305,,E002,,,,,cctv_frames,,,,,,,,,FR601126,,,
C4562,LAB_305,,E002,,,,,cctv_frames,,,,,,,,,FR601130,,,
C4562,CAF_01,,E002,,,,,cctv_frames,,,,,,,,,FR601131,,,
C4562,AUDITORIUM,,E002,,,,,cctv_frames,,,,,,,,,FR601141,,,
C4562,ADMIN_LOBBY,,E002,,,,,cctv_frames,,,,,,,,,FR601144,,,
C4562,CAF_01,,E002,,,,,cctv_frames,,,,,,,,,FR601149,,,
C4562,HOSTEL_GATE,,E002,,,,,cctv_frames,,,,,,,,,FR601152,,,
C4562,CAF_01,,E002,,,,,cctv_frames,,,,,,,,,FR601158,,,
C4562,CAF_01,,E002,,,,,cctv_frames,,,,,,,,,FR601159,,,
C4562,HOSTEL_GATE,,E002,,,,,cctv_frames,,,,,,,,,FR601161,,,
C4562,LAB_101,,E002,,,,,cctv_frames,,,,,,,,,FR601167,,,
C4562,HOSTEL_GATE,,E002,,,,,cctv_frames,,,,,,,,,FR601170,,,
C4562,HOSTEL_GATE,,E002,,,,,cctv_frames,,,,,,,,,FR601181,,,
C4562,GYM,,E002,,,,,cctv_frames,,,,,,,,,FR601182,,,
C4562,HOSTEL_GATE,,E002,,,,,cctv_frames,,,,,,,,,FR601183,,,
C4562,CAF_01,,E002,,,,,cctv_frames,,,,,,,,,FR601184,,,
C4562,LIB_ENT,,E002,,,,,cctv_frames,,,,,,,,,FR601192,,,
C4562,LIB_ENT,,E002,,,,,cctv_frames,,,,,,,,,FR601197,,,
C4562,ADMIN_LOBBY,,E002,,,,,cctv_frames,,,,,,,,,FR601201,,,
C4562,HOSTEL_GATE,,E002,,,,,cctv_frames,,,,,,,,,FR601202,,,
C4562,LAB_305,,E002,,,,,cctv_frames,,,,,,,,,FR601203,,,
C4562,ADMIN_LOBBY,,E002,,,,,cctv_frames,,,,,,,,,FR601204,,,
C4562,LAB_305,,E002,,,,,cctv_frames,,,,,,,,,FR601205,,,
C4562,GYM,,E002,,,,,cctv_frames,,,,,,,,,FR601206,,,
C4562,HOSTEL_GATE,,E002,,,,,cctv_frames,,,,,,,,,FR601207,,,
C4562,CAF_01,,E002,,,,,cctv_frames,,,,,,,,,FR601209,,,
C4562,LIB_ENT,,E002,,,,,cctv_frames,,,,,,,,,FR601210,,,
C4562,HOSTEL_GATE,,E002,,,,,cctv_frames,,,,,,,,,FR601214,,,
C4562,GYM,,E002,,,,,cctv_frames,,,,,,,,,FR601215,,,
C4562,LAB_101,,E002,,,,,cctv_frames,,,,,,,,,FR601218,,,
C4562,ADMIN_LOBBY,,E002,,,,,cctv_frames,,,,,,,,,FR601219,,,
C4562,LAB_305,,E002,,,,,cctv_frames,,,,,,,,,FR601222,,,
C4562,HOSTEL_GATE,,E002,,,,,cctv_frames,,,,,,,,,FR601225,,,
C4562,GYM,,E002,,,,,cctv_frames,,,,,,,,,FR601228,,,
C4562,LAB_101,,E002,,,,,cctv_frames,,,,,,,,,FR601229,,,
C4562,LAB_305,,E002,,,,,cctv_frames,,,,,,,,,FR601230,,,
C4562,LAB_305,,E002,,,,,cctv_frames,,,,,,,,,FR601237,,,
C4562,HOSTEL_GATE,,E002,,,,,cctv_frames,,,,,,,,,FR601238,,,
C4562,GYM,,E002,,,,,cctv_frames,,,,,,,,,FR601239,,,
C4562,CAF_01,,E002,,,,,cctv_frames,,,,,,,,,FR601244,,,
C4562,HOSTEL_GATE,,E002,,,,,cctv_frames,,,,,,,,,FR601246,,,
C4562,GYM,,E002,,,,,cctv_frames,,,,,,,,,FR601248,,,
C4562,AUDITORIUM,,E002,,,,,cctv_frames,,,,,,,,,FR601250,,,
C4562,LIB_ENT,,E002,,,,,cctv_frames,,,,,,,,,FR601251,,,
C4562,AUDITORIUM,,E002,,,,,cctv_frames,,,,,,,,,FR601254,,,
C4562,ADMIN_LOBBY,,E002,,,,,cctv_frames,,,,,,,,,FR601255,,,
C4562,ADMIN_LOBBY,,E002,,,,,cctv_frames,,,,,,,,,FR601260,,,
C4562,HOSTEL_GATE,,E002,,,,,cctv_frames,,,,,,,,,FR601261,,,
C4562,ADMIN_LOBBY,,E002,,,,,cctv_frames,,,,,,,,,FR601263,,,
C4562,LAB_305,,E002,,,,,cctv_frames,,,,,,,,,FR601266,,,
C4562,HOSTEL_GATE,,E002,,,,,cctv_frames,,,,,,,,,FR601267,,,
C4562,LIB_ENT,,E002,,,,,cctv_frames,,,,,,,,,FR601268,,,
C4562,LAB_305,,E002,,,,,cctv_frames,,,,,,,,,FR601269,,,
C4562,AUDITORIUM,,E002,,,,,cctv_frames,,,,,,,,,FR601270,,,
C4562,LIB_ENT,,E002,,,,,cctv_frames,,,,,,,,,FR601272,,,
C4562,HOSTEL_GATE,,E002,,,,,cctv_frames,,,,,,,,,FR601273,,,
C4562,GYM,,E002,,,,,cctv_frames,,,,,,,,,FR601276,,,
C4562,CAF_01,,E002,,,,,cctv_frames,,,,,,,,,FR601278,,,
C4562,HOSTEL_GATE,,E002,,,,,cctv_frames,,,,,,,,,FR601279,,,
C4562,HOSTEL_GATE,,E002,,,,,cctv_frames,,,,,,,,,FR601280,,,
C4562,CAF_01,,E002,,,,,cctv_frames,,,,,,,,,FR601281,,,
C4562,ADMIN_LOBBY,,E002,,,,,cctv_frames,,,,,,,,,FR601282,,,
C4562,LAB_305,,E002,,,,,cctv_frames,,,,,,,,,FR601285,,,
C4562,AUDITORIUM,,E002,,,,,cctv_frames,,,,,,,,,FR601291,,,
C4562,LIB_ENT,,E002,,,,,cctv_frames,,,,,,,,,FR601292,,,
C4562,ADMIN_LOBBY,,E002,,,,,cctv_frames,,,,,,,,,FR601297,,,
C4562,ADMIN_LOBBY,,E002,,,,,cctv_frames,,,,,,,,,FR601298,,,
C4562,GYM,,E002,,,,,cctv_frames,,,,,,,,,FR601302,,,
C4562,HOSTEL_GATE,,E002,,,,,cctv_frames,,,,,,,,,FR601310,,,
C4562,ADMIN_LOBBY,,E002,,,,,cctv_frames,,,,,,,,,FR601311,,,
C4562,CAF_01,,E002,,,,,cctv_frames,,,,,,,,,FR601315,,,
C4562,HOSTEL_GATE,,E002,,,,,cctv_frames,,,,,,,,,FR601317,,,
C4562,ADMIN_LOBBY,,E002,,,,,cctv_frames,,,,,,,,,FR601321,,,
C4562,GYM,,E002,,,,,cctv_frames,,,,,,,,,FR601322,,,
C4562,AUDITORIUM,,E002,,,,,cctv_frames,,,,,,,,,FR601323,,,
C4562,CAF_01,,E002,,,,,cctv_frames,,,,,,,,,FR601325,,,
C4562,LAB_101,,E002,,,,,cctv_frames,,,,,,,,,FR601327,,,
C4562,LAB_101,,E002,,,,,cctv_frames,,,,,,,,,FR601329,,,
C4562,CAF_01,,E002,,,,,cctv_frames,,,,,,,,,FR601334,,,
C4562,LIB_ENT,,E002,,,,,cctv_frames,,,,,,,,,FR601336,,,
C4562,AUDITORIUM,,E002,,,,,cctv_frames,,,,,,,,,FR601338,,,
C4562,AUDITORIUM,,E002,,,,,cctv_frames,,,,,,,,,FR601343,,,
C4562,AUDITORIUM,,E002,,,,,cctv_frames,,,,,,,,,FR601346,,,
C4562,ADMIN_LOBBY,,E002,,,,,cctv_frames,,,,,,,,,FR601350,,,
C4562,CAF_01,,E002,,,,,cctv_frames,,,,,,,,,FR601351,,,
C4562,HOSTEL_GATE,,E002,,,,,cctv_frames,,,,,,,,,FR601353,,,
C4562,LAB_101,,E002,,,,,cctv_frames,,,,,,,,,FR601358,,,
C4562,LAB_305,,E002,,,,,cctv_frames,,,,,,,,,FR601359,,,
C4562,HOSTEL_GATE,,E002,,,,,cctv_frames,,,,,,,,,FR601362,,,
C4562,LIB_ENT,,E002,,,,,cctv_frames,,,,,,,,,FR601365,,,
C4562,LAB_101,,E002,,,,,cctv_frames,,,,,,,,,FR601368,,,
C4562,CAF_01,,E002,,,,,cctv_frames,,,,,,,,,FR601370,,,
C4562,AUDITORIUM,,E002,,,,,cctv_frames,,,,,,,,,FR601372,,,
C4562,GYM,,E002,,,,,cctv_frames,,,,,,,,,FR601376,,,
C4562,LAB_101,,E002,,,,,cctv_frames,,,,,,,,,FR601378,,,
C4562,AUDITORIUM,,E002,,,,,cctv_frames,,,,,,,,,FR601379,,,
C4562,GYM,,E002,,,,,cctv_frames,,,,,,,,,FR601380,,,
C4562,GYM,,E002,,,,,cctv_frames,,,,,,,,,FR601384,,,
C4562,LAB_305,,E002,,,,,cctv_frames,,,,,,,,,FR601386,,,
C4562,GYM,,E002,,,,,cctv_frames,,,,,,,,,FR601394,,,
C4562,GYM,,E002,,,,,cctv_frames,,,,,,,,,FR601395,,,
C4562,LAB_101,,E002,,,,,cctv_frames,,,,,,,,,FR601398,,,
C4562,GYM,,E002,,,,,cctv_frames,,,,,,,,,FR601399,,,
C4562,LIB_ENT,,E002,,,,,cctv_frames,,,,,,,,,FR601402,,,
C4562,CAF_01,,E002,,,,,cctv_frames,,,,,,,,,FR601404,,,
C4562,LAB_101,,E002,,,,,cctv_frames,,,,,,,,,FR601410,,,
C4562,LAB_305,,E002,,,,,cctv_frames,,,,,,,,,FR601413,,,
C4562,CAF_01,,E002,,,,,cctv_frames,,,,,,,,,FR601417,,,
C4562,LAB_305,,E002,,,,,cctv_frames,,,,,,,,,FR601423,,,
C4562,CAF_01,,E002,,,,,cctv_frames,,,,,,,,,FR601429,,,
C4562,HOSTEL_GATE,,E002,,,,,cctv_frames,,,,,,,,,FR601431,,,
C4562,LIB_ENT,,E002,,,,,cctv_frames,,,,,,,,,FR601434,,,
C4562,CAF_01,,E002,,,,,cctv_frames,,,,,,,,,FR601435,,,
C4562,LAB_305,,E002,,,,,cctv_frames,,,,,,,,,FR601437,,,
C4562,LIB_ENT,,E002,,,,,cctv_frames,,,,,,,,,FR601439,,,
C4562,CAF_01,,E002,,,,,cctv_frames,,,,,,,,,FR601448,,,
C4562,AUDITORIUM,,E002,,,,,cctv_frames,,,,,,,,,FR601451,,,
C4562,LAB_101,,E002,,,,,cctv_frames,,,,,,,,,FR601455,,,
C4562,LIB_ENT,,E002,,,,,cctv_frames,,,,,,,,,FR601456,,,
C4562,GYM,,E002,,,,,cctv_frames,,,,,,,,,FR601463,,,
C4562,LIB_ENT,,E002,,,,,cctv_frames,,,,,,,,,FR601465,,,
C4562,LAB_305,,E002,,,,,cctv_frames,,,,,,,,,FR601469,,,
C4562,ADMIN_LOBBY,,E002,,,,,cctv_frames,,,,,,,,,FR601471,,,
C4562,LAB_101,,E002,,,,,cctv_frames,,,,,,,,,FR601472,,,
C4562,LAB_305,,E002,,,,,cctv_frames,,,,,,,,,FR601473,,,
C4562,ADMIN_LOBBY,,E002,,,,,cctv_frames,,,,,,,,,FR601474,,,
C4562,CAF_01,,E002,,,,,cctv_frames,,,,,,,,,FR601478,,,
C4562,LIB_ENT,,E002,,,,,cctv_frames,,,,,,,,,FR601481,,,
C4562,ADMIN_LOBBY,,E002,,,,,cctv_frames,,,,,,,,,FR601485,,,
C4562,GYM,,E002,,,,,cctv_frames,,,,,,,,,FR601486,,,
C4562,CAF_01,,E002,,,,,cctv_frames,,,,,,,,,FR601490,,,
C4562,LAB_305,,E002,,,,,cctv_frames,,,,,,,,,FR601492,,,
C4562,LAB_101,,E002,,,,,cctv_frames,,,,,,,,,FR601503,,,
C4562,ADMIN_LOBBY,,E002,,,,,cctv_frames,,,,,,,,,FR601504,,,
C4562,ADMIN_LOBBY,,E002,,,,,cctv_frames,,,,,,,,,FR601506,,,
C4562,GYM,,E002,,,,,cctv_frames,,,,,,,,,FR601513,,,
C4562,ADMIN_LOBBY,,E002,,,,,cctv_frames,,,,,,,,,FR601517,,,
C4562,LAB_101,,E002,,,,,cctv_frames,,,,,,,,,FR601520,,,
C4562,AUDITORIUM,,E002,,,,,cctv_frames,,,,,,,,,FR601522,,,
C4562,LAB_101,,E002,,,,,cctv_frames,,,,,,,,,FR601525,,,
C4562,GYM,,E002,,,,,cctv_frames,,,,,,,,,FR601526,,,
C4562,AUDITORIUM,,E002,,,,,cctv_frames,,,,,,,,,FR601530,,,
C4562,ADMIN_LOBBY,,E002,,,,,cctv_frames,,,,,,,,,FR601532,,,
C4562,LAB_101,,E002,,,,,cctv_frames,,,,,,,,,FR601534,,,
C4562,CAF_01,,E002,,,,,cctv_frames,,,,,,,,,FR601535,,,
C4562,LAB_305,,E002,,,,,cctv_frames,,,,,,,,,FR601537,,,
C4562,HOSTEL_GATE,,E002,,,,,cctv_frames,,,,,,,,,FR601538,,,
C4562,LAB_101,,E002,,,,,cctv_frames,,,,,,,,,FR601539,,,
C4562,ADMIN_LOBBY,,E002,,,,,cctv_frames,,,,,,,,,FR601543,,,
C4562,LIB_ENT,,E002,,,,,cctv_frames,,,,,,,,,FR601545,,,
C4562,HOSTEL_GATE,,E002,,,,,cctv_frames,,,,,,,,,FR601548,,,
C4562,LIB_ENT,,E002,,,,,cctv_frames,,,,,,,,,FR601551,,,
C4562,LAB_305,,E002,,,,,cctv_frames,,,,,,,,,FR601554,,,
C4562,ADMIN_LOBBY,,E002,,,,,cctv_frames,,,,,,,,,FR601556,,,
C4562,LAB_305,,E002,,,,,cctv_frames,,,,,,,,,FR601559,,,
C4562,CAF_01,,E002,,,,,cctv_frames,,,,,,,,,FR601563,,,
C4562,CAF_01,,E002,,,,,cctv_frames,,,,,,,,,FR601566,,,
C4562,CAF_01,,E002,,,,,cctv_frames,,,,,,,,,FR601567,,,
C4562,ADMIN_LOBBY,,E002,,,,,cctv_frames,,,,,,,,,FR601568,,,
C4562,HOSTEL_GATE,,E002,,,,,cctv_frames,,,,,,,,,FR601569,,,
C4562,LAB_305,,E002,,,,,cctv_frames,,,,,,,,,FR601571,,,
C4562,AUDITORIUM,,E002,,,,,cctv_frames,,,,,,,,,FR601573,,,
C4562,LAB_101,,E002,,,,,cctv_frames,,,,,,,,,FR601577,,,
C4562,CAF_01,,E002,,,,,cctv_frames,,,,,,,,,FR601578,,,
C4562,GYM,,E002,,,,,cctv_frames,,,,,,,,,FR601579,,,
C4562,LAB_305,,E002,,,,,cctv_frames,,,,,,,,,FR601583,,,
C4562,LAB_101,,E002,,,,,cctv_frames,,,,,,,,,FR601584,,,
C4562,LAB_101,,E002,,,,,cctv_frames,,,,,,,,,FR601589,,,
C4562,LAB_101,,E002,,,,,cctv_frames,,,,,,,,,FR601593,,,
C4562,AUDITORIUM,,E002,,,,,cctv_frames,,,,,,,,,FR601594,,,
C4562,LIB_ENT,,E002,,,,,cctv_frames,,,,,,,,,FR601596,,,
C4562,AUDITORIUM,,E002,,,,,cctv_frames,,,,,,,,,FR601605,,,
C4562,CAF_01,,E002,,,,,cctv_frames,,,,,,,,,FR601606,,,
C4562,AUDITORIUM,,E002,,,,,cctv_frames,,,,,,,,,FR601613,,,
C4562,LIB_ENT,,E002,,,,,cctv_frames,,,,,,,,,FR601614,,,
C4562,LIB_ENT,,E002,,,,,cctv_frames,,,,,,,,,FR601621,,,
C4562,CAF_01,,E002,,,,,cctv_frames,,,,,,,,,FR601622,,,
C4562,LAB_305,,E002,,,,,cctv_frames,,,,,,,,,FR601623,,,
C4562,ADMIN_LOBBY,,E002,,,,,cctv_frames,,,,,,,,,FR601624,,,
C4562,GYM,,E002,,,,,cctv_frames,,,,,,,,,FR601625,,,
C4562,LAB_305,,E002,,,,,cctv_frames,,,,,,,,,FR601626,,,
C4562,LAB_305,,E002,,,,,cctv_frames,,,,,,,,,FR601629,,,
C4562,CAF_01,,E002,,,,,cctv_frames,,,,,,,,,FR601630,,,
C4562,AUDITORIUM,,E002,,,,,cctv_frames,,,,,,,,,FR601631,,,
C4562,AUDITORIUM,,E002,,,,,cctv_frames,,,,,,,,,FR601632,,,
C4562,LAB_305,,E002,,,,,cctv_frames,,,,,,,,,FR601635,,,
C4562,CAF_01,,E002,,,,,cctv_frames,,,,,,,,,FR601641,,,
C4562,GYM,,E002,,,,,cctv_frames,,,,,,,,,FR601642,,,
C4562,LIB_ENT,,E002,,,,,cctv_frames,,,,,,,,,FR601645,,,
C4562,HOSTEL_GATE,,E002,,,,,cctv_frames,,,,,,,,,FR601647,,,
C4562,AUDITORIUM,,E002,,,,,cctv_frames,,,,,,,,,FR601648,,,
C4562,LIB_ENT,,E002,,,,,cctv_frames,,,,,,,,,FR601650,,,
C4562,LAB_305,,E002,,,,,cctv_frames,,,,,,,,,FR601653,,,
C4562,LIB_ENT,,E002,,,,,cctv_frames,,,,,,,,,FR601654,,,
C4562,LAB_101,,E002,,,,,cctv_frames,,,,,,,,,FR601658,,,
C4562,LAB_305,,E002,,,,,cctv_frames,,,,,,,,,FR601660,,,
C4562,LIB_ENT,,E002,,,,,cctv_frames,,,,,,,,,FR601661,,,
C4562,ADMIN_LOBBY,,E002,,,,,cctv_frames,,,,,,,,,FR601662,,,
C4562,ADMIN_LOBBY,,E002,,,,,cctv_frames,,,,,,,,,FR601663,,,
C4562,LAB_305,,E002,,,,,cctv_frames,,,,,,,,,FR601664,,,
C4562,LAB_305,,E002,,,,,cctv_frames,,,,,,,,,FR601666,,,
C4562,LAB_305,,E002,,,,,cctv_frames,,,,,,,,,FR601667,,,
C4562,GYM,,E002,,,,,cctv_frames,,,,,,,,,FR601669,,,
C4562,LAB_305,,E002,,,,,cctv_frames,,,,,,,,,FR601674,,,
C4562,HOSTEL_GATE,,E002,,,,,cctv_frames,,,,,,,,,FR601676,,,
C4562,GYM,,E002,,,,,cctv_frames,,,,,,,,,FR601677,,,
C4562,HOSTEL_GATE,,E002,,,,,cctv_frames,,,,,,,,,FR601681,,,
C4562,LAB_101,,E002,,,,,cctv_frames,,,,,,,,,FR601682,,,
C4562,ADMIN_LOBBY,,E002,,,,,cctv_frames,,,,,,,,,FR601683,,,
C4562,ADMIN_LOBBY,,E002,,,,,cctv_frames,,,,,,,,,FR601686,,,
C4562,LAB_305,,E002,,,,,cctv_frames,,,,,,,,,FR601689,,,
C4562,HOSTEL_GATE,,E002,,,,,cctv_frames,,,,,,,,,FR601691,,,
C4562,ADMIN_LOBBY,,E002,,,,,cctv_frames,,,,,,,,,FR601693,,,
C4562,GYM,,E002,,,,,cctv_frames,,,,,,,,,FR601694,,,
C4562,CAF_01,,E002,,,,,cctv_frames,,,,,,,,,FR601698,,,
C4562,HOSTEL_GATE,,E002,,,,,cctv_frames,,,,,,,,,FR601702,,,
C4562,HOSTEL_GATE,,E002,,,,,cctv_frames,,,,,,,,,FR601706,,,
C4562,LAB_305,,E002,,,,,cctv_frames,,,,,,,,,FR601707,,,
C4562,HOSTEL_GATE,,E002,,,,,cctv_frames,,,,,,,,,FR601709,,,
C4562,LIB_ENT,,E002,,,,,cctv_frames,,,,,,,,,FR601710,,,
C4562,CAF_01,,E002,,,,,cctv_frames,,,,,,,,,FR601712,,,
C4562,AUDITORIUM,,E002,,,,,cctv_frames,,,,,,,,,FR601713,,,
C4562,AUDITORIUM,,E002,,,,,cctv_frames,,,,,,,,,FR601714,,,
C4562,GYM,,E002,,,,,cctv_frames,,,,,,,,,FR601716,,,
C4562,CAF_01,,E002,,,,,cctv_frames,,,,,,,,,FR601721,,,
C4562,AUDITORIUM,,E002,,,,,cctv_frames,,,,,,,,,FR601722,,,
C4562,LAB_101,,E002,,,,,cctv_frames,,,,,,,,,FR601724,,,
C4562,LIB_ENT,,E002,,,,,cctv_frames,,,,,,,,,FR601725,,,
C4562,ADMIN_LOBBY,,E002,,,,,cctv_frames,,,,,,,,,FR601730,,,
C4562,GYM,,E002,,,,,cctv_frames,,,,,,,,,FR601731,,,
C4562,CAF_01,,E002,,,,,cctv_frames,,,,,,,,,FR601734,,,
C4562,LAB_305,,E002,,,,,cctv_frames,,,,,,,,,FR601737,,,
C4562,LIB_ENT,,E002,,,,,cctv_frames,,,,,,,,,FR601740,,,
C4562,HOSTEL_GATE,,E002,,,,,cctv_frames,,,,,,,,,FR601741,,,
C4562,CAF_01,,E002,,,,,cctv_frames,,,,,,,,,FR601743,,,
C4562,LAB_101,,E002,,,,,cctv_frames,,,,,,,,,FR601747,,,
C4562,HOSTEL_GATE,,E002,,,,,cctv_frames,,,,,,,,,FR601755,,,
C4562,AUDITORIUM,,E002,,,,,cctv_frames,,,,,,,,,FR601756,,,
C4562,ADMIN_LOBBY,,E002,,,,,cctv_frames,,,,,,,,,FR601757,,,
C4562,ADMIN_LOBBY,,E002,,,,,cctv_frames,,,,,,,,,FR601760,,,
C4562,LAB_101,,E002,,,,,cctv_frames,,,,,,,,,FR601764,,,
C4562,AUDITORIUM,,E002,,,,,cctv_frames,,,,,,,,,FR601765,,,
C4562,HOSTEL_GATE,,E002,,,,,cctv_frames,,,,,,,,,FR601769,,,
C4562,ADMIN_LOBBY,,E002,,,,,cctv_frames,,,,,,,,,FR601778,,,
C4562,ADMIN_LOBBY,,E002,,,,,cctv_frames,,,,,,,,,FR601779,,,
C4562,ADMIN_LOBBY,,E002,,,,,cctv_frames,,,,,,,,,FR601780,,,
C4562,AUDITORIUM,,E002,,,,,cctv_frames,,,,,,,,,FR601782,,,
C4562,LAB_101,,E002,,,,,cctv_frames,,,,,,,,,FR601786,,,
C4562,LAB_305,,E002,,,,,cctv_frames,,,,,,,,,FR601787,,,
C4562,LAB_101,,E002,,,,,cctv_frames,,,,,,,,,FR601789,,,
C4562,LIB_ENT,,E002,,,,,cctv_frames,,,,,,,,,FR601792,,,
C4562,GYM,,E002,,,,,cctv_frames,,,,,,,,,FR601793,,,
C4562,LIB_ENT,,E002,,,,,cctv_frames,,,,,,,,,FR601794,,,
C4562,LIB_ENT,,E002,,,,,cctv_frames,,,,,,,,,FR601800,,,
C4562,LAB_101,,E002,,,,,cctv_frames,,,,,,,,,FR601801,,,
C4562,GYM,,E002,,,,,cctv_frames,,,,,,,,,FR601804,,,
C4562,ADMIN_LOBBY,,E002,,,,,cctv_frames,,,,,,,,,FR601806,,,
C4562,CAF_01,,E002,,,,,cctv_frames,,,,,,,,,FR601809,,,
C4562,AUDITORIUM,,E002,,,,,cctv_frames,,,,,,,,,FR601812,,,
C4562,LAB_305,,E002,,,,,cctv_frames,,,,,,,,,FR601814,,,
C4562,LIB_ENT,,E002,,,,,cctv_frames,,,,,,,,,FR601816,,,
C4562,HOSTEL_GATE,,E002,,,,,cctv_frames,,,,,,,,,FR601817,,,
C4562,ADMIN_LOBBY,,E002,,,,,cctv_frames,,,,,,,,,FR601818,,,
C4562,LAB_305,,E002,,,,,cctv_frames,,,,,,,,,FR601819,,,
C4562,LIB_ENT,,E002,,,,,cctv_frames,,,,,,,,,FR601820,,,
C4562,GYM,,E002,,,,,cctv_frames,,,,,,,,,FR601829,,,
C4562,GYM,,E002,,,,,cctv_frames,,,,,,,,,FR601830,,,
C4562,HOSTEL_GATE,,E002,,,,,cctv_frames,,,,,,,,,FR601831,,,
C4562,LAB_101,,E002,,,,,cctv_frames,,,,,,,,,FR601835,,,
C4562,ADMIN_LOBBY,,E002,,,,,cctv_frames,,,,,,,,,FR601836,,,
C4562,AUDITORIUM,,E002,,,,,cctv_frames,,,,,,,,,FR601839,,,
C4562,LAB_101,,E002,,,,,cctv_frames,,,,,,,,,FR601843,,,
C4562,HOSTEL_GATE,,E002,,,,,cctv_frames,,,,,,,,,FR601845,,,
C4562,AUDITORIUM,,E002,,,,,cctv_frames,,,,,,,,,FR601848,,,
C4562,AUDITORIUM,,E002,,,,,cctv_frames,,,,,,,,,FR601853,,,
C4562,GYM,,E002,,,,,cctv_frames,,,,,,,,,FR601858,,,
C4562,LAB_305,,E002,,,,,cctv_frames,,,,,,,,,FR601859,,,
C4562,LAB_101,,E002,,,,,cctv_frames,,,,,,,,,FR601864,,,
C4562,LAB_101,,E002,,,,,cctv_frames,,,,,,,,,FR601866,,,
C4562,LIB_ENT,,E002,,,,,cctv_frames,,,,,,,,,FR601868,,,
C4562,LAB_305,,E002,,,,,cctv_frames,,,,,,,,,FR601870,,,
C4562,LAB_101,,E002,,,,,cctv_frames,,,,,,,,,FR601871,,,
C4562,LAB_101,,E002,,,,,cctv_frames,,,,,,,,,FR601875,,,
C4562,LIB_ENT,,E002,,,,,cctv_frames,,,,,,,,,FR601877,,,
C4562,HOSTEL_GATE,,E002,,,,,cctv_frames,,,,,,,,,FR601878,,,
C4562,HOSTEL_GATE,,E002,,,,,cctv_frames,,,,,,,,,FR601881,,,
C4562,LAB_305,,E002,,,,,cctv_frames,,,,,,,,,FR601887,,,
C4562,LAB_101,,E002,,,,,cctv_frames,,,,,,,,,FR601890,,,
C4562,LAB_305,,E002,,,,,cctv_frames,,,,,,,,,FR601898,,,
C4562,CAF_01,,E002,,,,,cctv_frames,,,,,,,,,FR601901,,,
C4562,ADMIN_LOBBY,,E002,,,,,cctv_frames,,,,,,,,,FR601903,,,
C4562,LAB_305,,E002,,,,,cctv_frames,,,,,,,,,FR601904,,,
C4562,LAB_101,,E002,,,,,cctv_frames,,,,,,,,,FR601905,,,
C4562,LAB_305,,E002,,,,,cctv_frames,,,,,,,,,FR601906,,,
C4562,LIB_ENT,,E002,,,,,cctv_frames,,,,,,,,,FR601911,,,
C4562,LIB_ENT,,E002,,,,,cctv_frames,,,,,,,,,FR601912,,,
C4562,CAF_01,,E002,,,,,cctv_frames,,,,,,,,,FR601915,,,
C4562,LAB_305,,E002,,,,,cctv_frames,,,,,,,,,FR601916,,,
C4562,CAF_01,,E002,,,,,cctv_frames,,,,,,,,,FR601917,,,
C4562,LAB_101,,E002,,,,,cctv_frames,,,,,,,,,FR601920,,,
C4562,LAB_101,,E002,,,,,cctv_frames,,,,,,,,,FR601921,,,
C4562,HOSTEL_GATE,,E002,,,,,cctv_frames,,,,,,,,,FR601922,,,
C4562,LAB_101,,E002,,,,,cctv_frames,,,,,,,,,FR601927,,,
C4562,ADMIN_LOBBY,,E002,,,,,cctv_frames,,,,,,,,,FR601928,,,
C4562,CAF_01,,E002,,,,,cctv_frames,,,,,,,,,FR601929,,,
C4562,GYM,,E002,,,,,cctv_frames,,,,,,,,,FR601930,,,
C4562,LIB_ENT,,E002,,,,,cctv_frames,,,,,,,,,FR601932,,,
C4562,GYM,,E002,,,,,cctv_frames,,,,,,,,,FR601934,,,
C4562,ADMIN_LOBBY,,E002,,,,,cctv_frames,,,,,,,,,FR601936,,,
C4562,GYM,,E002,,,,,cctv_frames,,,,,,,,,FR601937,,,
C4562,AUDITORIUM,,E002,,,,,cctv_frames,,,,,,,,,FR601938,,,
C4562,HOSTEL_GATE,,E002,,,,,cctv_frames,,,,,,,,,FR601941,,,
C4562,LIB_ENT,,E002,,,,,cctv_frames,,,,,,,,,FR601945,,,
C4562,AUDITORIUM,,E002,,,,,cctv_frames,,,,,,,,,FR601946,,,
C4562,AUDITORIUM,,E002,,,,,cctv_frames,,,,,,,,,FR601947,,,
C4562,HOSTEL_GATE,,E002,,,,,cctv_frames,,,,,,,,,FR601948,,,
C4562,LAB_305,,E002,,,,,cctv_frames,,,,,,,,,FR601952,,,
C4562,GYM,,E002,,,,,cctv_frames,,,,,,,,,FR601953,,,
C4562,GYM,,E002,,,,,cctv_frames,,,,,,,,,FR601954,,,
C4562,AUDITORIUM,,E002,,,,,cctv_frames,,,,,,,,,FR601955,,,
C4562,GYM,,E002,,,,,cctv_frames,,,,,,,,,FR601960,,,
C4562,LAB_305,,E002,,,,,cctv_frames,,,,,,,,,FR601961,,,
C4562,LAB_101,,E002,,,,,cctv_frames,,,,,,,,,FR601963,,,
C4562,CAF_01,,E002,,,,,cctv_frames,,,,,,,,,FR601964,,,
C4562,LIB_ENT,,E002,,,,,cctv_frames,,,,,,,,,FR601966,,,
C4562,LIB_ENT,,E002,,,,,cctv_frames,,,,,,,,,FR601968,,,
C4562,LAB_101,,E002,,,,,cctv_frames,,,,,,,,,FR601969,,,
C4562,LAB_101,,E002,,,,,cctv_frames,,,,,,,,,FR601970,,,
C4562,LAB_305,,E002,,,,,cctv_frames,,,,,,,,,FR601971,,,
C4562,ADMIN_LOBBY,,E002,,,,,cctv_frames,,,,,,,,,FR601972,,,
C4562,LAB_305,,E002,,,,,cctv_frames,,,,,,,,,FR601974,,,
C4562,LAB_101,,E002,,,,,cctv_frames,,,,,,,,,FR601977,,,
C4562,CAF_01,,E002,,,,,cctv_frames,,,,,,,,,FR601988,,,
C4562,LIB_ENT,,E002,,,,,cctv_frames,,,,,,,,,FR601991,,,
C4562,AUDITORIUM,,E002,,,,,cctv_frames,,,,,,,,,FR601992,,,
C4562,LAB_101,,E002,,,,,cctv_frames,,,,,,,,,FR601993,,,
C4562,LIB_ENT,,E002,,,,,cctv_frames,,,,,,,,,FR601997,,,
C4562,GYM,,E002,,,,,cctv_frames,,,,,,,,,FR601999,,,
C4562,LAB_101,,E002,,,,,cctv_frames,,,,,,,,,FR602000,,,
C4562,LAB_101,,E002,,,,,cctv_frames,,,,,,,,,FR602004,,,
C4562,ADMIN_LOBBY,,E002,,,,,cctv_frames,,,,,,,,,FR602008,,,
C4562,HOSTEL_GATE,,E002,,,,,cctv_frames,,,,,,,,,FR602009,,,
C4562,LIB_ENT,,E002,,,,,cctv_frames,,,,,,,,,FR602010,,,
C4562,HOSTEL_GATE,,E002,,,,,cctv_frames,,,,,,,,,FR602016,,,
C4562,LAB_101,,E002,,,,,cctv_frames,,,,,,,,,FR602018,,,
C4562,ADMIN_LOBBY,,E002,,,,,cctv_frames,,,,,,,,,FR602021,,,
C4562,LAB_101,,E002,,,,,cctv_frames,,,,,,,,,FR602022,,,
C4562,LAB_305,,E002,,,,,cctv_frames,,,,,,,,,FR602029,,,
C4562,LIB_ENT,,E002,,,,,cctv_frames,,,,,,,,,FR602031,,,
C4562,LAB_101,,E002,,,,,cctv_frames,,,,,,,,,FR602033,,,
C4562,AUDITORIUM,,E002,,,,,cctv_frames,,,,,,,,,FR602037,,,
C4562,AUDITORIUM,,E002,,,,,cctv_frames,,,,,,,,,FR602042,,,
C4562,AUDITORIUM,,E002,,,,,cctv_frames,,,,,,,,,FR602044,,,
C4562,HOSTEL_GATE,,E002,,,,,cctv_frames,,,,,,,,,FR602045,,,
C4562,CAF_01,,E002,,,,,cctv_frames,,,,,,,,,FR602048,,,
C4562,LAB_101,,E002,,,,,cctv_frames,,,,,,,,,FR602049,,,
C4562,HOSTEL_GATE,,E002,,,,,cctv_frames,,,,,,,,,FR602051,,,
C4562,HOSTEL_GATE,,E002,,,,,cctv_frames,,,,,,,,,FR602052,,,
C4562,AUDITORIUM,,E002,,,,,cctv_frames,,,,,,,,,FR602053,,,
C4562,CAF_01,,E002,,,,,cctv_frames,,,,,,,,,FR602054,,,
C4562,AUDITORIUM,,E002,,,,,cctv_frames,,,,,,,,,FR602059,,,
C4562,LAB_101,,E002,,,,,cctv_frames,,,,,,,,,FR602065,,,
C4562,LAB_101,,E002,,,,,cctv_frames,,,,,,,,,FR602067,,,
C4562,LAB_101,,E002,,,,,cctv_frames,,,,,,,,,FR602068,,,
C4562,ADMIN_LOBBY,,E002,,,,,cctv_frames,,,,,,,,,FR602069,,,
C4562,ADMIN_LOBBY,,E002,,,,,cctv_frames,,,,,,,,,FR602071,,,
C4562,HOSTEL_GATE,,E002,,,,,cctv_frames,,,,,,,,,FR602072,,,
C4562,HOSTEL_GATE,,E002,,,,,cctv_frames,,,,,,,,,FR602073,,,
C4562,LAB_101,,E002,,,,,cctv_frames,,,,,,,,,FR602076,,,
C4562,LIB_ENT,,E002,,,,,cctv_frames,,,,,,,,,FR602077,,,
C4562,LAB_305,,E002,,,,,cctv_frames,,,,,,,,,FR602079,,,
C4562,LIB_ENT,,E002,,,,,cctv_frames,,,,,,,,,FR602082,,,
C4562,ADMIN_LOBBY,,E002,,,,,cctv_frames,,,,,,,,,FR602085,,,
C4562,GYM,,E002,,,,,cctv_frames,,,,,,,,,FR602087,,,
C4562,LAB_101,,E002,,,,,cctv_frames,,,,,,,,,FR602088,,,
C4562,GYM,,E002,,,,,cctv_frames,,,,,,,,,FR602092,,,
C4562,AUDITORIUM,,E002,,,,,cctv_frames,,,,,,,,,FR602094,,,
C4562,ADMIN_LOBBY,,E002,,,,,cctv_frames,,,,,,,,,FR602097,,,
C4562,HOSTEL_GATE,,E002,,,,,cctv_frames,,,,,,,,,FR602098,,,
C4562,AUDITORIUM,,E002,,,,,cctv_frames,,,,,,,,,FR602100,,,
C4562,LIB_ENT,,E002,,,,,cctv_frames,,,,,,,,,FR602103,,,
C4562,HOSTEL_GATE,,E002,,,,,cctv_frames,,,,,,,,,FR602105,,,
C4562,ADMIN_LOBBY,,E002,,,,,cctv_frames,,,,,,,,,FR602106,,,
C4562,HOSTEL_GATE,,E002,,,,,cctv_frames,,,,,,,,,FR602108,,,
C4562,LAB_305,,E002,,,,,cctv_frames,,,,,,,,,FR602111,,,
C4562,LIB_ENT,,E002,,,,,cctv_frames,,,,,,,,,FR602112,,,
C4562,AUDITORIUM,,E002,,,,,cctv_frames,,,,,,,,,FR602117,,,
C4562,LAB_101,,E002,,,,,cctv_frames,,,,,,,,,FR602119,,,
C4562,AUDITORIUM,,E002,,,,,cctv_frames,,,,,,,,,FR602121,,,
C4562,HOSTEL_GATE,,E002,,,,,cctv_frames,,,,,,,,,FR602124,,,
C4562,AUDITORIUM,,E002,,,,,cctv_frames,,,,,,,,,FR602125,,,
C4562,LAB_101,,E002,,,,,cctv_frames,,,,,,,,,FR602129,,,
C4562,ADMIN_LOBBY,,E002,,,,,cctv_frames,,,,,,,,,FR602132,,,
C4562,LIB_ENT,,E002,,,,,cctv_frames,,,,,,,,,FR602135,,,
C4562,LAB_305,,E002,,,,,cctv_frames,,,,,,,,,FR602137,,,
C4562,GYM,,E002,,,,,cctv_frames,,,,,,,,,FR602138,,,
C4562,CAF_01,,E002,,,,,cctv_frames,,,,,,,,,FR602139,,,
C4562,LAB_305,,E002,,,,,cctv_frames,,,,,,,,,FR602143,,,
C4562,LIB_ENT,,E002,,,,,cctv_frames,,,,,,,,,FR602144,,,
C4562,LAB_305,,E002,,,,,cctv_frames,,,,,,,,,FR602145,,,
C4562,LAB_101,,E002,,,,,cctv_frames,,,,,,,,,FR602146,,,
C4562,ADMIN_LOBBY,,E002,,,,,cctv_frames,,,,,,,,,FR602150,,,
C4562,CAF_01,,E002,,,,,cctv_frames,,,,,,,,,FR602151,,,
C4562,ADMIN_LOBBY,,E002,,,,,cctv_frames,,,,,,,,,FR602153,,,
C4562,CAF_01,,E002,,,,,cctv_frames,,,,,,,,,FR602159,,,
C4562,CAF_01,,E002,,,,,cctv_frames,,,,,,,,,FR602160,,,
C4562,ADMIN_LOBBY,,E002,,,,,cctv_frames,,,,,,,,,FR602161,,,
C4562,GYM,,E002,,,,,cctv_frames,,,,,,,,,FR602162,,,
C4562,LAB_305,,E002,,,,,cctv_frames,,,,,,,,,FR602164,,,
C4562,ADMIN_LOBBY,,E002,,,,,cctv_frames,,,,,,,,,FR602165,,,
C4562,GYM,,E002,,,,,cctv_frames,,,,,,,,,FR602168,,,
C4562,LAB_305,,E002,,,,,cctv_frames,,,,,,,,,FR602170,,,
C4562,ADMIN_LOBBY,,E002,,,,,cctv_frames,,,,,,,,,FR602171,,,
C4562,CAF_01,,E002,,,,,cctv_frames,,,,,,,,,FR602172,,,
C4562,LAB_305,,E002,,,,,cctv_frames,,,,,,,,,FR602177,,,
C4562,GYM,,E002,,,,,cctv_frames,,,,,,,,,FR602182,,,
C4562,LAB_101,,E002,,,,,cctv_frames,,,,,,,,,FR602194,,,
C4562,CAF_01,,E002,,,,,cctv_frames,,,,,,,,,FR602197,,,
C4562,LIB_ENT,,E002,,,,,cctv_frames,,,,,,,,,FR602198,,,
C4562,AUDITORIUM,,E002,,,,,cctv_frames,,,,,,,,,FR602199,,,
C4562,AUDITORIUM,,E002,,,,,cctv_frames,,,,,,,,,FR602203,,,
C4562,GYM,,E002,,,,,cctv_frames,,,,,,,,,FR602204,,,
C4562,LAB_305,,E002,,,,,cctv_frames,,,,,,,,,FR602205,,,
C4562,LAB_101,,E002,,,,,cctv_frames,,,,,,,,,FR602208,,,
C4562,LIB_ENT,,E002,,,,,cctv_frames,,,,,,,,,FR602209,,,
C4562,ADMIN_LOBBY,,E002,,,,,cctv_frames,,,,,,,,,FR602211,,,
C4562,GYM,,E002,,,,,cctv_frames,,,,,,,,,FR602215,,,
C4562,HOSTEL_GATE,,E002,,,,,cctv_frames,,,,,,,,,FR602216,,,
C4562,HOSTEL_GATE,,E002,,,,,cctv_frames,,,,,,,,,FR602217,,,
C4562,HOSTEL_GATE,,E002,,,,,cctv_frames,,,,,,,,,FR602218,,,
C4562,LIB_ENT,,E002,,,,,cctv_frames,,,,,,,,,FR602221,,,
C4562,GYM,,E002,,,,,cctv_frames,,,,,,,,,FR602222,,,
C4562,HOSTEL_GATE,,E002,,,,,cctv_frames,,,,,,,,,FR602223,,,
C4562,CAF_01,,E002,,,,,cctv_frames,,,,,,,,,FR602224,,,
C4562,CAF_01,,E002,,,,,cctv_frames,,,,,,,,,FR602227,,,
C4562,LAB_101,,E002,,,,,cctv_frames,,,,,,,,,FR602228,,,
C4562,ADMIN_LOBBY,,E002,,,,,cctv_frames,,,,,,,,,FR602229,,,
C4562,LAB_101,,E002,,,,,cctv_frames,,,,,,,,,FR602234,,,
C4562,LIB_ENT,,E002,,,,,cctv_frames,,,,,,,,,FR602235,,,
C4562,CAF_01,,E002,,,,,cctv_frames,,,,,,,,,FR602240,,,
C4562,CAF_01,,E002,,,,,cctv_frames,,,,,,,,,FR602241,,,
C4562,LIB_ENT,,E002,,,,,cctv_frames,,,,,,,,,FR602242,,,
C4562,CAF_01,,E002,,,,,cctv_frames,,,,,,,,,FR602245,,,
C4562,ADMIN_LOBBY,,E002,,,,,cctv_frames,,,,,,,,,FR602251,,,
C4562,HOSTEL_GATE,,E002,,,,,cctv_frames,,,,,,,,,FR602252,,,
C4562,LAB_101,,E002,,,,,cctv_frames,,,,,,,,,FR602254,,,
C4562,LAB_101,,E002,,,,,cctv_frames,,,,,,,,,FR602257,,,
C4562,CAF_01,,E002,,,,,cctv_frames,,,,,,,,,FR602261,,,
C4562,GYM,,E002,,,,,cctv_frames,,,,,,,,,FR602262,,,
C4562,ADMIN_LOBBY,,E002,,,,,cctv_frames,,,,,,,,,FR602263,,,
C4562,HOSTEL_GATE,,E002,,,,,cctv_frames,,,,,,,,,FR602266,,,
C4562,LAB_101,,E002,,,,,cctv_frames,,,,,,,,,FR602267,,,
C4562,ADMIN_LOBBY,,E002,,,,,cctv_frames,,,,,,,,,FR602270,,,
C4562,HOSTEL_GATE,,E002,,,,,cctv_frames,,,,,,,,,FR602277,,,
C4562,HOSTEL_GATE,,E002,,,,,cctv_frames,,,,,,,,,FR602281,,,
C4562,AUDITORIUM,,E002,,,,,cctv_frames,,,,,,,,,FR602283,,,
C4562,CAF_01,,E002,,,,,cctv_frames,,,,,,,,,FR602287,,,
C4562,LAB_305,,E002,,,,,cctv_frames,,,,,,,,,FR602290,,,
C4562,LAB_305,,E002,,,,,cctv_frames,,,,,,,,,FR602292,,,
C4562,LAB_101,,E002,,,,,cctv_frames,,,,,,,,,FR602293,,,
C4562,LIB_ENT,,E002,,,,,cctv_frames,,,,,,,,,FR602297,,,
C4562,CAF_01,,E002,,,,,cctv_frames,,,,,,,,,FR602298,,,
C4562,CAF_01,,E002,,,,,cctv_frames,,,,,,,,,FR602301,,,
C4562,CAF_01,,E002,,,,,cctv_frames,,,,,,,,,FR602302,,,
C4562,LIB_ENT,,E002,,,,,cctv_frames,,,,,,,,,FR602305,,,
C4562,LAB_305,,E002,,,,,cctv_frames,,,,,,,,,FR602307,,,
C4562,LAB_305,,E002,,,,,cctv_frames,,,,,,,,,FR602308,,,
C4562,LAB_101,,E002,,,,,cctv_frames,,,,,,,,,FR602310,,,
C4562,HOSTEL_GATE,,E002,,,,,cctv_frames,,,,,,,,,FR602311,,,
C4562,HOSTEL_GATE,,E002,,,,,cctv_frames,,,,,,,,,FR602312,,,
C4562,GYM,,E002,,,,,cctv_frames,,,,,,,,,FR602313,,,
C4562,LAB_305,,E002,,,,,cctv_frames,,,,,,,,,FR602315,,,
C4562,GYM,,E002,,,,,cctv_frames,,,,,,,,,FR602322,,,
C4562,AUDITORIUM,,E002,,,,,cctv_frames,,,,,,,,,FR602324,,,
C4562,CAF_01,,E002,,,,,cctv_frames,,,,,,,,,FR602325,,,
C4562,CAF_01,,E002,,,,,cctv_frames,,,,,,,,,FR602327,,,
C4562,CAF_01,,E002,,,,,cctv_frames,,,,,,,,,FR602329,,,
C4562,GYM,,E002,,,,,cctv_frames,,,,,,,,,FR602330,,,
C4562,HOSTEL_GATE,,E002,,,,,cctv_frames,,,,,,,,,FR602332,,,
C4562,CAF_01,,E002,,,,,cctv_frames,,,,,,,,,FR602333,,,
C4562,LAB_101,,E002,,,,,cctv_frames,,,,,,,,,FR602334,,,
C4562,LIB_ENT,,E002,,,,,cctv_frames,,,,,,,,,FR602338,,,
C4562,CAF_01,,E002,,,,,cctv_frames,,,,,,,,,FR602339,,,
C4562,LIB_ENT,,E002,,,,,cctv_frames,,,,,,,,,FR602340,,,
C4562,GYM,,E002,,,,,cctv_frames,,,,,,,,,FR602341,,,
C4562,GYM,,E002,,,,,cctv_frames,,,,,,,,,FR602342,,,
C4562,LIB_ENT,,E002,,,,,cctv_frames,,,,,,,,,FR602343,,,
C4562,GYM,,E002,,,,,cctv_frames,,,,,,,,,FR602345,,,
C4562,LAB_305,,E002,,,,,cctv_frames,,,,,,,,,FR602348,,,
C4562,LAB_101,,E002,,,,,cctv_frames,,,,,,,,,FR602354,,,
C4562,HOSTEL_GATE,,E002,,,,,cctv_frames,,,,,,,,,FR602355,,,
C4562,CAF_01,,E002,,,,,cctv_frames,,,,,,,,,FR602356,,,
C4562,LIB_ENT,,E002,,,,,cctv_frames,,,,,,,,,FR602358,,,
C4562,GYM,,E002,,,,,cctv_frames,,,,,,,,,FR602360,,,
C4562,LAB_305,,E002,,,,,cctv_frames,,,,,,,,,FR602365,,,
C4562,HOSTEL_GATE,,E002,,,,,cctv_frames,,,,,,,,,FR602369,,,
C4562,LAB_305,,E002,,,,,cctv_frames,,,,,,,,,FR602372,,,
C4562,HOSTEL_GATE,,E002,,,,,cctv_frames,,,,,,,,,FR602374,,,
C4562,AUDITORIUM,,E002,,,,,cctv_frames,,,,,,,,,FR602376,,,
C4562,GYM,,E002,,,,,cctv_frames,,,,,,,,,FR602377,,,
C4562,CAF_01,,E002,,,,,cctv_frames,,,,,,,,,FR602378,,,
C4562,CAF_01,,E002,,,,,cctv_frames,,,,,,,,,FR602379,,,
C4562,HOSTEL_GATE,,E002,,,,,cctv_frames,,,,,,,,,FR602380,,,
C4562,AUDITORIUM,,E002,,,,,cctv_frames,,,,,,,,,FR602381,,,
C4562,LAB_101,,E002,,,,,cctv_frames,,,,,,,,,FR602382,,,
C4562,ADMIN_LOBBY,,E002,,,,,cctv_frames,,,,,,,,,FR602385,,,
C4562,GYM,,E002,,,,,cctv_frames,,,,,,,,,FR602386,,,
C4562,LIB_ENT,,E002,,,,,cctv_frames,,,,,,,,,FR602394,,,
C4562,CAF_01,,E002,,,,,cctv_frames,,,,,,,,,FR602397,,,
C4562,CAF_01,,E002,,,,,cctv_frames,,,,,,,,,FR602398,,,
C4562,AUDITORIUM,,E002,,,,,cctv_frames,,,,,,,,,FR602402,,,
C4562,AUDITORIUM,,E002,,,,,cctv_frames,,,,,,,,,FR602408,,,
C4562,ADMIN_LOBBY,,E002,,,,,cctv_frames,,,,,,,,,FR602409,,,
C4562,LAB_305,,E002,,,,,cctv_frames,,,,,,,,,FR602418,,,
C4562,HOSTEL_GATE,,E002,,,,,cctv_frames,,,,,,,,,FR602419,,,
C4562,LAB_305,,E002,,,,,cctv_frames,,,,,,,,,FR602423,,,
C4562,LAB_101,,E002,,,,,cctv_frames,,,,,,,,,FR602424,,,
C4562,LAB_305,,E002,,,,,cctv_frames,,,,,,,,,FR602426,,,
C4562,LAB_101,,E002,,,,,cctv_frames,,,,,,,,,FR602428,,,
C4562,LIB_ENT,,E002,,,,,cctv_frames,,,,,,,,,FR602436,,,
C4562,ADMIN_LOBBY,,E002,,,,,cctv_frames,,,,,,,,,FR602442,,,
C4562,LAB_305,,E002,,,,,cctv_frames,,,,,,,,,FR602443,,,
C4562,GYM,,E002,,,,,cctv_frames,,,,,,,,,FR602446,,,
C4562,LAB_101,,E002,,,,,cctv_frames,,,,,,,,,FR602449,,,
C4562,LIB_ENT,,E002,,,,,cctv_frames,,,,,,,,,FR602451,,,
C4562,LAB_305,,E002,,,,,cctv_frames,,,,,,,,,FR602456,,,
C4562,LIB_ENT,,E002,,,,,cctv_frames,,,,,,,,,FR602457,,,
C4562,AUDITORIUM,,E002,,,,,cctv_frames,,,,,,,,,FR602466,,,
C4562,AUDITORIUM,,E002,,,,,cctv_frames,,,,,,,,,FR602467,,,
C4562,ADMIN_LOBBY,,E002,,,,,cctv_frames,,,,,,,,,FR602468,,,
C4562,LIB_ENT,,E002,,,,,cctv_frames,,,,,,,,,FR602470,,,
C4562,AUDITORIUM,,E002,,,,,cctv_frames,,,,,,,,,FR602471,,,
C4562,AUDITORIUM,,E002,,,,,cctv_frames,,,,,,,,,FR602476,,,
C4562,HOSTEL_GATE,,E002,,,,,cctv_frames,,,,,,,,,FR602479,,,
C4562,HOSTEL_GATE,,E002,,,,,cctv_frames,,,,,,,,,FR602482,,,
C4562,ADMIN_LOBBY,,E002,,,,,cctv_frames,,,,,,,,,FR602488,,,
C4562,HOSTEL_GATE,,E002,,,,,cctv_frames,,,,,,,,,FR602498,,,
C4562,LIB_ENT,,E002,,,,,cctv_frames,,,,,,,,,FR602499,,,
C4562,ADMIN_LOBBY,,E002,,,,,cctv_frames,,,,,,,,,FR602500,,,
C4562,LAB_101,,E002,,,,,cctv_frames,,,,,,,,,FR602502,,,
C4562,ADMIN_LOBBY,,E002,,,,,cctv_frames,,,,,,,,,FR602504,,,
C4562,AUDITORIUM,,E002,,,,,cctv_frames,,,,,,,,,FR602506,,,
C4562,CAF_01,,E002,,,,,cctv_frames,,,,,,,,,FR602508,,,
C4562,ADMIN_LOBBY,,E002,,,,,cctv_frames,,,,,,,,,FR602511,,,
C4562,CAF_01,,E002,,,,,cctv_frames,,,,,,,,,FR602515,,,
C4562,CAF_01,,E002,,,,,cctv_frames,,,,,,,,,FR602521,,,
C4562,AUDITORIUM,,E002,,,,,cctv_frames,,,,,,,,,FR602522,,,
C4562,ADMIN_LOBBY,,E002,,,,,cctv_frames,,,,,,,,,FR602523,,,
C4562,CAF_01,,E002,,,,,cctv_frames,,,,,,,,,FR602526,,,
C4562,HOSTEL_GATE,,E002,,,,,cctv_frames,,,,,,,,,FR602527,,,
C4562,LIB_ENT,,E002,,,,,cctv_frames,,,,,,,,,FR602529,,,
C4562,ADMIN_LOBBY,,E002,,,,,cctv_frames,,,,,,,,,FR602530,,,
C4562,LIB_ENT,,E002,,,,,cctv_frames,,,,,,,,,FR602531,,,
C4562,LAB_305,,E002,,,,,cctv_frames,,,,,,,,,FR602533,,,
C4562,AUDITORIUM,,E002,,,,,cctv_frames,,,,,,,,,FR602535,,,
C4562,LAB_101,,E002,,,,,cctv_frames,,,,,,,,,FR602538,,,
C4562,LIB_ENT,,E002,,,,,cctv_frames,,,,,,,,,FR602539,,,
C4562,LAB_101,,E002,,,,,cctv_frames,,,,,,,,,FR602543,,,
C4562,LAB_101,,E002,,,,,cctv_frames,,,,,,,,,FR602546,,,
C4562,LAB_305,,E002,,,,,cctv_frames,,,,,,,,,FR602549,,,
C4562,ADMIN_LOBBY,,E002,,,,,cctv_frames,,,,,,,,,FR602550,,,
C4562,HOSTEL_GATE,,E002,,,,,cctv_frames,,,,,,,,,FR602554,,,
C4562,CAF_01,,E002,,,,,cctv_frames,,,,,,,,,FR602558,,,
C4562,CAF_01,,E002,,,,,cctv_frames,,,,,,,,,FR602561,,,
C4562,LIB_ENT,,E002,,,,,cctv_frames,,,,,,,,,FR602562,,,
C4562,GYM,,E002,,,,,cctv_frames,,,,,,,,,FR602563,,,
C4562,LAB_305,,E002,,,,,cctv_frames,,,,,,,,,FR602565,,,
C4562,HOSTEL_GATE,,E002,,,,,cctv_frames,,,,,,,,,FR602568,,,
C4562,LAB_101,,E002,,,,,cctv_frames,,,,,,,,,FR602574,,,
C4562,CAF_01,,E002,,,,,cctv_frames,,,,,,,,,FR602575,,,
C4562,GYM,,E002,,,,,cctv_frames,,,,,,,,,FR602576,,,
C4562,GYM,,E002,,,,,cctv_frames,,,,,,,,,FR602578,,,
C4562,AUDITORIUM,,E002,,,,,cctv_frames,,,,,,,,,FR602580,,,
C4562,CAF_01,,E002,,,,,cctv_frames,,,,,,,,,FR602583,,,
C4562,LAB_305,,E002,,,,,cctv_frames,,,,,,,,,FR602584,,,
C4562,GYM,,E002,,,,,cctv_frames,,,,,,,,,FR602590,,,
C4562,HOSTEL_GATE,,E002,,,,,cctv_frames,,,,,,,,,FR602591,,,
C4562,LIB_ENT,,E002,,,,,cctv_frames,,,,,,,,,FR602592,,,
C4562,CAF_01,,E002,,,,,cctv_frames,,,,,,,,,FR602594,,,
C4562,LIB_ENT,,E002,,,,,cctv_frames,,,,,,,,,FR602597,,,
C4562,AUDITORIUM,,E002,,,,,cctv_frames,,,,,,,,,FR602598,,,
C4562,LIB_ENT,,E002,,,,,cctv_frames,,,,,,,,,FR602605,,,
C4562,HOSTEL_GATE,,E002,,,,,cctv_frames,,,,,,,,,FR602607,,,
C4562,ADMIN_LOBBY,,E002,,,,,cctv_frames,,,,,,,,,FR602609,,,
C4562,LAB_305,,E002,,,,,cctv_frames,,,,,,,,,FR602610,,,
C4562,LAB_101,,E002,,,,,cctv_frames,,,,,,,,,FR602611,,,
C4562,LAB_305,,E002,,,,,cctv_frames,,,,,,,,,FR602616,,,
C4562,LAB_101,,E002,,,,,cctv_frames,,,,,,,,,FR602619,,,
C4562,ADMIN_LOBBY,,E002,,,,,cctv_frames,,,,,,,,,FR602625,,,
C4562,LIB_ENT,,E002,,,,,cctv_frames,,,,,,,,,FR602627,,,
C4562,LAB_305,,E002,,,,,cctv_frames,,,,,,,,,FR602631,,,
C4562,ADMIN_LOBBY,,E002,,,,,cctv_frames,,,,,,,,,FR602632,,,
C4562,AUDITORIUM,,E002,,,,,cctv_frames,,,,,,,,,FR602634,,,
C4562,LAB_305,,E002,,,,,cctv_frames,,,,,,,,,FR602635,,,
C4562,HOSTEL_GATE,,E002,,,,,cctv_frames,,,,,,,,,FR602636,,,
C4562,HOSTEL_GATE,,E002,,,,,cctv_frames,,,,,,,,,FR602641,,,
C4562,GYM,,E002,,,,,cctv_frames,,,,,,,,,FR602642,,,
C4562,LAB_305,,E002,,,,,cctv_frames,,,,,,,,,FR602644,,,
C4562,ADMIN_LOBBY,,E002,,,,,cctv_frames,,,,,,,,,FR602646,,,
C4562,CAF_01,,E002,,,,,cctv_frames,,,,,,,,,FR602652,,,
C4562,HOSTEL_GATE,,E002,,,,,cctv_frames,,,,,,,,,FR602654,,,
C4562,LIB_ENT,,E002,,,,,cctv_frames,,,,,,,,,FR602661,,,
C4562,AUDITORIUM,,E002,,,,,cctv_frames,,,,,,,,,FR602662,,,
C4562,LIB_ENT,,E002,,,,,cctv_frames,,,,,,,,,FR602667,,,
C4562,LAB_101,,E002,,,,,cctv_frames,,,,,,,,,FR602668,,,
C4562,CAF_01,,E002,,,,,cctv_frames,,,,,,,,,FR602672,,,
C4562,LIB_ENT,,E002,,,,,cctv_frames,,,,,,,,,FR602675,,,
C4562,HOSTEL_GATE,,E002,,,,,cctv_frames,,,,,,,,,FR602680,,,
C4562,GYM,,E002,,,,,cctv_frames,,,,,,,,,FR602682,,,
C4562,LAB_101,,E002,,,,,cctv_frames,,,,,,,,,FR602684,,,
C4562,LAB_305,,E002,,,,,cctv_frames,,,,,,,,,FR602689,,,
C4562,AUDITORIUM,,E002,,,,,cctv_frames,,,,,,,,,FR602692,,,
C4562,LAB_305,,E002,,,,,cctv_frames,,,,,,,,,FR602696,,,
C4562,GYM,,E002,,,,,cctv_frames,,,,,,,,,FR602702,,,
C4562,AUDITORIUM,,E002,,,,,cctv_frames,,,,,,,,,FR602703,,,
C4562,LAB_101,,E002,,,,,cctv_frames,,,,,,,,,FR602704,,,
C4562,LAB_305,,E002,,,,,cctv_frames,,,,,,,,,FR602705,,,
C4562,LAB_305,,E002,,,,,cctv_frames,,,,,,,,,FR602708,,,
C4562,GYM,,E002,,,,,cctv_frames,,,,,,,,,FR602710,,,
C4562,LAB_101,,E002,,,,,cctv_frames,,,,,,,,,FR602712,,,
C4562,HOSTEL_GATE,,E002,,,,,cctv_frames,,,,,,,,,FR602717,,,
C4562,CAF_01,,E002,,,,,cctv_frames,,,,,,,,,FR602718,,,
C4562,GYM,,E002,,,,,cctv_frames,,,,,,,,,FR602720,,,
C4562,LAB_305,,E002,,,,,cctv_frames,,,,,,,,,FR602722,,,
C4562,LIB_ENT,,E002,,,,,cctv_frames,,,,,,,,,FR602723,,,
C4562,GYM,,E002,,,,,cctv_frames,,,,,,,,,FR602726,,,
C4562,ADMIN_LOBBY,,E002,,,,,cctv_frames,,,,,,,,,FR602728,,,
C4562,LIB_ENT,,E002,,,,,cctv_frames,,,,,,,,,FR602730,,,
C4562,HOSTEL_GATE,,E002,,,,,cctv_frames,,,,,,,,,FR602736,,,
C4562,LAB_305,,E002,,,,,cctv_frames,,,,,,,,,FR602738,,,
C4562,GYM,,E002,,,,,cctv_frames,,,,,,,,,FR602739,,,
C4562,AUDITORIUM,,E002,,,,,cctv_frames,,,,,,,,,FR602740,,,
C4562,LAB_101,,E002,,,,,cctv_frames,,,,,,,,,FR602744,,,
C4562,HOSTEL_GATE,,E002,,,,,cctv_frames,,,,,,,,,FR602745,,,
C4562,AUDITORIUM,,E002,,,,,cctv_frames,,,,,,,,,FR602746,,,
C4562,HOSTEL_GATE,,E002,,,,,cctv_frames,,,,,,,,,FR602748,,,
C4562,GYM,,E002,,,,,cctv_frames,,,,,,,,,FR602750,,,
C4562,GYM,,E002,,,,,cctv_frames,,,,,,,,,FR602758,,,
C4562,AUDITORIUM,,E002,,,,,cctv_frames,,,,,,,,,FR602760,,,
C4562,LAB_305,,E002,,,,,cctv_frames,,,,,,,,,FR602764,,,
C4562,ADMIN_LOBBY,,E002,,,,,cctv_frames,,,,,,,,,FR602766,,,
C4562,HOSTEL_GATE,,E002,,,,,cctv_frames,,,,,,,,,FR602768,,,
C4562,LIB_ENT,,E002,,,,,cctv_frames,,,,,,,,,FR602775,,,
C4562,ADMIN_LOBBY,,E002,,,,,cctv_frames,,,,,,,,,FR602791,,,
C4562,LAB_101,,E002,,,,,cctv_frames,,,,,,,,,FR602793,,,
C4562,HOSTEL_GATE,,E002,,,,,cctv_frames,,,,,,,,,FR602794,,,
C4562,CAF_01,,E002,,,,,cctv_frames,,,,,,,,,FR602796,,,
C4562,CAF_01,,E002,,,,,cctv_frames,,,,,,,,,FR602798,,,
C4562,CAF_01,,E002,,,,,cctv_frames,,,,,,,,,FR602801,,,
C4562,AUDITORIUM,,E002,,,,,cctv_frames,,,,,,,,,FR602806,,,
C4562,LAB_101,,E002,,,,,cctv_frames,,,,,,,,,FR602810,,,
C4562,ADMIN_LOBBY,,E002,,,,,cctv_frames,,,,,,,,,FR602811,,,
C4562,LAB_305,,E002,,,,,cctv_frames,,,,,,,,,FR602812,,,
C4562,LAB_101,,E002,,,,,cctv_frames,,,,,,,,,FR602813,,,
C4562,AUDITORIUM,,E002,,,,,cctv_frames,,,,,,,,,FR602822,,,
C4562,CAF_01,,E002,,,,,cctv_frames,,,,,,,,,FR602823,,,
C4562,LAB_101,,E002,,,,,cctv_frames,,,,,,,,,FR602829,,,
C4562,GYM,,E002,,,,,cctv_frames,,,,,,,,,FR602830,,,
C4562,LAB_305,,E002,,,,,cctv_frames,,,,,,,,,FR602834,,,
C4562,LAB_305,,E002,,,,,cctv_frames,,,,,,,,,FR602840,,,
C4562,CAF_01,,E002,,,,,cctv_frames,,,,,,,,,FR602843,,,
C4562,HOSTEL_GATE,,E002,,,,,cctv_frames,,,,,,,,,FR602846,,,
C4562,AUDITORIUM,,E002,,,,,cctv_frames,,,,,,,,,FR602847,,,
C4562,LAB_101,,E002,,,,,cctv_frames,,,,,,,,,FR602848,,,
C4562,AUDITORIUM,,E002,,,,,cctv_frames,,,,,,,,,FR602851,,,
C4562,AUDITORIUM,,E002,,,,,cctv_frames,,,,,,,,,FR602852,,,
C4562,GYM,,E002,,,,,cctv_frames,,,,,,,,,FR602855,,,
C4562,LAB_305,,E002,,,,,cctv_frames,,,,,,,,,FR602860,,,
C4562,CAF_01,,E002,,,,,cctv_frames,,,,,,,,,FR602868,,,
C4562,CAF_01,,E002,,,,,cctv_frames,,,,,,,,,FR602869,,,
C4562,LAB_101,,E002,,,,,cctv_frames,,,,,,,,,FR602871,,,
C4562,CAF_01,,E002,,,,,cctv_frames,,,,,,,,,FR602875,,,
C4562,CAF_01,,E002,,,,,cctv_frames,,,,,,,,,FR602877,,,
C4562,HOSTEL_GATE,,E002,,,,,cctv_frames,,,,,,,,,FR602881,,,
C4562,AUDITORIUM,,E002,,,,,cctv_frames,,,,,,,,,FR602887,,,
C4562,LAB_305,,E002,,,,,cctv_frames,,,,,,,,,FR602890,,,
C4562,AUDITORIUM,,E002,,,,,cctv_frames,,,,,,,,,FR602891,,,
C4562,GYM,,E002,,,,,cctv_frames,,,,,,,,,FR602892,,,
C4562,CAF_01,,E002,,,,,cctv_frames,,,,,,,,,FR602894,,,
C4562,HOSTEL_GATE,,E002,,,,,cctv_frames,,,,,,,,,FR602897,,,
C4562,LIB_ENT,,E002,,,,,cctv_frames,,,,,,,,,FR602898,,,
C4562,LAB_305,,E002,,,,,cctv_frames,,,,,,,,,FR602901,,,
C4562,LAB_305,,E002,,,,,cctv_frames,,,,,,,,,FR602903,,,
C4562,GYM,,E002,,,,,cctv_frames,,,,,,,,,FR602905,,,
C4562,ADMIN_LOBBY,,E002,,,,,cctv_frames,,,,,,,,,FR602906,,,
C4562,ADMIN_LOBBY,,E002,,,,,cctv_frames,,,,,,,,,FR602910,,,
C4562,ADMIN_LOBBY,,E002,,,,,cctv_frames,,,,,,,,,FR602916,,,
C4562,LIB_ENT,,E002,,,,,cctv_frames,,,,,,,,,FR602918,,,
C4562,LAB_101,,E002,,,,,cctv_frames,,,,,,,,,FR602923,,,
C4562,ADMIN_LOBBY,,E002,,,,,cctv_frames,,,,,,,,,FR602924,,,
C4562,CAF_01,,E002,,,,,cctv_frames,,,,,,,,,FR602925,,,
C4562,HOSTEL_GATE,,E002,,,,,cctv_frames,,,,,,,,,FR602929,,,
C4562,LIB_ENT,,E002,,,,,cctv_frames,,,,,,,,,FR602933,,,
C4562,CAF_01,,E002,,,,,cctv_frames,,,,,,,,,FR602934,,,
C4562,CAF_01,,E002,,,,,cctv_frames,,,,,,,,,FR602937,,,
C4562,CAF_01,,E002,,,,,cctv_frames,,,,,,,,,FR602941,,,
C4562,LAB_305,,E002,,,,,cctv_frames,,,,,,,,,FR602942,,,
C4562,HOSTEL_GATE,,E002,,,,,cctv_frames,,,,,,,,,FR602943,,,
C4562,LAB_101,,E002,,,,,cctv_frames,,,,,,,,,FR602947,,,
C4562,ADMIN_LOBBY,,E002,,,,,cctv_frames,,,,,,,,,FR602951,,,
C4562,HOSTEL_GATE,,E002,,,,,cctv_frames,,,,,,,,,FR602959,,,
C4562,HOSTEL_GATE,,E002,,,,,cctv_frames,,,,,,,,,FR602962,,,
C4562,AUDITORIUM,,E002,,,,,cctv_frames,,,,,,,,,FR602966,,,
C4562,LAB_101,,E002,,,,,cctv_frames,,,,,,,,,FR602970,,,
C4562,HOSTEL_GATE,,E002,,,,,cctv_frames,,,,,,,,,FR602972,,,
C4562,LIB_ENT,,E002,,,,,cctv_frames,,,,,,,,,FR602980,,,
C4562,HOSTEL_GATE,,E002,,,,,cctv_frames,,,,,,,,,FR602983,,,
C4562,LAB_101,,E002,,,,,cctv_frames,,,,,,,,,FR602989,,,
C4562,LAB_305,,E002,,,,,cctv_frames,,,,,,,,,FR602991,,,
C4562,AUDITORIUM,,E002,,,,,cctv_frames,,,,,,,,,FR602992,,,
C4562,LIB_ENT,,E002,,,,,cctv_frames,,,,,,,,,FR603003,,,
C4562,AUDITORIUM,,E002,,,,,cctv_frames,,,,,,,,,FR603004,,,
C4562,LAB_101,,E002,,,,,cctv_frames,,,,,,,,,FR603005,,,
C4562,LIB_ENT,,E002,,,,,cctv_frames,,,,,,,,,FR603006,,,
C4562,GYM,,E002,,,,,cctv_frames,,,,,,,,,FR603011,,,
C4562,ADMIN_LOBBY,,E002,,,,,cctv_frames,,,,,,,,,FR603012,,,
C4562,HOSTEL_GATE,,E002,,,,,cctv_frames,,,,,,,,,FR603013,,,
C4562,ADMIN_LOBBY,,E002,,,,,cctv_frames,,,,,,,,,FR603016,,,
C4562,LIB_ENT,,E002,,,,,cctv_frames,,,,,,,,,FR603021,,,
C4562,ADMIN_LOBBY,,E002,,,,,cctv_frames,,,,,,,,,FR603025,,,
C4562,CAF_01,,E002,,,,,cctv_frames,,,,,,,,,FR603028,,,
C4562,ADMIN_LOBBY,,E002,,,,,cctv_frames,,,,,,,,,FR603031,,,
C4562,GYM,,E002,,,,,cctv_frames,,,,,,,,,FR603033,,,
C4562,AUDITORIUM,,E002,,,,,cctv_frames,,,,,,,,,FR603035,,,
C4562,LAB_305,,E002,,,,,cctv_frames,,,,,,,,,FR603036,,,
C4562,LAB_101,,E002,,,,,cctv_frames,,,,,,,,,FR603038,,,
C4562,ADMIN_LOBBY,,E002,,,,,cctv_frames,,,,,,,,,FR603044,,,
C4562,LAB_305,,E002,,,,,cctv_frames,,,,,,,,,FR603045,,,
C4562,GYM,,E002,,,,,cctv_frames,,,,,,,,,FR603049,,,
C4562,LAB_101,,E002,,,,,cctv_frames,,,,,,,,,FR603050,,,
C4562,GYM,,E002,,,,,cctv_frames,,,,,,,,,FR603052,,,
C4562,CAF_01,,E002,,,,,cctv_frames,,,,,,,,,FR603055,,,
C4562,CAF_01,,E002,,,,,cctv_frames,,,,,,,,,FR603057,,,
C4562,AUDITORIUM,,E002,,,,,cctv_frames,,,,,,,,,FR603060,,,
C4562,AUDITORIUM,,E002,,,,,cctv_frames,,,,,,,,,FR603064,,,
C4562,LAB_305,,E002,,,,,cctv_frames,,,,,,,,,FR603065,,,
C4562,HOSTEL_GATE,,E002,,,,,cctv_frames,,,,,,,,,FR603066,,,
C4562,HOSTEL_GATE,,E002,,,,,cctv_frames,,,,,,,,,FR603067,,,
C4562,AUDITORIUM,,E002,,,,,cctv_frames,,,,,,,,,FR603071,,,
C4562,LIB_ENT,,E002,,,,,cctv_frames,,,,,,,,,FR603073,,,
C4562,GYM,,E002,,,,,cctv_frames,,,,,,,,,FR603077,,,
C4562,ADMIN_LOBBY,,E002,,,,,cctv_frames,,,,,,,,,FR603079,,,
C4562,LIB_ENT,,E002,,,,,cctv_frames,,,,,,,,,FR603083,,,
C4562,LAB_101,,E002,,,,,cctv_frames,,,,,,,,,FR603089,,,
C4562,LAB_305,,E002,,,,,cctv_frames,,,,,,,,,FR603092,,,
C4562,AUDITORIUM,,E002,,,,,cctv_frames,,,,,,,,,FR603093,,,
C4562,GYM,,E002,,,,,cctv_frames,,,,,,,,,FR603094,,,
C4562,GYM,,E002,,,,,cctv_frames,,,,,,,,,FR603095,,,
C4562,GYM,,E002,,,,,cctv_frames,,,,,,,,,FR603098,,,
C4562,GYM,,E002,,,,,cctv_frames,,,,,,,,,FR603099,,,
C4562,GYM,,E002,,,,,cctv_frames,,,,,,,,,FR603100,,,
C4562,ADMIN_LOBBY,,E002,,,,,cctv_frames,,,,,,,,,FR603101,,,
C4562,CAF_01,,E002,,,,,cctv_frames,,,,,,,,,FR603102,,,
C4562,ADMIN_LOBBY,,E002,,,,,cctv_frames,,,,,,,,,FR603104,,,
C4562,AUDITORIUM,,E002,,,,,cctv_frames,,,,,,,,,FR603106,,,
C4562,CAF_01,,E002,,,,,cctv_frames,,,,,,,,,FR603107,,,
C4562,CAF_01,,E002,,,,,cctv_frames,,,,,,,,,FR603108,,,
C4562,CAF_01,,E002,,,,,cctv_frames,,,,,,,,,FR603109,,,
C4562,LAB_305,,E002,,,,,cctv_frames,,,,,,,,,FR603112,,,
C4562,LAB_101,,E002,,,,,cctv_frames,,,,,,,,,FR603115,,,
C4562,CAF_01,,E002,,,,,cctv_frames,,,,,,,,,FR603117,,,
C4562,ADMIN_LOBBY,,E002,,,,,cctv_frames,,,,,,,,,FR603119,,,
C4562,LAB_101,,E002,,,,,cctv_frames,,,,,,,,,FR603121,,,
C4562,AUDITORIUM,,E002,,,,,cctv_frames,,,,,,,,,FR603122,,,
C4562,LAB_305,,E002,,,,,cctv_frames,,,,,,,,,FR603123,,,
C4562,LIB_ENT,,E002,,,,,cctv_frames,,,,,,,,,FR603124,,,
C4562,CAF_01,,E002,,,,,cctv_frames,,,,,,,,,FR603126,,,
C4562,ADMIN_LOBBY,,E002,,,,,cctv_frames,,,,,,,,,FR603128,,,
C4562,LIB_ENT,,E002,,,,,cctv_frames,,,,,,,,,FR603135,,,
C4562,LAB_101,,E002,,,,,cctv_frames,,,,,,,,,FR603136,,,
C4562,GYM,,E002,,,,,cctv_frames,,,,,,,,,FR603138,,,
C4562,LAB_305,,E002,,,,,cctv_frames,,,,,,,,,FR603141,,,
C4562,ADMIN_LOBBY,,E002,,,,,cctv_frames,,,,,,,,,FR603142,,,
C4562,LIB_ENT,,E002,,,,,cctv_frames,,,,,,,,,FR603144,,,
C4562,HOSTEL_GATE,,E002,,,,,cctv_frames,,,,,,,,,FR603148,,,
C4562,CAF_01,,E002,,,,,cctv_frames,,,,,,,,,FR603152,,,
C4562,LAB_305,,E002,,,,,cctv_frames,,,,,,,,,FR603158,,,
C4562,HOSTEL_GATE,,E002,,,,,cctv_frames,,,,,,,,,FR603159,,,
C4562,LAB_101,,E002,,,,,cctv_frames,,,,,,,,,FR603160,,,
C4562,AUDITORIUM,,E002,,,,,cctv_frames,,,,,,,,,FR603161,,,
C4562,LIB_ENT,,E002,,,,,cctv_frames,,,,,,,,,FR603162,,,
C4562,LAB_101,,E002,,,,,cctv_frames,,,,,,,,,FR603165,,,
C4562,AUDITORIUM,,E002,,,,,cctv_frames,,,,,,,,,FR603167,,,
C4562,ADMIN_LOBBY,,E002,,,,,cctv_frames,,,,,,,,,FR603168,,,
C4562,AUDITORIUM,,E002,,,,,cctv_frames,,,,,,,,,FR603169,,,
C4562,GYM,,E002,,,,,cctv_frames,,,,,,,,,FR603171,,,
C4562,GYM,,E002,,,,,cctv_frames,,,,,,,,,FR603173,,,
C4562,GYM,,E002,,,,,cctv_frames,,,,,,,,,FR603174,,,
C4562,LIB_ENT,,E002,,,,,cctv_frames,,,,,,,,,FR603176,,,
C4562,LAB_101,,E002,,,,,cctv_frames,,,,,,,,,FR603178,,,
C4562,CAF_01,,E002,,,,,cctv_frames,,,,,,,,,FR603181,,,
C4562,ADMIN_LOBBY,,E002,,,,,cctv_frames,,,,,,,,,FR603183,,,
C4562,LAB_305,,E002,,,,,cctv_frames,,,,,,,,,FR603185,,,
C4562,LIB_ENT,,E002,,,,,cctv_frames,,,,,,,,,FR603186,,,
C4562,ADMIN_LOBBY,,E002,,,,,cctv_frames,,,,,,,,,FR603187,,,
C4562,HOSTEL_GATE,,E002,,,,,cctv_frames,,,,,,,,,FR603189,,,
C4562,HOSTEL_GATE,,E002,,,,,cctv_frames,,,,,,,,,FR603196,,,
C4562,LAB_305,,E002,,,,,cctv_frames,,,,,,,,,FR603198,,,
C4562,CAF_01,,E002,,,,,cctv_frames,,,,,,,,,FR603200,,,
C4562,HOSTEL_GATE,,E002,,,,,cctv_frames,,,,,,,,,FR603202,,,
C4562,AUDITORIUM,,E002,,,,,cctv_frames,,,,,,,,,FR603204,,,
C4562,ADMIN_LOBBY,,E002,,,,,cctv_frames,,,,,,,,,FR603205,,,
C4562,LAB_101,,E002,,,,,cctv_frames,,,,,,,,,FR603208,,,
C4562,CAF_01,,E002,,,,,cctv_frames,,,,,,,,,FR603214,,,
C4562,GYM,,E002,,,,,cctv_frames,,,,,,,,,FR603215,,,
C4562,LAB_101,,E002,,,,,cctv_frames,,,,,,,,,FR603218,,,
C4562,AUDITORIUM,,E002,,,,,cctv_frames,,,,,,,,,FR603220,,,
C4562,LIB_ENT,,E002,,,,,cctv_frames,,,,,,,,,FR603222,,,
C4562,HOSTEL_GATE,,E002,,,,,cctv_frames,,,,,,,,,FR603227,,,
C4562,LIB_ENT,,E002,,,,,cctv_frames,,,,,,,,,FR603228,,,
C4562,LAB_305,,E002,,,,,cctv_frames,,,,,,,,,FR603229,,,
C4562,AUDITORIUM,,E002,,,,,cctv_frames,,,,,,,,,FR603230,,,
C4562,HOSTEL_GATE,,E002,,,,,cctv_frames,,,,,,,,,FR603233,,,
C4562,ADMIN_LOBBY,,E002,,,,,cctv_frames,,,,,,,,,FR603236,,,
C4562,HOSTEL_GATE,,E002,,,,,cctv_frames,,,,,,,,,FR603240,,,
C4562,LAB_305,,E002,,,,,cctv_frames,,,,,,,,,FR603243,,,
C4562,AUDITORIUM,,E002,,,,,cctv_frames,,,,,,,,,FR603249,,,
C4562,LAB_101,,E002,,,,,cctv_frames,,,,,,,,,FR603250,,,
C4562,HOSTEL_GATE,,E002,,,,,cctv_frames,,,,,,,,,FR603254,,,
C4562,LAB_305,,E002,,,,,cctv_frames,,,,,,,,,FR603256,,,
C4562,LAB_101,,E002,,,,,cctv_frames,,,,,,,,,FR603259,,,
C4562,LIB_ENT,,E002,,,,,cctv_frames,,,,,,,,,FR603261,,,
C4562,GYM,,E002,,,,,cctv_frames,,,,,,,,,FR603262,,,
C4562,LAB_101,,E002,,,,,cctv_frames,,,,,,,,,FR603268,,,
C4562,LAB_305,,E002,,,,,cctv_frames,,,,,,,,,FR603270,,,
C4562,HOSTEL_GATE,,E002,,,,,cctv_frames,,,,,,,,,FR603272,,,
C4562,LAB_101,,E002,,,,,cctv_frames,,,,,,,,,FR603273,,,
C4562,LAB_305,,E002,,,,,cctv_frames,,,,,,,,,FR603275,,,
C4562,LAB_101,,E002,,,,,cctv_frames,,,,,,,,,FR603277,,,
C4562,LAB_305,,E002,,,,,cctv_frames,,,,,,,,,FR603284,,,
C4562,AUDITORIUM,,E002,,,,,cctv_frames,,,,,,,,,FR603288,,,
C4562,LAB_101,,E002,,,,,cctv_frames,,,,,,,,,FR603291,,,
C4562,LAB_305,,E002,,,,,cctv_frames,,,,,,,,,FR603292,,,
C4562,HOSTEL_GATE,,E002,,,,,cctv_frames,,,,,,,,,FR603293,,,
C4562,LAB_305,,E002,,,,,cctv_frames,,,,,,,,,FR603294,,,
C4562,LAB_101,,E002,,,,,cctv_frames,,,,,,,,,FR603296,,,
C4562,LAB_305,,E002,,,,,cctv_frames,,,,,,,,,FR603301,,,
C4562,AUDITORIUM,,E002,,,,,cctv_frames,,,,,,,,,FR603303,,,
C4562,AUDITORIUM,,E002,,,,,cctv_frames,,,,,,,,,FR603305,,,
C4562,CAF_01,,E002,,,,,cctv_frames,,,,,,,,,FR603311,,,
C4562,GYM,,E002,,,,,cctv_frames,,,,,,,,,FR603312,,,
C4562,GYM,,E002,,,,,cctv_frames,,,,,,,,,FR603315,,,
C4562,ADMIN_LOBBY,,E002,,,,,cctv_frames,,,,,,,,,FR603316,,,
C4562,AUDITORIUM,,E002,,,,,cctv_frames,,,,,,,,,FR603317,,,
C4562,GYM,,E002,,,,,cctv_frames,,,,,,,,,FR603326,,,
C4562,AUDITORIUM,,E002,,,,,cctv_frames,,,,,,,,,FR603335,,,
C4562,GYM,,E002,,,,,cctv_frames,,,,,,,,,FR603338,,,
C4562,GYM,,E002,,,,,cctv_frames,,,,,,,,,FR603339,,,
C4562,AUDITORIUM,,E002,,,,,cctv_frames,,,,,,,,,FR603341,,,
C4562,CAF_01,,E002,,,,,cctv_frames,,,,,,,,,FR603346,,,
C4562,HOSTEL_GATE,,E002,,,,,cctv_frames,,,,,,,,,FR603348,,,
C4562,LIB_ENT,,E002,,,,,cctv_frames,,,,,,,,,FR603349,,,
C4562,GYM,,E002,,,,,cctv_frames,,,,,,,,,FR603352,,,
C4562,GYM,,E002,,,,,cctv_frames,,,,,,,,,FR603354,,,
C4562,AUDITORIUM,,E002,,,,,cctv_frames,,,,,,,,,FR603356,,,
C4562,AUDITORIUM,,E002,,,,,cctv_frames,,,,,,,,,FR603359,,,
C4562,AUDITORIUM,,E002,,,,,cctv_frames,,,,,,,,,FR603360,,,
C4562,HOSTEL_GATE,,E002,,,,,cctv_frames,,,,,,,,,FR603361,,,
C4562,LAB_101,,E002,,,,,cctv_frames,,,,,,,,,FR603363,,,
C4562,LIB_ENT,,E002,,,,,cctv_frames,,,,,,,,,FR603364,,,
C4562,ADMIN_LOBBY,,E002,,,,,cctv_frames,,,,,,,,,FR603370,,,
C4562,CAF_01,,E002,,,,,cctv_frames,,,,,,,,,FR603373,,,
C4562,LIB_ENT,,E002,,,,,cctv_frames,,,,,,,,,FR603376,,,
C4562,LAB_101,,E002,,,,,cctv_frames,,,,,,,,,FR603380,,,
C4562,ADMIN_LOBBY,,E002,,,,,cctv_frames,,,,,,,,,FR603387,,,
C4562,AUDITORIUM,,E002,,,,,cctv_frames,,,,,,,,,FR603394,,,
C4562,LAB_101,,E002,,,,,cctv_frames,,,,,,,,,FR603396,,,
C4562,AUDITORIUM,,E002,,,,,cctv_frames,,,,,,,,,FR603399,,,
C4562,LIB_ENT,,E002,,,,,cctv_frames,,,,,,,,,FR603401,,,
C4562,AUDITORIUM,,E002,,,,,cctv_frames,,,,,,,,,FR603405,,,
C4562,HOSTEL_GATE,,E002,,,,,cctv_frames,,,,,,,,,FR603406,,,
C4562,ADMIN_LOBBY,,E002,,,,,cctv_frames,,,,,,,,,FR603408,,,
C4562,AUDITORIUM,,E002,,,,,cctv_frames,,,,,,,,,FR603411,,,
C4562,AUDITORIUM,,E002,,,,,cctv_frames,,,,,,,,,FR603414,,,
C4562,ADMIN_LOBBY,,E002,,,,,cctv_frames,,,,,,,,,FR603419,,,
C4562,GYM,,E002,,,,,cctv_frames,,,,,,,,,FR603421,,,
C4562,CAF_01,,E002,,,,,cctv_frames,,,,,,,,,FR603427,,,
C4562,LAB_305,,E002,,,,,cctv_frames,,,,,,,,,FR603429,,,
C4562,AUDITORIUM,,E002,,,,,cctv_frames,,,,,,,,,FR603431,,,
C4562,LIB_ENT,,E002,,,,,cctv_frames,,,,,,,,,FR603433,,,
C4562,CAF_01,,E002,,,,,cctv_frames,,,,,,,,,FR603435,,,
C4562,LIB_ENT,,E002,,,,,cctv_frames,,,,,,,,,FR603437,,,
C4562,LIB_ENT,,E002,,,,,cctv_frames,,,,,,,,,FR603438,,,
C4562,AUDITORIUM,,E002,,,,,cctv_frames,,,,,,,,,FR603440,,,
C4562,HOSTEL_GATE,,E002,,,,,cctv_frames,,,,,,,,,FR603443,,,
C4562,CAF_01,,E002,,,,,cctv_frames,,,,,,,,,FR603447,,,
C4562,AUDITORIUM,,E002,,,,,cctv_frames,,,,,,,,,FR603449,,,
C4562,LAB_101,,E002,,,,,cctv_frames,,,,,,,,,FR603450,,,
C4562,CAF_01,,E002,,,,,cctv_frames,,,,,,,,,FR603453,,,
C4562,CAF_01,,E002,,,,,cctv_frames,,,,,,,,,FR603454,,,
C4562,HOSTEL_GATE,,E002,,,,,cctv_frames,,,,,,,,,FR603456,,,
C4562,ADMIN_LOBBY,,E002,,,,,cctv_frames,,,,,,,,,FR603457,,,
C4562,AUDITORIUM,,E002,,,,,cctv_frames,,,,,,,,,FR603459,,,
C4562,LIB_ENT,,E002,,,,,cctv_frames,,,,,,,,,FR603460,,,
C4562,HOSTEL_GATE,,E002,,,,,cctv_frames,,,,,,,,,FR603461,,,
C4562,GYM,,E002,,,,,cctv_frames,,,,,,,,,FR603462,,,
C4562,HOSTEL_GATE,,E002,,,,,cctv_frames,,,,,,,,,FR603464,,,
C4562,LIB_ENT,,E002,,,,,cctv_frames,,,,,,,,,FR603466,,,
C4562,GYM,,E002,,,,,cctv_frames,,,,,,,,,FR603467,,,
C4562,AUDITORIUM,,E002,,,,,cctv_frames,,,,,,,,,FR603471,,,
C4562,AUDITORIUM,,E002,,,,,cctv_frames,,,,,,,,,FR603477,,,
C4562,LAB_101,,E002,,,,,cctv_frames,,,,,,,,,FR603478,,,
C4562,HOSTEL_GATE,,E002,,,,,cctv_frames,,,,,,,,,FR603479,,,
C4562,HOSTEL_GATE,,E002,,,,,cctv_frames,,,,,,,,,FR603483,,,
C4562,LAB_101,,E002,,,,,cctv_frames,,,,,,,,,FR603487,,,
C4562,CAF_01,,E002,,,,,cctv_frames,,,,,,,,,FR603490,,,
C4562,AUDITORIUM,,E002,,,,,cctv_frames,,,,,,,,,FR603492,,,
C4562,ADMIN_LOBBY,,E002,,,,,cctv_frames,,,,,,,,,FR603494,,,
C4562,CAF_01,,E002,,,,,cctv_frames,,,,,,,,,FR603495,,,
C4562,LIB_ENT,,E002,,,,,cctv_frames,,,,,,,,,FR603497,,,
C4562,CAF_01,,E002,,,,,cctv_frames,,,,,,,,,FR603498,,,
C4562,GYM,,E002,,,,,cctv_frames,,,,,,,,,FR603499,,,
C4562,AUDITORIUM,,E002,,,,,cctv_frames,,,,,,,,,FR603500,,,
C4562,AUDITORIUM,,E002,,,,,cctv_frames,,,,,,,,,FR603502,,,
C4562,LIB_ENT,,E002,,,,,cctv_frames,,,,,,,,,FR603504,,,
C4562,ADMIN_LOBBY,,E002,,,,,cctv_frames,,,,,,,,,FR603507,,,
C4562,LAB_101,,E002,,,,,cctv_frames,,,,,,,,,FR603509,,,
C4562,LAB_101,,E002,,,,,cctv_frames,,,,,,,,,FR603517,,,
C4562,AUDITORIUM,,E002,,,,,cctv_frames,,,,,,,,,FR603523,,,
C4562,LAB_305,,E002,,,,,cctv_frames,,,,,,,,,FR603525,,,
C4562,GYM,,E002,,,,,cctv_frames,,,,,,,,,FR603526,,,
C4562,CAF_01,,E002,,,,,cctv_frames,,,,,,,,,FR603527,,,
C4562,AUDITORIUM,,E002,,,,,cctv_frames,,,,,,,,,FR603528,,,
C4562,ADMIN_LOBBY,,E002,,,,,cctv_frames,,,,,,,,,FR603532,,,
C4562,LAB_305,,E002,,,,,cctv_frames,,,,,,,,,FR603533,,,
C4562,LIB_ENT,,E002,,,,,cctv_frames,,,,,,,,,FR603535,,,
C4562,LAB_305,,E002,,,,,cctv_frames,,,,,,,,,FR603537,,,
C4562,AUDITORIUM,,E002,,,,,cctv_frames,,,,,,,,,FR603539,,,
C4562,AUDITORIUM,,E002,,,,,cctv_frames,,,,,,,,,FR603542,,,
C4562,LAB_101,,E002,,,,,cctv_frames,,,,,,,,,FR603543,,,
C4562,ADMIN_LOBBY,,E002,,,,,cctv_frames,,,,,,,,,FR603550,,,
C4562,HOSTEL_GATE,,E002,,,,,cctv_frames,,,,,,,,,FR603552,,,
C4562,CAF_01,,E002,,,,,cctv_frames,,,,,,,,,FR603556,,,
C4562,HOSTEL_GATE,,E002,,,,,cctv_frames,,,,,,,,,FR603561,,,
C4562,LAB_305,,E002,,,,,cctv_frames,,,,,,,,,FR603563,,,
C4562,LIB_ENT,,E002,,,,,cctv_frames,,,,,,,,,FR603568,,,
C4562,CAF_01,,E002,,,,,cctv_frames,,,,,,,,,FR603572,,,
C4562,ADMIN_LOBBY,,E002,,,,,cctv_frames,,,,,,,,,FR603579,,,
C4562,LAB_305,,E002,,,,,cctv_frames,,,,,,,,,FR603584,,,
C4562,CAF_01,,E002,,,,,cctv_frames,,,,,,,,,FR603586,,,
C4562,GYM,,E002,,,,,cctv_frames,,,,,,,,,FR603587,,,
C4562,GYM,,E002,,,,,cctv_frames,,,,,,,,,FR603588,,,
C4562,LIB_ENT,,E002,,,,,cctv_frames,,,,,,,,,FR603589,,,
C4562,LIB_ENT,,E002,,,,,cctv_frames,,,,,,,,,FR603590,,,
C4562,GYM,,E002,,,,,cctv_frames,,,,,,,,,FR603591,,,
C4562,HOSTEL_GATE,,E002,,,,,cctv_frames,,,,,,,,,FR603592,,,
C4562,HOSTEL_GATE,,E002,,,,,cctv_frames,,,,,,,,,FR603593,,,
C4562,CAF_01,,E002,,,,,cctv_frames,,,,,,,,,FR603594,,,
C4562,HOSTEL_GATE,,E002,,,,,cctv_frames,,,,,,,,,FR603600,,,
C4562,LAB_101,,E002,,,,,cctv_frames,,,,,,,,,FR603601,,,
C4562,ADMIN_LOBBY,,E002,,,,,cctv_frames,,,,,,,,,FR603603,,,
C4562,AUDITORIUM,,E002,,,,,cctv_frames,,,,,,,,,FR603608,,,
C4562,LIB_ENT,,E002,,,,,cctv_frames,,,,,,,,,FR603610,,,
C4562,LAB_305,,E002,,,,,cctv_frames,,,,,,,,,FR603612,,,
C4562,HOSTEL_GATE,,E002,,,,,cctv_frames,,,,,,,,,FR603615,,,
C4562,HOSTEL_GATE,,E002,,,,,cctv_frames,,,,,,,,,FR603616,,,
C4562,GYM,,E002,,,,,cctv_frames,,,,,,,,,FR603618,,,
C4562,ADMIN_LOBBY,,E002,,,,,cctv_frames,,,,,,,,,FR603619,,,
C4562,CAF_01,,E002,,,,,cctv_frames,,,,,,,,,FR603621,,,
C4562,GYM,,E002,,,,,cctv_frames,,,,,,,,,FR603625,,,
C4562,AUDITORIUM,,E002,,,,,cctv_frames,,,,,,,,,FR603627,,,
C4562,LIB_ENT,,E002,,,,,cctv_frames,,,,,,,,,FR603630,,,
C4562,HOSTEL_GATE,,E002,,,,,cctv_frames,,,,,,,,,FR603631,,,
C4562,HOSTEL_GATE,,E002,,,,,cctv_frames,,,,,,,,,FR603633,,,
C4562,LAB_305,,E002,,,,,cctv_frames,,,,,,,,,FR603635,,,
C4562,GYM,,E002,,,,,cctv_frames,,,,,,,,,FR603640,,,
C4562,GYM,,E002,,,,,cctv_frames,,,,,,,,,FR603643,,,
C4562,GYM,,E002,,,,,cctv_frames,,,,,,,,,FR603647,,,
C4562,HOSTEL_GATE,,E002,,,,,cctv_frames,,,,,,,,,FR603648,,,
C4562,LAB_101,,E002,,,,,cctv_frames,,,,,,,,,FR603649,,,
C4562,ADMIN_LOBBY,,E002,,,,,cctv_frames,,,,,,,,,FR603651,,,
C4562,LAB_101,,E002,,,,,cctv_frames,,,,,,,,,FR603653,,,
C4562,AUDITORIUM,,E002,,,,,cctv_frames,,,,,,,,,FR603655,,,
C4562,CAF_01,,E002,,,,,cctv_frames,,,,,,,,,FR603657,,,
C4562,LIB_ENT,,E002,,,,,cctv_frames,,,,,,,,,FR603661,,,
C4562,LAB_101,,E002,,,,,cctv_frames,,,,,,,,,FR603662,,,
C4562,AUDITORIUM,,E002,,,,,cctv_frames,,,,,,,,,FR603663,,,
C4562,LAB_101,,E002,,,,,cctv_frames,,,,,,,,,FR603664,,,
C4562,LAB_305,,E002,,,,,cctv_frames,,,,,,,,,FR603666,,,
C4562,CAF_01,,E002,,,,,cctv_frames,,,,,,,,,FR603668,,,
C4562,LAB_305,,E002,,,,,cctv_frames,,,,,,,,,FR603670,,,
C4562,ADMIN_LOBBY,,E002,,,,,cctv_frames,,,,,,,,,FR603672,,,
C4562,HOSTEL_GATE,,E002,,,,,cctv_frames,,,,,,,,,FR603674,,,
C4562,HOSTEL_GATE,,E002,,,,,cctv_frames,,,,,,,,,FR603676,,,
C4562,LAB_101,,E002,,,,,cctv_frames,,,,,,,,,FR603677,,,
C4562,AUDITORIUM,,E002,,,,,cctv_frames,,,,,,,,,FR603678,,,
C4562,LIB_ENT,,E002,,,,,cctv_frames,,,,,,,,,FR603679,,,
C4562,CAF_01,,E002,,,,,cctv_frames,,,,,,,,,FR603681,,,
C4562,ADMIN_LOBBY,,E002,,,,,cctv_frames,,,,,,,,,FR603683,,,
C4562,AUDITORIUM,,E002,,,,,cctv_frames,,,,,,,,,FR603686,,,
C4562,ADMIN_LOBBY,,E002,,,,,cctv_frames,,,,,,,,,FR603690,,,
C4562,LAB_305,,E002,,,,,cctv_frames,,,,,,,,,FR603692,,,
C4562,GYM,,E002,,,,,cctv_frames,,,,,,,,,FR603695,,,
C4562,AUDITORIUM,,E002,,,,,cctv_frames,,,,,,,,,FR603697,,,
C4562,HOSTEL_GATE,,E002,,,,,cctv_frames,,,,,,,,,FR603698,,,
C4562,LAB_305,,E002,,,,,cctv_frames,,,,,,,,,FR603701,,,
C4562,LAB_101,,E002,,,,,cctv_frames,,,,,,,,,FR603711,,,
C4562,ADMIN_LOBBY,,E002,,,,,cctv_frames,,,,,,,,,FR603714,,,
C4562,ADMIN_LOBBY,,E002,,,,,cctv_frames,,,,,,,,,FR603716,,,
C4562,CAF_01,,E002,,,,,cctv_frames,,,,,,,,,FR603717,,,
C4562,AUDITORIUM,,E002,,,,,cctv_frames,,,,,,,,,FR603722,,,
C4562,LAB_305,,E002,,,,,cctv_frames,,,,,,,,,FR603724,,,
C4562,LAB_305,,E002,,,,,cctv_frames,,,,,,,,,FR603728,,,
C4562,GYM,,E002,,,,,cctv_frames,,,,,,,,,FR603732,,,
C4562,AUDITORIUM,,E002,,,,,cctv_frames,,,,,,,,,FR603733,,,
C4562,LAB_305,,E002,,,,,cctv_frames,,,,,,,,,FR603736,,,
C4562,LAB_305,,E002,,,,,cctv_frames,,,,,,,,,FR603739,,,
C4562,LAB_305,,E002,,,,,cctv_frames,,,,,,,,,FR603741,,,
C4562,GYM,,E002,,,,,cctv_frames,,,,,,,,,FR603742,,,
C4562,LIB_ENT,,E002,,,,,cctv_frames,,,,,,,,,FR603746,,,
C4562,LAB_101,,E002,,,,,cctv_frames,,,,,,,,,FR603751,,,
C4562,AUDITORIUM,,E002,,,,,cctv_frames,,,,,,,,,FR603757,,,
C4562,LIB_ENT,,E002,,,,,cctv_frames,,,,,,,,,FR603759,,,
C4562,GYM,,E002,,,,,cctv_frames,,,,,,,,,FR603768,,,
C4562,LAB_101,,E002,,,,,cctv_frames,,,,,,,,,FR603771,,,
C4562,LAB_305,,E002,,,,,cctv_frames,,,,,,,,,FR603775,,,
C4562,AUDITORIUM,,E002,,,,,cctv_frames,,,,,,,,,FR603776,,,
C4562,LAB_305,,E002,,,,,cctv_frames,,,,,,,,,FR603777,,,
C4562,LAB_305,,E002,,,,,cctv_frames,,,,,,,,,FR603778,,,
C4562,AUDITORIUM,,E002,,,,,cctv_frames,,,,,,,,,FR603782,,,
C4562,HOSTEL_GATE,,E002,,,,,cctv_frames,,,,,,,,,FR603783,,,
C4562,CAF_01,,E002,,,,,cctv_frames,,,,,,,,,FR603786,,,
C4562,HOSTEL_GATE,,E002,,,,,cctv_frames,,,,,,,,,FR603788,,,
C4562,LAB_305,,E002,,,,,cctv_frames,,,,,,,,,FR603791,,,
C4562,AUDITORIUM,,E002,,,,,cctv_frames,,,,,,,,,FR603795,,,
C4562,LAB_305,,E002,,,,,cctv_frames,,,,,,,,,FR603796,,,
C4562,HOSTEL_GATE,,E002,,,,,cctv_frames,,,,,,,,,FR603797,,,
C4562,HOSTEL_GATE,,E002,,,,,cctv_frames,,,,,,,,,FR603799,,,
C4562,LIB_ENT,,E002,,,,,cctv_frames,,,,,,,,,FR603800,,,
C4562,GYM,,E002,,,,,cctv_frames,,,,,,,,,FR603803,,,
C4562,LIB_ENT,,E002,,,,,cctv_frames,,,,,,,,,FR603804,,,
C4562,LAB_305,,E002,,,,,cctv_frames,,,,,,,,,FR603809,,,
C4562,AUDITORIUM,,E002,,,,,cctv_frames,,,,,,,,,FR603810,,,
C4562,HOSTEL_GATE,,E002,,,,,cctv_frames,,,,,,,,,FR603811,,,
C4562,LAB_305,,E002,,,,,cctv_frames,,,,,,,,,FR603813,,,
C4562,ADMIN_LOBBY,,E002,,,,,cctv_frames,,,,,,,,,FR603815,,,
C4562,HOSTEL_GATE,,E002,,,,,cctv_frames,,,,,,,,,FR603816,,,
C4562,AUDITORIUM,,E002,,,,,cctv_frames,,,,,,,,,FR603818,,,
C4562,ADMIN_LOBBY,,E002,,,,,cctv_frames,,,,,,,,,FR603819,,,
C4562,GYM,,E002,,,,,cctv_frames,,,,,,,,,FR603820,,,
C4562,CAF_01,,E002,,,,,cctv_frames,,,,,,,,,FR603823,,,
C4562,LAB_101,,E002,,,,,cctv_frames,,,,,,,,,FR603824,,,
C4562,LAB_101,,E002,,,,,cctv_frames,,,,,,,,,FR603827,,,
C4562,AUDITORIUM,,E002,,,,,cctv_frames,,,,,,,,,FR603831,,,
C4562,HOSTEL_GATE,,E002,,,,,cctv_frames,,,,,,,,,FR603840,,,
C4562,LAB_305,,E002,,,,,cctv_frames,,,,,,,,,FR603841,,,
C4562,LIB_ENT,,E002,,,,,cctv_frames,,,,,,,,,FR603843,,,
C4562,AUDITORIUM,,E002,,,,,cctv_frames,,,,,,,,,FR603844,,,
C4562,LAB_305,,E002,,,,,cctv_frames,,,,,,,,,FR603845,,,
C4562,LAB_101,,E002,,,,,cctv_frames,,,,,,,,,FR603846,,,
C4562,GYM,,E002,,,,,cctv_frames,,,,,,,,,FR603847,,,
C4562,LAB_305,,E002,,,,,cctv_frames,,,,,,,,,FR603851,,,
C4562,GYM,,E002,,,,,cctv_frames,,,,,,,,,FR603852,,,
C4562,AUDITORIUM,,E002,,,,,cctv_frames,,,,,,,,,FR603853,,,
C4562,AUDITORIUM,,E002,,,,,cctv_frames,,,,,,,,,FR603854,,,
C4562,CAF_01,,E002,,,,,cctv_frames,,,,,,,,,FR603855,,,
C4562,HOSTEL_GATE,,E002,,,,,cctv_frames,,,,,,,,,FR603857,,,
C4562,AUDITORIUM,,E002,,,,,cctv_frames,,,,,,,,,FR603861,,,
C4562,LIB_ENT,,E002,,,,,cctv_frames,,,,,,,,,FR603862,,,
C4562,AUDITORIUM,,E002,,,,,cctv_frames,,,,,,,,,FR603864,,,
C4562,LAB_305,,E002,,,,,cctv_frames,,,,,,,,,FR603865,,,
C4562,CAF_01,,E002,,,,,cctv_frames,,,,,,,,,FR603866,,,
C4562,ADMIN_LOBBY,,E002,,,,,cctv_frames,,,,,,,,,FR603869,,,
C4562,ADMIN_LOBBY,,E002,,,,,cctv_frames,,,,,,,,,FR603871,,,
C4562,LAB_305,,E002,,,,,cctv_frames,,,,,,,,,FR603872,,,
C4562,LIB_ENT,,E002,,,,,cctv_frames,,,,,,,,,FR603878,,,
C4562,LAB_305,,E002,,,,,cctv_frames,,,,,,,,,FR603879,,,
C4562,CAF_01,,E002,,,,,cctv_frames,,,,,,,,,FR603881,,,
C4562,AUDITORIUM,,E002,,,,,cctv_frames,,,,,,,,,FR603882,,,
C4562,ADMIN_LOBBY,,E002,,,,,cctv_frames,,,,,,,,,FR603883,,,
C4562,LAB_305,,E002,,,,,cctv_frames,,,,,,,,,FR603885,,,
C4562,ADMIN_LOBBY,,E002,,,,,cctv_frames,,,,,,,,,FR603887,,,
C4562,GYM,,E002,,,,,cctv_frames,,,,,,,,,FR603888,,,
C4562,HOSTEL_GATE,,E002,,,,,cctv_frames,,,,,,,,,FR603893,,,
C4562,LIB_ENT,,E002,,,,,cctv_frames,,,,,,,,,FR603896,,,
C4562,ADMIN_LOBBY,,E002,,,,,cctv_frames,,,,,,,,,FR603898,,,
C4562,LAB_101,,E002,,,,,cctv_frames,,,,,,,,,FR603900,,,
C4562,CAF_01,,E002,,,,,cctv_frames,,,,,,,,,FR603901,,,
C4562,GYM,,E002,,,,,cctv_frames,,,,,,,,,FR603903,,,
C4562,CAF_01,,E002,,,,,cctv_frames,,,,,,,,,FR603904,,,
C4562,LAB_305,,E002,,,,,cctv_frames,,,,,,,,,FR603905,,,
C4562,AUDITORIUM,,E002,,,,,cctv_frames,,,,,,,,,FR603907,,,
C4562,GYM,,E002,,,,,cctv_frames,,,,,,,,,FR603910,,,
C4562,LAB_101,,E002,,,,,cctv_frames,,,,,,,,,FR603911,,,
C4562,HOSTEL_GATE,,E002,,,,,cctv_frames,,,,,,,,,FR603912,,,
C4562,CAF_01,,E002,,,,,cctv_frames,,,,,,,,,FR603913,,,
C4562,LAB_101,,E002,,,,,cctv_frames,,,,,,,,,FR603914,,,
C4562,GYM,,E002,,,,,cctv_frames,,,,,,,,,FR603915,,,
C4562,GYM,,E002,,,,,cctv_frames,,,,,,,,,FR603917,,,
C4562,GYM,,E002,,,,,cctv_frames,,,,,,,,,FR603919,,,
C4562,LAB_101,,E002,,,,,cctv_frames,,,,,,,,,FR603926,,,
C4562,CAF_01,,E002,,,,,cctv_frames,,,,,,,,,FR603927,,,
C4562,AUDITORIUM,,E002,,,,,cctv_frames,,,,,,,,,FR603929,,,
C4562,GYM,,E002,,,,,cctv_frames,,,,,,,,,FR603930,,,
C4562,GYM,,E002,,,,,cctv_frames,,,,,,,,,FR603932,,,
C4562,LAB_101,,E002,,,,,cctv_frames,,,,,,,,,FR603938,,,
C4562,LIB_ENT,,E002,,,,,cctv_frames,,,,,,,,,FR603941,,,
C4562,GYM,,E002,,,,,cctv_frames,,,,,,,,,FR603943,,,
C4562,CAF_01,,E002,,,,,cctv_frames,,,,,,,,,FR603944,,,
C4562,GYM,,E002,,,,,cctv_frames,,,,,,,,,FR603949,,,
C4562,ADMIN_LOBBY,,E002,,,,,cctv_frames,,,,,,,,,FR603951,,,
C4562,HOSTEL_GATE,,E002,,,,,cctv_frames,,,,,,,,,FR603952,,,
C4562,GYM,,E002,,,,,cctv_frames,,,,,,,,,FR603955,,,
C4562,LIB_ENT,,E002,,,,,cctv_frames,,,,,,,,,FR603962,,,
C4562,CAF_01,,E002,,,,,cctv_frames,,,,,,,,,FR603963,,,
C4562,AUDITORIUM,,E002,,,,,cctv_frames,,,,,,,,,FR603965,,,
C4562,LAB_305,,E002,,,,,cctv_frames,,,,,,,,,FR603966,,,
C4562,GYM,,E002,,,,,cctv_frames,,,,,,,,,FR603969,,,
C4562,LIB_ENT,,E002,,,,,cctv_frames,,,,,,,,,FR603974,,,
C4562,GYM,,E002,,,,,cctv_frames,,,,,,,,,FR603976,,,
C4562,LAB_305,,E002,,,,,cctv_frames,,,,,,,,,FR603979,,,
C4562,ADMIN_LOBBY,,E002,,,,,cctv_frames,,,,,,,,,FR603980,,,
C4562,GYM,,E002,,,,,cctv_frames,,,,,,,,,FR603982,,,
C4562,AUDITORIUM,,E002,,,,,cctv_frames,,,,,,,,,FR603983,,,
C4562,LIB_ENT,,E002,,,,,cctv_frames,,,,,,,,,FR603985,,,
C4562,GYM,,E002,,,,,cctv_frames,,,,,,,,,FR603987,,,
C4562,GYM,,E002,,,,,cctv_frames,,,,,,,,,FR603990,,,
C4562,GYM,,E002,,,,,cctv_frames,,,,,,,,,FR603992,,,
C4562,GYM,,E002,,,,,cctv_frames,,,,,,,,,FR603993,,,
C4562,ADMIN_LOBBY,,E002,,,,,cctv_frames,,,,,,,,,FR603994,,,
C4562,HOSTEL_GATE,,E002,,,,,cctv_frames,,,,,,,,,FR603995,,,
C4562,HOSTEL_GATE,,E002,,,,,cctv_frames,,,,,,,,,FR603996,,,
C4562,LIB_ENT,,E002,,,,,cctv_frames,,,,,,,,,FR603999,,,
C4562,ADMIN_LOBBY,,E002,,,,,cctv_frames,,,,,,,,,FR604000,,,
C4562,GYM,,E002,,,,,cctv_frames,,,,,,,,,FR604001,,,
C4562,HOSTEL_GATE,,E002,,,,,cctv_frames,,,,,,,,,FR604002,,,
C4562,LAB_305,,E002,,,,,cctv_frames,,,,,,,,,FR604003,,,
C4562,AUDITORIUM,,E002,,,,,cctv_frames,,,,,,,,,FR604006,,,
C4562,GYM,,E002,,,,,cctv_frames,,,,,,,,,FR604013,,,
C4562,AUDITORIUM,,E002,,,,,cctv_frames,,,,,,,,,FR604014,,,
C4562,HOSTEL_GATE,,E002,,,,,cctv_frames,,,,,,,,,FR604016,,,
C4562,LAB_305,,E002,,,,,cctv_frames,,,,,,,,,FR604017,,,
C4562,LAB_101,,E002,,,,,cctv_frames,,,,,,,,,FR604019,,,
C4562,HOSTEL_GATE,,E002,,,,,cctv_frames,,,,,,,,,FR604026,,,
C4562,LIB_ENT,,E002,,,,,cctv_frames,,,,,,,,,FR604028,,,
C4562,LAB_305,,E002,,,,,cctv_frames,,,,,,,,,FR604029,,,
C4562,ADMIN_LOBBY,,E002,,,,,cctv_frames,,,,,,,,,FR604035,,,
C4562,HOSTEL_GATE,,E002,,,,,cctv_frames,,,,,,,,,FR604036,,,
C4562,HOSTEL_GATE,,E002,,,,,cctv_frames,,,,,,,,,FR604038,,,
C4562,HOSTEL_GATE,,E002,,,,,cctv_frames,,,,,,,,,FR604040,,,
C4562,LAB_305,,E002,,,,,cctv_frames,,,,,,,,,FR604041,,,
C4562,HOSTEL_GATE,,E002,,,,,cctv_frames,,,,,,,,,FR604043,,,
C4562,CAF_01,,E002,,,,,cctv_frames,,,,,,,,,FR604046,,,
C4562,LAB_305,,E002,,,,,cctv_frames,,,,,,,,,FR604048,,,
C4562,ADMIN_LOBBY,,E002,,,,,cctv_frames,,,,,,,,,FR604052,,,
C4562,GYM,,E002,,,,,cctv_frames,,,,,,,,,FR604053,,,
C4562,GYM,,E002,,,,,cctv_frames,,,,,,,,,FR604055,,,
C4562,ADMIN_LOBBY,,E002,,,,,cctv_frames,,,,,,,,,FR604062,,,
C4562,CAF_01,,E002,,,,,cctv_frames,,,,,,,,,FR604064,,,
C4562,AUDITORIUM,,E002,,,,,cctv_frames,,,,,,,,,FR604066,,,
C4562,LAB_305,,E002,,,,,cctv_frames,,,,,,,,,FR604070,,,
C4562,LIB_ENT,,E002,,,,,cctv_frames,,,,,,,,,FR604074,,,
C4562,LAB_101,,E002,,,,,cctv_frames,,,,,,,,,FR604076,,,
C4562,CAF_01,,E002,,,,,cctv_frames,,,,,,,,,FR604079,,,
C4562,CAF_01,,E002,,,,,cctv_frames,,,,,,,,,FR604080,,,
C4562,CAF_01,,E002,,,,,cctv_frames,,,,,,,,,FR604085,,,
C4562,ADMIN_LOBBY,,E002,,,,,cctv_frames,,,,,,,,,FR604087,,,
C4562,GYM,,E002,,,,,cctv_frames,,,,,,,,,FR604090,,,
C4562,ADMIN_LOBBY,,E002,,,,,cctv_frames,,,,,,,,,FR604092,,,
C4562,AUDITORIUM,,E002,,,,,cctv_frames,,,,,,,,,FR604093,,,
C4562,LAB_305,,E002,,,,,cctv_frames,,,,,,,,,FR604094,,,
C4562,GYM,,E002,,,,,cctv_frames,,,,,,,,,FR604095,,,
C4562,AUDITORIUM,,E002,,,,,cctv_frames,,,,,,,,,FR604096,,,
C4562,LAB_101,,E002,,,,,cctv_frames,,,,,,,,,FR604099,,,
C4562,LAB_305,,E002,,,,,cctv_frames,,,,,,,,,FR604101,,,
C4562,LAB_101,,E002,,,,,cctv_frames,,,,,,,,,FR604106,,,
C4562,LIB_ENT,,E002,,,,,cctv_frames,,,,,,,,,FR604108,,,
C4562,ADMIN_LOBBY,,E002,,,,,cctv_frames,,,,,,,,,FR604111,,,
C4562,HOSTEL_GATE,,E002,,,,,cctv_frames,,,,,,,,,FR604114,,,
C4562,ADMIN_LOBBY,,E002,,,,,cctv_frames,,,,,,,,,FR604116,,,
C4562,LAB_101,,E002,,,,,cctv_frames,,,,,,,,,FR604117,,,
C4562,CAF_01,,E002,,,,,cctv_frames,,,,,,,,,FR604122,,,
C4562,LAB_305,,E002,,,,,cctv_frames,,,,,,,,,FR604124,,,
C4562,HOSTEL_GATE,,E002,,,,,cctv_frames,,,,,,,,,FR604125,,,
C4562,AUDITORIUM,,E002,,,,,cctv_frames,,,,,,,,,FR604127,,,
C4562,AUDITORIUM,,E002,,,,,cctv_frames,,,,,,,,,FR604130,,,
C4562,LAB_101,,E002,,,,,cctv_frames,,,,,,,,,FR604131,,,
C4562,GYM,,E002,,,,,cctv_frames,,,,,,,,,FR604132,,,
C4562,CAF_01,,E002,,,,,cctv_frames,,,,,,,,,FR604133,,,
C4562,HOSTEL_GATE,,E002,,,,,cctv_frames,,,,,,,,,FR604135,,,
C4562,LAB_305,,E002,,,,,cctv_frames,,,,,,,,,FR604136,,,
C4562,LAB_101,,E002,,,,,cctv_frames,,,,,,,,,FR604140,,,
C4562,CAF_01,,E002,,,,,cctv_frames,,,,,,,,,FR604143,,,
C4562,LAB_305,,E002,,,,,cctv_frames,,,,,,,,,FR604147,,,
C4562,ADMIN_LOBBY,,E002,,,,,cctv_frames,,,,,,,,,FR604149,,,
C4562,GYM,,E002,,,,,cctv_frames,,,,,,,,,FR604151,,,
C4562,LAB_101,,E002,,,,,cctv_frames,,,,,,,,,FR604155,,,
C4562,AUDITORIUM,,E002,,,,,cctv_frames,,,,,,,,,FR604156,,,
C4562,CAF_01,,E002,,,,,cctv_frames,,,,,,,,,FR604159,,,
C4562,AUDITORIUM,,E002,,,,,cctv_frames,,,,,,,,,FR604162,,,
C4562,HOSTEL_GATE,,E002,,,,,cctv_frames,,,,,,,,,FR604163,,,
C4562,ADMIN_LOBBY,,E002,,,,,cctv_frames,,,,,,,,,FR604164,,,
C4562,AUDITORIUM,,E002,,,,,cctv_frames,,,,,,,,,FR604168,,,
C4562,GYM,,E002,,,,,cctv_frames,,,,,,,,,FR604171,,,
C4562,ADMIN_LOBBY,,E002,,,,,cctv_frames,,,,,,,,,FR604174,,,
C4562,GYM,,E002,,,,,cctv_frames,,,,,,,,,FR604181,,,
C4562,GYM,,E002,,,,,cctv_frames,,,,,,,,,FR604183,,,
C4562,LIB_ENT,,E002,,,,,cctv_frames,,,,,,,,,FR604185,,,
C4562,CAF_01,,E002,,,,,cctv_frames,,,,,,,,,FR604186,,,
C4562,AUDITORIUM,,E002,,,,,cctv_frames,,,,,,,,,FR604188,,,
C4562,LAB_305,,E002,,,,,cctv_frames,,,,,,,,,FR604191,,,
C4562,GYM,,E002,,,,,cctv_frames,,,,,,,,,FR604192,,,
C4562,GYM,,E002,,,,,cctv_frames,,,,,,,,,FR604195,,,
C4562,GYM,,E002,,,,,cctv_frames,,,,,,,,,FR604197,,,
C4562,HOSTEL_GATE,,E002,,,,,cctv_frames,,,,,,,,,FR604204,,,
C4562,AUDITORIUM,,E002,,,,,cctv_frames,,,,,,,,,FR604206,,,
C4562,LIB_ENT,,E002,,,,,cctv_frames,,,,,,,,,FR604208,,,
C4562,LAB_305,,E002,,,,,cctv_frames,,,,,,,,,FR604215,,,
C4562,LAB_101,,E002,,,,,cctv_frames,,,,,,,,,FR604218,,,
C4562,ADMIN_LOBBY,,E002,,,,,cctv_frames,,,,,,,,,FR604220,,,
C4562,LIB_ENT,,E002,,,,,cctv_frames,,,,,,,,,FR604223,,,
C4562,LAB_101,,E002,,,,,cctv_frames,,,,,,,,,FR604224,,,
C4562,AUDITORIUM,,E002,,,,,cctv_frames,,,,,,,,,FR604229,,,
C4562,ADMIN_LOBBY,,E002,,,,,cctv_frames,,,,,,,,,FR604230,,,
C4562,AUDITORIUM,,E002,,,,,cctv_frames,,,,,,,,,FR604234,,,
C4562,GYM,,E002,,,,,cctv_frames,,,,,,,,,FR604236,,,
C4562,ADMIN_LOBBY,,E002,,,,,cctv_frames,,,,,,,,,FR604237,,,
C4562,CAF_01,,E002,,,,,cctv_frames,,,,,,,,,FR604238,,,
C4562,ADMIN_LOBBY,,E002,,,,,cctv_frames,,,,,,,,,FR604239,,,
C4562,HOSTEL_GATE,,E002,,,,,cctv_frames,,,,,,,,,FR604240,,,
C4562,LAB_101,,E002,,,,,cctv_frames,,,,,,,,,FR604241,,,
C4562,LIB_ENT,,E002,,,,,cctv_frames,,,,,,,,,FR604244,,,
C4562,GYM,,E002,,,,,cctv_frames,,,,,,,,,FR604245,,,
C4562,GYM,,E002,,,,,cctv_frames,,,,,,,,,FR604246,,,
C4562,LAB_305,,E002,,,,,cctv_frames,,,,,,,,,FR604247,,,
C4562,LAB_101,,E002,,,,,cctv_frames,,,,,,,,,FR604248,,,
C4562,LAB_305,,E002,,,,,cctv_frames,,,,,,,,,FR604249,,,
C4562,CAF_01,,E002,,,,,cctv_frames,,,,,,,,,FR604259,,,
C4562,ADMIN_LOBBY,,E002,,,,,cctv_frames,,,,,,,,,FR604261,,,
C4562,ADMIN_LOBBY,,E002,,,,,cctv_frames,,,,,,,,,FR604263,,,
C4562,LAB_101,,E002,,,,,cctv_frames,,,,,,,,,FR604268,,,
C4562,LAB_101,,E002,,,,,cctv_frames,,,,,,,,,FR604270,,,
C4562,LAB_305,,E002,,,,,cctv_frames,,,,,,,,,FR604272,,,
C4562,GYM,,E002,,,,,cctv_frames,,,,,,,,,FR604276,,,
C4562,LAB_101,,E002,,,,,cctv_frames,,,,,,,,,FR604282,,,
C4562,LAB_101,,E002,,,,,cctv_frames,,,,,,,,,FR604283,,,
C4562,LAB_101,,E002,,,,,cctv_frames,,,,,,,,,FR604284,,,
C4562,LIB_ENT,,E002,,,,,cctv_frames,,,,,,,,,FR604285,,,
C4562,HOSTEL_GATE,,E002,,,,,cctv_frames,,,,,,,,,FR604288,,,
C4562,LIB_ENT,,E002,,,,,cctv_frames,,,,,,,,,FR604291,,,
C4562,CAF_01,,E002,,,,,cctv_frames,,,,,,,,,FR604294,,,
C4562,CAF_01,,E002,,,,,cctv_frames,,,,,,,,,FR604302,,,
C4562,ADMIN_LOBBY,,E002,,,,,cctv_frames,,,,,,,,,FR604310,,,
C4562,AUDITORIUM,,E002,,,,,cctv_frames,,,,,,,,,FR604311,,,
C4562,CAF_01,,E002,,,,,cctv_frames,,,,,,,,,FR604312,,,
C4562,LAB_305,,E002,,,,,cctv_frames,,,,,,,,,FR604313,,,
C4562,LIB_ENT,,E002,,,,,cctv_frames,,,,,,,,,FR604316,,,
C4562,HOSTEL_GATE,,E002,,,,,cctv_frames,,,,,,,,,FR604317,,,
C4562,HOSTEL_GATE,,E002,,,,,cctv_frames,,,,,,,,,FR604322,,,
C4562,HOSTEL_GATE,,E002,,,,,cctv_frames,,,,,,,,,FR604324,,,
C4562,LAB_305,,E002,,,,,cctv_frames,,,,,,,,,FR604325,,,
C4562,AUDITORIUM,,E002,,,,,cctv_frames,,,,,,,,,FR604326,,,
C4562,CAF_01,,E002,,,,,cctv_frames,,,,,,,,,FR604327,,,
C4562,CAF_01,,E002,,,,,cctv_frames,,,,,,,,,FR604330,,,
C4562,CAF_01,,E002,,,,,cctv_frames,,,,,,,,,FR604333,,,
C4562,AUDITORIUM,,E002,,,,,cctv_frames,,,,,,,,,FR604337,,,
C4562,CAF_01,,E002,,,,,cctv_frames,,,,,,,,,FR604338,,,
C4562,ADMIN_LOBBY,,E002,,,,,cctv_frames,,,,,,,,,FR604341,,,
C4562,GYM,,E002,,,,,cctv_frames,,,,,,,,,FR604346,,,
C4562,LIB_ENT,,E002,,,,,cctv_frames,,,,,,,,,FR604355,,,
C4562,LIB_ENT,,E002,,,,,cctv_frames,,,,,,,,,FR604356,,,
C4562,LAB_101,,E002,,,,,cctv_frames,,,,,,,,,FR604360,,,
C4562,LAB_101,,E002,,,,,cctv_frames,,,,,,,,,FR604361,,,
C4562,CAF_01,,E002,,,,,cctv_frames,,,,,,,,,FR604369,,,
C4562,ADMIN_LOBBY,,E002,,,,,cctv_frames,,,,,,,,,FR604373,,,
C4562,GYM,,E002,,,,,cctv_frames,,,,,,,,,FR604375,,,
C4562,GYM,,E002,,,,,cctv_frames,,,,,,,,,FR604379,,,
C4562,ADMIN_LOBBY,,E002,,,,,cctv_frames,,,,,,,,,FR604381,,,
C4562,GYM,,E002,,,,,cctv_frames,,,,,,,,,FR604382,,,
C4562,ADMIN_LOBBY,,E002,,,,,cctv_frames,,,,,,,,,FR604383,,,
C4562,GYM,,E002,,,,,cctv_frames,,,,,,,,,FR604387,,,
C4562,LIB_ENT,,E002,,,,,cctv_frames,,,,,,,,,FR604389,,,
C4562,LIB_ENT,,E002,,,,,cctv_frames,,,,,,,,,FR604391,,,
C4562,ADMIN_LOBBY,,E002,,,,,cctv_frames,,,,,,,,,FR604395,,,
C4562,CAF_01,,E002,,,,,cctv_frames,,,,,,,,,FR604396,,,
C4562,LAB_101,,E002,,,,,cctv_frames,,,,,,,,,FR604398,,,
C4562,ADMIN_LOBBY,,E002,,,,,cctv_frames,,,,,,,,,FR604399,,,
C4562,LIB_ENT,,E002,,,,,cctv_frames,,,,,,,,,FR604401,,,
C4562,LAB_101,,E002,,,,,cctv_frames,,,,,,,,,FR604404,,,
C4562,LAB_305,,E002,,,,,cctv_frames,,,,,,,,,FR604405,,,
C4562,HOSTEL_GATE,,E002,,,,,cctv_frames,,,,,,,,,FR604407,,,
C4562,LAB_305,,E002,,,,,cctv_frames,,,,,,,,,FR604408,,,
C4562,LIB_ENT,,E002,,,,,cctv_frames,,,,,,,,,FR604409,,,
C4562,ADMIN_LOBBY,,E002,,,,,cctv_frames,,,,,,,,,FR604412,,,
C4562,LIB_ENT,,E002,,,,,cctv_frames,,,,,,,,,FR604413,,,
C4562,LIB_ENT,,E002,,,,,cctv_frames,,,,,,,,,FR604415,,,
C4562,LAB_101,,E002,,,,,cctv_frames,,,,,,,,,FR604419,,,
C4562,AUDITORIUM,,E002,,,,,cctv_frames,,,,,,,,,FR604424,,,
C4562,HOSTEL_GATE,,E002,,,,,cctv_frames,,,,,,,,,FR604425,,,
C4562,GYM,,E002,,,,,cctv_frames,,,,,,,,,FR604426,,,
C4562,CAF_01,,E002,,,,,cctv_frames,,,,,,,,,FR604427,,,
C4562,GYM,,E002,,,,,cctv_frames,,,,,,,,,FR604428,,,
C4562,ADMIN_LOBBY,,E002,,,,,cctv_frames,,,,,,,,,FR604430,,,
C4562,LAB_305,,E002,,,,,cctv_frames,,,,,,,,,FR604431,,,
C4562,HOSTEL_GATE,,E002,,,,,cctv_frames,,,,,,,,,FR604435,,,
C4562,AUDITORIUM,,E002,,,,,cctv_frames,,,,,,,,,FR604438,,,
C4562,HOSTEL_GATE,,E002,,,,,cctv_frames,,,,,,,,,FR604440,,,
C4562,HOSTEL_GATE,,E002,,,,,cctv_frames,,,,,,,,,FR604442,,,
C4562,ADMIN_LOBBY,,E002,,,,,cctv_frames,,,,,,,,,FR604444,,,
C4562,HOSTEL_GATE,,E002,,,,,cctv_frames,,,,,,,,,FR604445,,,
C4562,CAF_01,,E002,,,,,cctv_frames,,,,,,,,,FR604448,,,
C4562,GYM,,E002,,,,,cctv_frames,,,,,,,,,FR604449,,,
C4562,HOSTEL_GATE,,E002,,,,,cctv_frames,,,,,,,,,FR604451,,,
C4562,LIB_ENT,,E002,,,,,cctv_frames,,,,,,,,,FR604455,,,
C4562,CAF_01,,E002,,,,,cctv_frames,,,,,,,,,FR604463,,,
C4562,AUDITORIUM,,E002,,,,,cctv_frames,,,,,,,,,FR604464,,,
C4562,LAB_305,,E002,,,,,cctv_frames,,,,,,,,,FR604469,,,
C4562,AUDITORIUM,,E002,,,,,cctv_frames,,,,,,,,,FR604470,,,
C4562,LAB_305,,E002,,,,,cctv_frames,,,,,,,,,FR604471,,,
C4562,ADMIN_LOBBY,,E002,,,,,cctv_frames,,,,,,,,,FR604473,,,
C4562,LAB_101,,E002,,,,,cctv_frames,,,,,,,,,FR604475,,,
C4562,GYM,,E002,,,,,cctv_frames,,,,,,,,,FR604477,,,
C4562,HOSTEL_GATE,,E002,,,,,cctv_frames,,,,,,,,,FR604478,,,
C4562,CAF_01,,E002,,,,,cctv_frames,,,,,,,,,FR604480,,,
C4562,GYM,,E002,,,,,cctv_frames,,,,,,,,,FR604481,,,
C4562,HOSTEL_GATE,,E002,,,,,cctv_frames,,,,,,,,,FR604483,,,
C4562,GYM,,E002,,,,,cctv_frames,,,,,,,,,FR604485,,,
C4562,AUDITORIUM,,E002,,,,,cctv_frames,,,,,,,,,FR604486,,,
C4562,CAF_01,,E002,,,,,cctv_frames,,,,,,,,,FR604488,,,
C4562,GYM,,E002,,,,,cctv_frames,,,,,,,,,FR604489,,,
C4562,LAB_305,,E002,,,,,cctv_frames,,,,,,,,,FR604490,,,
C4562,LIB_ENT,,E002,,,,,cctv_frames,,,,,,,,,FR604491,,,
C4562,GYM,,E002,,,,,cctv_frames,,,,,,,,,FR604500,,,
C4562,AUDITORIUM,,E002,,,,,cctv_frames,,,,,,,,,FR604502,,,
C4562,LAB_101,,E002,,,,,cctv_frames,,,,,,,,,FR604503,,,
C4562,GYM,,E002,,,,,cctv_frames,,,,,,,,,FR604505,,,
C4562,CAF_01,,E002,,,,,cctv_frames,,,,,,,,,FR604506,,,
C4562,LAB_101,,E002,,,,,cctv_frames,,,,,,,,,FR604508,,,
C4562,CAF_01,,E002,,,,,cctv_frames,,,,,,,,,FR604513,,,
C4562,LAB_305,,E002,,,,,cctv_frames,,,,,,,,,FR604514,,,
C4562,LAB_101,,E002,,,,,cctv_frames,,,,,,,,,FR604519,,,
C4562,ADMIN_LOBBY,,E002,,,,,cctv_frames,,,,,,,,,FR604523,,,
C4562,ADMIN_LOBBY,,E002,,,,,cctv_frames,,,,,,,,,FR604524,,,
C4562,ADMIN_LOBBY,,E002,,,,,cctv_frames,,,,,,,,,FR604526,,,
C4562,LIB_ENT,,E002,,,,,cctv_frames,,,,,,,,,FR604531,,,
C4562,AUDITORIUM,,E002,,,,,cctv_frames,,,,,,,,,FR604534,,,
C4562,HOSTEL_GATE,,E002,,,,,cctv_frames,,,,,,,,,FR604535,,,
C4562,GYM,,E002,,,,,cctv_frames,,,,,,,,,FR604536,,,
C4562,CAF_01,,E002,,,,,cctv_frames,,,,,,,,,FR604539,,,
C4562,ADMIN_LOBBY,,E002,,,,,cctv_frames,,,,,,,,,FR604541,,,
C4562,ADMIN_LOBBY,,E002,,,,,cctv_frames,,,,,,,,,FR604547,,,
C4562,ADMIN_LOBBY,,E002,,,,,cctv_frames,,,,,,,,,FR604550,,,
C4562,HOSTEL_GATE,,E002,,,,,cctv_frames,,,,,,,,,FR604551,,,
C4562,LAB_101,,E002,,,,,cctv_frames,,,,,,,,,FR604552,,,
C4562,AUDITORIUM,,E002,,,,,cctv_frames,,,,,,,,,FR604561,,,
C4562,ADMIN_LOBBY,,E002,,,,,cctv_frames,,,,,,,,,FR604564,,,
C4562,LIB_ENT,,E002,,,,,cctv_frames,,,,,,,,,FR604567,,,
C4562,LIB_ENT,,E002,,,,,cctv_frames,,,,,,,,,FR604569,,,
C4562,GYM,,E002,,,,,cctv_frames,,,,,,,,,FR604571,,,
C4562,GYM,,E002,,,,,cctv_frames,,,,,,,,,FR604573,,,
C4562,LAB_305,,E002,,,,,cctv_frames,,,,,,,,,FR604577,,,
C4562,LIB_ENT,,E002,,,,,cctv_frames,,,,,,,,,FR604581,,,
C4562,LIB_ENT,,E002,,,,,cctv_frames,,,,,,,,,FR604584,,,
C4562,LAB_305,,E002,,,,,cctv_frames,,,,,,,,,FR604585,,,
C4562,GYM,,E002,,,,,cctv_frames,,,,,,,,,FR604586,,,
C4562,CAF_01,,E002,,,,,cctv_frames,,,,,,,,,FR604588,,,
C4562,LAB_305,,E002,,,,,cctv_frames,,,,,,,,,FR604589,,,
C4562,HOSTEL_GATE,,E002,,,,,cctv_frames,,,,,,,,,FR604591,,,
C4562,CAF_01,,E002,,,,,cctv_frames,,,,,,,,,FR604592,,,
C4562,HOSTEL_GATE,,E002,,,,,cctv_frames,,,,,,,,,FR604593,,,
C4562,HOSTEL_GATE,,E002,,,,,cctv_frames,,,,,,,,,FR604595,,,
C4562,LAB_101,,E002,,,,,cctv_frames,,,,,,,,,FR604597,,,
C4562,CAF_01,,E002,,,,,cctv_frames,,,,,,,,,FR604599,,,
C4562,CAF_01,,E002,,,,,cctv_frames,,,,,,,,,FR604600,,,
C4562,HOSTEL_GATE,,E002,,,,,cctv_frames,,,,,,,,,FR604604,,,
C4562,LIB_ENT,,E002,,,,,cctv_frames,,,,,,,,,FR604608,,,
C4562,ADMIN_LOBBY,,E002,,,,,cctv_frames,,,,,,,,,FR604609,,,
C4562,AUDITORIUM,,E002,,,,,cctv_frames,,,,,,,,,FR604611,,,
C4562,AUDITORIUM,,E002,,,,,cctv_frames,,,,,,,,,FR604612,,,
C4562,AUDITORIUM,,E002,,,,,cctv_frames,,,,,,,,,FR604613,,,
C4562,LAB_101,,E002,,,,,cctv_frames,,,,,,,,,FR604615,,,
C4562,HOSTEL_GATE,,E002,,,,,cctv_frames,,,,,,,,,FR604616,,,
C4562,LAB_101,,E002,,,,,cctv_frames,,,,,,,,,FR604619,,,
C4562,GYM,,E002,,,,,cctv_frames,,,,,,,,,FR604622,,,
C4562,LAB_101,,E002,,,,,cctv_frames,,,,,,,,,FR604623,,,
C4562,LAB_305,,E002,,,,,cctv_frames,,,,,,,,,FR604624,,,
C4562,LIB_ENT,,E002,,,,,cctv_frames,,,,,,,,,FR604625,,,
C4562,AUDITORIUM,,E002,,,,,cctv_frames,,,,,,,,,FR604626,,,
C4562,CAF_01,,E002,,,,,cctv_frames,,,,,,,,,FR604629,,,
C4562,ADMIN_LOBBY,,E002,,,,,cctv_frames,,,,,,,,,FR604630,,,
C4562,LAB_101,,E002,,,,,cctv_frames,,,,,,,,,FR604631,,,
C4562,LIB_ENT,,E002,,,,,cctv_frames,,,,,,,,,FR604632,,,
C4562,ADMIN_LOBBY,,E002,,,,,cctv_frames,,,,,,,,,FR604634,,,
C4562,CAF_01,,E002,,,,,cctv_frames,,,,,,,,,FR604635,,,
C4562,AUDITORIUM,,E002,,,,,cctv_frames,,,,,,,,,FR604636,,,
C4562,AUDITORIUM,,E002,,,,,cctv_frames,,,,,,,,,FR604637,,,
C4562,LAB_101,,E002,,,,,cctv_frames,,,,,,,,,FR604639,,,
C4562,CAF_01,,E002,,,,,cctv_frames,,,,,,,,,FR604641,,,
C4562,ADMIN_LOBBY,,E002,,,,,cctv_frames,,,,,,,,,FR604642,,,
C4562,LIB_ENT,,E002,,,,,cctv_frames,,,,,,,,,FR604646,,,
C4562,HOSTEL_GATE,,E002,,,,,cctv_frames,,,,,,,,,FR604647,,,
C4562,ADMIN_LOBBY,,E002,,,,,cctv_frames,,,,,,,,,FR604652,,,
C4562,LAB_101,,E002,,,,,cctv_frames,,,,,,,,,FR604653,,,
C4562,ADMIN_LOBBY,,E002,,,,,cctv_frames,,,,,,,,,FR604655,,,
C4562,GYM,,E002,,,,,cctv_frames,,,,,,,,,FR604657,,,
C4562,LAB_101,,E002,,,,,cctv_frames,,,,,,,,,FR604659,,,
C4562,LIB_ENT,,E002,,,,,cctv_frames,,,,,,,,,FR604663,,,
C4562,LAB_101,,E002,,,,,cctv_frames,,,,,,,,,FR604664,,,
C4562,LAB_101,,E002,,,,,cctv_frames,,,,,,,,,FR604669,,,
C4562,LAB_305,,E002,,,,,cctv_frames,,,,,,,,,FR604670,,,
C4562,LIB_ENT,,E002,,,,,cctv_frames,,,,,,,,,FR604672,,,
C4562,LAB_305,,E002,,,,,cctv_frames,,,,,,,,,FR604674,,,
C4562,GYM,,E002,,,,,cctv_frames,,,,,,,,,FR604676,,,
C4562,LAB_305,,E002,,,,,cctv_frames,,,,,,,,,FR604679,,,
C4562,LAB_305,,E002,,,,,cctv_frames,,,,,,,,,FR604683,,,
C4562,LIB_ENT,,E002,,,,,cctv_frames,,,,,,,,,FR604685,,,
C4562,CAF_01,,E002,,,,,cctv_frames,,,,,,,,,FR604687,,,
C4562,HOSTEL_GATE,,E002,,,,,cctv_frames,,,,,,,,,FR604692,,,
C4562,ADMIN_LOBBY,,E002,,,,,cctv_frames,,,,,,,,,FR604693,,,
C4562,HOSTEL_GATE,,E002,,,,,cctv_frames,,,,,,,,,FR604694,,,
C4562,AUDITORIUM,,E002,,,,,cctv_frames,,,,,,,,,FR604695,,,
C4562,ADMIN_LOBBY,,E002,,,,,cctv_frames,,,,,,,,,FR604697,,,
C4562,LAB_305,,E002,,,,,cctv_frames,,,,,,,,,FR604698,,,
C4562,LAB_101,,E002,,,,,cctv_frames,,,,,,,,,FR604700,,,
C4562,LAB_305,,E002,,,,,cctv_frames,,,,,,,,,FR604704,,,
C4562,GYM,,E002,,,,,cctv_frames,,,,,,,,,FR604710,,,
C4562,CAF_01,,E002,,,,,cctv_frames,,,,,,,,,FR604712,,,
C4562,GYM,,E002,,,,,cctv_frames,,,,,,,,,FR604715,,,
C4562,GYM,,E002,,,,,cctv_frames,,,,,,,,,FR604718,,,
C4562,GYM,,E002,,,,,cctv_frames,,,,,,,,,FR604719,,,
C4562,LAB_305,,E002,,,,,cctv_frames,,,,,,,,,FR604720,,,
C4562,AUDITORIUM,,E002,,,,,cctv_frames,,,,,,,,,FR604724,,,
C4562,LIB_ENT,,E002,,,,,cctv_frames,,,,,,,,,FR604726,,,
C4562,CAF_01,,E002,,,,,cctv_frames,,,,,,,,,FR604730,,,
C4562,AUDITORIUM,,E002,,,,,cctv_frames,,,,,,,,,FR604731,,,
C4562,HOSTEL_GATE,,E002,,,,,cctv_frames,,,,,,,,,FR604734,,,
C4562,ADMIN_LOBBY,,E002,,,,,cctv_frames,,,,,,,,,FR604736,,,
C4562,LAB_305,,E002,,,,,cctv_frames,,,,,,,,,FR604737,,,
C4562,CAF_01,,E002,,,,,cctv_frames,,,,,,,,,FR604739,,,
C4562,LAB_101,,E002,,,,,cctv_frames,,,,,,,,,FR604742,,,
C4562,HOSTEL_GATE,,E002,,,,,cctv_frames,,,,,,,,,FR604747,,,
C4562,AUDITORIUM,,E002,,,,,cctv_frames,,,,,,,,,FR604750,,,
C4562,AUDITORIUM,,E002,,,,,cctv_frames,,,,,,,,,FR604752,,,
C4562,HOSTEL_GATE,,E002,,,,,cctv_frames,,,,,,,,,FR604756,,,
C4562,AUDITORIUM,,E002,,,,,cctv_frames,,,,,,,,,FR604761,,,
C4562,LAB_101,,E002,,,,,cctv_frames,,,,,,,,,FR604763,,,
C4562,GYM,,E002,,,,,cctv_frames,,,,,,,,,FR604765,,,
C4562,AUDITORIUM,,E002,,,,,cctv_frames,,,,,,,,,FR604767,,,
C4562,LAB_101,,E002,,,,,cctv_frames,,,,,,,,,FR604769,,,
C4562,HOSTEL_GATE,,E002,,,,,cctv_frames,,,,,,,,,FR604771,,,
C4562,LIB_ENT,,E002,,,,,cctv_frames,,,,,,,,,FR604772,,,
C4562,AUDITORIUM,,E002,,,,,cctv_frames,,,,,,,,,FR604774,,,
C4562,HOSTEL_GATE,,E002,,,,,cctv_frames,,,,,,,,,FR604775,,,
C4562,HOSTEL_GATE,,E002,,,,,cctv_frames,,,,,,,,,FR604778,,,
C4562,GYM,,E002,,,,,cctv_frames,,,,,,,,,FR604787,,,
C4562,LIB_ENT,,E002,,,,,cctv_frames,,,,,,,,,FR604788,,,
C4562,GYM,,E002,,,,,cctv_frames,,,,,,,,,FR604789,,,
C4562,CAF_01,,E002,,,,,cctv_frames,,,,,,,,,FR604792,,,
C4562,GYM,,E002,,,,,cctv_frames,,,,,,,,,FR604793,,,
C4562,LAB_101,,E002,,,,,cctv_frames,,,,,,,,,FR604797,,,
C4562,AUDITORIUM,,E002,,,,,cctv_frames,,,,,,,,,FR604800,,,
C4562,LAB_101,,E002,,,,,cctv_frames,,,,,,,,,FR604801,,,
C4562,HOSTEL_GATE,,E002,,,,,cctv_frames,,,,,,,,,FR604802,,,
C4562,LAB_101,,E002,,,,,cctv_frames,,,,,,,,,FR604804,,,
C4562,AUDITORIUM,,E002,,,,,cctv_frames,,,,,,,,,FR604805,,,
C4562,LAB_305,,E002,,,,,cctv_frames,,,,,,,,,FR604808,,,
C4562,LAB_305,,E002,,,,,cctv_frames,,,,,,,,,FR604811,,,
C4562,ADMIN_LOBBY,,E002,,,,,cctv_frames,,,,,,,,,FR604815,,,
C4562,CAF_01,,E002,,,,,cctv_frames,,,,,,,,,FR604816,,,
C4562,GYM,,E002,,,,,cctv_frames,,,,,,,,,FR604819,,,
C4562,LAB_305,,E002,,,,,cctv_frames,,,,,,,,,FR604821,,,
C4562,CAF_01,,E002,,,,,cctv_frames,,,,,,,,,FR604825,,,
C4562,LAB_305,,E002,,,,,cctv_frames,,,,,,,,,FR604827,,,
C4562,CAF_01,,E002,,,,,cctv_frames,,,,,,,,,FR604829,,,
C4562,LIB_ENT,,E002,,,,,cctv_frames,,,,,,,,,FR604833,,,
C4562,HOSTEL_GATE,,E002,,,,,cctv_frames,,,,,,,,,FR604842,,,
C4562,ADMIN_LOBBY,,E002,,,,,cctv_frames,,,,,,,,,FR604844,,,
C4562,GYM,,E002,,,,,cctv_frames,,,,,,,,,FR604847,,,
C4562,LAB_101,,E002,,,,,cctv_frames,,,,,,,,,FR604850,,,
C4562,LIB_ENT,,E002,,,,,cctv_frames,,,,,,,,,FR604851,,,
C4562,HOSTEL_GATE,,E002,,,,,cctv_frames,,,,,,,,,FR604852,,,
C4562,LAB_101,,E002,,,,,cctv_frames,,,,,,,,,FR604855,,,
C4562,CAF_01,,E002,,,,,cctv_frames,,,,,,,,,FR604857,,,
C4562,LAB_101,,E002,,,,,cctv_frames,,,,,,,,,FR604860,,,
C4562,LAB_101,,E002,,,,,cctv_frames,,,,,,,,,FR604861,,,
C4562,HOSTEL_GATE,,E002,,,,,cctv_frames,,,,,,,,,FR604867,,,
C4562,ADMIN_LOBBY,,E002,,,,,cctv_frames,,,,,,,,,FR604868,,,
C4562,GYM,,E002,,,,,cctv_frames,,,,,,,,,FR604869,,,
C4562,HOSTEL_GATE,,E002,,,,,cctv_frames,,,,,,,,,FR604870,,,
C4562,AUDITORIUM,,E002,,,,,cctv_frames,,,,,,,,,FR604873,,,
C4562,LIB_ENT,,E002,,,,,cctv_frames,,,,,,,,,FR604875,,,
C4562,ADMIN_LOBBY,,E002,,,,,cctv_frames,,,,,,,,,FR604876,,,
C4562,CAF_01,,E002,,,,,cctv_frames,,,,,,,,,FR604877,,,
C4562,LAB_101,,E002,,,,,cctv_frames,,,,,,,,,FR604879,,,
C4562,LAB_305,,E002,,,,,cctv_frames,,,,,,,,,FR604880,,,
C4562,CAF_01,,E002,,,,,cctv_frames,,,,,,,,,FR604882,,,
C4562,GYM,,E002,,,,,cctv_frames,,,,,,,,,FR604885,,,
C4562,ADMIN_LOBBY,,E002,,,,,cctv_frames,,,,,,,,,FR604889,,,
C4562,LAB_101,,E002,,,,,cctv_frames,,,,,,,,,FR604891,,,
C4562,AUDITORIUM,,E002,,,,,cctv_frames,,,,,,,,,FR604895,,,
C4562,ADMIN_LOBBY,,E002,,,,,cctv_frames,,,,,,,,,FR604896,,,
C4562,LAB_305,,E002,,,,,cctv_frames,,,,,,,,,FR604897,,,
C4562,LAB_101,,E002,,,,,cctv_frames,,,,,,,,,FR604898,,,
C4562,LIB_ENT,,E002,,,,,cctv_frames,,,,,,,,,FR604900,,,
C4562,LAB_305,,E002,,,,,cctv_frames,,,,,,,,,FR604904,,,
C4562,ADMIN_LOBBY,,E002,,,,,cctv_frames,,,,,,,,,FR604906,,,
C4562,AUDITORIUM,,E002,,,,,cctv_frames,,,,,,,,,FR604908,,,
C4562,GYM,,E002,,,,,cctv_frames,,,,,,,,,FR604909,,,
C4562,LAB_101,,E002,,,,,cctv_frames,,,,,,,,,FR604910,,,
C4562,CAF_01,,E002,,,,,cctv_frames,,,,,,,,,FR604911,,,
C4562,CAF_01,,E002,,,,,cctv_frames,,,,,,,,,FR604913,,,
C4562,AUDITORIUM,,E002,,,,,cctv_frames,,,,,,,,,FR604915,,,
C4562,AUDITORIUM,,E002,,,,,cctv_frames,,,,,,,,,FR604916,,,
C4562,LAB_305,,E002,,,,,cctv_frames,,,,,,,,,FR604923,,,
C4562,AUDITORIUM,,E002,,,,,cctv_frames,,,,,,,,,FR604924,,,
C4562,CAF_01,,E002,,,,,cctv_frames,,,,,,,,,FR604935,,,
C4562,GYM,,E002,,,,,cctv_frames,,,,,,,,,FR604937,,,
C4562,LIB_ENT,,E002,,,,,cctv_frames,,,,,,,,,FR604938,,,
C4562,AUDITORIUM,,E002,,,,,cctv_frames,,,,,,,,,FR604939,,,
C4562,AUDITORIUM,,E002,,,,,cctv_frames,,,,,,,,,FR604943,,,
C4562,HOSTEL_GATE,,E002,,,,,cctv_frames,,,,,,,,,FR604950,,,
C4562,LIB_ENT,,E002,,,,,cctv_frames,,,,,,,,,FR604952,,,
C4562,AUDITORIUM,,E002,,,,,cctv_frames,,,,,,,,,FR604953,,,
C4562,HOSTEL_GATE,,E002,,,,,cctv_frames,,,,,,,,,FR604954,,,
C4562,LAB_305,,E002,,,,,cctv_frames,,,,,,,,,FR604956,,,
C4562,AUDITORIUM,,E002,,,,,cctv_frames,,,,,,,,,FR604957,,,
C4562,LIB_ENT,,E002,,,,,cctv_frames,,,,,,,,,FR604959,,,
C4562,LAB_305,,E002,,,,,cctv_frames,,,,,,,,,FR604961,,,
C4562,CAF_01,,E002,,,,,cctv_frames,,,,,,,,,FR604962,,,
C4562,LAB_101,,E002,,,,,cctv_frames,,,,,,,,,FR604963,,,
C4562,ADMIN_LOBBY,,E002,,,,,cctv_frames,,,,,,,,,FR604967,,,
C4562,HOSTEL_GATE,,E002,,,,,cctv_frames,,,,,,,,,FR604970,,,
C4562,LAB_101,,E002,,,,,cctv_frames,,,,,,,,,FR604972,,,
C4562,GYM,,E002,,,,,cctv_frames,,,,,,,,,FR604973,,,
C4562,AUDITORIUM,,E002,,,,,cctv_frames,,,,,,,,,FR604975,,,
C4562,AUDITORIUM,,E002,,,,,cctv_frames,,,,,,,,,FR604980,,,
C4562,AUDITORIUM,,E002,,,,,cctv_frames,,,,,,,,,FR604981,,,
C4562,GYM,,E002,,,,,cctv_frames,,,,,,,,,FR604982,,,
C4562,AUDITORIUM,,E002,,,,,cctv_frames,,,,,,,,,FR604983,,,
C4562,GYM,,E002,,,,,cctv_frames,,,,,,,,,FR604991,,,
C4562,AUDITORIUM,,E002,,,,,cctv_frames,,,,,,,,,FR604993,,,
C4562,ADMIN_LOBBY,,E002,,,,,cctv_frames,,,,,,,,,FR604995,,,
C4562,CAF_01,,E002,,,,,cctv_frames,,,,,,,,,FR604998,,,
C4562,GYM,,E002,,,,,cctv_frames,,,,,,,,,FR605008,,,
C4562,LAB_305,,E002,,,,,cctv_frames,,,,,,,,,FR605009,,,
C4562,LAB_101,,E002,,,,,cctv_frames,,,,,,,,,FR605014,,,
C4562,LAB_305,,E002,,,,,cctv_frames,,,,,,,,,FR605016,,,
C4562,LIB_ENT,,E002,,,,,cctv_frames,,,,,,,,,FR605018,,,
C4562,ADMIN_LOBBY,,E002,,,,,cctv_frames,,,,,,,,,FR605020,,,
C4562,ADMIN_LOBBY,,E002,,,,,cctv_frames,,,,,,,,,FR605022,,,
C4562,HOSTEL_GATE,,E002,,,,,cctv_frames,,,,,,,,,FR605024,,,
C4562,LAB_305,,E002,,,,,cctv_frames,,,,,,,,,FR605027,,,
C4562,LIB_ENT,,E002,,,,,cctv_frames,,,,,,,,,FR605028,,,
C4562,CAF_01,,E002,,,,,cctv_frames,,,,,,,,,FR605031,,,
C4562,LAB_305,,E002,,,,,cctv_frames,,,,,,,,,FR605032,,,
C4562,GYM,,E002,,,,,cctv_frames,,,,,,,,,FR605033,,,
C4562,HOSTEL_GATE,,E002,,,,,cctv_frames,,,,,,,,,FR605035,,,
C4562,CAF_01,,E002,,,,,cctv_frames,,,,,,,,,FR605037,,,
C4562,ADMIN_LOBBY,,E002,,,,,cctv_frames,,,,,,,,,FR605038,,,
C4562,ADMIN_LOBBY,,E002,,,,,cctv_frames,,,,,,,,,FR605040,,,
C4562,GYM,,E002,,,,,cctv_frames,,,,,,,,,FR605042,,,
C4562,LAB_305,,E002,,,,,cctv_frames,,,,,,,,,FR605044,,,
C4562,HOSTEL_GATE,,E002,,,,,cctv_frames,,,,,,,,,FR605045,,,
C4562,ADMIN_LOBBY,,E002,,,,,cctv_frames,,,,,,,,,FR605047,,,
C4562,GYM,,E002,,,,,cctv_frames,,,,,,,,,FR605050,,,
C4562,AUDITORIUM,,E002,,,,,cctv_frames,,,,,,,,,FR605051,,,
C4562,LAB_101,,E002,,,,,cctv_frames,,,,,,,,,FR605053,,,
C4562,LIB_ENT,,E002,,,,,cctv_frames,,,,,,,,,FR605055,,,
C4562,HOSTEL_GATE,,E002,,,,,cctv_frames,,,,,,,,,FR605060,,,
C4562,LAB_101,,E002,,,,,cctv_frames,,,,,,,,,FR605061,,,
C4562,AUDITORIUM,,E002,,,,,cctv_frames,,,,,,,,,FR605064,,,
C4562,LAB_305,,E002,,,,,cctv_frames,,,,,,,,,FR605067,,,
C4562,LAB_305,,E002,,,,,cctv_frames,,,,,,,,,FR605073,,,
C4562,HOSTEL_GATE,,E002,,,,,cctv_frames,,,,,,,,,FR605075,,,
C4562,LAB_101,,E002,,,,,cctv_frames,,,,,,,,,FR605076,,,
C4562,LAB_305,,E002,,,,,cctv_frames,,,,,,,,,FR605077,,,
C4562,CAF_01,,E002,,,,,cctv_frames,,,,,,,,,FR605080,,,
C4562,CAF_01,,E002,,,,,cctv_frames,,,,,,,,,FR605081,,,
C4562,CAF_01,,E002,,,,,cctv_frames,,,,,,,,,FR605082,,,
C4562,AUDITORIUM,,E002,,,,,cctv_frames,,,,,,,,,FR605086,,,
C4562,LAB_101,,E002,,,,,cctv_frames,,,,,,,,,FR605089,,,
C4562,AUDITORIUM,,E002,,,,,cctv_frames,,,,,,,,,FR605090,,,
C4562,GYM,,E002,,,,,cctv_frames,,,,,,,,,FR605091,,,
C4562,AUDITORIUM,,E002,,,,,cctv_frames,,,,,,,,,FR605092,,,
C4562,LAB_305,,E002,,,,,cctv_frames,,,,,,,,,FR605096,,,
C4562,LIB_ENT,,E002,,,,,cctv_frames,,,,,,,,,FR605097,,,
C4562,GYM,,E002,,,,,cctv_frames,,,,,,,,,FR605098,,,
C4562,LAB_305,,E002,,,,,cctv_frames,,,,,,,,,FR605100,,,
C4562,HOSTEL_GATE,,E002,,,,,cctv_frames,,,,,,,,,FR605103,,,
C4562,HOSTEL_GATE,,E002,,,,,cctv_frames,,,,,,,,,FR605105,,,
C4562,LAB_305,,E002,,,,,cctv_frames,,,,,,,,,FR605108,,,
C4562,ADMIN_LOBBY,,E002,,,,,cctv_frames,,,,,,,,,FR605109,,,
C4562,ADMIN_LOBBY,,E002,,,,,cctv_frames,,,,,,,,,FR605110,,,
C4562,ADMIN_LOBBY,,E002,,,,,cctv_frames,,,,,,,,,FR605112,,,
C4562,LAB_305,,E002,,,,,cctv_frames,,,,,,,,,FR605113,,,
C4562,GYM,,E002,,,,,cctv_frames,,,,,,,,,FR605114,,,
C4562,HOSTEL_GATE,,E002,,,,,cctv_frames,,,,,,,,,FR605118,,,
C4562,CAF_01,,E002,,,,,cctv_frames,,,,,,,,,FR605124,,,
C4562,LAB_101,,E002,,,,,cctv_frames,,,,,,,,,FR605125,,,
C4562,LAB_101,,E002,,,,,cctv_frames,,,,,,,,,FR605127,,,
C4562,HOSTEL_GATE,,E002,,,,,cctv_frames,,,,,,,,,FR605131,,,
C4562,LAB_101,,E002,,,,,cctv_frames,,,,,,,,,FR605132,,,
C4562,CAF_01,,E002,,,,,cctv_frames,,,,,,,,,FR605133,,,
C4562,LAB_101,,E002,,,,,cctv_frames,,,,,,,,,FR605137,,,
C4562,GYM,,E002,,,,,cctv_frames,,,,,,,,,FR605141,,,
C4562,GYM,,E002,,,,,cctv_frames,,,,,,,,,FR605142,,,
C4562,LIB_ENT,,E002,,,,,cctv_frames,,,,,,,,,FR605143,,,
C4562,LAB_101,,E002,,,,,cctv_frames,,,,,,,,,FR605147,,,
C4562,LAB_101,,E002,,,,,cctv_frames,,,,,,,,,FR605152,,,
C4562,AUDITORIUM,,E002,,,,,cctv_frames,,,,,,,,,FR605155,,,
C4562,LAB_101,,E002,,,,,cctv_frames,,,,,,,,,FR605157,,,
C4562,LIB_ENT,,E002,,,,,cctv_frames,,,,,,,,,FR605161,,,
C4562,LAB_101,,E002,,,,,cctv_frames,,,,,,,,,FR605163,,,
C4562,ADMIN_LOBBY,,E002,,,,,cctv_frames,,,,,,,,,FR605169,,,
C4562,LIB_ENT,,E002,,,,,cctv_frames,,,,,,,,,FR605171,,,
C4562,CAF_01,,E002,,,,,cctv_frames,,,,,,,,,FR605172,,,
C4562,LIB_ENT,,E002,,,,,cctv_frames,,,,,,,,,FR605175,,,
C4562,LAB_305,,E002,,,,,cctv_frames,,,,,,,,,FR605176,,,
C4562,AUDITORIUM,,E002,,,,,cctv_frames,,,,,,,,,FR605178,,,
C4562,CAF_01,,E002,,,,,cctv_frames,,,,,,,,,FR605179,,,
C4562,GYM,,E002,,,,,cctv_frames,,,,,,,,,FR605180,,,
C4562,ADMIN_LOBBY,,E002,,,,,cctv_frames,,,,,,,,,FR605181,,,
C4562,CAF_01,,E002,,,,,cctv_frames,,,,,,,,,FR605188,,,
C4562,HOSTEL_GATE,,E002,,,,,cctv_frames,,,,,,,,,FR605189,,,
C4562,LAB_101,,E002,,,,,cctv_frames,,,,,,,,,FR605194,,,
C4562,CAF_01,,E002,,,,,cctv_frames,,,,,,,,,FR605196,,,
C4562,HOSTEL_GATE,,E002,,,,,cctv_frames,,,,,,,,,FR605197,,,
C4562,LIB_ENT,,E002,,,,,cctv_frames,,,,,,,,,FR605198,,,
C4562,LIB_ENT,,E002,,,,,cctv_frames,,,,,,,,,FR605201,,,
C4562,LIB_ENT,,E002,,,,,cctv_frames,,,,,,,,,FR605203,,,
C4562,HOSTEL_GATE,,E002,,,,,cctv_frames,,,,,,,,,FR605206,,,
C4562,LAB_305,,E002,,,,,cctv_frames,,,,,,,,,FR605208,,,
C4562,LIB_ENT,,E002,,,,,cctv_frames,,,,,,,,,FR605210,,,
C4562,LAB_305,,E002,,,,,cctv_frames,,,,,,,,,FR605212,,,
C4562,LIB_ENT,,E002,,,,,cctv_frames,,,,,,,,,FR605222,,,
C4562,CAF_01,,E002,,,,,cctv_frames,,,,,,,,,FR605223,,,
C4562,HOSTEL_GATE,,E002,,,,,cctv_frames,,,,,,,,,FR605224,,,
C4562,ADMIN_LOBBY,,E002,,,,,cctv_frames,,,,,,,,,FR605227,,,
C4562,LIB_ENT,,E002,,,,,cctv_frames,,,,,,,,,FR605233,,,
C4562,GYM,,E002,,,,,cctv_frames,,,,,,,,,FR605245,,,
C4562,LIB_ENT,,E002,,,,,cctv_frames,,,,,,,,,FR605246,,,
C4562,CAF_01,,E002,,,,,cctv_frames,,,,,,,,,FR605248,,,
C4562,HOSTEL_GATE,,E002,,,,,cctv_frames,,,,,,,,,FR605250,,,
C4562,CAF_01,,E002,,,,,cctv_frames,,,,,,,,,FR605253,,,
C4562,AUDITORIUM,,E002,,,,,cctv_frames,,,,,,,,,FR605257,,,
C4562,LIB_ENT,,E002,,,,,cctv_frames,,,,,,,,,FR605261,,,
C4562,ADMIN_LOBBY,,E002,,,,,cctv_frames,,,,,,,,,FR605263,,,
C4562,LIB_ENT,,E002,,,,,cctv_frames,,,,,,,,,FR605264,,,
C4562,LAB_101,,E002,,,,,cctv_frames,,,,,,,,,FR605270,,,
C4562,HOSTEL_GATE,,E002,,,,,cctv_frames,,,,,,,,,FR605271,,,
C4562,LAB_101,,E002,,,,,cctv_frames,,,,,,,,,FR605276,,,
C4562,ADMIN_LOBBY,,E002,,,,,cctv_frames,,,,,,,,,FR605281,,,
C4562,CAF_01,,E002,,,,,cctv_frames,,,,,,,,,FR605282,,,
C4562,ADMIN_LOBBY,,E002,,,,,cctv_frames,,,,,,,,,FR605285,,,
C4562,LAB_101,,E002,,,,,cctv_frames,,,,,,,,,FR605287,,,
C4562,GYM,,E002,,,,,cctv_frames,,,,,,,,,FR605289,,,
C4562,LAB_305,,E002,,,,,cctv_frames,,,,,,,,,FR605290,,,
C4562,CAF_01,,E002,,,,,cctv_frames,,,,,,,,,FR605291,,,
C4562,LAB_101,,E002,,,,,cctv_frames,,,,,,,,,FR605292,,,
C4562,CAF_01,,E002,,,,,cctv_frames,,,,,,,,,FR605294,,,
C4562,LIB_ENT,,E002,,,,,cctv_frames,,,,,,,,,FR605298,,,
C4562,HOSTEL_GATE,,E002,,,,,cctv_frames,,,,,,,,,FR605301,,,
C4562,LAB_101,,E002,,,,,cctv_frames,,,,,,,,,FR605302,,,
C4562,HOSTEL_GATE,,E002,,,,,cctv_frames,,,,,,,,,FR605304,,,
C4562,LAB_101,,E002,,,,,cctv_frames,,,,,,,,,FR605305,,,
C4562,GYM,,E002,,,,,cctv_frames,,,,,,,,,FR605306,,,
C4562,LAB_101,,E002,,,,,cctv_frames,,,,,,,,,FR605307,,,
C4562,HOSTEL_GATE,,E002,,,,,cctv_frames,,,,,,,,,FR605311,,,
C4562,GYM,,E002,,,,,cctv_frames,,,,,,,,,FR605315,,,
C4562,GYM,,E002,,,,,cctv_frames,,,,,,,,,FR605316,,,
C4562,GYM,,E002,,,,,cctv_frames,,,,,,,,,FR605322,,,
C4562,CAF_01,,E002,,,,,cctv_frames,,,,,,,,,FR605324,,,
C4562,ADMIN_LOBBY,,E002,,,,,cctv_frames,,,,,,,,,FR605326,,,
C4562,LIB_ENT,,E002,,,,,cctv_frames,,,,,,,,,FR605331,,,
C4562,LAB_305,,E002,,,,,cctv_frames,,,,,,,,,FR605335,,,
C4562,LIB_ENT,,E002,,,,,cctv_frames,,,,,,,,,FR605339,,,
C4562,GYM,,E002,,,,,cctv_frames,,,,,,,,,FR605340,,,
C4562,AUDITORIUM,,E002,,,,,cctv_frames,,,,,,,,,FR605344,,,
C4562,ADMIN_LOBBY,,E002,,,,,cctv_frames,,,,,,,,,FR605345,,,
C4562,GYM,,E002,,,,,cctv_frames,,,,,,,,,FR605347,,,
C4562,LAB_305,,E002,,,,,cctv_frames,,,,,,,,,FR605349,,,
C4562,LAB_101,,E002,,,,,cctv_frames,,,,,,,,,FR605350,,,
C4562,GYM,,E002,,,,,cctv_frames,,,,,,,,,FR605352,,,
C4562,LIB_ENT,,E002,,,,,cctv_frames,,,,,,,,,FR605355,,,
C4562,ADMIN_LOBBY,,E002,,,,,cctv_frames,,,,,,,,,FR605359,,,
C4562,CAF_01,,E002,,,,,cctv_frames,,,,,,,,,FR605360,,,
C4562,AUDITORIUM,,E002,,,,,cctv_frames,,,,,,,,,FR605363,,,
C4562,ADMIN_LOBBY,,E002,,,,,cctv_frames,,,,,,,,,FR605366,,,
C4562,LAB_101,,E002,,,,,cctv_frames,,,,,,,,,FR605367,,,
C4562,LIB_ENT,,E002,,,,,cctv_frames,,,,,,,,,FR605368,,,
C4562,CAF_01,,E002,,,,,cctv_frames,,,,,,,,,FR605370,,,
C4562,HOSTEL_GATE,,E002,,,,,cctv_frames,,,,,,,,,FR605371,,,
C4562,LAB_101,,E002,,,,,cctv_frames,,,,,,,,,FR605375,,,
C4562,CAF_01,,E002,,,,,cctv_frames,,,,,,,,,FR605376,,,
C4562,HOSTEL_GATE,,E002,,,,,cctv_frames,,,,,,,,,FR605378,,,
C4562,LAB_101,,E002,,,,,cctv_frames,,,,,,,,,FR605380,,,
C4562,AUDITORIUM,,E002,,,,,cctv_frames,,,,,,,,,FR605386,,,
C4562,AUDITORIUM,,E002,,,,,cctv_frames,,,,,,,,,FR605387,,,
C4562,LAB_101,,E002,,,,,cctv_frames,,,,,,,,,FR605391,,,
C4562,AUDITORIUM,,E002,,,,,cctv_frames,,,,,,,,,FR605393,,,
C4562,ADMIN_LOBBY,,E002,,,,,cctv_frames,,,,,,,,,FR605401,,,
C4562,LAB_305,,E002,,,,,cctv_frames,,,,,,,,,FR605402,,,
C4562,HOSTEL_GATE,,E002,,,,,cctv_frames,,,,,,,,,FR605403,,,
C4562,HOSTEL_GATE,,E002,,,,,cctv_frames,,,,,,,,,FR605409,,,
C4562,AUDITORIUM,,E002,,,,,cctv_frames,,,,,,,,,FR605413,,,
C4562,LAB_305,,E002,,,,,cctv_frames,,,,,,,,,FR605415,,,
C4562,AUDITORIUM,,E002,,,,,cctv_frames,,,,,,,,,FR605418,,,
C4562,HOSTEL_GATE,,E002,,,,,cctv_frames,,,,,,,,,FR605421,,,
C4562,CAF_01,,E002,,,,,cctv_frames,,,,,,,,,FR605422,,,
C4562,GYM,,E002,,,,,cctv_frames,,,,,,,,,FR605425,,,
C4562,HOSTEL_GATE,,E002,,,,,cctv_frames,,,,,,,,,FR605429,,,
C4562,GYM,,E002,,,,,cctv_frames,,,,,,,,,FR605432,,,
C4562,ADMIN_LOBBY,,E002,,,,,cctv_frames,,,,,,,,,FR605433,,,
C4562,ADMIN_LOBBY,,E002,,,,,cctv_frames,,,,,,,,,FR605436,,,
C4562,AUDITORIUM,,E002,,,,,cctv_frames,,,,,,,,,FR605438,,,
C4562,CAF_01,,E002,,,,,cctv_frames,,,,,,,,,FR605441,,,
C4562,LAB_101,,E002,,,,,cctv_frames,,,,,,,,,FR605444,,,
C4562,LAB_101,,E002,,,,,cctv_frames,,,,,,,,,FR605446,,,
C4562,AUDITORIUM,,E002,,,,,cctv_frames,,,,,,,,,FR605448,,,
C4562,GYM,,E002,,,,,cctv_frames,,,,,,,,,FR605449,,,
C4562,GYM,,E002,,,,,cctv_frames,,,,,,,,,FR605450,,,
C4562,HOSTEL_GATE,,E002,,,,,cctv_frames,,,,,,,,,FR605453,,,
C4562,ADMIN_LOBBY,,E002,,,,,cctv_frames,,,,,,,,,FR605456,,,
C4562,LIB_ENT,,E002,,,,,cctv_frames,,,,,,,,,FR605457,,,
C4562,CAF_01,,E002,,,,,cctv_frames,,,,,,,,,FR605459,,,
C4562,LIB_ENT,,E002,,,,,cctv_frames,,,,,,,,,FR605468,,,
C4562,LAB_305,,E002,,,,,cctv_frames,,,,,,,,,FR605469,,,
C4562,HOSTEL_GATE,,E002,,,,,cctv_frames,,,,,,,,,FR605471,,,
C4562,GYM,,E002,,,,,cctv_frames,,,,,,,,,FR605473,,,
C4562,HOSTEL_GATE,,E002,,,,,cctv_frames,,,,,,,,,FR605476,,,
C4562,AUDITORIUM,,E002,,,,,cctv_frames,,,,,,,,,FR605477,,,
C4562,LAB_305,,E002,,,,,cctv_frames,,,,,,,,,FR605479,,,
C4562,GYM,,E002,,,,,cctv_frames,,,,,,,,,FR605482,,,
C4562,LAB_305,,E002,,,,,cctv_frames,,,,,,,,,FR605486,,,
C4562,CAF_01,,E002,,,,,cctv_frames,,,,,,,,,FR605488,,,
C4562,GYM,,E002,,,,,cctv_frames,,,,,,,,,FR605491,,,
C4562,CAF_01,,E002,,,,,cctv_frames,,,,,,,,,FR605492,,,
C4562,HOSTEL_GATE,,E002,,,,,cctv_frames,,,,,,,,,FR605493,,,
C4562,CAF_01,,E002,,,,,cctv_frames,,,,,,,,,FR605497,,,
C4562,LIB_ENT,,E002,,,,,cctv_frames,,,,,,,,,FR605498,,,
C4562,LIB_ENT,,E002,,,,,cctv_frames,,,,,,,,,FR605500,,,
C4562,LAB_305,,E002,,,,,cctv_frames,,,,,,,,,FR605503,,,
C4562,LIB_ENT,,E002,,,,,cctv_frames,,,,,,,,,FR605506,,,
C4562,AUDITORIUM,,E002,,,,,cctv_frames,,,,,,,,,FR605507,,,
C4562,LAB_101,,E002,,,,,cctv_frames,,,,,,,,,FR605510,,,
C4562,CAF_01,,E002,,,,,cctv_frames,,,,,,,,,FR605512,,,
C4562,LIB_ENT,,E002,,,,,cctv_frames,,,,,,,,,FR605516,,,
